scenario,trial,month,monthly_pl_kc
konzervativni,0,1,-770.09
konzervativni,0,2,-625.22
konzervativni,0,3,-638.89
konzervativni,0,4,-394.9
konzervativni,0,5,-680.43
konzervativni,0,6,-657.72
konzervativni,0,7,-730.17
konzervativni,0,8,-601.34
konzervativni,0,9,-509.55
konzervativni,0,10,-205.42
konzervativni,0,11,-680.59
konzervativni,0,12,-616.64
konzervativni,1,1,-701.92
konzervativni,1,2,-652.67
konzervativni,1,3,-699.22
konzervativni,1,4,-483.43
konzervativni,1,5,-523.82
konzervativni,1,6,-338.25
konzervativni,1,7,-241.06
konzervativni,1,8,-550.91
konzervativni,1,9,-355.66
konzervativni,1,10,-400.38
konzervativni,1,11,-545.11
konzervativni,1,12,-197.56
konzervativni,2,1,-552.27
konzervativni,2,2,-685.26
konzervativni,2,3,-778.45
konzervativni,2,4,-800.0
konzervativni,2,5,-105.97
konzervativni,2,6,-649.41
konzervativni,2,7,-769.7
konzervativni,2,8,-412.1
konzervativni,2,9,-17.15
konzervativni,2,10,-88.99
konzervativni,2,11,-621.8
konzervativni,2,12,-702.48
konzervativni,3,1,-749.8
konzervativni,3,2,-652.81
konzervativni,3,3,-531.99
konzervativni,3,4,-757.17
konzervativni,3,5,-301.73
konzervativni,3,6,-667.71
konzervativni,3,7,-375.94
konzervativni,3,8,-292.88
konzervativni,3,9,-531.0
konzervativni,3,10,-505.89
konzervativni,3,11,-395.96
konzervativni,3,12,-687.71
konzervativni,4,1,-511.81
konzervativni,4,2,-784.3
konzervativni,4,3,-464.5
konzervativni,4,4,-739.72
konzervativni,4,5,-388.39
konzervativni,4,6,-403.45
konzervativni,4,7,-773.65
konzervativni,4,8,-788.55
konzervativni,4,9,-353.36
konzervativni,4,10,-690.71
konzervativni,4,11,-608.08
konzervativni,4,12,-508.73
konzervativni,5,1,-800.0
konzervativni,5,2,-430.37
konzervativni,5,3,-557.23
konzervativni,5,4,-638.12
konzervativni,5,5,-692.76
konzervativni,5,6,-439.37
konzervativni,5,7,-314.77
konzervativni,5,8,-622.86
konzervativni,5,9,-595.14
konzervativni,5,10,-443.37
konzervativni,5,11,-436.77
konzervativni,5,12,-506.64
konzervativni,6,1,-741.76
konzervativni,6,2,-593.75
konzervativni,6,3,-800.0
konzervativni,6,4,-720.2
konzervativni,6,5,-521.19
konzervativni,6,6,-461.72
konzervativni,6,7,-431.56
konzervativni,6,8,-735.86
konzervativni,6,9,-108.08
konzervativni,6,10,-572.31
konzervativni,6,11,-679.99
konzervativni,6,12,-681.49
konzervativni,7,1,-623.1
konzervativni,7,2,-494.92
konzervativni,7,3,-690.79
konzervativni,7,4,-498.37
konzervativni,7,5,-350.55
konzervativni,7,6,-434.65
konzervativni,7,7,-671.26
konzervativni,7,8,-630.17
konzervativni,7,9,-45.45
konzervativni,7,10,-401.69
konzervativni,7,11,-522.35
konzervativni,7,12,-361.43
konzervativni,8,1,-800.0
konzervativni,8,2,-528.62
konzervativni,8,3,-767.47
konzervativni,8,4,-228.55
konzervativni,8,5,-803.19
konzervativni,8,6,-350.06
konzervativni,8,7,-514.37
konzervativni,8,8,-753.05
konzervativni,8,9,-777.53
konzervativni,8,10,-593.12
konzervativni,8,11,-306.03
konzervativni,8,12,47.08
konzervativni,9,1,-691.3
konzervativni,9,2,-409.68
konzervativni,9,3,-582.39
konzervativni,9,4,-647.96
konzervativni,9,5,-514.66
konzervativni,9,6,-672.94
konzervativni,9,7,-365.53
konzervativni,9,8,-624.73
konzervativni,9,9,-474.79
konzervativni,9,10,-258.13
konzervativni,9,11,-556.1
konzervativni,9,12,-159.05
konzervativni,10,1,-714.85
konzervativni,10,2,-666.45
konzervativni,10,3,-611.61
konzervativni,10,4,-588.69
konzervativni,10,5,-701.92
konzervativni,10,6,-104.75
konzervativni,10,7,-525.9
konzervativni,10,8,-385.21
konzervativni,10,9,-517.64
konzervativni,10,10,-474.44
konzervativni,10,11,-168.2
konzervativni,10,12,-478.28
konzervativni,11,1,-800.0
konzervativni,11,2,-373.72
konzervativni,11,3,-800.0
konzervativni,11,4,-715.87
konzervativni,11,5,-740.34
konzervativni,11,6,-230.95
konzervativni,11,7,-785.66
konzervativni,11,8,-586.11
konzervativni,11,9,-257.19
konzervativni,11,10,-687.92
konzervativni,11,11,-800.0
konzervativni,11,12,-469.23
konzervativni,12,1,-615.73
konzervativni,12,2,-729.8
konzervativni,12,3,-511.44
konzervativni,12,4,-800.0
konzervativni,12,5,-629.86
konzervativni,12,6,-446.98
konzervativni,12,7,-500.0
konzervativni,12,8,-750.68
konzervativni,12,9,-643.11
konzervativni,12,10,-613.75
konzervativni,12,11,-660.53
konzervativni,12,12,-366.91
konzervativni,13,1,-800.0
konzervativni,13,2,-723.35
konzervativni,13,3,-800.0
konzervativni,13,4,-777.04
konzervativni,13,5,-359.77
konzervativni,13,6,-486.6
konzervativni,13,7,-551.09
konzervativni,13,8,-747.86
konzervativni,13,9,-800.0
konzervativni,13,10,-570.56
konzervativni,13,11,-507.27
konzervativni,13,12,-750.11
konzervativni,14,1,-707.2
konzervativni,14,2,-562.4
konzervativni,14,3,-800.0
konzervativni,14,4,-744.89
konzervativni,14,5,-664.09
konzervativni,14,6,-518.23
konzervativni,14,7,-585.97
konzervativni,14,8,-370.03
konzervativni,14,9,-530.28
konzervativni,14,10,-572.05
konzervativni,14,11,-366.03
konzervativni,14,12,-616.43
konzervativni,15,1,-800.0
konzervativni,15,2,-769.71
konzervativni,15,3,-707.07
konzervativni,15,4,-510.65
konzervativni,15,5,-800.0
konzervativni,15,6,-727.53
konzervativni,15,7,-410.7
konzervativni,15,8,-646.29
konzervativni,15,9,-457.51
konzervativni,15,10,-696.15
konzervativni,15,11,-650.5
konzervativni,15,12,-503.84
konzervativni,16,1,-684.66
konzervativni,16,2,-800.0
konzervativni,16,3,-694.2
konzervativni,16,4,-735.96
konzervativni,16,5,-611.49
konzervativni,16,6,-574.1
konzervativni,16,7,-804.67
konzervativni,16,8,-506.72
konzervativni,16,9,-18.42
konzervativni,16,10,-630.49
konzervativni,16,11,-458.22
konzervativni,16,12,-423.63
konzervativni,17,1,-676.32
konzervativni,17,2,-496.18
konzervativni,17,3,-603.86
konzervativni,17,4,-641.09
konzervativni,17,5,-640.02
konzervativni,17,6,-519.82
konzervativni,17,7,-641.97
konzervativni,17,8,-447.18
konzervativni,17,9,-303.44
konzervativni,17,10,-404.56
konzervativni,17,11,-667.28
konzervativni,17,12,-466.3
konzervativni,18,1,-728.81
konzervativni,18,2,-702.46
konzervativni,18,3,-194.65
konzervativni,18,4,-599.39
konzervativni,18,5,-723.03
konzervativni,18,6,-284.18
konzervativni,18,7,-608.64
konzervativni,18,8,-455.87
konzervativni,18,9,-615.59
konzervativni,18,10,-145.96
konzervativni,18,11,-365.12
konzervativni,18,12,-417.32
konzervativni,19,1,-404.47
konzervativni,19,2,-628.14
konzervativni,19,3,-257.86
konzervativni,19,4,-715.14
konzervativni,19,5,-714.99
konzervativni,19,6,-502.88
konzervativni,19,7,-544.69
konzervativni,19,8,-622.6
konzervativni,19,9,-268.61
konzervativni,19,10,-238.17
konzervativni,19,11,-568.44
konzervativni,19,12,-399.9
konzervativni,20,1,-800.0
konzervativni,20,2,-771.52
konzervativni,20,3,-550.52
konzervativni,20,4,-604.17
konzervativni,20,5,-739.25
konzervativni,20,6,-137.91
konzervativni,20,7,-526.89
konzervativni,20,8,-437.94
konzervativni,20,9,-469.89
konzervativni,20,10,-395.61
konzervativni,20,11,-594.5
konzervativni,20,12,-400.66
konzervativni,21,1,-681.61
konzervativni,21,2,-189.62
konzervativni,21,3,-800.0
konzervativni,21,4,-663.2
konzervativni,21,5,-808.0
konzervativni,21,6,-498.36
konzervativni,21,7,-800.0
konzervativni,21,8,-464.22
konzervativni,21,9,-528.55
konzervativni,21,10,-454.88
konzervativni,21,11,-436.82
konzervativni,21,12,-339.12
konzervativni,22,1,-800.0
konzervativni,22,2,-800.0
konzervativni,22,3,-677.45
konzervativni,22,4,-702.78
konzervativni,22,5,-800.0
konzervativni,22,6,-733.02
konzervativni,22,7,-568.78
konzervativni,22,8,-766.63
konzervativni,22,9,-477.2
konzervativni,22,10,-358.56
konzervativni,22,11,-430.52
konzervativni,22,12,-659.86
konzervativni,23,1,-800.0
konzervativni,23,2,-517.35
konzervativni,23,3,-800.0
konzervativni,23,4,-645.05
konzervativni,23,5,-692.96
konzervativni,23,6,-595.48
konzervativni,23,7,-681.41
konzervativni,23,8,-398.42
konzervativni,23,9,-381.98
konzervativni,23,10,-646.72
konzervativni,23,11,-604.31
konzervativni,23,12,-470.94
konzervativni,24,1,-699.7
konzervativni,24,2,-666.76
konzervativni,24,3,-669.97
konzervativni,24,4,-729.5
konzervativni,24,5,-522.65
konzervativni,24,6,1.44
konzervativni,24,7,-819.93
konzervativni,24,8,-619.22
konzervativni,24,9,-652.78
konzervativni,24,10,-679.43
konzervativni,24,11,-750.41
konzervativni,24,12,-319.5
konzervativni,25,1,-752.86
konzervativni,25,2,-211.32
konzervativni,25,3,-679.49
konzervativni,25,4,-419.26
konzervativni,25,5,-563.21
konzervativni,25,6,-704.8
konzervativni,25,7,-399.14
konzervativni,25,8,-213.07
konzervativni,25,9,-424.49
konzervativni,25,10,-744.44
konzervativni,25,11,-672.88
konzervativni,25,12,-647.75
konzervativni,26,1,-773.89
konzervativni,26,2,-705.75
konzervativni,26,3,-522.68
konzervativni,26,4,-534.79
konzervativni,26,5,-683.33
konzervativni,26,6,-330.25
konzervativni,26,7,-527.3
konzervativni,26,8,-511.99
konzervativni,26,9,40.06
konzervativni,26,10,-599.2
konzervativni,26,11,-676.76
konzervativni,26,12,-487.37
konzervativni,27,1,-800.0
konzervativni,27,2,-625.99
konzervativni,27,3,-661.89
konzervativni,27,4,-622.61
konzervativni,27,5,-380.03
konzervativni,27,6,31.47
konzervativni,27,7,-772.58
konzervativni,27,8,-808.0
konzervativni,27,9,-699.87
konzervativni,27,10,-808.0
konzervativni,27,11,-465.93
konzervativni,27,12,-105.13
konzervativni,28,1,-793.14
konzervativni,28,2,-501.6
konzervativni,28,3,-711.31
konzervativni,28,4,-584.82
konzervativni,28,5,-442.73
konzervativni,28,6,-319.56
konzervativni,28,7,-787.04
konzervativni,28,8,-231.09
konzervativni,28,9,-858.03
konzervativni,28,10,-70.19
konzervativni,28,11,-287.4
konzervativni,28,12,-407.82
konzervativni,29,1,-802.61
konzervativni,29,2,-429.55
konzervativni,29,3,-699.99
konzervativni,29,4,-812.18
konzervativni,29,5,-748.55
konzervativni,29,6,-564.74
konzervativni,29,7,-365.64
konzervativni,29,8,-436.56
konzervativni,29,9,-757.33
konzervativni,29,10,-653.58
konzervativni,29,11,-713.63
konzervativni,29,12,-599.18
konzervativni,30,1,-718.0
konzervativni,30,2,-655.7
konzervativni,30,3,-673.09
konzervativni,30,4,-588.16
konzervativni,30,5,-785.22
konzervativni,30,6,-764.66
konzervativni,30,7,-607.06
konzervativni,30,8,-727.79
konzervativni,30,9,-592.8
konzervativni,30,10,-590.76
konzervativni,30,11,-622.96
konzervativni,30,12,-454.59
konzervativni,31,1,-800.0
konzervativni,31,2,-732.5
konzervativni,31,3,-523.7
konzervativni,31,4,-653.44
konzervativni,31,5,-705.9
konzervativni,31,6,-658.74
konzervativni,31,7,-772.84
konzervativni,31,8,-509.04
konzervativni,31,9,-503.5
konzervativni,31,10,-614.03
konzervativni,31,11,-579.38
konzervativni,31,12,-652.07
konzervativni,32,1,-800.0
konzervativni,32,2,-671.67
konzervativni,32,3,-606.93
konzervativni,32,4,-428.98
konzervativni,32,5,330.28
konzervativni,32,6,-194.32
konzervativni,32,7,-564.2
konzervativni,32,8,-626.16
konzervativni,32,9,-260.72
konzervativni,32,10,-606.05
konzervativni,32,11,-562.96
konzervativni,32,12,-398.27
konzervativni,33,1,-726.02
konzervativni,33,2,-753.86
konzervativni,33,3,-549.3
konzervativni,33,4,-800.0
konzervativni,33,5,-572.23
konzervativni,33,6,-557.74
konzervativni,33,7,-616.41
konzervativni,33,8,-477.15
konzervativni,33,9,-113.85
konzervativni,33,10,-341.0
konzervativni,33,11,-541.5
konzervativni,33,12,-560.7
konzervativni,34,1,-800.0
konzervativni,34,2,-742.49
konzervativni,34,3,-754.3
konzervativni,34,4,-342.3
konzervativni,34,5,-722.22
konzervativni,34,6,-685.6
konzervativni,34,7,-765.0
konzervativni,34,8,-698.07
konzervativni,34,9,23.15
konzervativni,34,10,-592.34
konzervativni,34,11,-525.23
konzervativni,34,12,-663.03
konzervativni,35,1,-693.91
konzervativni,35,2,-800.0
konzervativni,35,3,-800.0
konzervativni,35,4,-674.14
konzervativni,35,5,-378.64
konzervativni,35,6,-179.95
konzervativni,35,7,-530.04
konzervativni,35,8,-672.81
konzervativni,35,9,-808.0
konzervativni,35,10,-725.8
konzervativni,35,11,-621.64
konzervativni,35,12,-471.87
konzervativni,36,1,-800.0
konzervativni,36,2,-800.0
konzervativni,36,3,-757.29
konzervativni,36,4,-390.84
konzervativni,36,5,-577.45
konzervativni,36,6,-582.51
konzervativni,36,7,-386.03
konzervativni,36,8,-609.76
konzervativni,36,9,-575.7
konzervativni,36,10,-569.94
konzervativni,36,11,-226.12
konzervativni,36,12,-655.96
konzervativni,37,1,-800.0
konzervativni,37,2,-800.0
konzervativni,37,3,-806.61
konzervativni,37,4,-374.24
konzervativni,37,5,-507.14
konzervativni,37,6,-624.48
konzervativni,37,7,-625.64
konzervativni,37,8,-540.07
konzervativni,37,9,-708.55
konzervativni,37,10,-286.6
konzervativni,37,11,-607.6
konzervativni,37,12,-652.89
konzervativni,38,1,-800.0
konzervativni,38,2,-800.0
konzervativni,38,3,-588.62
konzervativni,38,4,-460.72
konzervativni,38,5,-429.61
konzervativni,38,6,-321.3
konzervativni,38,7,-471.79
konzervativni,38,8,-536.58
konzervativni,38,9,-303.92
konzervativni,38,10,-491.45
konzervativni,38,11,-196.6
konzervativni,38,12,-670.0
konzervativni,39,1,-659.62
konzervativni,39,2,-593.36
konzervativni,39,3,-605.79
konzervativni,39,4,-557.4
konzervativni,39,5,-508.37
konzervativni,39,6,-772.51
konzervativni,39,7,-752.75
konzervativni,39,8,-578.27
konzervativni,39,9,-490.0
konzervativni,39,10,-635.13
konzervativni,39,11,-660.86
konzervativni,39,12,-584.11
konzervativni,40,1,-767.58
konzervativni,40,2,-717.71
konzervativni,40,3,-579.87
konzervativni,40,4,-770.76
konzervativni,40,5,-800.0
konzervativni,40,6,-508.44
konzervativni,40,7,-459.64
konzervativni,40,8,-360.69
konzervativni,40,9,-310.68
konzervativni,40,10,-620.43
konzervativni,40,11,-390.19
konzervativni,40,12,-261.94
konzervativni,41,1,-785.0
konzervativni,41,2,-800.0
konzervativni,41,3,-586.09
konzervativni,41,4,-385.59
konzervativni,41,5,-756.73
konzervativni,41,6,-288.38
konzervativni,41,7,-574.38
konzervativni,41,8,-459.69
konzervativni,41,9,227.08
konzervativni,41,10,-506.19
konzervativni,41,11,-349.13
konzervativni,41,12,-552.28
konzervativni,42,1,-800.0
konzervativni,42,2,-800.0
konzervativni,42,3,-800.0
konzervativni,42,4,-657.06
konzervativni,42,5,-430.87
konzervativni,42,6,-374.94
konzervativni,42,7,-743.88
konzervativni,42,8,-542.09
konzervativni,42,9,-747.77
konzervativni,42,10,-611.53
konzervativni,42,11,-581.84
konzervativni,42,12,-768.89
konzervativni,43,1,-800.0
konzervativni,43,2,-800.0
konzervativni,43,3,-498.06
konzervativni,43,4,-799.29
konzervativni,43,5,-489.76
konzervativni,43,6,-394.47
konzervativni,43,7,-424.68
konzervativni,43,8,-585.22
konzervativni,43,9,-360.34
konzervativni,43,10,-720.37
konzervativni,43,11,-728.16
konzervativni,43,12,-339.13
konzervativni,44,1,-866.86
konzervativni,44,2,-763.87
konzervativni,44,3,-663.4
konzervativni,44,4,-751.71
konzervativni,44,5,-749.44
konzervativni,44,6,-504.69
konzervativni,44,7,-514.67
konzervativni,44,8,-702.09
konzervativni,44,9,-166.28
konzervativni,44,10,-471.78
konzervativni,44,11,-616.02
konzervativni,44,12,-654.98
konzervativni,45,1,-800.0
konzervativni,45,2,-789.23
konzervativni,45,3,-580.77
konzervativni,45,4,-626.59
konzervativni,45,5,-159.44
konzervativni,45,6,-152.44
konzervativni,45,7,-644.97
konzervativni,45,8,-583.26
konzervativni,45,9,-700.03
konzervativni,45,10,-181.55
konzervativni,45,11,-800.0
konzervativni,45,12,-403.53
konzervativni,46,1,-707.86
konzervativni,46,2,-800.0
konzervativni,46,3,-496.59
konzervativni,46,4,-397.36
konzervativni,46,5,-772.96
konzervativni,46,6,-652.81
konzervativni,46,7,-598.33
konzervativni,46,8,-461.39
konzervativni,46,9,-447.83
konzervativni,46,10,-575.15
konzervativni,46,11,-376.96
konzervativni,46,12,-525.4
konzervativni,47,1,-768.9
konzervativni,47,2,-701.26
konzervativni,47,3,-706.08
konzervativni,47,4,-753.57
konzervativni,47,5,-693.49
konzervativni,47,6,-496.87
konzervativni,47,7,-652.82
konzervativni,47,8,-455.74
konzervativni,47,9,-562.31
konzervativni,47,10,-481.85
konzervativni,47,11,-475.75
konzervativni,47,12,-381.38
konzervativni,48,1,-800.0
konzervativni,48,2,-446.1
konzervativni,48,3,-576.64
konzervativni,48,4,-565.36
konzervativni,48,5,-829.27
konzervativni,48,6,-335.45
konzervativni,48,7,-600.46
konzervativni,48,8,-618.85
konzervativni,48,9,-52.3
konzervativni,48,10,-258.41
konzervativni,48,11,-701.12
konzervativni,48,12,-207.12
konzervativni,49,1,-800.0
konzervativni,49,2,-669.95
konzervativni,49,3,-504.09
konzervativni,49,4,-353.47
konzervativni,49,5,-639.04
konzervativni,49,6,39.64
konzervativni,49,7,-666.1
konzervativni,49,8,-421.72
konzervativni,49,9,-375.01
konzervativni,49,10,-487.18
konzervativni,49,11,-524.35
konzervativni,49,12,-675.42
konzervativni,50,1,-716.17
konzervativni,50,2,-679.18
konzervativni,50,3,-800.0
konzervativni,50,4,-733.84
konzervativni,50,5,-484.9
konzervativni,50,6,-748.05
konzervativni,50,7,-477.94
konzervativni,50,8,-624.21
konzervativni,50,9,-351.61
konzervativni,50,10,-262.95
konzervativni,50,11,-695.25
konzervativni,50,12,-603.85
konzervativni,51,1,-800.0
konzervativni,51,2,-663.58
konzervativni,51,3,-582.6
konzervativni,51,4,-613.28
konzervativni,51,5,-626.66
konzervativni,51,6,-485.78
konzervativni,51,7,-639.38
konzervativni,51,8,-461.1
konzervativni,51,9,-543.42
konzervativni,51,10,-694.12
konzervativni,51,11,-665.29
konzervativni,51,12,-58.66
konzervativni,52,1,-800.0
konzervativni,52,2,-774.79
konzervativni,52,3,-702.81
konzervativni,52,4,-645.25
konzervativni,52,5,-658.57
konzervativni,52,6,-738.34
konzervativni,52,7,-674.32
konzervativni,52,8,-429.51
konzervativni,52,9,-235.45
konzervativni,52,10,-285.69
konzervativni,52,11,-588.19
konzervativni,52,12,-718.55
konzervativni,53,1,-707.4
konzervativni,53,2,-856.33
konzervativni,53,3,-147.79
konzervativni,53,4,-583.24
konzervativni,53,5,-645.85
konzervativni,53,6,-364.55
konzervativni,53,7,-479.32
konzervativni,53,8,-88.51
konzervativni,53,9,-554.71
konzervativni,53,10,-781.01
konzervativni,53,11,-292.43
konzervativni,53,12,-621.76
konzervativni,54,1,-512.1
konzervativni,54,2,-826.95
konzervativni,54,3,-696.84
konzervativni,54,4,-442.31
konzervativni,54,5,-630.17
konzervativni,54,6,-808.0
konzervativni,54,7,-395.79
konzervativni,54,8,-713.74
konzervativni,54,9,-478.92
konzervativni,54,10,-420.01
konzervativni,54,11,-621.61
konzervativni,54,12,-307.37
konzervativni,55,1,-800.0
konzervativni,55,2,-800.0
konzervativni,55,3,-606.86
konzervativni,55,4,-572.46
konzervativni,55,5,-465.74
konzervativni,55,6,-494.38
konzervativni,55,7,-679.74
konzervativni,55,8,-725.28
konzervativni,55,9,-665.07
konzervativni,55,10,-480.5
konzervativni,55,11,-526.84
konzervativni,55,12,-558.88
konzervativni,56,1,-800.0
konzervativni,56,2,-650.59
konzervativni,56,3,-714.07
konzervativni,56,4,-302.09
konzervativni,56,5,-580.42
konzervativni,56,6,-508.99
konzervativni,56,7,-578.26
konzervativni,56,8,-302.06
konzervativni,56,9,-746.75
konzervativni,56,10,-742.03
konzervativni,56,11,-223.86
konzervativni,56,12,-786.15
konzervativni,57,1,-719.39
konzervativni,57,2,-769.47
konzervativni,57,3,-447.57
konzervativni,57,4,-723.74
konzervativni,57,5,-800.0
konzervativni,57,6,-597.05
konzervativni,57,7,-573.34
konzervativni,57,8,-657.56
konzervativni,57,9,-370.92
konzervativni,57,10,-723.69
konzervativni,57,11,-779.12
konzervativni,57,12,-393.96
konzervativni,58,1,-800.0
konzervativni,58,2,-567.13
konzervativni,58,3,-605.14
konzervativni,58,4,-667.09
konzervativni,58,5,-401.87
konzervativni,58,6,-135.88
konzervativni,58,7,-411.57
konzervativni,58,8,-539.7
konzervativni,58,9,-490.57
konzervativni,58,10,-714.33
konzervativni,58,11,-595.72
konzervativni,58,12,-108.05
konzervativni,59,1,-800.0
konzervativni,59,2,-800.0
konzervativni,59,3,-734.14
konzervativni,59,4,-717.25
konzervativni,59,5,-279.24
konzervativni,59,6,-635.04
konzervativni,59,7,-789.83
konzervativni,59,8,-657.53
konzervativni,59,9,-730.28
konzervativni,59,10,-785.76
konzervativni,59,11,-488.57
konzervativni,59,12,-75.8
konzervativni,60,1,-713.87
konzervativni,60,2,-808.0
konzervativni,60,3,-610.33
konzervativni,60,4,-484.75
konzervativni,60,5,-478.94
konzervativni,60,6,-380.37
konzervativni,60,7,-614.81
konzervativni,60,8,-550.79
konzervativni,60,9,-694.53
konzervativni,60,10,-375.07
konzervativni,60,11,-132.97
konzervativni,60,12,-485.77
konzervativni,61,1,-643.68
konzervativni,61,2,-552.82
konzervativni,61,3,-659.67
konzervativni,61,4,-644.58
konzervativni,61,5,-800.0
konzervativni,61,6,-356.13
konzervativni,61,7,-384.49
konzervativni,61,8,-668.0
konzervativni,61,9,-393.03
konzervativni,61,10,-212.64
konzervativni,61,11,-301.62
konzervativni,61,12,-628.15
konzervativni,62,1,-728.32
konzervativni,62,2,-727.92
konzervativni,62,3,-599.87
konzervativni,62,4,-737.44
konzervativni,62,5,-245.56
konzervativni,62,6,-739.16
konzervativni,62,7,-589.62
konzervativni,62,8,9.5
konzervativni,62,9,-563.68
konzervativni,62,10,-433.81
konzervativni,62,11,-511.02
konzervativni,62,12,21.1
konzervativni,63,1,-706.54
konzervativni,63,2,-800.0
konzervativni,63,3,-577.64
konzervativni,63,4,-569.52
konzervativni,63,5,-800.0
konzervativni,63,6,-474.22
konzervativni,63,7,-762.77
konzervativni,63,8,-514.13
konzervativni,63,9,-675.01
konzervativni,63,10,-681.24
konzervativni,63,11,-368.49
konzervativni,63,12,-365.94
konzervativni,64,1,-745.22
konzervativni,64,2,-638.76
konzervativni,64,3,-599.08
konzervativni,64,4,-732.61
konzervativni,64,5,-786.93
konzervativni,64,6,-373.47
konzervativni,64,7,-742.86
konzervativni,64,8,-402.16
konzervativni,64,9,-548.67
konzervativni,64,10,-438.88
konzervativni,64,11,-127.88
konzervativni,64,12,-355.5
konzervativni,65,1,-808.0
konzervativni,65,2,-574.02
konzervativni,65,3,-651.95
konzervativni,65,4,-800.0
konzervativni,65,5,-789.55
konzervativni,65,6,-672.03
konzervativni,65,7,-392.74
konzervativni,65,8,-800.0
konzervativni,65,9,-506.78
konzervativni,65,10,-555.85
konzervativni,65,11,-677.4
konzervativni,65,12,-680.79
konzervativni,66,1,-800.0
konzervativni,66,2,-740.97
konzervativni,66,3,-394.91
konzervativni,66,4,-622.23
konzervativni,66,5,-528.62
konzervativni,66,6,-566.45
konzervativni,66,7,-745.43
konzervativni,66,8,-505.6
konzervativni,66,9,-537.09
konzervativni,66,10,-580.99
konzervativni,66,11,-682.36
konzervativni,66,12,-569.27
konzervativni,67,1,-800.0
konzervativni,67,2,-659.91
konzervativni,67,3,-534.89
konzervativni,67,4,-563.24
konzervativni,67,5,-501.03
konzervativni,67,6,-687.38
konzervativni,67,7,-668.37
konzervativni,67,8,-360.36
konzervativni,67,9,-411.74
konzervativni,67,10,-512.37
konzervativni,67,11,-633.75
konzervativni,67,12,-590.07
konzervativni,68,1,-808.0
konzervativni,68,2,-603.3
konzervativni,68,3,-742.36
konzervativni,68,4,-573.61
konzervativni,68,5,-557.23
konzervativni,68,6,-651.54
konzervativni,68,7,-796.51
konzervativni,68,8,-688.46
konzervativni,68,9,-421.34
konzervativni,68,10,-569.97
konzervativni,68,11,-716.26
konzervativni,68,12,-466.41
konzervativni,69,1,-607.43
konzervativni,69,2,-808.0
konzervativni,69,3,-796.56
konzervativni,69,4,-800.0
konzervativni,69,5,-800.0
konzervativni,69,6,-339.8
konzervativni,69,7,-590.65
konzervativni,69,8,-478.28
konzervativni,69,9,-624.96
konzervativni,69,10,-590.27
konzervativni,69,11,-356.75
konzervativni,69,12,-545.62
konzervativni,70,1,-697.8
konzervativni,70,2,-619.31
konzervativni,70,3,-448.9
konzervativni,70,4,-472.74
konzervativni,70,5,-503.87
konzervativni,70,6,-471.15
konzervativni,70,7,-537.98
konzervativni,70,8,-644.36
konzervativni,70,9,-123.26
konzervativni,70,10,-429.56
konzervativni,70,11,-265.5
konzervativni,70,12,-680.64
konzervativni,71,1,-652.09
konzervativni,71,2,-691.06
konzervativni,71,3,-627.77
konzervativni,71,4,-800.0
konzervativni,71,5,-576.61
konzervativni,71,6,-496.43
konzervativni,71,7,-563.25
konzervativni,71,8,-614.9
konzervativni,71,9,-633.64
konzervativni,71,10,-800.79
konzervativni,71,11,-556.76
konzervativni,71,12,-65.73
konzervativni,72,1,-800.0
konzervativni,72,2,-733.26
konzervativni,72,3,-507.01
konzervativni,72,4,-723.27
konzervativni,72,5,-435.44
konzervativni,72,6,-587.31
konzervativni,72,7,-752.45
konzervativni,72,8,-276.48
konzervativni,72,9,-522.32
konzervativni,72,10,-542.59
konzervativni,72,11,-454.97
konzervativni,72,12,-431.16
konzervativni,73,1,-740.09
konzervativni,73,2,-784.11
konzervativni,73,3,-518.18
konzervativni,73,4,-670.27
konzervativni,73,5,-391.36
konzervativni,73,6,-554.6
konzervativni,73,7,-543.27
konzervativni,73,8,-608.69
konzervativni,73,9,-385.52
konzervativni,73,10,-568.68
konzervativni,73,11,77.29
konzervativni,73,12,-264.8
konzervativni,74,1,-720.19
konzervativni,74,2,-399.56
konzervativni,74,3,-800.0
konzervativni,74,4,-341.95
konzervativni,74,5,-565.55
konzervativni,74,6,-625.72
konzervativni,74,7,-746.72
konzervativni,74,8,-606.41
konzervativni,74,9,-330.05
konzervativni,74,10,-544.6
konzervativni,74,11,-348.89
konzervativni,74,12,-510.86
konzervativni,75,1,-800.0
konzervativni,75,2,-757.47
konzervativni,75,3,-454.53
konzervativni,75,4,-262.85
konzervativni,75,5,-469.47
konzervativni,75,6,-261.17
konzervativni,75,7,-622.51
konzervativni,75,8,-741.44
konzervativni,75,9,-308.62
konzervativni,75,10,-800.0
konzervativni,75,11,-622.16
konzervativni,75,12,-448.68
konzervativni,76,1,-800.0
konzervativni,76,2,-800.0
konzervativni,76,3,-517.37
konzervativni,76,4,-638.41
konzervativni,76,5,-728.27
konzervativni,76,6,-533.03
konzervativni,76,7,-644.35
konzervativni,76,8,-645.66
konzervativni,76,9,-507.78
konzervativni,76,10,-800.0
konzervativni,76,11,-510.96
konzervativni,76,12,-735.2
konzervativni,77,1,-700.45
konzervativni,77,2,-759.97
konzervativni,77,3,-748.04
konzervativni,77,4,-759.08
konzervativni,77,5,-476.48
konzervativni,77,6,-575.7
konzervativni,77,7,-643.5
konzervativni,77,8,-751.88
konzervativni,77,9,-118.98
konzervativni,77,10,-627.89
konzervativni,77,11,-394.58
konzervativni,77,12,-598.56
konzervativni,78,1,-800.0
konzervativni,78,2,-696.13
konzervativni,78,3,-574.13
konzervativni,78,4,-574.85
konzervativni,78,5,-580.63
konzervativni,78,6,-178.28
konzervativni,78,7,-126.26
konzervativni,78,8,-473.25
konzervativni,78,9,-599.86
konzervativni,78,10,-719.21
konzervativni,78,11,-391.3
konzervativni,78,12,-269.77
konzervativni,79,1,-634.5
konzervativni,79,2,-699.56
konzervativni,79,3,-480.34
konzervativni,79,4,-676.47
konzervativni,79,5,-540.17
konzervativni,79,6,-556.1
konzervativni,79,7,-456.06
konzervativni,79,8,-447.61
konzervativni,79,9,-498.72
konzervativni,79,10,-445.62
konzervativni,79,11,-471.28
konzervativni,79,12,-374.51
konzervativni,80,1,-723.92
konzervativni,80,2,-585.74
konzervativni,80,3,-525.18
konzervativni,80,4,-518.35
konzervativni,80,5,-612.73
konzervativni,80,6,-242.07
konzervativni,80,7,-173.61
konzervativni,80,8,-715.52
konzervativni,80,9,-442.4
konzervativni,80,10,-705.0
konzervativni,80,11,-414.31
konzervativni,80,12,-634.77
konzervativni,81,1,-715.66
konzervativni,81,2,-807.67
konzervativni,81,3,-542.94
konzervativni,81,4,-285.6
konzervativni,81,5,-485.52
konzervativni,81,6,-385.55
konzervativni,81,7,-453.5
konzervativni,81,8,-648.13
konzervativni,81,9,-458.73
konzervativni,81,10,-513.64
konzervativni,81,11,-460.13
konzervativni,81,12,-294.67
konzervativni,82,1,-582.04
konzervativni,82,2,-654.68
konzervativni,82,3,-493.8
konzervativni,82,4,-489.61
konzervativni,82,5,-669.73
konzervativni,82,6,-484.37
konzervativni,82,7,-513.67
konzervativni,82,8,-453.24
konzervativni,82,9,-657.59
konzervativni,82,10,-444.43
konzervativni,82,11,-736.4
konzervativni,82,12,-278.01
konzervativni,83,1,-800.0
konzervativni,83,2,-800.0
konzervativni,83,3,-797.48
konzervativni,83,4,-584.4
konzervativni,83,5,-500.91
konzervativni,83,6,-594.39
konzervativni,83,7,-831.49
konzervativni,83,8,-198.23
konzervativni,83,9,-401.07
konzervativni,83,10,-690.77
konzervativni,83,11,-675.22
konzervativni,83,12,-263.26
konzervativni,84,1,-708.57
konzervativni,84,2,-642.23
konzervativni,84,3,-868.0
konzervativni,84,4,-413.74
konzervativni,84,5,-534.34
konzervativni,84,6,-493.53
konzervativni,84,7,-691.45
konzervativni,84,8,-604.73
konzervativni,84,9,-332.55
konzervativni,84,10,-396.7
konzervativni,84,11,-344.26
konzervativni,84,12,-425.92
konzervativni,85,1,-800.0
konzervativni,85,2,-563.56
konzervativni,85,3,-800.0
konzervativni,85,4,-711.09
konzervativni,85,5,-800.0
konzervativni,85,6,-630.09
konzervativni,85,7,-804.69
konzervativni,85,8,-501.24
konzervativni,85,9,-766.58
konzervativni,85,10,-709.64
konzervativni,85,11,-442.04
konzervativni,85,12,-521.86
konzervativni,86,1,-738.34
konzervativni,86,2,-800.0
konzervativni,86,3,-682.31
konzervativni,86,4,-643.01
konzervativni,86,5,-800.0
konzervativni,86,6,-808.0
konzervativni,86,7,-572.31
konzervativni,86,8,-512.13
konzervativni,86,9,-365.29
konzervativni,86,10,-415.58
konzervativni,86,11,-440.88
konzervativni,86,12,-597.63
konzervativni,87,1,-675.96
konzervativni,87,2,-513.77
konzervativni,87,3,-652.07
konzervativni,87,4,-705.61
konzervativni,87,5,-529.88
konzervativni,87,6,-424.61
konzervativni,87,7,-530.39
konzervativni,87,8,-764.74
konzervativni,87,9,-204.01
konzervativni,87,10,-100.29
konzervativni,87,11,-496.35
konzervativni,87,12,-452.27
konzervativni,88,1,-750.08
konzervativni,88,2,-800.0
konzervativni,88,3,-339.2
konzervativni,88,4,-800.0
konzervativni,88,5,-706.31
konzervativni,88,6,-414.79
konzervativni,88,7,-244.08
konzervativni,88,8,-543.38
konzervativni,88,9,-435.09
konzervativni,88,10,-475.45
konzervativni,88,11,-564.09
konzervativni,88,12,-447.93
konzervativni,89,1,-749.88
konzervativni,89,2,-800.0
konzervativni,89,3,-630.73
konzervativni,89,4,-716.14
konzervativni,89,5,-643.23
konzervativni,89,6,-455.61
konzervativni,89,7,-502.26
konzervativni,89,8,-719.42
konzervativni,89,9,-311.77
konzervativni,89,10,-693.06
konzervativni,89,11,-235.63
konzervativni,89,12,-573.44
konzervativni,90,1,-797.78
konzervativni,90,2,-800.0
konzervativni,90,3,-681.95
konzervativni,90,4,-427.78
konzervativni,90,5,-663.02
konzervativni,90,6,-508.71
konzervativni,90,7,-528.28
konzervativni,90,8,-666.22
konzervativni,90,9,-292.6
konzervativni,90,10,-593.15
konzervativni,90,11,-455.66
konzervativni,90,12,-476.84
konzervativni,91,1,-800.0
konzervativni,91,2,-565.32
konzervativni,91,3,-605.03
konzervativni,91,4,-639.92
konzervativni,91,5,-644.36
konzervativni,91,6,-287.76
konzervativni,91,7,-800.0
konzervativni,91,8,-703.26
konzervativni,91,9,-239.67
konzervativni,91,10,-584.98
konzervativni,91,11,-549.82
konzervativni,91,12,-592.93
konzervativni,92,1,-658.59
konzervativni,92,2,-634.99
konzervativni,92,3,-585.91
konzervativni,92,4,-759.12
konzervativni,92,5,-562.03
konzervativni,92,6,-793.39
konzervativni,92,7,-291.83
konzervativni,92,8,-564.3
konzervativni,92,9,-381.08
konzervativni,92,10,-361.51
konzervativni,92,11,-593.2
konzervativni,92,12,-593.86
konzervativni,93,1,-561.81
konzervativni,93,2,-603.33
konzervativni,93,3,-391.97
konzervativni,93,4,-573.95
konzervativni,93,5,-478.77
konzervativni,93,6,-525.68
konzervativni,93,7,-546.55
konzervativni,93,8,-470.76
konzervativni,93,9,-112.0
konzervativni,93,10,-651.82
konzervativni,93,11,-454.12
konzervativni,93,12,-149.11
konzervativni,94,1,-800.0
konzervativni,94,2,-512.28
konzervativni,94,3,-754.64
konzervativni,94,4,-501.07
konzervativni,94,5,-442.34
konzervativni,94,6,-464.4
konzervativni,94,7,-494.93
konzervativni,94,8,-557.54
konzervativni,94,9,-290.61
konzervativni,94,10,-60.58
konzervativni,94,11,-469.06
konzervativni,94,12,-131.21
konzervativni,95,1,-539.7
konzervativni,95,2,-640.7
konzervativni,95,3,-704.09
konzervativni,95,4,-657.79
konzervativni,95,5,-502.35
konzervativni,95,6,-279.16
konzervativni,95,7,-230.94
konzervativni,95,8,-240.82
konzervativni,95,9,-404.56
konzervativni,95,10,-565.24
konzervativni,95,11,-587.88
konzervativni,95,12,-421.39
konzervativni,96,1,-800.0
konzervativni,96,2,-652.95
konzervativni,96,3,-631.73
konzervativni,96,4,-429.29
konzervativni,96,5,-800.0
konzervativni,96,6,-717.31
konzervativni,96,7,-691.08
konzervativni,96,8,-739.84
konzervativni,96,9,-753.07
konzervativni,96,10,-580.95
konzervativni,96,11,-655.19
konzervativni,96,12,-70.59
konzervativni,97,1,-688.43
konzervativni,97,2,-655.23
konzervativni,97,3,-616.25
konzervativni,97,4,-621.97
konzervativni,97,5,-411.11
konzervativni,97,6,-411.1
konzervativni,97,7,-549.06
konzervativni,97,8,-553.45
konzervativni,97,9,-466.37
konzervativni,97,10,-254.98
konzervativni,97,11,-619.9
konzervativni,97,12,-454.78
konzervativni,98,1,-710.47
konzervativni,98,2,-737.07
konzervativni,98,3,-685.72
konzervativni,98,4,-630.95
konzervativni,98,5,-523.85
konzervativni,98,6,-551.1
konzervativni,98,7,-424.35
konzervativni,98,8,-431.93
konzervativni,98,9,-93.62
konzervativni,98,10,-542.43
konzervativni,98,11,-708.29
konzervativni,98,12,-327.98
konzervativni,99,1,-800.0
konzervativni,99,2,-454.25
konzervativni,99,3,-597.59
konzervativni,99,4,-517.98
konzervativni,99,5,-824.39
konzervativni,99,6,-106.93
konzervativni,99,7,-523.69
konzervativni,99,8,-506.81
konzervativni,99,9,-561.82
konzervativni,99,10,-636.23
konzervativni,99,11,-564.63
konzervativni,99,12,-674.93
konzervativni,100,1,-679.3
konzervativni,100,2,-800.0
konzervativni,100,3,-382.15
konzervativni,100,4,-726.99
konzervativni,100,5,-455.83
konzervativni,100,6,-606.05
konzervativni,100,7,-634.32
konzervativni,100,8,-597.68
konzervativni,100,9,-294.43
konzervativni,100,10,-149.24
konzervativni,100,11,-500.2
konzervativni,100,12,-699.08
konzervativni,101,1,-800.0
konzervativni,101,2,-768.34
konzervativni,101,3,-508.02
konzervativni,101,4,-324.49
konzervativni,101,5,-350.36
konzervativni,101,6,-498.42
konzervativni,101,7,-393.74
konzervativni,101,8,-704.82
konzervativni,101,9,-69.13
konzervativni,101,10,-800.0
konzervativni,101,11,-504.61
konzervativni,101,12,-226.01
konzervativni,102,1,-647.79
konzervativni,102,2,-638.17
konzervativni,102,3,-370.4
konzervativni,102,4,-610.69
konzervativni,102,5,-729.67
konzervativni,102,6,-594.14
konzervativni,102,7,-620.98
konzervativni,102,8,-771.22
konzervativni,102,9,-60.76
konzervativni,102,10,-430.21
konzervativni,102,11,-703.86
konzervativni,102,12,-485.06
konzervativni,103,1,-800.0
konzervativni,103,2,-800.0
konzervativni,103,3,-745.2
konzervativni,103,4,-800.0
konzervativni,103,5,-500.12
konzervativni,103,6,-343.68
konzervativni,103,7,7.57
konzervativni,103,8,-573.71
konzervativni,103,9,-442.62
konzervativni,103,10,-647.12
konzervativni,103,11,-654.67
konzervativni,103,12,-329.13
konzervativni,104,1,-633.8
konzervativni,104,2,-531.88
konzervativni,104,3,-544.33
konzervativni,104,4,-449.38
konzervativni,104,5,-656.79
konzervativni,104,6,-571.83
konzervativni,104,7,-512.26
konzervativni,104,8,-838.31
konzervativni,104,9,-495.71
konzervativni,104,10,-669.46
konzervativni,104,11,-559.4
konzervativni,104,12,-331.58
konzervativni,105,1,-800.0
konzervativni,105,2,-723.26
konzervativni,105,3,-717.54
konzervativni,105,4,-476.06
konzervativni,105,5,-235.51
konzervativni,105,6,-610.99
konzervativni,105,7,-520.34
konzervativni,105,8,-800.0
konzervativni,105,9,-498.23
konzervativni,105,10,-838.84
konzervativni,105,11,-800.0
konzervativni,105,12,-413.1
konzervativni,106,1,-800.0
konzervativni,106,2,-688.48
konzervativni,106,3,-182.3
konzervativni,106,4,-640.17
konzervativni,106,5,-212.05
konzervativni,106,6,-295.49
konzervativni,106,7,-516.36
konzervativni,106,8,-753.23
konzervativni,106,9,-400.84
konzervativni,106,10,-491.17
konzervativni,106,11,-507.45
konzervativni,106,12,-278.56
konzervativni,107,1,-800.0
konzervativni,107,2,-680.92
konzervativni,107,3,-739.36
konzervativni,107,4,-733.24
konzervativni,107,5,-638.62
konzervativni,107,6,-413.19
konzervativni,107,7,-303.6
konzervativni,107,8,-505.54
konzervativni,107,9,-191.85
konzervativni,107,10,-679.54
konzervativni,107,11,-744.37
konzervativni,107,12,-441.16
konzervativni,108,1,-800.0
konzervativni,108,2,-736.49
konzervativni,108,3,-603.15
konzervativni,108,4,-800.0
konzervativni,108,5,-557.29
konzervativni,108,6,-607.07
konzervativni,108,7,-571.36
konzervativni,108,8,-410.25
konzervativni,108,9,-438.03
konzervativni,108,10,-647.69
konzervativni,108,11,-291.99
konzervativni,108,12,-206.89
konzervativni,109,1,-714.32
konzervativni,109,2,-753.21
konzervativni,109,3,-678.96
konzervativni,109,4,-622.23
konzervativni,109,5,-771.01
konzervativni,109,6,-494.56
konzervativni,109,7,-218.3
konzervativni,109,8,-601.66
konzervativni,109,9,-384.99
konzervativni,109,10,-332.46
konzervativni,109,11,-278.52
konzervativni,109,12,-286.7
konzervativni,110,1,-765.2
konzervativni,110,2,-748.68
konzervativni,110,3,-507.52
konzervativni,110,4,-677.12
konzervativni,110,5,-538.49
konzervativni,110,6,260.33
konzervativni,110,7,-535.23
konzervativni,110,8,-717.24
konzervativni,110,9,-443.64
konzervativni,110,10,-371.07
konzervativni,110,11,-233.79
konzervativni,110,12,-628.46
konzervativni,111,1,-716.91
konzervativni,111,2,-574.64
konzervativni,111,3,-472.6
konzervativni,111,4,-408.61
konzervativni,111,5,-417.45
konzervativni,111,6,-800.0
konzervativni,111,7,-659.24
konzervativni,111,8,-247.44
konzervativni,111,9,-658.08
konzervativni,111,10,-580.62
konzervativni,111,11,-450.26
konzervativni,111,12,-734.19
konzervativni,112,1,-496.78
konzervativni,112,2,-692.19
konzervativni,112,3,-589.67
konzervativni,112,4,-602.63
konzervativni,112,5,-332.98
konzervativni,112,6,-427.73
konzervativni,112,7,-730.86
konzervativni,112,8,-533.32
konzervativni,112,9,-197.63
konzervativni,112,10,-468.55
konzervativni,112,11,-440.85
konzervativni,112,12,-808.0
konzervativni,113,1,-800.0
konzervativni,113,2,-746.37
konzervativni,113,3,-280.22
konzervativni,113,4,-691.05
konzervativni,113,5,-455.73
konzervativni,113,6,-672.19
konzervativni,113,7,-425.75
konzervativni,113,8,-679.37
konzervativni,113,9,-637.99
konzervativni,113,10,-393.79
konzervativni,113,11,-693.63
konzervativni,113,12,-434.76
konzervativni,114,1,-856.17
konzervativni,114,2,-721.23
konzervativni,114,3,-688.16
konzervativni,114,4,-672.7
konzervativni,114,5,-423.6
konzervativni,114,6,-678.9
konzervativni,114,7,-655.41
konzervativni,114,8,-710.95
konzervativni,114,9,-414.33
konzervativni,114,10,-354.37
konzervativni,114,11,-720.94
konzervativni,114,12,-430.76
konzervativni,115,1,-800.0
konzervativni,115,2,-800.0
konzervativni,115,3,-758.71
konzervativni,115,4,-239.86
konzervativni,115,5,-677.48
konzervativni,115,6,-395.1
konzervativni,115,7,-622.23
konzervativni,115,8,-585.56
konzervativni,115,9,-777.57
konzervativni,115,10,-516.34
konzervativni,115,11,-760.55
konzervativni,115,12,-546.4
konzervativni,116,1,-794.19
konzervativni,116,2,-803.37
konzervativni,116,3,-332.14
konzervativni,116,4,-800.0
konzervativni,116,5,-641.5
konzervativni,116,6,-580.59
konzervativni,116,7,-530.9
konzervativni,116,8,-837.75
konzervativni,116,9,-712.07
konzervativni,116,10,-340.67
konzervativni,116,11,-588.87
konzervativni,116,12,-611.59
konzervativni,117,1,-694.88
konzervativni,117,2,-674.83
konzervativni,117,3,-604.41
konzervativni,117,4,-719.61
konzervativni,117,5,-693.27
konzervativni,117,6,-324.68
konzervativni,117,7,-219.72
konzervativni,117,8,-639.19
konzervativni,117,9,-532.24
konzervativni,117,10,-291.67
konzervativni,117,11,-552.42
konzervativni,117,12,-711.89
konzervativni,118,1,-798.61
konzervativni,118,2,-436.69
konzervativni,118,3,-590.12
konzervativni,118,4,-514.59
konzervativni,118,5,-476.02
konzervativni,118,6,-673.56
konzervativni,118,7,-807.07
konzervativni,118,8,-376.48
konzervativni,118,9,-800.0
konzervativni,118,10,-642.63
konzervativni,118,11,-519.4
konzervativni,118,12,-517.0
konzervativni,119,1,-767.2
konzervativni,119,2,-681.23
konzervativni,119,3,-694.82
konzervativni,119,4,-536.06
konzervativni,119,5,-459.45
konzervativni,119,6,-317.39
konzervativni,119,7,-347.84
konzervativni,119,8,-553.29
konzervativni,119,9,-554.99
konzervativni,119,10,-518.45
konzervativni,119,11,-631.23
konzervativni,119,12,-474.87
konzervativni,120,1,-800.0
konzervativni,120,2,-611.28
konzervativni,120,3,-778.61
konzervativni,120,4,-680.59
konzervativni,120,5,-878.08
konzervativni,120,6,-595.2
konzervativni,120,7,-800.0
konzervativni,120,8,-515.89
konzervativni,120,9,7.32
konzervativni,120,10,-191.86
konzervativni,120,11,-464.03
konzervativni,120,12,-334.04
konzervativni,121,1,-800.0
konzervativni,121,2,-750.5
konzervativni,121,3,-652.83
konzervativni,121,4,-495.66
konzervativni,121,5,-637.96
konzervativni,121,6,-751.52
konzervativni,121,7,-634.51
konzervativni,121,8,-536.71
konzervativni,121,9,-616.12
konzervativni,121,10,-703.98
konzervativni,121,11,-382.45
konzervativni,121,12,-789.14
konzervativni,122,1,-726.71
konzervativni,122,2,-800.0
konzervativni,122,3,-649.99
konzervativni,122,4,-704.58
konzervativni,122,5,-610.67
konzervativni,122,6,-460.24
konzervativni,122,7,-525.32
konzervativni,122,8,-602.95
konzervativni,122,9,-352.92
konzervativni,122,10,-550.44
konzervativni,122,11,-761.63
konzervativni,122,12,-75.61
konzervativni,123,1,-583.33
konzervativni,123,2,-758.93
konzervativni,123,3,-710.51
konzervativni,123,4,-525.84
konzervativni,123,5,-738.37
konzervativni,123,6,-542.26
konzervativni,123,7,-539.93
konzervativni,123,8,-459.1
konzervativni,123,9,-422.32
konzervativni,123,10,-542.18
konzervativni,123,11,-367.64
konzervativni,123,12,-325.11
konzervativni,124,1,-612.89
konzervativni,124,2,-726.4
konzervativni,124,3,-689.99
konzervativni,124,4,-712.1
konzervativni,124,5,-515.56
konzervativni,124,6,-458.52
konzervativni,124,7,-509.72
konzervativni,124,8,-251.47
konzervativni,124,9,-603.5
konzervativni,124,10,-480.38
konzervativni,124,11,-341.73
konzervativni,124,12,-357.38
konzervativni,125,1,-800.0
konzervativni,125,2,-559.36
konzervativni,125,3,-515.3
konzervativni,125,4,-666.53
konzervativni,125,5,-709.68
konzervativni,125,6,-451.03
konzervativni,125,7,-627.13
konzervativni,125,8,-507.87
konzervativni,125,9,-400.0
konzervativni,125,10,-440.97
konzervativni,125,11,-520.92
konzervativni,125,12,-695.64
konzervativni,126,1,-691.76
konzervativni,126,2,-605.17
konzervativni,126,3,-418.42
konzervativni,126,4,-528.25
konzervativni,126,5,-485.68
konzervativni,126,6,-239.56
konzervativni,126,7,-500.05
konzervativni,126,8,-543.86
konzervativni,126,9,-687.46
konzervativni,126,10,-715.14
konzervativni,126,11,-258.49
konzervativni,126,12,-329.4
konzervativni,127,1,-765.61
konzervativni,127,2,-659.29
konzervativni,127,3,-639.12
konzervativni,127,4,-383.39
konzervativni,127,5,-643.46
konzervativni,127,6,-292.19
konzervativni,127,7,-659.04
konzervativni,127,8,-520.87
konzervativni,127,9,-758.85
konzervativni,127,10,-431.08
konzervativni,127,11,-555.36
konzervativni,127,12,-755.14
konzervativni,128,1,-646.52
konzervativni,128,2,-540.8
konzervativni,128,3,-426.84
konzervativni,128,4,-645.59
konzervativni,128,5,-805.49
konzervativni,128,6,-448.02
konzervativni,128,7,-576.94
konzervativni,128,8,-535.99
konzervativni,128,9,-661.09
konzervativni,128,10,-456.16
konzervativni,128,11,-480.74
konzervativni,128,12,-391.9
konzervativni,129,1,-800.0
konzervativni,129,2,-652.9
konzervativni,129,3,-600.33
konzervativni,129,4,-636.29
konzervativni,129,5,-242.7
konzervativni,129,6,-472.69
konzervativni,129,7,-513.0
konzervativni,129,8,-535.16
konzervativni,129,9,-710.35
konzervativni,129,10,-819.38
konzervativni,129,11,-705.19
konzervativni,129,12,-552.67
konzervativni,130,1,-796.1
konzervativni,130,2,-645.36
konzervativni,130,3,-378.89
konzervativni,130,4,-619.49
konzervativni,130,5,-448.78
konzervativni,130,6,-477.89
konzervativni,130,7,-409.15
konzervativni,130,8,-498.75
konzervativni,130,9,-593.29
konzervativni,130,10,-525.58
konzervativni,130,11,-469.85
konzervativni,130,12,-530.26
konzervativni,131,1,-705.04
konzervativni,131,2,-648.88
konzervativni,131,3,-726.44
konzervativni,131,4,-656.64
konzervativni,131,5,-481.8
konzervativni,131,6,-800.0
konzervativni,131,7,-594.85
konzervativni,131,8,-499.84
konzervativni,131,9,-573.49
konzervativni,131,10,-489.74
konzervativni,131,11,-409.99
konzervativni,131,12,-533.8
konzervativni,132,1,-800.0
konzervativni,132,2,-774.95
konzervativni,132,3,-444.35
konzervativni,132,4,-688.21
konzervativni,132,5,-652.49
konzervativni,132,6,-658.31
konzervativni,132,7,-477.6
konzervativni,132,8,-277.34
konzervativni,132,9,-257.59
konzervativni,132,10,-718.33
konzervativni,132,11,-193.3
konzervativni,132,12,-433.07
konzervativni,133,1,-800.0
konzervativni,133,2,-728.98
konzervativni,133,3,-633.36
konzervativni,133,4,-340.69
konzervativni,133,5,-664.88
konzervativni,133,6,-703.93
konzervativni,133,7,-713.01
konzervativni,133,8,-800.0
konzervativni,133,9,-314.31
konzervativni,133,10,-501.7
konzervativni,133,11,-485.89
konzervativni,133,12,-595.12
konzervativni,134,1,-823.66
konzervativni,134,2,-759.32
konzervativni,134,3,-754.91
konzervativni,134,4,-622.35
konzervativni,134,5,-677.9
konzervativni,134,6,-243.63
konzervativni,134,7,-448.67
konzervativni,134,8,-153.9
konzervativni,134,9,-590.82
konzervativni,134,10,-800.0
konzervativni,134,11,-719.66
konzervativni,134,12,-370.97
konzervativni,135,1,-800.0
konzervativni,135,2,-657.57
konzervativni,135,3,-655.89
konzervativni,135,4,-684.39
konzervativni,135,5,-468.4
konzervativni,135,6,-439.52
konzervativni,135,7,-631.94
konzervativni,135,8,-239.8
konzervativni,135,9,-413.8
konzervativni,135,10,-485.21
konzervativni,135,11,-701.59
konzervativni,135,12,-569.62
konzervativni,136,1,-688.91
konzervativni,136,2,-773.9
konzervativni,136,3,-552.23
konzervativni,136,4,-800.0
konzervativni,136,5,-339.38
konzervativni,136,6,-341.17
konzervativni,136,7,-331.84
konzervativni,136,8,-624.4
konzervativni,136,9,-371.67
konzervativni,136,10,-615.38
konzervativni,136,11,-526.38
konzervativni,136,12,-640.47
konzervativni,137,1,-744.86
konzervativni,137,2,-648.35
konzervativni,137,3,-502.46
konzervativni,137,4,-718.45
konzervativni,137,5,-440.37
konzervativni,137,6,-353.99
konzervativni,137,7,-406.32
konzervativni,137,8,-535.8
konzervativni,137,9,-22.92
konzervativni,137,10,-537.41
konzervativni,137,11,-755.93
konzervativni,137,12,-595.75
konzervativni,138,1,-800.0
konzervativni,138,2,-739.58
konzervativni,138,3,-370.57
konzervativni,138,4,-578.94
konzervativni,138,5,-475.36
konzervativni,138,6,-592.02
konzervativni,138,7,-682.84
konzervativni,138,8,-800.0
konzervativni,138,9,-133.21
konzervativni,138,10,-459.49
konzervativni,138,11,-574.64
konzervativni,138,12,-653.14
konzervativni,139,1,-761.29
konzervativni,139,2,-532.48
konzervativni,139,3,-438.84
konzervativni,139,4,-679.39
konzervativni,139,5,-694.82
konzervativni,139,6,-608.84
konzervativni,139,7,-399.15
konzervativni,139,8,-493.64
konzervativni,139,9,-338.86
konzervativni,139,10,-567.9
konzervativni,139,11,-254.7
konzervativni,139,12,-385.43
konzervativni,140,1,-800.0
konzervativni,140,2,-683.92
konzervativni,140,3,-654.86
konzervativni,140,4,-772.02
konzervativni,140,5,-561.06
konzervativni,140,6,-361.09
konzervativni,140,7,-356.08
konzervativni,140,8,-580.51
konzervativni,140,9,-171.29
konzervativni,140,10,-712.21
konzervativni,140,11,-351.32
konzervativni,140,12,-564.66
konzervativni,141,1,-800.0
konzervativni,141,2,-714.11
konzervativni,141,3,-598.85
konzervativni,141,4,-294.43
konzervativni,141,5,-471.27
konzervativni,141,6,-758.15
konzervativni,141,7,-737.11
konzervativni,141,8,-375.31
konzervativni,141,9,-186.6
konzervativni,141,10,-811.47
konzervativni,141,11,-106.56
konzervativni,141,12,-420.73
konzervativni,142,1,-800.0
konzervativni,142,2,-669.18
konzervativni,142,3,-719.67
konzervativni,142,4,-571.99
konzervativni,142,5,-458.06
konzervativni,142,6,-278.81
konzervativni,142,7,-667.81
konzervativni,142,8,-468.25
konzervativni,142,9,-369.56
konzervativni,142,10,-606.33
konzervativni,142,11,-618.56
konzervativni,142,12,-242.1
konzervativni,143,1,-800.0
konzervativni,143,2,-800.0
konzervativni,143,3,-648.71
konzervativni,143,4,-584.63
konzervativni,143,5,-565.53
konzervativni,143,6,-548.5
konzervativni,143,7,-434.06
konzervativni,143,8,-114.53
konzervativni,143,9,-485.07
konzervativni,143,10,-800.0
konzervativni,143,11,-329.76
konzervativni,143,12,-620.72
konzervativni,144,1,-800.0
konzervativni,144,2,-732.0
konzervativni,144,3,-391.25
konzervativni,144,4,-456.25
konzervativni,144,5,-672.13
konzervativni,144,6,-408.32
konzervativni,144,7,-551.27
konzervativni,144,8,-453.07
konzervativni,144,9,-41.0
konzervativni,144,10,-524.73
konzervativni,144,11,-538.2
konzervativni,144,12,-337.22
konzervativni,145,1,-800.0
konzervativni,145,2,-800.0
konzervativni,145,3,-862.38
konzervativni,145,4,-813.66
konzervativni,145,5,-424.32
konzervativni,145,6,-401.57
konzervativni,145,7,-688.26
konzervativni,145,8,-693.7
konzervativni,145,9,-673.56
konzervativni,145,10,-646.01
konzervativni,145,11,-307.05
konzervativni,145,12,-328.01
konzervativni,146,1,-800.0
konzervativni,146,2,-868.0
konzervativni,146,3,-849.63
konzervativni,146,4,-538.36
konzervativni,146,5,-800.0
konzervativni,146,6,-338.5
konzervativni,146,7,-849.81
konzervativni,146,8,-685.51
konzervativni,146,9,-483.57
konzervativni,146,10,-772.6
konzervativni,146,11,-7.12
konzervativni,146,12,-431.47
konzervativni,147,1,-735.71
konzervativni,147,2,-586.85
konzervativni,147,3,-548.86
konzervativni,147,4,-435.69
konzervativni,147,5,-634.44
konzervativni,147,6,-634.55
konzervativni,147,7,-547.91
konzervativni,147,8,-704.48
konzervativni,147,9,-300.05
konzervativni,147,10,-423.82
konzervativni,147,11,-277.26
konzervativni,147,12,-268.97
konzervativni,148,1,-800.0
konzervativni,148,2,-677.08
konzervativni,148,3,-602.04
konzervativni,148,4,-657.3
konzervativni,148,5,-737.83
konzervativni,148,6,-663.84
konzervativni,148,7,-598.23
konzervativni,148,8,-364.97
konzervativni,148,9,-569.93
konzervativni,148,10,-624.89
konzervativni,148,11,-331.31
konzervativni,148,12,-573.9
konzervativni,149,1,-800.0
konzervativni,149,2,-800.0
konzervativni,149,3,-542.14
konzervativni,149,4,-800.0
konzervativni,149,5,-523.81
konzervativni,149,6,-685.1
konzervativni,149,7,-292.22
konzervativni,149,8,-696.42
konzervativni,149,9,-684.41
konzervativni,149,10,-518.54
konzervativni,149,11,-564.85
konzervativni,149,12,-415.72
konzervativni,150,1,-501.23
konzervativni,150,2,-700.9
konzervativni,150,3,-690.95
konzervativni,150,4,-459.35
konzervativni,150,5,-420.06
konzervativni,150,6,-784.93
konzervativni,150,7,-607.37
konzervativni,150,8,-721.66
konzervativni,150,9,-320.89
konzervativni,150,10,-691.13
konzervativni,150,11,-800.0
konzervativni,150,12,-209.51
konzervativni,151,1,-800.0
konzervativni,151,2,-670.15
konzervativni,151,3,-632.01
konzervativni,151,4,-453.07
konzervativni,151,5,-603.15
konzervativni,151,6,-262.31
konzervativni,151,7,-670.96
konzervativni,151,8,-345.82
konzervativni,151,9,-476.02
konzervativni,151,10,-607.83
konzervativni,151,11,-899.94
konzervativni,151,12,-490.81
konzervativni,152,1,-800.0
konzervativni,152,2,-527.43
konzervativni,152,3,-683.31
konzervativni,152,4,-568.93
konzervativni,152,5,-701.14
konzervativni,152,6,-487.8
konzervativni,152,7,-299.95
konzervativni,152,8,-758.72
konzervativni,152,9,-801.54
konzervativni,152,10,-324.68
konzervativni,152,11,-746.6
konzervativni,152,12,-474.2
konzervativni,153,1,-800.0
konzervativni,153,2,-800.0
konzervativni,153,3,-655.87
konzervativni,153,4,-760.76
konzervativni,153,5,-560.63
konzervativni,153,6,-570.63
konzervativni,153,7,-827.0
konzervativni,153,8,-569.59
konzervativni,153,9,-679.61
konzervativni,153,10,-123.46
konzervativni,153,11,-526.02
konzervativni,153,12,-550.42
konzervativni,154,1,-800.0
konzervativni,154,2,-645.61
konzervativni,154,3,-474.32
konzervativni,154,4,-454.5
konzervativni,154,5,-531.37
konzervativni,154,6,-174.12
konzervativni,154,7,-647.69
konzervativni,154,8,-458.24
konzervativni,154,9,-664.64
konzervativni,154,10,-655.42
konzervativni,154,11,-452.2
konzervativni,154,12,-609.97
konzervativni,155,1,-685.47
konzervativni,155,2,-628.45
konzervativni,155,3,-632.12
konzervativni,155,4,-419.07
konzervativni,155,5,-660.02
konzervativni,155,6,-490.3
konzervativni,155,7,-389.41
konzervativni,155,8,-484.22
konzervativni,155,9,-380.05
konzervativni,155,10,-645.96
konzervativni,155,11,-550.51
konzervativni,155,12,-137.72
konzervativni,156,1,-800.0
konzervativni,156,2,-443.68
konzervativni,156,3,-590.26
konzervativni,156,4,-407.47
konzervativni,156,5,-535.82
konzervativni,156,6,-820.6
konzervativni,156,7,-259.51
konzervativni,156,8,-572.0
konzervativni,156,9,-323.9
konzervativni,156,10,-635.64
konzervativni,156,11,-362.45
konzervativni,156,12,-436.94
konzervativni,157,1,-800.0
konzervativni,157,2,-639.35
konzervativni,157,3,-496.97
konzervativni,157,4,-688.38
konzervativni,157,5,-585.46
konzervativni,157,6,-562.96
konzervativni,157,7,-653.73
konzervativni,157,8,-477.87
konzervativni,157,9,-536.97
konzervativni,157,10,-808.0
konzervativni,157,11,-339.56
konzervativni,157,12,-694.36
konzervativni,158,1,-632.71
konzervativni,158,2,-518.22
konzervativni,158,3,-121.06
konzervativni,158,4,-628.97
konzervativni,158,5,-595.12
konzervativni,158,6,-405.29
konzervativni,158,7,-708.48
konzervativni,158,8,-442.84
konzervativni,158,9,-627.52
konzervativni,158,10,-395.62
konzervativni,158,11,-569.43
konzervativni,158,12,-471.87
konzervativni,159,1,-702.61
konzervativni,159,2,-753.57
konzervativni,159,3,-744.77
konzervativni,159,4,-615.27
konzervativni,159,5,-740.68
konzervativni,159,6,-587.56
konzervativni,159,7,-592.02
konzervativni,159,8,-131.16
konzervativni,159,9,-704.96
konzervativni,159,10,-221.13
konzervativni,159,11,-555.33
konzervativni,159,12,-196.07
konzervativni,160,1,-627.09
konzervativni,160,2,-715.17
konzervativni,160,3,-608.87
konzervativni,160,4,-624.78
konzervativni,160,5,-732.16
konzervativni,160,6,-761.94
konzervativni,160,7,-468.76
konzervativni,160,8,-509.87
konzervativni,160,9,-808.0
konzervativni,160,10,-417.06
konzervativni,160,11,-800.0
konzervativni,160,12,-265.5
konzervativni,161,1,-550.32
konzervativni,161,2,-683.31
konzervativni,161,3,-754.76
konzervativni,161,4,-800.0
konzervativni,161,5,-698.98
konzervativni,161,6,-593.23
konzervativni,161,7,-581.95
konzervativni,161,8,-582.05
konzervativni,161,9,-583.54
konzervativni,161,10,-434.05
konzervativni,161,11,-578.47
konzervativni,161,12,-800.0
konzervativni,162,1,-729.72
konzervativni,162,2,-679.57
konzervativni,162,3,-433.2
konzervativni,162,4,-112.94
konzervativni,162,5,-604.26
konzervativni,162,6,-581.31
konzervativni,162,7,-434.05
konzervativni,162,8,-496.71
konzervativni,162,9,-535.17
konzervativni,162,10,-788.56
konzervativni,162,11,-341.79
konzervativni,162,12,-744.21
konzervativni,163,1,-740.87
konzervativni,163,2,-800.0
konzervativni,163,3,-554.07
konzervativni,163,4,-524.23
konzervativni,163,5,-609.24
konzervativni,163,6,-501.89
konzervativni,163,7,-427.89
konzervativni,163,8,-352.38
konzervativni,163,9,-724.39
konzervativni,163,10,-310.96
konzervativni,163,11,-772.89
konzervativni,163,12,-308.9
konzervativni,164,1,-676.27
konzervativni,164,2,-659.69
konzervativni,164,3,-688.73
konzervativni,164,4,-369.89
konzervativni,164,5,-726.91
konzervativni,164,6,-553.87
konzervativni,164,7,-757.38
konzervativni,164,8,-546.62
konzervativni,164,9,-463.53
konzervativni,164,10,-264.86
konzervativni,164,11,-413.1
konzervativni,164,12,-646.8
konzervativni,165,1,-800.0
konzervativni,165,2,-730.95
konzervativni,165,3,-269.8
konzervativni,165,4,-667.11
konzervativni,165,5,-350.88
konzervativni,165,6,-800.0
konzervativni,165,7,-321.15
konzervativni,165,8,-621.88
konzervativni,165,9,-738.75
konzervativni,165,10,-378.32
konzervativni,165,11,-557.7
konzervativni,165,12,-532.97
konzervativni,166,1,-747.28
konzervativni,166,2,-808.0
konzervativni,166,3,-551.44
konzervativni,166,4,-707.14
konzervativni,166,5,-708.84
konzervativni,166,6,-518.25
konzervativni,166,7,-800.0
konzervativni,166,8,-711.6
konzervativni,166,9,-197.85
konzervativni,166,10,-514.25
konzervativni,166,11,-674.61
konzervativni,166,12,-543.81
konzervativni,167,1,-800.0
konzervativni,167,2,-800.0
konzervativni,167,3,-662.65
konzervativni,167,4,-412.17
konzervativni,167,5,-566.58
konzervativni,167,6,-739.6
konzervativni,167,7,-406.91
konzervativni,167,8,-546.74
konzervativni,167,9,-92.19
konzervativni,167,10,-444.93
konzervativni,167,11,-342.51
konzervativni,167,12,-710.16
konzervativni,168,1,-709.37
konzervativni,168,2,-800.0
konzervativni,168,3,-576.64
konzervativni,168,4,-800.0
konzervativni,168,5,-257.08
konzervativni,168,6,-421.42
konzervativni,168,7,-360.41
konzervativni,168,8,-394.68
konzervativni,168,9,-326.11
konzervativni,168,10,-265.25
konzervativni,168,11,-497.55
konzervativni,168,12,-800.0
konzervativni,169,1,-800.0
konzervativni,169,2,-518.55
konzervativni,169,3,-746.09
konzervativni,169,4,-662.55
konzervativni,169,5,-596.52
konzervativni,169,6,-698.85
konzervativni,169,7,-277.13
konzervativni,169,8,-637.72
konzervativni,169,9,-517.84
konzervativni,169,10,-518.22
konzervativni,169,11,-583.98
konzervativni,169,12,-404.89
konzervativni,170,1,-800.0
konzervativni,170,2,-474.77
konzervativni,170,3,-512.54
konzervativni,170,4,-741.83
konzervativni,170,5,-454.71
konzervativni,170,6,-514.97
konzervativni,170,7,-630.69
konzervativni,170,8,-694.4
konzervativni,170,9,-233.14
konzervativni,170,10,-715.43
konzervativni,170,11,-398.73
konzervativni,170,12,-756.86
konzervativni,171,1,-800.0
konzervativni,171,2,-684.39
konzervativni,171,3,-655.31
konzervativni,171,4,-484.52
konzervativni,171,5,-396.19
konzervativni,171,6,-793.39
konzervativni,171,7,-584.56
konzervativni,171,8,-769.93
konzervativni,171,9,-800.0
konzervativni,171,10,-567.25
konzervativni,171,11,-678.78
konzervativni,171,12,-470.66
konzervativni,172,1,-800.0
konzervativni,172,2,-550.86
konzervativni,172,3,-607.0
konzervativni,172,4,-620.96
konzervativni,172,5,-800.0
konzervativni,172,6,-549.39
konzervativni,172,7,-714.88
konzervativni,172,8,-611.09
konzervativni,172,9,-581.88
konzervativni,172,10,-600.85
konzervativni,172,11,-600.56
konzervativni,172,12,-475.79
konzervativni,173,1,-800.0
konzervativni,173,2,-800.0
konzervativni,173,3,-533.77
konzervativni,173,4,-563.21
konzervativni,173,5,-333.72
konzervativni,173,6,-371.41
konzervativni,173,7,-808.0
konzervativni,173,8,-426.17
konzervativni,173,9,-240.86
konzervativni,173,10,-536.27
konzervativni,173,11,-691.04
konzervativni,173,12,-574.74
konzervativni,174,1,-688.93
konzervativni,174,2,-750.2
konzervativni,174,3,-605.66
konzervativni,174,4,-722.43
konzervativni,174,5,-643.11
konzervativni,174,6,-603.71
konzervativni,174,7,-544.63
konzervativni,174,8,-275.23
konzervativni,174,9,-619.02
konzervativni,174,10,-219.52
konzervativni,174,11,-738.8
konzervativni,174,12,-554.13
konzervativni,175,1,-637.83
konzervativni,175,2,-718.13
konzervativni,175,3,-800.0
konzervativni,175,4,-572.04
konzervativni,175,5,-568.92
konzervativni,175,6,-147.54
konzervativni,175,7,-782.15
konzervativni,175,8,-374.22
konzervativni,175,9,-422.85
konzervativni,175,10,-713.06
konzervativni,175,11,-487.89
konzervativni,175,12,-53.01
konzervativni,176,1,-712.56
konzervativni,176,2,-646.06
konzervativni,176,3,-566.28
konzervativni,176,4,-436.7
konzervativni,176,5,-415.78
konzervativni,176,6,-424.93
konzervativni,176,7,-770.53
konzervativni,176,8,-717.9
konzervativni,176,9,-386.31
konzervativni,176,10,-624.01
konzervativni,176,11,-431.58
konzervativni,176,12,-323.79
konzervativni,177,1,-482.71
konzervativni,177,2,-783.44
konzervativni,177,3,-580.97
konzervativni,177,4,-781.36
konzervativni,177,5,-717.81
konzervativni,177,6,-403.24
konzervativni,177,7,-613.45
konzervativni,177,8,-699.76
konzervativni,177,9,-99.73
konzervativni,177,10,-683.35
konzervativni,177,11,-465.17
konzervativni,177,12,-664.32
konzervativni,178,1,-800.0
konzervativni,178,2,-644.97
konzervativni,178,3,-278.02
konzervativni,178,4,-673.87
konzervativni,178,5,-546.98
konzervativni,178,6,-741.74
konzervativni,178,7,-569.2
konzervativni,178,8,-639.85
konzervativni,178,9,-341.75
konzervativni,178,10,-550.52
konzervativni,178,11,-361.85
konzervativni,178,12,-500.64
konzervativni,179,1,-754.61
konzervativni,179,2,-556.84
konzervativni,179,3,-672.3
konzervativni,179,4,-750.01
konzervativni,179,5,-698.04
konzervativni,179,6,-452.02
konzervativni,179,7,-735.7
konzervativni,179,8,-529.14
konzervativni,179,9,-129.44
konzervativni,179,10,-370.89
konzervativni,179,11,-555.96
konzervativni,179,12,-235.04
konzervativni,180,1,-599.27
konzervativni,180,2,-800.0
konzervativni,180,3,-455.91
konzervativni,180,4,-747.72
konzervativni,180,5,-623.95
konzervativni,180,6,-429.09
konzervativni,180,7,-550.12
konzervativni,180,8,-271.72
konzervativni,180,9,-711.87
konzervativni,180,10,-348.08
konzervativni,180,11,-479.64
konzervativni,180,12,-324.14
konzervativni,181,1,-725.2
konzervativni,181,2,-793.25
konzervativni,181,3,-576.58
konzervativni,181,4,-800.0
konzervativni,181,5,-687.18
konzervativni,181,6,-668.03
konzervativni,181,7,-551.6
konzervativni,181,8,-722.58
konzervativni,181,9,-493.89
konzervativni,181,10,-656.28
konzervativni,181,11,-465.74
konzervativni,181,12,-513.84
konzervativni,182,1,-659.48
konzervativni,182,2,-519.47
konzervativni,182,3,-613.08
konzervativni,182,4,-762.61
konzervativni,182,5,-705.32
konzervativni,182,6,-243.82
konzervativni,182,7,-747.85
konzervativni,182,8,-610.61
konzervativni,182,9,-148.88
konzervativni,182,10,-98.46
konzervativni,182,11,-590.93
konzervativni,182,12,-674.91
konzervativni,183,1,-830.05
konzervativni,183,2,-690.85
konzervativni,183,3,-589.85
konzervativni,183,4,-747.94
konzervativni,183,5,-332.83
konzervativni,183,6,-578.7
konzervativni,183,7,-707.92
konzervativni,183,8,-718.45
konzervativni,183,9,-491.6
konzervativni,183,10,-538.89
konzervativni,183,11,-447.21
konzervativni,183,12,-768.69
konzervativni,184,1,-678.28
konzervativni,184,2,-716.27
konzervativni,184,3,-443.17
konzervativni,184,4,-490.28
konzervativni,184,5,-239.13
konzervativni,184,6,-365.78
konzervativni,184,7,-662.24
konzervativni,184,8,-582.53
konzervativni,184,9,-185.14
konzervativni,184,10,-475.44
konzervativni,184,11,-628.55
konzervativni,184,12,-277.65
konzervativni,185,1,-682.02
konzervativni,185,2,-800.0
konzervativni,185,3,-445.94
konzervativni,185,4,-580.44
konzervativni,185,5,-486.0
konzervativni,185,6,-381.59
konzervativni,185,7,-123.03
konzervativni,185,8,-455.07
konzervativni,185,9,-560.83
konzervativni,185,10,-777.93
konzervativni,185,11,-568.23
konzervativni,185,12,43.31
konzervativni,186,1,-683.36
konzervativni,186,2,-800.0
konzervativni,186,3,-800.0
konzervativni,186,4,-656.63
konzervativni,186,5,-636.14
konzervativni,186,6,-801.78
konzervativni,186,7,-520.02
konzervativni,186,8,-636.78
konzervativni,186,9,-749.4
konzervativni,186,10,-359.17
konzervativni,186,11,-712.19
konzervativni,186,12,-648.39
konzervativni,187,1,-667.53
konzervativni,187,2,-772.91
konzervativni,187,3,-542.54
konzervativni,187,4,-730.0
konzervativni,187,5,-613.86
konzervativni,187,6,-322.13
konzervativni,187,7,-735.17
konzervativni,187,8,-762.12
konzervativni,187,9,-515.33
konzervativni,187,10,-627.93
konzervativni,187,11,-440.37
konzervativni,187,12,-445.93
konzervativni,188,1,-741.79
konzervativni,188,2,-800.0
konzervativni,188,3,-762.49
konzervativni,188,4,-642.84
konzervativni,188,5,-562.35
konzervativni,188,6,-450.39
konzervativni,188,7,-631.41
konzervativni,188,8,-581.55
konzervativni,188,9,-394.05
konzervativni,188,10,-494.69
konzervativni,188,11,-526.86
konzervativni,188,12,-368.09
konzervativni,189,1,-785.48
konzervativni,189,2,-743.54
konzervativni,189,3,-433.26
konzervativni,189,4,-521.56
konzervativni,189,5,-157.75
konzervativni,189,6,-412.93
konzervativni,189,7,-670.31
konzervativni,189,8,-516.33
konzervativni,189,9,-288.38
konzervativni,189,10,-36.34
konzervativni,189,11,-566.77
konzervativni,189,12,-506.68
konzervativni,190,1,-763.36
konzervativni,190,2,-546.71
konzervativni,190,3,-541.33
konzervativni,190,4,-612.24
konzervativni,190,5,-738.09
konzervativni,190,6,-600.79
konzervativni,190,7,-702.74
konzervativni,190,8,-516.53
konzervativni,190,9,-520.53
konzervativni,190,10,-560.83
konzervativni,190,11,-713.17
konzervativni,190,12,-350.62
konzervativni,191,1,-560.77
konzervativni,191,2,-800.0
konzervativni,191,3,-682.79
konzervativni,191,4,-686.19
konzervativni,191,5,-423.29
konzervativni,191,6,-658.33
konzervativni,191,7,-433.11
konzervativni,191,8,-632.13
konzervativni,191,9,-772.18
konzervativni,191,10,-232.37
konzervativni,191,11,-800.0
konzervativni,191,12,-595.98
konzervativni,192,1,-800.0
konzervativni,192,2,-800.0
konzervativni,192,3,-474.34
konzervativni,192,4,-749.45
konzervativni,192,5,-236.49
konzervativni,192,6,-548.24
konzervativni,192,7,-735.61
konzervativni,192,8,-536.12
konzervativni,192,9,-800.0
konzervativni,192,10,-203.15
konzervativni,192,11,-509.82
konzervativni,192,12,-700.15
konzervativni,193,1,-800.0
konzervativni,193,2,-690.33
konzervativni,193,3,-640.57
konzervativni,193,4,-748.21
konzervativni,193,5,-475.87
konzervativni,193,6,-733.0
konzervativni,193,7,-609.4
konzervativni,193,8,-601.85
konzervativni,193,9,-272.18
konzervativni,193,10,-499.45
konzervativni,193,11,-727.99
konzervativni,193,12,-445.33
konzervativni,194,1,-695.37
konzervativni,194,2,-731.15
konzervativni,194,3,-513.89
konzervativni,194,4,-695.59
konzervativni,194,5,-780.41
konzervativni,194,6,-690.56
konzervativni,194,7,-631.62
konzervativni,194,8,-431.4
konzervativni,194,9,-640.26
konzervativni,194,10,-673.46
konzervativni,194,11,-622.24
konzervativni,194,12,-386.13
konzervativni,195,1,-664.08
konzervativni,195,2,-800.0
konzervativni,195,3,-504.02
konzervativni,195,4,-764.55
konzervativni,195,5,-878.34
konzervativni,195,6,-677.09
konzervativni,195,7,-462.05
konzervativni,195,8,-319.0
konzervativni,195,9,-276.98
konzervativni,195,10,-563.41
konzervativni,195,11,-750.02
konzervativni,195,12,-386.86
konzervativni,196,1,-529.26
konzervativni,196,2,-628.31
konzervativni,196,3,-664.17
konzervativni,196,4,-554.87
konzervativni,196,5,-646.05
konzervativni,196,6,-474.29
konzervativni,196,7,-548.42
konzervativni,196,8,-444.62
konzervativni,196,9,-396.48
konzervativni,196,10,-497.05
konzervativni,196,11,-694.86
konzervativni,196,12,-182.02
konzervativni,197,1,-800.0
konzervativni,197,2,-580.42
konzervativni,197,3,-211.16
konzervativni,197,4,-677.37
konzervativni,197,5,-650.08
konzervativni,197,6,-423.97
konzervativni,197,7,-629.09
konzervativni,197,8,-649.26
konzervativni,197,9,-570.89
konzervativni,197,10,-54.26
konzervativni,197,11,-504.95
konzervativni,197,12,-624.65
konzervativni,198,1,-800.0
konzervativni,198,2,-509.14
konzervativni,198,3,-489.95
konzervativni,198,4,-800.0
konzervativni,198,5,-447.22
konzervativni,198,6,-320.63
konzervativni,198,7,-155.44
konzervativni,198,8,-712.54
konzervativni,198,9,-530.72
konzervativni,198,10,167.16
konzervativni,198,11,-378.61
konzervativni,198,12,-602.02
konzervativni,199,1,-800.0
konzervativni,199,2,-800.0
konzervativni,199,3,-717.85
konzervativni,199,4,-379.34
konzervativni,199,5,-565.29
konzervativni,199,6,-393.37
konzervativni,199,7,-761.06
konzervativni,199,8,-654.63
konzervativni,199,9,-523.23
konzervativni,199,10,-289.29
konzervativni,199,11,-667.78
konzervativni,199,12,-542.42
konzervativni,200,1,-800.0
konzervativni,200,2,-562.68
konzervativni,200,3,-745.68
konzervativni,200,4,-647.52
konzervativni,200,5,-704.04
konzervativni,200,6,-360.61
konzervativni,200,7,-754.52
konzervativni,200,8,-578.86
konzervativni,200,9,-131.97
konzervativni,200,10,-644.49
konzervativni,200,11,-667.0
konzervativni,200,12,-679.05
konzervativni,201,1,-739.73
konzervativni,201,2,-573.46
konzervativni,201,3,-348.22
konzervativni,201,4,-663.56
konzervativni,201,5,-702.69
konzervativni,201,6,-414.72
konzervativni,201,7,-473.4
konzervativni,201,8,-704.83
konzervativni,201,9,-599.14
konzervativni,201,10,-215.74
konzervativni,201,11,-558.71
konzervativni,201,12,-562.07
konzervativni,202,1,-800.0
konzervativni,202,2,-778.11
konzervativni,202,3,-616.34
konzervativni,202,4,-498.56
konzervativni,202,5,-224.82
konzervativni,202,6,-541.01
konzervativni,202,7,-438.04
konzervativni,202,8,-675.97
konzervativni,202,9,-426.4
konzervativni,202,10,-639.83
konzervativni,202,11,-471.87
konzervativni,202,12,-224.14
konzervativni,203,1,-662.61
konzervativni,203,2,-530.0
konzervativni,203,3,-769.04
konzervativni,203,4,-261.22
konzervativni,203,5,-800.0
konzervativni,203,6,-566.93
konzervativni,203,7,-309.02
konzervativni,203,8,-706.08
konzervativni,203,9,-380.89
konzervativni,203,10,-418.61
konzervativni,203,11,-421.42
konzervativni,203,12,-145.31
konzervativni,204,1,-677.08
konzervativni,204,2,-606.47
konzervativni,204,3,-482.44
konzervativni,204,4,-567.48
konzervativni,204,5,-684.37
konzervativni,204,6,-289.66
konzervativni,204,7,-531.41
konzervativni,204,8,-623.84
konzervativni,204,9,-491.14
konzervativni,204,10,-746.46
konzervativni,204,11,-313.93
konzervativni,204,12,-339.28
konzervativni,205,1,-800.0
konzervativni,205,2,-800.0
konzervativni,205,3,-709.75
konzervativni,205,4,-718.54
konzervativni,205,5,-644.59
konzervativni,205,6,-668.94
konzervativni,205,7,-494.51
konzervativni,205,8,-427.67
konzervativni,205,9,-526.16
konzervativni,205,10,-461.09
konzervativni,205,11,-787.12
konzervativni,205,12,-496.77
konzervativni,206,1,-728.45
konzervativni,206,2,-713.51
konzervativni,206,3,-645.0
konzervativni,206,4,-609.64
konzervativni,206,5,-684.38
konzervativni,206,6,-424.26
konzervativni,206,7,-597.83
konzervativni,206,8,-570.25
konzervativni,206,9,-443.97
konzervativni,206,10,-686.38
konzervativni,206,11,-224.75
konzervativni,206,12,-671.02
konzervativni,207,1,-695.88
konzervativni,207,2,-716.89
konzervativni,207,3,-610.11
konzervativni,207,4,-552.29
konzervativni,207,5,-543.84
konzervativni,207,6,-705.29
konzervativni,207,7,-550.8
konzervativni,207,8,-445.28
konzervativni,207,9,-464.23
konzervativni,207,10,-313.58
konzervativni,207,11,-636.22
konzervativni,207,12,-660.03
konzervativni,208,1,-777.9
konzervativni,208,2,-762.22
konzervativni,208,3,-599.0
konzervativni,208,4,-612.13
konzervativni,208,5,-704.08
konzervativni,208,6,-616.17
konzervativni,208,7,-642.27
konzervativni,208,8,-647.79
konzervativni,208,9,-288.47
konzervativni,208,10,-632.85
konzervativni,208,11,-311.16
konzervativni,208,12,-638.05
konzervativni,209,1,-800.0
konzervativni,209,2,-800.0
konzervativni,209,3,-282.02
konzervativni,209,4,-743.12
konzervativni,209,5,-359.55
konzervativni,209,6,-438.86
konzervativni,209,7,-386.79
konzervativni,209,8,-493.38
konzervativni,209,9,-554.72
konzervativni,209,10,-608.42
konzervativni,209,11,-696.78
konzervativni,209,12,-616.46
konzervativni,210,1,-788.66
konzervativni,210,2,-800.0
konzervativni,210,3,-615.25
konzervativni,210,4,-669.79
konzervativni,210,5,-578.4
konzervativni,210,6,-682.92
konzervativni,210,7,-702.07
konzervativni,210,8,-742.74
konzervativni,210,9,-183.41
konzervativni,210,10,-226.2
konzervativni,210,11,-253.59
konzervativni,210,12,-402.83
konzervativni,211,1,-800.0
konzervativni,211,2,-560.3
konzervativni,211,3,-713.06
konzervativni,211,4,-732.72
konzervativni,211,5,-604.01
konzervativni,211,6,-772.55
konzervativni,211,7,-605.38
konzervativni,211,8,-529.92
konzervativni,211,9,-490.45
konzervativni,211,10,-442.2
konzervativni,211,11,-753.93
konzervativni,211,12,34.94
konzervativni,212,1,-808.0
konzervativni,212,2,-763.62
konzervativni,212,3,-495.52
konzervativni,212,4,-475.17
konzervativni,212,5,-800.0
konzervativni,212,6,-602.25
konzervativni,212,7,-398.31
konzervativni,212,8,-446.96
konzervativni,212,9,-464.57
konzervativni,212,10,-720.04
konzervativni,212,11,-614.66
konzervativni,212,12,-511.29
konzervativni,213,1,-800.0
konzervativni,213,2,-622.84
konzervativni,213,3,-506.6
konzervativni,213,4,-433.78
konzervativni,213,5,-482.31
konzervativni,213,6,-693.88
konzervativni,213,7,-698.52
konzervativni,213,8,-546.91
konzervativni,213,9,-576.6
konzervativni,213,10,-733.29
konzervativni,213,11,-503.01
konzervativni,213,12,-530.23
konzervativni,214,1,-607.49
konzervativni,214,2,-595.37
konzervativni,214,3,-679.5
konzervativni,214,4,-806.98
konzervativni,214,5,-721.48
konzervativni,214,6,-597.87
konzervativni,214,7,-630.82
konzervativni,214,8,-800.0
konzervativni,214,9,-364.84
konzervativni,214,10,-476.05
konzervativni,214,11,-442.18
konzervativni,214,12,-736.1
konzervativni,215,1,-632.08
konzervativni,215,2,-631.77
konzervativni,215,3,-546.75
konzervativni,215,4,-485.05
konzervativni,215,5,-800.56
konzervativni,215,6,-314.03
konzervativni,215,7,-579.77
konzervativni,215,8,-525.07
konzervativni,215,9,-689.38
konzervativni,215,10,-593.58
konzervativni,215,11,-398.33
konzervativni,215,12,-701.06
konzervativni,216,1,-771.25
konzervativni,216,2,-720.84
konzervativni,216,3,-800.0
konzervativni,216,4,-569.29
konzervativni,216,5,-548.51
konzervativni,216,6,-440.57
konzervativni,216,7,-575.63
konzervativni,216,8,-562.96
konzervativni,216,9,-442.32
konzervativni,216,10,-597.52
konzervativni,216,11,-548.49
konzervativni,216,12,-19.14
konzervativni,217,1,-650.51
konzervativni,217,2,-713.74
konzervativni,217,3,-529.23
konzervativni,217,4,-800.0
konzervativni,217,5,-309.66
konzervativni,217,6,-628.48
konzervativni,217,7,-302.26
konzervativni,217,8,-593.7
konzervativni,217,9,-72.3
konzervativni,217,10,-629.23
konzervativni,217,11,-489.98
konzervativni,217,12,-608.21
konzervativni,218,1,-690.0
konzervativni,218,2,-591.51
konzervativni,218,3,-800.0
konzervativni,218,4,-753.11
konzervativni,218,5,-484.31
konzervativni,218,6,-511.73
konzervativni,218,7,-766.74
konzervativni,218,8,-749.29
konzervativni,218,9,-595.45
konzervativni,218,10,-119.94
konzervativni,218,11,-648.4
konzervativni,218,12,-800.0
konzervativni,219,1,-800.0
konzervativni,219,2,-628.94
konzervativni,219,3,-574.72
konzervativni,219,4,-517.8
konzervativni,219,5,-701.01
konzervativni,219,6,-590.45
konzervativni,219,7,-374.22
konzervativni,219,8,-619.41
konzervativni,219,9,-516.88
konzervativni,219,10,-406.6
konzervativni,219,11,-314.25
konzervativni,219,12,-517.87
konzervativni,220,1,-800.0
konzervativni,220,2,-728.21
konzervativni,220,3,-556.04
konzervativni,220,4,-486.39
konzervativni,220,5,-698.25
konzervativni,220,6,-552.29
konzervativni,220,7,-432.2
konzervativni,220,8,-721.06
konzervativni,220,9,-617.02
konzervativni,220,10,-358.06
konzervativni,220,11,-577.29
konzervativni,220,12,-659.93
konzervativni,221,1,-752.11
konzervativni,221,2,-749.01
konzervativni,221,3,-800.0
konzervativni,221,4,-556.27
konzervativni,221,5,-614.01
konzervativni,221,6,-341.76
konzervativni,221,7,-552.82
konzervativni,221,8,-653.95
konzervativni,221,9,-348.96
konzervativni,221,10,-673.74
konzervativni,221,11,-678.52
konzervativni,221,12,-667.43
konzervativni,222,1,-714.35
konzervativni,222,2,-505.0
konzervativni,222,3,-690.95
konzervativni,222,4,-767.77
konzervativni,222,5,-551.24
konzervativni,222,6,-670.18
konzervativni,222,7,-475.74
konzervativni,222,8,-539.66
konzervativni,222,9,-380.5
konzervativni,222,10,-392.87
konzervativni,222,11,-303.89
konzervativni,222,12,-460.9
konzervativni,223,1,-800.0
konzervativni,223,2,-376.92
konzervativni,223,3,-351.78
konzervativni,223,4,-553.45
konzervativni,223,5,-800.0
konzervativni,223,6,-359.18
konzervativni,223,7,-591.43
konzervativni,223,8,-390.35
konzervativni,223,9,-549.2
konzervativni,223,10,-570.46
konzervativni,223,11,-421.91
konzervativni,223,12,-464.15
konzervativni,224,1,-800.0
konzervativni,224,2,-480.91
konzervativni,224,3,-502.42
konzervativni,224,4,-642.24
konzervativni,224,5,-539.88
konzervativni,224,6,-580.04
konzervativni,224,7,-450.1
konzervativni,224,8,-520.93
konzervativni,224,9,-405.97
konzervativni,224,10,-661.05
konzervativni,224,11,-389.17
konzervativni,224,12,-368.29
konzervativni,225,1,-678.8
konzervativni,225,2,-800.0
konzervativni,225,3,-563.54
konzervativni,225,4,-349.87
konzervativni,225,5,-643.7
konzervativni,225,6,-154.26
konzervativni,225,7,-580.61
konzervativni,225,8,-499.4
konzervativni,225,9,-248.41
konzervativni,225,10,-588.75
konzervativni,225,11,-524.58
konzervativni,225,12,-518.28
konzervativni,226,1,-682.45
konzervativni,226,2,-688.56
konzervativni,226,3,-562.54
konzervativni,226,4,-677.88
konzervativni,226,5,-654.72
konzervativni,226,6,-513.14
konzervativni,226,7,-549.04
konzervativni,226,8,-686.77
konzervativni,226,9,-438.19
konzervativni,226,10,-552.54
konzervativni,226,11,-668.32
konzervativni,226,12,-353.36
konzervativni,227,1,-636.32
konzervativni,227,2,-709.63
konzervativni,227,3,-800.0
konzervativni,227,4,-596.79
konzervativni,227,5,-721.39
konzervativni,227,6,-287.07
konzervativni,227,7,-494.07
konzervativni,227,8,-650.1
konzervativni,227,9,-513.54
konzervativni,227,10,-593.27
konzervativni,227,11,-638.36
konzervativni,227,12,-533.41
konzervativni,228,1,-724.69
konzervativni,228,2,-767.24
konzervativni,228,3,-332.71
konzervativni,228,4,-629.43
konzervativni,228,5,-578.68
konzervativni,228,6,-800.0
konzervativni,228,7,-594.16
konzervativni,228,8,-375.16
konzervativni,228,9,-233.94
konzervativni,228,10,-707.38
konzervativni,228,11,-621.69
konzervativni,228,12,-200.63
konzervativni,229,1,-800.0
konzervativni,229,2,-744.04
konzervativni,229,3,-800.0
konzervativni,229,4,-361.27
konzervativni,229,5,-771.6
konzervativni,229,6,-361.6
konzervativni,229,7,-726.47
konzervativni,229,8,-198.41
konzervativni,229,9,-423.38
konzervativni,229,10,-800.0
konzervativni,229,11,-753.06
konzervativni,229,12,-309.8
konzervativni,230,1,-800.0
konzervativni,230,2,-761.45
konzervativni,230,3,-318.9
konzervativni,230,4,-634.95
konzervativni,230,5,-436.89
konzervativni,230,6,-420.17
konzervativni,230,7,-115.93
konzervativni,230,8,-540.21
konzervativni,230,9,-566.33
konzervativni,230,10,-615.56
konzervativni,230,11,-605.28
konzervativni,230,12,-397.75
konzervativni,231,1,-682.1
konzervativni,231,2,-730.12
konzervativni,231,3,-475.77
konzervativni,231,4,-653.32
konzervativni,231,5,-800.0
konzervativni,231,6,-788.45
konzervativni,231,7,-496.14
konzervativni,231,8,-280.12
konzervativni,231,9,-438.09
konzervativni,231,10,-439.16
konzervativni,231,11,-687.87
konzervativni,231,12,-275.38
konzervativni,232,1,-491.34
konzervativni,232,2,-800.0
konzervativni,232,3,-560.69
konzervativni,232,4,-816.01
konzervativni,232,5,-381.11
konzervativni,232,6,-356.05
konzervativni,232,7,-572.82
konzervativni,232,8,-348.88
konzervativni,232,9,-325.44
konzervativni,232,10,-145.9
konzervativni,232,11,-328.4
konzervativni,232,12,-443.27
konzervativni,233,1,-704.33
konzervativni,233,2,-642.99
konzervativni,233,3,-800.0
konzervativni,233,4,-752.62
konzervativni,233,5,-430.08
konzervativni,233,6,-536.33
konzervativni,233,7,-606.2
konzervativni,233,8,-428.12
konzervativni,233,9,-452.04
konzervativni,233,10,-348.04
konzervativni,233,11,-501.55
konzervativni,233,12,-379.35
konzervativni,234,1,-800.0
konzervativni,234,2,-663.82
konzervativni,234,3,-716.42
konzervativni,234,4,-581.84
konzervativni,234,5,-648.79
konzervativni,234,6,-696.3
konzervativni,234,7,-411.98
konzervativni,234,8,-411.48
konzervativni,234,9,-338.27
konzervativni,234,10,-710.17
konzervativni,234,11,-737.2
konzervativni,234,12,-756.45
konzervativni,235,1,-549.74
konzervativni,235,2,-800.0
konzervativni,235,3,-809.89
konzervativni,235,4,-697.18
konzervativni,235,5,-339.16
konzervativni,235,6,-283.71
konzervativni,235,7,-641.17
konzervativni,235,8,-210.84
konzervativni,235,9,-700.67
konzervativni,235,10,-173.01
konzervativni,235,11,-595.53
konzervativni,235,12,-293.67
konzervativni,236,1,-668.24
konzervativni,236,2,-740.37
konzervativni,236,3,-694.54
konzervativni,236,4,-735.61
konzervativni,236,5,-744.78
konzervativni,236,6,-681.58
konzervativni,236,7,-544.42
konzervativni,236,8,-679.27
konzervativni,236,9,-343.72
konzervativni,236,10,-474.26
konzervativni,236,11,-580.45
konzervativni,236,12,-308.05
konzervativni,237,1,-565.88
konzervativni,237,2,-670.2
konzervativni,237,3,-474.14
konzervativni,237,4,-800.0
konzervativni,237,5,-454.96
konzervativni,237,6,-256.69
konzervativni,237,7,-522.23
konzervativni,237,8,-621.31
konzervativni,237,9,-601.87
konzervativni,237,10,-407.81
konzervativni,237,11,-187.4
konzervativni,237,12,-19.14
konzervativni,238,1,-800.0
konzervativni,238,2,-800.0
konzervativni,238,3,-800.0
konzervativni,238,4,-671.1
konzervativni,238,5,-303.74
konzervativni,238,6,-163.91
konzervativni,238,7,-305.31
konzervativni,238,8,-434.6
konzervativni,238,9,-247.1
konzervativni,238,10,-700.71
konzervativni,238,11,-482.99
konzervativni,238,12,-413.21
konzervativni,239,1,-800.0
konzervativni,239,2,-800.0
konzervativni,239,3,-153.67
konzervativni,239,4,-702.83
konzervativni,239,5,-438.49
konzervativni,239,6,-316.11
konzervativni,239,7,-495.84
konzervativni,239,8,-433.05
konzervativni,239,9,-76.03
konzervativni,239,10,-383.81
konzervativni,239,11,-584.94
konzervativni,239,12,-493.98
konzervativni,240,1,-537.31
konzervativni,240,2,-531.54
konzervativni,240,3,-518.39
konzervativni,240,4,-536.26
konzervativni,240,5,-184.72
konzervativni,240,6,-629.12
konzervativni,240,7,-450.87
konzervativni,240,8,-638.15
konzervativni,240,9,-657.14
konzervativni,240,10,-728.83
konzervativni,240,11,-754.19
konzervativni,240,12,-636.82
konzervativni,241,1,-716.18
konzervativni,241,2,-800.0
konzervativni,241,3,-325.38
konzervativni,241,4,-306.43
konzervativni,241,5,-171.07
konzervativni,241,6,-709.33
konzervativni,241,7,-514.74
konzervativni,241,8,-50.33
konzervativni,241,9,-273.73
konzervativni,241,10,-401.27
konzervativni,241,11,-345.85
konzervativni,241,12,-522.95
konzervativni,242,1,-800.0
konzervativni,242,2,-617.32
konzervativni,242,3,-721.41
konzervativni,242,4,-576.42
konzervativni,242,5,-808.0
konzervativni,242,6,-608.15
konzervativni,242,7,-666.55
konzervativni,242,8,-685.49
konzervativni,242,9,-486.61
konzervativni,242,10,-674.81
konzervativni,242,11,-601.05
konzervativni,242,12,-586.86
konzervativni,243,1,-742.35
konzervativni,243,2,-800.0
konzervativni,243,3,-653.59
konzervativni,243,4,-618.42
konzervativni,243,5,-395.34
konzervativni,243,6,-640.89
konzervativni,243,7,-490.49
konzervativni,243,8,-445.27
konzervativni,243,9,-216.72
konzervativni,243,10,-174.58
konzervativni,243,11,-581.18
konzervativni,243,12,-288.53
konzervativni,244,1,-689.02
konzervativni,244,2,-800.0
konzervativni,244,3,-677.63
konzervativni,244,4,-775.72
konzervativni,244,5,-443.27
konzervativni,244,6,-330.0
konzervativni,244,7,-625.33
konzervativni,244,8,-601.24
konzervativni,244,9,-429.59
konzervativni,244,10,-470.74
konzervativni,244,11,-519.84
konzervativni,244,12,-663.12
konzervativni,245,1,-679.41
konzervativni,245,2,-677.28
konzervativni,245,3,-601.18
konzervativni,245,4,-615.95
konzervativni,245,5,-550.54
konzervativni,245,6,-596.57
konzervativni,245,7,-466.99
konzervativni,245,8,-808.0
konzervativni,245,9,-668.87
konzervativni,245,10,-731.1
konzervativni,245,11,-361.53
konzervativni,245,12,-796.44
konzervativni,246,1,-773.79
konzervativni,246,2,-753.72
konzervativni,246,3,-535.39
konzervativni,246,4,-676.95
konzervativni,246,5,-532.48
konzervativni,246,6,-544.15
konzervativni,246,7,-366.61
konzervativni,246,8,-723.84
konzervativni,246,9,-427.31
konzervativni,246,10,-628.5
konzervativni,246,11,-754.78
konzervativni,246,12,-219.58
konzervativni,247,1,-667.24
konzervativni,247,2,-851.87
konzervativni,247,3,-704.74
konzervativni,247,4,-800.0
konzervativni,247,5,-593.5
konzervativni,247,6,-442.35
konzervativni,247,7,-507.18
konzervativni,247,8,-498.9
konzervativni,247,9,-304.96
konzervativni,247,10,-772.86
konzervativni,247,11,-594.17
konzervativni,247,12,-519.58
konzervativni,248,1,-800.0
konzervativni,248,2,-713.78
konzervativni,248,3,-478.01
konzervativni,248,4,-761.45
konzervativni,248,5,-422.22
konzervativni,248,6,-438.8
konzervativni,248,7,-718.85
konzervativni,248,8,-553.01
konzervativni,248,9,-563.16
konzervativni,248,10,-327.53
konzervativni,248,11,-737.6
konzervativni,248,12,-691.39
konzervativni,249,1,-800.0
konzervativni,249,2,-800.0
konzervativni,249,3,-587.21
konzervativni,249,4,-692.44
konzervativni,249,5,-642.2
konzervativni,249,6,-578.63
konzervativni,249,7,-693.59
konzervativni,249,8,-424.28
konzervativni,249,9,-461.96
konzervativni,249,10,-587.63
konzervativni,249,11,-634.48
konzervativni,249,12,-129.1
konzervativni,250,1,-800.0
konzervativni,250,2,-713.35
konzervativni,250,3,-422.95
konzervativni,250,4,-738.7
konzervativni,250,5,-725.7
konzervativni,250,6,-657.85
konzervativni,250,7,-510.67
konzervativni,250,8,-830.8
konzervativni,250,9,-335.81
konzervativni,250,10,-479.21
konzervativni,250,11,-671.34
konzervativni,250,12,-549.48
konzervativni,251,1,-748.04
konzervativni,251,2,-813.42
konzervativni,251,3,-689.89
konzervativni,251,4,-618.73
konzervativni,251,5,-124.62
konzervativni,251,6,-544.95
konzervativni,251,7,-712.91
konzervativni,251,8,-588.01
konzervativni,251,9,-549.07
konzervativni,251,10,-217.61
konzervativni,251,11,-336.71
konzervativni,251,12,-596.7
konzervativni,252,1,-633.28
konzervativni,252,2,-509.79
konzervativni,252,3,-613.17
konzervativni,252,4,-800.0
konzervativni,252,5,-466.68
konzervativni,252,6,-506.37
konzervativni,252,7,-490.21
konzervativni,252,8,-630.95
konzervativni,252,9,-800.0
konzervativni,252,10,-764.68
konzervativni,252,11,-674.4
konzervativni,252,12,-596.21
konzervativni,253,1,-800.0
konzervativni,253,2,-690.38
konzervativni,253,3,-723.29
konzervativni,253,4,-652.51
konzervativni,253,5,-407.21
konzervativni,253,6,-470.75
konzervativni,253,7,-239.46
konzervativni,253,8,-289.3
konzervativni,253,9,-145.55
konzervativni,253,10,-384.22
konzervativni,253,11,-497.54
konzervativni,253,12,-284.6
konzervativni,254,1,-800.0
konzervativni,254,2,-597.42
konzervativni,254,3,-690.4
konzervativni,254,4,-609.32
konzervativni,254,5,-348.68
konzervativni,254,6,-580.34
konzervativni,254,7,-759.54
konzervativni,254,8,-763.43
konzervativni,254,9,-400.99
konzervativni,254,10,26.12
konzervativni,254,11,-506.55
konzervativni,254,12,-392.94
konzervativni,255,1,-684.8
konzervativni,255,2,-281.93
konzervativni,255,3,-529.53
konzervativni,255,4,-635.47
konzervativni,255,5,-673.92
konzervativni,255,6,-654.6
konzervativni,255,7,-734.41
konzervativni,255,8,-640.48
konzervativni,255,9,-73.39
konzervativni,255,10,-709.02
konzervativni,255,11,-470.22
konzervativni,255,12,-254.89
konzervativni,256,1,-800.0
konzervativni,256,2,-346.57
konzervativni,256,3,-645.41
konzervativni,256,4,-751.62
konzervativni,256,5,-700.52
konzervativni,256,6,-523.08
konzervativni,256,7,-800.0
konzervativni,256,8,-343.25
konzervativni,256,9,-284.04
konzervativni,256,10,-559.72
konzervativni,256,11,-771.1
konzervativni,256,12,-647.65
konzervativni,257,1,-808.0
konzervativni,257,2,-800.0
konzervativni,257,3,-644.48
konzervativni,257,4,-502.88
konzervativni,257,5,-396.3
konzervativni,257,6,-677.54
konzervativni,257,7,-632.52
konzervativni,257,8,236.6
konzervativni,257,9,-225.37
konzervativni,257,10,-651.5
konzervativni,257,11,-547.31
konzervativni,257,12,-76.95
konzervativni,258,1,-800.0
konzervativni,258,2,-493.14
konzervativni,258,3,-781.91
konzervativni,258,4,-737.72
konzervativni,258,5,-725.52
konzervativni,258,6,-396.07
konzervativni,258,7,-569.77
konzervativni,258,8,-518.98
konzervativni,258,9,-308.29
konzervativni,258,10,-697.17
konzervativni,258,11,-340.66
konzervativni,258,12,-461.97
konzervativni,259,1,-672.66
konzervativni,259,2,-563.79
konzervativni,259,3,-756.26
konzervativni,259,4,-567.25
konzervativni,259,5,-611.2
konzervativni,259,6,-413.58
konzervativni,259,7,-772.63
konzervativni,259,8,-593.02
konzervativni,259,9,-641.72
konzervativni,259,10,-583.97
konzervativni,259,11,-334.56
konzervativni,259,12,26.28
konzervativni,260,1,-570.7
konzervativni,260,2,-556.31
konzervativni,260,3,-640.73
konzervativni,260,4,-429.41
konzervativni,260,5,-341.36
konzervativni,260,6,-315.5
konzervativni,260,7,-673.57
konzervativni,260,8,-595.28
konzervativni,260,9,-534.77
konzervativni,260,10,-741.2
konzervativni,260,11,-577.68
konzervativni,260,12,-253.76
konzervativni,261,1,-800.0
konzervativni,261,2,-800.0
konzervativni,261,3,-516.53
konzervativni,261,4,-642.45
konzervativni,261,5,-733.46
konzervativni,261,6,-577.12
konzervativni,261,7,-455.18
konzervativni,261,8,-378.54
konzervativni,261,9,-633.08
konzervativni,261,10,-553.68
konzervativni,261,11,-656.59
konzervativni,261,12,-603.92
konzervativni,262,1,-686.7
konzervativni,262,2,-435.53
konzervativni,262,3,-800.0
konzervativni,262,4,-692.61
konzervativni,262,5,-800.0
konzervativni,262,6,-342.76
konzervativni,262,7,-609.31
konzervativni,262,8,-471.58
konzervativni,262,9,-196.39
konzervativni,262,10,-627.32
konzervativni,262,11,-359.93
konzervativni,262,12,-370.39
konzervativni,263,1,-667.31
konzervativni,263,2,-599.28
konzervativni,263,3,-852.6
konzervativni,263,4,-725.53
konzervativni,263,5,-706.06
konzervativni,263,6,-377.96
konzervativni,263,7,116.42
konzervativni,263,8,-600.3
konzervativni,263,9,-731.01
konzervativni,263,10,-1.06
konzervativni,263,11,-567.19
konzervativni,263,12,-564.15
konzervativni,264,1,-659.84
konzervativni,264,2,-704.07
konzervativni,264,3,-673.1
konzervativni,264,4,-275.59
konzervativni,264,5,149.56
konzervativni,264,6,-781.53
konzervativni,264,7,-596.81
konzervativni,264,8,-737.67
konzervativni,264,9,-282.62
konzervativni,264,10,-518.04
konzervativni,264,11,194.74
konzervativni,264,12,-281.25
konzervativni,265,1,-784.1
konzervativni,265,2,-697.16
konzervativni,265,3,-684.39
konzervativni,265,4,-515.23
konzervativni,265,5,-513.01
konzervativni,265,6,-16.14
konzervativni,265,7,-714.27
konzervativni,265,8,-411.48
konzervativni,265,9,-384.31
konzervativni,265,10,-311.67
konzervativni,265,11,-368.96
konzervativni,265,12,-517.65
konzervativni,266,1,-638.68
konzervativni,266,2,-601.69
konzervativni,266,3,-419.75
konzervativni,266,4,-664.4
konzervativni,266,5,-649.39
konzervativni,266,6,-579.75
konzervativni,266,7,-586.44
konzervativni,266,8,-299.32
konzervativni,266,9,-727.64
konzervativni,266,10,-434.7
konzervativni,266,11,-447.76
konzervativni,266,12,-344.99
konzervativni,267,1,-570.61
konzervativni,267,2,-685.11
konzervativni,267,3,-591.23
konzervativni,267,4,-586.69
konzervativni,267,5,-473.38
konzervativni,267,6,-442.85
konzervativni,267,7,-800.0
konzervativni,267,8,-698.74
konzervativni,267,9,-640.03
konzervativni,267,10,-531.73
konzervativni,267,11,-408.14
konzervativni,267,12,-542.41
konzervativni,268,1,-800.0
konzervativni,268,2,-478.86
konzervativni,268,3,-612.95
konzervativni,268,4,-593.18
konzervativni,268,5,-431.82
konzervativni,268,6,-458.04
konzervativni,268,7,-579.01
konzervativni,268,8,-351.76
konzervativni,268,9,-294.5
konzervativni,268,10,55.14
konzervativni,268,11,-528.09
konzervativni,268,12,-648.76
konzervativni,269,1,-657.53
konzervativni,269,2,-647.62
konzervativni,269,3,-480.91
konzervativni,269,4,-610.74
konzervativni,269,5,-429.32
konzervativni,269,6,-593.25
konzervativni,269,7,-364.74
konzervativni,269,8,-527.07
konzervativni,269,9,-609.74
konzervativni,269,10,-717.72
konzervativni,269,11,-668.86
konzervativni,269,12,-397.1
konzervativni,270,1,-800.0
konzervativni,270,2,-669.41
konzervativni,270,3,-679.57
konzervativni,270,4,-487.85
konzervativni,270,5,-501.61
konzervativni,270,6,-746.12
konzervativni,270,7,-371.91
konzervativni,270,8,-649.92
konzervativni,270,9,-44.26
konzervativni,270,10,-562.38
konzervativni,270,11,-554.25
konzervativni,270,12,-292.73
konzervativni,271,1,-800.0
konzervativni,271,2,-747.51
konzervativni,271,3,-575.9
konzervativni,271,4,-689.27
konzervativni,271,5,-588.14
konzervativni,271,6,-606.2
konzervativni,271,7,-233.46
konzervativni,271,8,-510.11
konzervativni,271,9,-675.21
konzervativni,271,10,-659.13
konzervativni,271,11,-535.95
konzervativni,271,12,-453.94
konzervativni,272,1,-800.0
konzervativni,272,2,-635.45
konzervativni,272,3,-483.61
konzervativni,272,4,-594.24
konzervativni,272,5,-605.76
konzervativni,272,6,-362.05
konzervativni,272,7,-567.19
konzervativni,272,8,-736.41
konzervativni,272,9,-312.77
konzervativni,272,10,-538.2
konzervativni,272,11,-556.75
konzervativni,272,12,-734.41
konzervativni,273,1,-800.0
konzervativni,273,2,-415.01
konzervativni,273,3,-740.33
konzervativni,273,4,-97.07
konzervativni,273,5,-533.11
konzervativni,273,6,-561.71
konzervativni,273,7,-521.08
konzervativni,273,8,-822.86
konzervativni,273,9,-704.83
konzervativni,273,10,-695.78
konzervativni,273,11,-678.69
konzervativni,273,12,-203.87
konzervativni,274,1,-803.25
konzervativni,274,2,-800.0
konzervativni,274,3,-800.0
konzervativni,274,4,-800.0
konzervativni,274,5,-636.65
konzervativni,274,6,-413.52
konzervativni,274,7,-528.75
konzervativni,274,8,-616.49
konzervativni,274,9,-667.46
konzervativni,274,10,-438.42
konzervativni,274,11,-601.04
konzervativni,274,12,-536.59
konzervativni,275,1,-799.41
konzervativni,275,2,-582.93
konzervativni,275,3,-450.12
konzervativni,275,4,-549.89
konzervativni,275,5,-296.05
konzervativni,275,6,-487.35
konzervativni,275,7,-489.97
konzervativni,275,8,-800.0
konzervativni,275,9,-44.96
konzervativni,275,10,-631.22
konzervativni,275,11,-677.93
konzervativni,275,12,-618.16
konzervativni,276,1,-800.0
konzervativni,276,2,-714.71
konzervativni,276,3,-795.23
konzervativni,276,4,-438.29
konzervativni,276,5,-426.04
konzervativni,276,6,-211.6
konzervativni,276,7,-465.23
konzervativni,276,8,-663.46
konzervativni,276,9,-315.68
konzervativni,276,10,-612.44
konzervativni,276,11,-655.86
konzervativni,276,12,-319.8
konzervativni,277,1,-662.76
konzervativni,277,2,-297.54
konzervativni,277,3,-800.0
konzervativni,277,4,-665.45
konzervativni,277,5,-654.97
konzervativni,277,6,-592.58
konzervativni,277,7,-644.88
konzervativni,277,8,-438.64
konzervativni,277,9,-526.76
konzervativni,277,10,-434.55
konzervativni,277,11,-673.7
konzervativni,277,12,-274.21
konzervativni,278,1,-800.0
konzervativni,278,2,-742.8
konzervativni,278,3,-391.52
konzervativni,278,4,-592.79
konzervativni,278,5,-668.52
konzervativni,278,6,-590.86
konzervativni,278,7,-703.34
konzervativni,278,8,-800.0
konzervativni,278,9,-478.33
konzervativni,278,10,-800.0
konzervativni,278,11,-643.51
konzervativni,278,12,-521.75
konzervativni,279,1,-494.61
konzervativni,279,2,-670.85
konzervativni,279,3,-323.2
konzervativni,279,4,-619.41
konzervativni,279,5,-675.35
konzervativni,279,6,-534.63
konzervativni,279,7,-604.0
konzervativni,279,8,-704.05
konzervativni,279,9,-448.32
konzervativni,279,10,-265.75
konzervativni,279,11,-415.94
konzervativni,279,12,-529.35
konzervativni,280,1,-631.33
konzervativni,280,2,-784.49
konzervativni,280,3,-705.75
konzervativni,280,4,-523.06
konzervativni,280,5,-779.19
konzervativni,280,6,-534.25
konzervativni,280,7,-532.66
konzervativni,280,8,-403.76
konzervativni,280,9,-242.68
konzervativni,280,10,-510.2
konzervativni,280,11,-373.31
konzervativni,280,12,-279.14
konzervativni,281,1,-717.68
konzervativni,281,2,-675.72
konzervativni,281,3,-438.96
konzervativni,281,4,-713.64
konzervativni,281,5,-583.66
konzervativni,281,6,-701.06
konzervativni,281,7,-524.49
konzervativni,281,8,-519.02
konzervativni,281,9,-371.93
konzervativni,281,10,-662.68
konzervativni,281,11,-762.55
konzervativni,281,12,-516.49
konzervativni,282,1,-800.0
konzervativni,282,2,-402.24
konzervativni,282,3,-800.0
konzervativni,282,4,-800.0
konzervativni,282,5,-687.2
konzervativni,282,6,-295.73
konzervativni,282,7,-512.25
konzervativni,282,8,-654.3
konzervativni,282,9,-457.36
konzervativni,282,10,-530.59
konzervativni,282,11,-364.96
konzervativni,282,12,-800.0
konzervativni,283,1,-702.67
konzervativni,283,2,-768.04
konzervativni,283,3,-672.85
konzervativni,283,4,-848.53
konzervativni,283,5,-576.3
konzervativni,283,6,-545.84
konzervativni,283,7,-748.4
konzervativni,283,8,-730.73
konzervativni,283,9,153.72
konzervativni,283,10,-549.37
konzervativni,283,11,-548.95
konzervativni,283,12,-443.44
konzervativni,284,1,-800.0
konzervativni,284,2,-776.28
konzervativni,284,3,-694.22
konzervativni,284,4,-808.0
konzervativni,284,5,-392.44
konzervativni,284,6,-331.37
konzervativni,284,7,-512.89
konzervativni,284,8,-463.12
konzervativni,284,9,-33.32
konzervativni,284,10,-800.0
konzervativni,284,11,-674.3
konzervativni,284,12,-395.68
konzervativni,285,1,-611.6
konzervativni,285,2,-578.8
konzervativni,285,3,-557.62
konzervativni,285,4,-610.54
konzervativni,285,5,-699.7
konzervativni,285,6,-251.39
konzervativni,285,7,-398.33
konzervativni,285,8,-438.21
konzervativni,285,9,-301.91
konzervativni,285,10,-800.0
konzervativni,285,11,-325.27
konzervativni,285,12,-485.09
konzervativni,286,1,-727.14
konzervativni,286,2,-800.0
konzervativni,286,3,-561.86
konzervativni,286,4,-376.43
konzervativni,286,5,-743.62
konzervativni,286,6,-247.56
konzervativni,286,7,-773.55
konzervativni,286,8,-720.2
konzervativni,286,9,-666.04
konzervativni,286,10,-564.73
konzervativni,286,11,-517.54
konzervativni,286,12,-149.37
konzervativni,287,1,-673.13
konzervativni,287,2,-611.39
konzervativni,287,3,-705.86
konzervativni,287,4,-762.24
konzervativni,287,5,-455.34
konzervativni,287,6,-545.79
konzervativni,287,7,-173.05
konzervativni,287,8,-315.9
konzervativni,287,9,-429.48
konzervativni,287,10,-674.7
konzervativni,287,11,-601.56
konzervativni,287,12,-464.58
konzervativni,288,1,-800.0
konzervativni,288,2,-797.05
konzervativni,288,3,-800.0
konzervativni,288,4,-582.66
konzervativni,288,5,-800.0
konzervativni,288,6,-549.85
konzervativni,288,7,-412.61
konzervativni,288,8,-304.83
konzervativni,288,9,-638.78
konzervativni,288,10,-518.67
konzervativni,288,11,-646.68
konzervativni,288,12,-107.16
konzervativni,289,1,-720.71
konzervativni,289,2,-705.75
konzervativni,289,3,-90.68
konzervativni,289,4,-577.93
konzervativni,289,5,-522.83
konzervativni,289,6,-553.06
konzervativni,289,7,-546.33
konzervativni,289,8,-581.22
konzervativni,289,9,56.93
konzervativni,289,10,118.28
konzervativni,289,11,-500.94
konzervativni,289,12,-638.35
konzervativni,290,1,-773.36
konzervativni,290,2,-800.0
konzervativni,290,3,-638.3
konzervativni,290,4,-734.95
konzervativni,290,5,-476.38
konzervativni,290,6,-350.95
konzervativni,290,7,-378.53
konzervativni,290,8,-503.5
konzervativni,290,9,-432.56
konzervativni,290,10,204.11
konzervativni,290,11,-762.51
konzervativni,290,12,-596.15
konzervativni,291,1,-800.0
konzervativni,291,2,-709.74
konzervativni,291,3,-733.07
konzervativni,291,4,-581.08
konzervativni,291,5,-608.15
konzervativni,291,6,-370.46
konzervativni,291,7,-789.91
konzervativni,291,8,-546.18
konzervativni,291,9,-347.78
konzervativni,291,10,-305.62
konzervativni,291,11,-727.58
konzervativni,291,12,-55.63
konzervativni,292,1,-758.01
konzervativni,292,2,-623.86
konzervativni,292,3,-472.02
konzervativni,292,4,-666.39
konzervativni,292,5,-512.01
konzervativni,292,6,-369.97
konzervativni,292,7,-377.2
konzervativni,292,8,-557.26
konzervativni,292,9,-281.53
konzervativni,292,10,-470.36
konzervativni,292,11,-564.98
konzervativni,292,12,-92.68
konzervativni,293,1,-800.0
konzervativni,293,2,-694.55
konzervativni,293,3,-688.56
konzervativni,293,4,-678.45
konzervativni,293,5,-702.52
konzervativni,293,6,-450.87
konzervativni,293,7,-619.07
konzervativni,293,8,-573.29
konzervativni,293,9,-407.6
konzervativni,293,10,-497.07
konzervativni,293,11,-514.01
konzervativni,293,12,-287.28
konzervativni,294,1,-800.0
konzervativni,294,2,-800.0
konzervativni,294,3,-800.0
konzervativni,294,4,-777.33
konzervativni,294,5,-662.63
konzervativni,294,6,-496.06
konzervativni,294,7,-337.95
konzervativni,294,8,-752.54
konzervativni,294,9,-415.9
konzervativni,294,10,-800.0
konzervativni,294,11,-790.23
konzervativni,294,12,-485.25
konzervativni,295,1,-674.61
konzervativni,295,2,-414.98
konzervativni,295,3,-478.95
konzervativni,295,4,-604.98
konzervativni,295,5,-800.0
konzervativni,295,6,-390.3
konzervativni,295,7,-118.75
konzervativni,295,8,-429.09
konzervativni,295,9,-433.29
konzervativni,295,10,-808.0
konzervativni,295,11,-683.3
konzervativni,295,12,-720.33
konzervativni,296,1,-805.88
konzervativni,296,2,-800.0
konzervativni,296,3,-453.74
konzervativni,296,4,-471.7
konzervativni,296,5,-520.55
konzervativni,296,6,-260.78
konzervativni,296,7,-599.57
konzervativni,296,8,-350.74
konzervativni,296,9,-286.02
konzervativni,296,10,-377.09
konzervativni,296,11,-607.92
konzervativni,296,12,-401.85
konzervativni,297,1,-800.0
konzervativni,297,2,-800.0
konzervativni,297,3,-623.61
konzervativni,297,4,-387.14
konzervativni,297,5,-685.43
konzervativni,297,6,3.97
konzervativni,297,7,-758.26
konzervativni,297,8,-668.75
konzervativni,297,9,-370.98
konzervativni,297,10,-676.25
konzervativni,297,11,-596.39
konzervativni,297,12,-434.68
konzervativni,298,1,-638.71
konzervativni,298,2,-704.43
konzervativni,298,3,-565.35
konzervativni,298,4,-680.86
konzervativni,298,5,-399.73
konzervativni,298,6,-466.66
konzervativni,298,7,-465.48
konzervativni,298,8,-498.62
konzervativni,298,9,-596.94
konzervativni,298,10,-391.52
konzervativni,298,11,-518.78
konzervativni,298,12,-521.66
konzervativni,299,1,-689.89
konzervativni,299,2,-800.0
konzervativni,299,3,-677.86
konzervativni,299,4,-579.17
konzervativni,299,5,-685.09
konzervativni,299,6,-489.79
konzervativni,299,7,-623.57
konzervativni,299,8,-595.25
konzervativni,299,9,-472.25
konzervativni,299,10,-671.52
konzervativni,299,11,-608.36
konzervativni,299,12,-456.03
konzervativni,300,1,-800.0
konzervativni,300,2,-800.0
konzervativni,300,3,-751.25
konzervativni,300,4,-647.37
konzervativni,300,5,-501.6
konzervativni,300,6,-566.87
konzervativni,300,7,-550.85
konzervativni,300,8,-800.0
konzervativni,300,9,-607.26
konzervativni,300,10,-323.32
konzervativni,300,11,-256.28
konzervativni,300,12,-623.24
konzervativni,301,1,-797.13
konzervativni,301,2,-800.0
konzervativni,301,3,-648.69
konzervativni,301,4,-582.32
konzervativni,301,5,-677.95
konzervativni,301,6,-302.93
konzervativni,301,7,-479.48
konzervativni,301,8,-377.62
konzervativni,301,9,-612.29
konzervativni,301,10,-190.4
konzervativni,301,11,-367.63
konzervativni,301,12,-318.94
konzervativni,302,1,-741.33
konzervativni,302,2,-564.78
konzervativni,302,3,-681.55
konzervativni,302,4,-575.58
konzervativni,302,5,-694.08
konzervativni,302,6,-149.27
konzervativni,302,7,-102.31
konzervativni,302,8,-800.0
konzervativni,302,9,-581.13
konzervativni,302,10,-279.19
konzervativni,302,11,-368.09
konzervativni,302,12,-676.72
konzervativni,303,1,-549.81
konzervativni,303,2,-632.18
konzervativni,303,3,-474.95
konzervativni,303,4,-868.0
konzervativni,303,5,-642.84
konzervativni,303,6,-461.35
konzervativni,303,7,-428.85
konzervativni,303,8,-528.54
konzervativni,303,9,90.64
konzervativni,303,10,-440.04
konzervativni,303,11,-596.41
konzervativni,303,12,-667.35
konzervativni,304,1,-583.03
konzervativni,304,2,-708.65
konzervativni,304,3,-371.88
konzervativni,304,4,-477.01
konzervativni,304,5,-800.0
konzervativni,304,6,-510.31
konzervativni,304,7,-665.73
konzervativni,304,8,-849.12
konzervativni,304,9,-650.9
konzervativni,304,10,-733.99
konzervativni,304,11,-521.23
konzervativni,304,12,-288.18
konzervativni,305,1,-693.28
konzervativni,305,2,-712.25
konzervativni,305,3,-701.32
konzervativni,305,4,-498.46
konzervativni,305,5,-513.71
konzervativni,305,6,-699.94
konzervativni,305,7,-668.6
konzervativni,305,8,-711.94
konzervativni,305,9,-693.84
konzervativni,305,10,-348.37
konzervativni,305,11,-387.99
konzervativni,305,12,-353.8
konzervativni,306,1,-800.0
konzervativni,306,2,-800.0
konzervativni,306,3,-250.67
konzervativni,306,4,-690.29
konzervativni,306,5,-516.12
konzervativni,306,6,-286.51
konzervativni,306,7,-331.04
konzervativni,306,8,-458.03
konzervativni,306,9,-525.06
konzervativni,306,10,-483.02
konzervativni,306,11,-553.32
konzervativni,306,12,-521.68
konzervativni,307,1,-800.0
konzervativni,307,2,-800.0
konzervativni,307,3,-687.09
konzervativni,307,4,-539.1
konzervativni,307,5,-494.59
konzervativni,307,6,-353.79
konzervativni,307,7,-568.94
konzervativni,307,8,-570.73
konzervativni,307,9,-717.76
konzervativni,307,10,-308.3
konzervativni,307,11,-306.65
konzervativni,307,12,-665.85
konzervativni,308,1,-517.46
konzervativni,308,2,-723.45
konzervativni,308,3,-597.03
konzervativni,308,4,-530.22
konzervativni,308,5,-676.55
konzervativni,308,6,-561.72
konzervativni,308,7,-624.32
konzervativni,308,8,-432.8
konzervativni,308,9,-609.38
konzervativni,308,10,-573.11
konzervativni,308,11,-692.54
konzervativni,308,12,-703.8
konzervativni,309,1,-800.0
konzervativni,309,2,-800.0
konzervativni,309,3,-509.11
konzervativni,309,4,-800.0
konzervativni,309,5,-670.17
konzervativni,309,6,-817.35
konzervativni,309,7,-339.59
konzervativni,309,8,-391.76
konzervativni,309,9,-288.07
konzervativni,309,10,-590.28
konzervativni,309,11,-490.67
konzervativni,309,12,-556.84
konzervativni,310,1,-800.0
konzervativni,310,2,-677.81
konzervativni,310,3,-393.37
konzervativni,310,4,-538.88
konzervativni,310,5,-814.74
konzervativni,310,6,-20.49
konzervativni,310,7,-538.88
konzervativni,310,8,-425.57
konzervativni,310,9,-712.31
konzervativni,310,10,-484.82
konzervativni,310,11,-623.0
konzervativni,310,12,-301.25
konzervativni,311,1,-800.0
konzervativni,311,2,-816.81
konzervativni,311,3,-621.07
konzervativni,311,4,-678.23
konzervativni,311,5,-744.11
konzervativni,311,6,-575.62
konzervativni,311,7,-133.51
konzervativni,311,8,-771.97
konzervativni,311,9,-484.41
konzervativni,311,10,-560.7
konzervativni,311,11,-339.12
konzervativni,311,12,-293.13
konzervativni,312,1,-651.24
konzervativni,312,2,-335.48
konzervativni,312,3,-714.76
konzervativni,312,4,-417.6
konzervativni,312,5,-412.63
konzervativni,312,6,-66.81
konzervativni,312,7,-411.53
konzervativni,312,8,-616.94
konzervativni,312,9,-240.83
konzervativni,312,10,-388.64
konzervativni,312,11,-551.76
konzervativni,312,12,-395.79
konzervativni,313,1,-749.82
konzervativni,313,2,-703.24
konzervativni,313,3,-610.93
konzervativni,313,4,-374.31
konzervativni,313,5,-800.0
konzervativni,313,6,-575.55
konzervativni,313,7,-826.41
konzervativni,313,8,-564.83
konzervativni,313,9,-697.12
konzervativni,313,10,-732.61
konzervativni,313,11,-581.2
konzervativni,313,12,-435.39
konzervativni,314,1,-800.0
konzervativni,314,2,-712.24
konzervativni,314,3,-712.37
konzervativni,314,4,-271.47
konzervativni,314,5,-576.08
konzervativni,314,6,-609.42
konzervativni,314,7,-724.48
konzervativni,314,8,-727.35
konzervativni,314,9,-640.36
konzervativni,314,10,-114.74
konzervativni,314,11,-719.94
konzervativni,314,12,-391.3
konzervativni,315,1,-653.68
konzervativni,315,2,-408.8
konzervativni,315,3,-485.87
konzervativni,315,4,-452.46
konzervativni,315,5,-658.12
konzervativni,315,6,-70.84
konzervativni,315,7,-633.16
konzervativni,315,8,-607.95
konzervativni,315,9,-354.63
konzervativni,315,10,-689.19
konzervativni,315,11,-516.85
konzervativni,315,12,-624.9
konzervativni,316,1,-808.0
konzervativni,316,2,-800.0
konzervativni,316,3,-818.21
konzervativni,316,4,-525.44
konzervativni,316,5,-726.96
konzervativni,316,6,-172.98
konzervativni,316,7,-668.66
konzervativni,316,8,-537.96
konzervativni,316,9,-800.0
konzervativni,316,10,-496.78
konzervativni,316,11,-331.74
konzervativni,316,12,-661.04
konzervativni,317,1,-351.48
konzervativni,317,2,-655.28
konzervativni,317,3,-770.31
konzervativni,317,4,-732.92
konzervativni,317,5,-431.5
konzervativni,317,6,-380.23
konzervativni,317,7,-303.06
konzervativni,317,8,-695.85
konzervativni,317,9,-698.79
konzervativni,317,10,-434.64
konzervativni,317,11,-800.0
konzervativni,317,12,-629.45
konzervativni,318,1,-808.0
konzervativni,318,2,-734.19
konzervativni,318,3,-815.37
konzervativni,318,4,-571.49
konzervativni,318,5,-632.34
konzervativni,318,6,-558.29
konzervativni,318,7,-608.21
konzervativni,318,8,-630.55
konzervativni,318,9,-792.27
konzervativni,318,10,-761.28
konzervativni,318,11,-781.77
konzervativni,318,12,-650.35
konzervativni,319,1,-726.81
konzervativni,319,2,-754.39
konzervativni,319,3,-766.19
konzervativni,319,4,-631.74
konzervativni,319,5,-601.16
konzervativni,319,6,-516.59
konzervativni,319,7,-501.54
konzervativni,319,8,-733.46
konzervativni,319,9,-487.37
konzervativni,319,10,-632.59
konzervativni,319,11,-692.93
konzervativni,319,12,-383.52
konzervativni,320,1,-568.87
konzervativni,320,2,-438.34
konzervativni,320,3,-318.29
konzervativni,320,4,-655.36
konzervativni,320,5,-481.77
konzervativni,320,6,-314.29
konzervativni,320,7,-480.13
konzervativni,320,8,-624.31
konzervativni,320,9,-130.0
konzervativni,320,10,-588.13
konzervativni,320,11,-556.99
konzervativni,320,12,-617.11
konzervativni,321,1,-570.71
konzervativni,321,2,-800.0
konzervativni,321,3,-712.19
konzervativni,321,4,-640.28
konzervativni,321,5,-634.22
konzervativni,321,6,-455.49
konzervativni,321,7,-611.01
konzervativni,321,8,-369.3
konzervativni,321,9,-576.03
konzervativni,321,10,-609.35
konzervativni,321,11,-662.18
konzervativni,321,12,-625.37
konzervativni,322,1,-800.0
konzervativni,322,2,-707.38
konzervativni,322,3,-357.96
konzervativni,322,4,-751.3
konzervativni,322,5,-805.89
konzervativni,322,6,-127.19
konzervativni,322,7,-725.97
konzervativni,322,8,-793.5
konzervativni,322,9,-386.45
konzervativni,322,10,-780.55
konzervativni,322,11,-588.45
konzervativni,322,12,-744.97
konzervativni,323,1,-800.0
konzervativni,323,2,-616.27
konzervativni,323,3,-537.12
konzervativni,323,4,-630.4
konzervativni,323,5,-38.08
konzervativni,323,6,-594.04
konzervativni,323,7,-626.33
konzervativni,323,8,-570.51
konzervativni,323,9,-726.92
konzervativni,323,10,-534.08
konzervativni,323,11,-220.83
konzervativni,323,12,-323.44
konzervativni,324,1,-678.41
konzervativni,324,2,-679.02
konzervativni,324,3,-800.0
konzervativni,324,4,-718.33
konzervativni,324,5,-694.65
konzervativni,324,6,-625.98
konzervativni,324,7,-378.13
konzervativni,324,8,-705.4
konzervativni,324,9,-611.35
konzervativni,324,10,-252.3
konzervativni,324,11,-334.54
konzervativni,324,12,-405.02
konzervativni,325,1,-653.36
konzervativni,325,2,-808.0
konzervativni,325,3,-516.6
konzervativni,325,4,-770.16
konzervativni,325,5,-800.0
konzervativni,325,6,-573.87
konzervativni,325,7,-695.71
konzervativni,325,8,-447.25
konzervativni,325,9,-444.44
konzervativni,325,10,-283.55
konzervativni,325,11,-118.82
konzervativni,325,12,-373.0
konzervativni,326,1,-779.67
konzervativni,326,2,-445.35
konzervativni,326,3,-686.86
konzervativni,326,4,-496.63
konzervativni,326,5,-838.44
konzervativni,326,6,-126.95
konzervativni,326,7,-348.53
konzervativni,326,8,-440.16
konzervativni,326,9,-448.45
konzervativni,326,10,-557.09
konzervativni,326,11,-328.07
konzervativni,326,12,-275.0
konzervativni,327,1,-680.8
konzervativni,327,2,-614.52
konzervativni,327,3,-800.0
konzervativni,327,4,-463.36
konzervativni,327,5,-673.71
konzervativni,327,6,-420.17
konzervativni,327,7,-618.6
konzervativni,327,8,-424.96
konzervativni,327,9,-362.41
konzervativni,327,10,-813.12
konzervativni,327,11,-459.83
konzervativni,327,12,-491.13
konzervativni,328,1,-791.09
konzervativni,328,2,-752.16
konzervativni,328,3,-419.69
konzervativni,328,4,-456.89
konzervativni,328,5,-781.51
konzervativni,328,6,-324.01
konzervativni,328,7,-746.12
konzervativni,328,8,-271.16
konzervativni,328,9,-328.37
konzervativni,328,10,-592.74
konzervativni,328,11,-289.7
konzervativni,328,12,-296.14
konzervativni,329,1,-800.0
konzervativni,329,2,-686.44
konzervativni,329,3,-425.9
konzervativni,329,4,-294.18
konzervativni,329,5,-787.39
konzervativni,329,6,-682.69
konzervativni,329,7,-600.12
konzervativni,329,8,-534.83
konzervativni,329,9,-403.83
konzervativni,329,10,-497.97
konzervativni,329,11,-504.94
konzervativni,329,12,-678.84
konzervativni,330,1,-800.0
konzervativni,330,2,-800.0
konzervativni,330,3,-701.67
konzervativni,330,4,-452.24
konzervativni,330,5,-554.38
konzervativni,330,6,-572.45
konzervativni,330,7,-251.41
konzervativni,330,8,-380.47
konzervativni,330,9,-613.52
konzervativni,330,10,-593.9
konzervativni,330,11,-157.75
konzervativni,330,12,-412.22
konzervativni,331,1,-800.0
konzervativni,331,2,-655.45
konzervativni,331,3,-673.24
konzervativni,331,4,-764.93
konzervativni,331,5,-494.35
konzervativni,331,6,-525.04
konzervativni,331,7,-492.14
konzervativni,331,8,-231.6
konzervativni,331,9,-490.9
konzervativni,331,10,-300.97
konzervativni,331,11,-642.74
konzervativni,331,12,-671.59
konzervativni,332,1,-574.69
konzervativni,332,2,-808.0
konzervativni,332,3,-676.15
konzervativni,332,4,-613.35
konzervativni,332,5,-634.36
konzervativni,332,6,-251.02
konzervativni,332,7,-523.96
konzervativni,332,8,-753.75
konzervativni,332,9,-336.5
konzervativni,332,10,-800.0
konzervativni,332,11,-359.05
konzervativni,332,12,-345.45
konzervativni,333,1,-705.37
konzervativni,333,2,-774.85
konzervativni,333,3,-792.74
konzervativni,333,4,-681.58
konzervativni,333,5,-731.68
konzervativni,333,6,-431.32
konzervativni,333,7,-503.67
konzervativni,333,8,-461.16
konzervativni,333,9,-453.76
konzervativni,333,10,-754.61
konzervativni,333,11,-438.62
konzervativni,333,12,-514.86
konzervativni,334,1,-800.0
konzervativni,334,2,-221.25
konzervativni,334,3,-625.44
konzervativni,334,4,-718.71
konzervativni,334,5,-687.19
konzervativni,334,6,-629.71
konzervativni,334,7,-511.6
konzervativni,334,8,-465.36
konzervativni,334,9,-240.54
konzervativni,334,10,-597.43
konzervativni,334,11,-658.0
konzervativni,334,12,-676.48
konzervativni,335,1,-646.62
konzervativni,335,2,-800.0
konzervativni,335,3,-358.55
konzervativni,335,4,-656.88
konzervativni,335,5,-193.73
konzervativni,335,6,-406.7
konzervativni,335,7,-419.75
konzervativni,335,8,-588.82
konzervativni,335,9,-497.8
konzervativni,335,10,-612.5
konzervativni,335,11,-467.38
konzervativni,335,12,-620.13
konzervativni,336,1,-783.54
konzervativni,336,2,-548.6
konzervativni,336,3,-747.67
konzervativni,336,4,-505.61
konzervativni,336,5,-540.89
konzervativni,336,6,-800.0
konzervativni,336,7,-542.41
konzervativni,336,8,-501.38
konzervativni,336,9,-722.0
konzervativni,336,10,-588.74
konzervativni,336,11,-620.83
konzervativni,336,12,-502.53
konzervativni,337,1,-800.0
konzervativni,337,2,-534.69
konzervativni,337,3,-685.59
konzervativni,337,4,-342.23
konzervativni,337,5,-606.37
konzervativni,337,6,-737.65
konzervativni,337,7,-701.12
konzervativni,337,8,-600.34
konzervativni,337,9,-457.83
konzervativni,337,10,-440.95
konzervativni,337,11,-674.29
konzervativni,337,12,-94.18
konzervativni,338,1,-800.0
konzervativni,338,2,-690.75
konzervativni,338,3,-800.0
konzervativni,338,4,-808.0
konzervativni,338,5,-569.48
konzervativni,338,6,-414.26
konzervativni,338,7,-625.23
konzervativni,338,8,-645.01
konzervativni,338,9,-349.18
konzervativni,338,10,-645.35
konzervativni,338,11,-357.6
konzervativni,338,12,-408.94
konzervativni,339,1,-638.52
konzervativni,339,2,-618.15
konzervativni,339,3,-627.38
konzervativni,339,4,-800.0
konzervativni,339,5,-257.86
konzervativni,339,6,-678.33
konzervativni,339,7,-320.22
konzervativni,339,8,-378.05
konzervativni,339,9,-583.67
konzervativni,339,10,-501.81
konzervativni,339,11,-475.27
konzervativni,339,12,-379.87
konzervativni,340,1,-722.41
konzervativni,340,2,-546.45
konzervativni,340,3,-377.43
konzervativni,340,4,-734.77
konzervativni,340,5,-418.92
konzervativni,340,6,-72.8
konzervativni,340,7,-694.16
konzervativni,340,8,-509.34
konzervativni,340,9,-651.81
konzervativni,340,10,-124.56
konzervativni,340,11,-566.39
konzervativni,340,12,-320.02
konzervativni,341,1,-735.84
konzervativni,341,2,-615.03
konzervativni,341,3,-745.5
konzervativni,341,4,-604.74
konzervativni,341,5,-763.14
konzervativni,341,6,-423.44
konzervativni,341,7,-756.76
konzervativni,341,8,-236.58
konzervativni,341,9,-561.57
konzervativni,341,10,-407.51
konzervativni,341,11,-54.08
konzervativni,341,12,-263.53
konzervativni,342,1,-672.85
konzervativni,342,2,-743.46
konzervativni,342,3,-656.69
konzervativni,342,4,-585.08
konzervativni,342,5,-705.93
konzervativni,342,6,-741.3
konzervativni,342,7,-523.86
konzervativni,342,8,-295.35
konzervativni,342,9,-458.66
konzervativni,342,10,-440.09
konzervativni,342,11,-800.0
konzervativni,342,12,-586.92
konzervativni,343,1,-800.0
konzervativni,343,2,-800.0
konzervativni,343,3,-475.36
konzervativni,343,4,-512.07
konzervativni,343,5,-629.82
konzervativni,343,6,-555.81
konzervativni,343,7,-616.55
konzervativni,343,8,-566.75
konzervativni,343,9,-664.96
konzervativni,343,10,-568.37
konzervativni,343,11,-509.55
konzervativni,343,12,-624.02
konzervativni,344,1,-725.8
konzervativni,344,2,-573.64
konzervativni,344,3,-800.0
konzervativni,344,4,-583.25
konzervativni,344,5,-507.71
konzervativni,344,6,33.89
konzervativni,344,7,-616.68
konzervativni,344,8,-161.09
konzervativni,344,9,76.53
konzervativni,344,10,-139.07
konzervativni,344,11,-530.39
konzervativni,344,12,-406.77
konzervativni,345,1,-800.0
konzervativni,345,2,-573.24
konzervativni,345,3,-721.05
konzervativni,345,4,-748.23
konzervativni,345,5,-526.08
konzervativni,345,6,-480.11
konzervativni,345,7,-673.18
konzervativni,345,8,-668.7
konzervativni,345,9,-620.71
konzervativni,345,10,-611.25
konzervativni,345,11,-507.48
konzervativni,345,12,-397.56
konzervativni,346,1,-800.0
konzervativni,346,2,-346.62
konzervativni,346,3,-800.0
konzervativni,346,4,-599.77
konzervativni,346,5,-738.89
konzervativni,346,6,-769.68
konzervativni,346,7,-640.91
konzervativni,346,8,-411.86
konzervativni,346,9,-258.63
konzervativni,346,10,-168.92
konzervativni,346,11,-645.67
konzervativni,346,12,-488.42
konzervativni,347,1,-672.49
konzervativni,347,2,-653.79
konzervativni,347,3,-432.13
konzervativni,347,4,-643.76
konzervativni,347,5,-439.32
konzervativni,347,6,-745.79
konzervativni,347,7,-418.13
konzervativni,347,8,-406.44
konzervativni,347,9,-193.21
konzervativni,347,10,-318.28
konzervativni,347,11,-359.0
konzervativni,347,12,-338.19
konzervativni,348,1,-800.0
konzervativni,348,2,-800.0
konzervativni,348,3,-406.87
konzervativni,348,4,-750.69
konzervativni,348,5,-721.12
konzervativni,348,6,-411.69
konzervativni,348,7,-521.21
konzervativni,348,8,-705.08
konzervativni,348,9,-677.51
konzervativni,348,10,-612.93
konzervativni,348,11,-418.34
konzervativni,348,12,-375.46
konzervativni,349,1,-800.0
konzervativni,349,2,-613.45
konzervativni,349,3,-518.93
konzervativni,349,4,-625.04
konzervativni,349,5,-261.24
konzervativni,349,6,-558.76
konzervativni,349,7,-587.33
konzervativni,349,8,-800.0
konzervativni,349,9,-647.18
konzervativni,349,10,-397.59
konzervativni,349,11,-447.84
konzervativni,349,12,-549.02
konzervativni,350,1,-732.86
konzervativni,350,2,-620.71
konzervativni,350,3,126.43
konzervativni,350,4,-770.23
konzervativni,350,5,-739.37
konzervativni,350,6,-577.58
konzervativni,350,7,-360.41
konzervativni,350,8,-730.42
konzervativni,350,9,-490.42
konzervativni,350,10,-387.9
konzervativni,350,11,-545.98
konzervativni,350,12,-429.41
konzervativni,351,1,-737.84
konzervativni,351,2,-523.07
konzervativni,351,3,-800.0
konzervativni,351,4,-677.76
konzervativni,351,5,-394.08
konzervativni,351,6,-191.46
konzervativni,351,7,-469.48
konzervativni,351,8,-259.64
konzervativni,351,9,-473.66
konzervativni,351,10,-602.31
konzervativni,351,11,-340.57
konzervativni,351,12,-615.64
konzervativni,352,1,-693.93
konzervativni,352,2,-481.84
konzervativni,352,3,-676.69
konzervativni,352,4,-600.57
konzervativni,352,5,-727.66
konzervativni,352,6,-709.86
konzervativni,352,7,-351.57
konzervativni,352,8,-701.53
konzervativni,352,9,-288.25
konzervativni,352,10,-675.01
konzervativni,352,11,-458.28
konzervativni,352,12,-233.47
konzervativni,353,1,-800.0
konzervativni,353,2,-656.09
konzervativni,353,3,-800.0
konzervativni,353,4,-411.73
konzervativni,353,5,-469.33
konzervativni,353,6,-465.91
konzervativni,353,7,-510.89
konzervativni,353,8,-660.69
konzervativni,353,9,-624.56
konzervativni,353,10,-568.12
konzervativni,353,11,-735.29
konzervativni,353,12,-531.07
konzervativni,354,1,-800.0
konzervativni,354,2,-518.01
konzervativni,354,3,-397.27
konzervativni,354,4,-335.12
konzervativni,354,5,-612.32
konzervativni,354,6,-629.62
konzervativni,354,7,-517.79
konzervativni,354,8,-614.97
konzervativni,354,9,-432.71
konzervativni,354,10,-528.95
konzervativni,354,11,-530.63
konzervativni,354,12,-200.34
konzervativni,355,1,-800.0
konzervativni,355,2,-475.19
konzervativni,355,3,-448.38
konzervativni,355,4,-789.96
konzervativni,355,5,-621.59
konzervativni,355,6,-736.15
konzervativni,355,7,-729.98
konzervativni,355,8,-409.71
konzervativni,355,9,-226.1
konzervativni,355,10,-622.8
konzervativni,355,11,-560.46
konzervativni,355,12,-493.05
konzervativni,356,1,-800.0
konzervativni,356,2,-800.0
konzervativni,356,3,-800.0
konzervativni,356,4,-704.69
konzervativni,356,5,-662.43
konzervativni,356,6,-579.77
konzervativni,356,7,-198.41
konzervativni,356,8,-612.81
konzervativni,356,9,-718.75
konzervativni,356,10,-627.36
konzervativni,356,11,-66.33
konzervativni,356,12,-356.19
konzervativni,357,1,-732.14
konzervativni,357,2,-619.07
konzervativni,357,3,-800.0
konzervativni,357,4,-576.37
konzervativni,357,5,-544.2
konzervativni,357,6,-780.99
konzervativni,357,7,-747.18
konzervativni,357,8,-548.51
konzervativni,357,9,-382.43
konzervativni,357,10,-167.09
konzervativni,357,11,-514.42
konzervativni,357,12,-289.98
konzervativni,358,1,-800.0
konzervativni,358,2,-790.64
konzervativni,358,3,-808.0
konzervativni,358,4,-705.47
konzervativni,358,5,-483.88
konzervativni,358,6,-501.73
konzervativni,358,7,-338.53
konzervativni,358,8,-741.48
konzervativni,358,9,-644.78
konzervativni,358,10,-786.93
konzervativni,358,11,-657.93
konzervativni,358,12,-540.99
konzervativni,359,1,-687.22
konzervativni,359,2,-800.0
konzervativni,359,3,-578.37
konzervativni,359,4,-582.8
konzervativni,359,5,-568.82
konzervativni,359,6,-712.28
konzervativni,359,7,-724.42
konzervativni,359,8,-116.86
konzervativni,359,9,-644.14
konzervativni,359,10,-682.8
konzervativni,359,11,-350.45
konzervativni,359,12,-363.59
konzervativni,360,1,-733.72
konzervativni,360,2,-736.8
konzervativni,360,3,-676.21
konzervativni,360,4,-638.35
konzervativni,360,5,-652.41
konzervativni,360,6,-868.0
konzervativni,360,7,-719.2
konzervativni,360,8,-760.48
konzervativni,360,9,-545.37
konzervativni,360,10,-621.87
konzervativni,360,11,-856.64
konzervativni,360,12,-493.54
konzervativni,361,1,-800.0
konzervativni,361,2,-800.0
konzervativni,361,3,-677.11
konzervativni,361,4,-717.28
konzervativni,361,5,-645.56
konzervativni,361,6,-318.37
konzervativni,361,7,-559.89
konzervativni,361,8,-612.88
konzervativni,361,9,-343.23
konzervativni,361,10,-469.12
konzervativni,361,11,-800.0
konzervativni,361,12,-512.41
konzervativni,362,1,-692.7
konzervativni,362,2,-723.78
konzervativni,362,3,-664.69
konzervativni,362,4,-545.95
konzervativni,362,5,-719.63
konzervativni,362,6,-551.75
konzervativni,362,7,-264.28
konzervativni,362,8,-239.12
konzervativni,362,9,-650.12
konzervativni,362,10,-546.21
konzervativni,362,11,-621.03
konzervativni,362,12,-734.99
konzervativni,363,1,-800.0
konzervativni,363,2,-486.76
konzervativni,363,3,-390.49
konzervativni,363,4,-155.52
konzervativni,363,5,-243.42
konzervativni,363,6,-687.13
konzervativni,363,7,-675.2
konzervativni,363,8,-594.32
konzervativni,363,9,-576.41
konzervativni,363,10,-379.69
konzervativni,363,11,-427.83
konzervativni,363,12,-571.23
konzervativni,364,1,-613.36
konzervativni,364,2,-800.0
konzervativni,364,3,-697.33
konzervativni,364,4,-454.59
konzervativni,364,5,-690.76
konzervativni,364,6,-664.08
konzervativni,364,7,-652.82
konzervativni,364,8,-757.03
konzervativni,364,9,-445.35
konzervativni,364,10,-540.22
konzervativni,364,11,-518.9
konzervativni,364,12,-482.39
konzervativni,365,1,-689.73
konzervativni,365,2,-784.13
konzervativni,365,3,-521.74
konzervativni,365,4,-768.75
konzervativni,365,5,-483.43
konzervativni,365,6,-460.01
konzervativni,365,7,-800.0
konzervativni,365,8,-709.07
konzervativni,365,9,-621.5
konzervativni,365,10,-291.27
konzervativni,365,11,-570.86
konzervativni,365,12,-164.52
konzervativni,366,1,-800.0
konzervativni,366,2,-704.27
konzervativni,366,3,-698.97
konzervativni,366,4,-541.87
konzervativni,366,5,-709.61
konzervativni,366,6,-618.53
konzervativni,366,7,-266.29
konzervativni,366,8,-780.24
konzervativni,366,9,-568.81
konzervativni,366,10,-374.36
konzervativni,366,11,-402.46
konzervativni,366,12,-725.48
konzervativni,367,1,-800.0
konzervativni,367,2,-606.39
konzervativni,367,3,-800.0
konzervativni,367,4,-712.98
konzervativni,367,5,-718.79
konzervativni,367,6,-323.05
konzervativni,367,7,-700.39
konzervativni,367,8,-648.24
konzervativni,367,9,-119.35
konzervativni,367,10,-462.8
konzervativni,367,11,-550.47
konzervativni,367,12,-435.3
konzervativni,368,1,-800.0
konzervativni,368,2,-800.0
konzervativni,368,3,-741.45
konzervativni,368,4,-691.92
konzervativni,368,5,-656.54
konzervativni,368,6,-606.26
konzervativni,368,7,-800.0
konzervativni,368,8,-497.75
konzervativni,368,9,-142.47
konzervativni,368,10,-587.76
konzervativni,368,11,-625.62
konzervativni,368,12,-240.47
konzervativni,369,1,-800.0
konzervativni,369,2,-504.86
konzervativni,369,3,-635.95
konzervativni,369,4,-534.39
konzervativni,369,5,-688.94
konzervativni,369,6,-382.47
konzervativni,369,7,-631.6
konzervativni,369,8,-473.21
konzervativni,369,9,-414.92
konzervativni,369,10,-680.14
konzervativni,369,11,-387.13
konzervativni,369,12,-85.31
konzervativni,370,1,-710.02
konzervativni,370,2,-800.0
konzervativni,370,3,-639.86
konzervativni,370,4,-187.01
konzervativni,370,5,-490.74
konzervativni,370,6,-489.31
konzervativni,370,7,-800.0
konzervativni,370,8,-538.41
konzervativni,370,9,-306.3
konzervativni,370,10,-634.84
konzervativni,370,11,-642.66
konzervativni,370,12,-488.15
konzervativni,371,1,-545.78
konzervativni,371,2,-577.39
konzervativni,371,3,-800.0
konzervativni,371,4,-535.93
konzervativni,371,5,-587.43
konzervativni,371,6,-456.18
konzervativni,371,7,-800.0
konzervativni,371,8,24.05
konzervativni,371,9,-276.95
konzervativni,371,10,-675.9
konzervativni,371,11,-301.79
konzervativni,371,12,-70.98
konzervativni,372,1,-704.2
konzervativni,372,2,-728.08
konzervativni,372,3,-523.21
konzervativni,372,4,-424.63
konzervativni,372,5,-772.54
konzervativni,372,6,-513.48
konzervativni,372,7,-565.5
konzervativni,372,8,-736.7
konzervativni,372,9,78.12
konzervativni,372,10,-586.86
konzervativni,372,11,-599.34
konzervativni,372,12,-376.11
konzervativni,373,1,-656.71
konzervativni,373,2,-688.98
konzervativni,373,3,-780.43
konzervativni,373,4,-577.86
konzervativni,373,5,-728.97
konzervativni,373,6,-607.0
konzervativni,373,7,-556.08
konzervativni,373,8,-861.75
konzervativni,373,9,451.32
konzervativni,373,10,-677.08
konzervativni,373,11,-76.53
konzervativni,373,12,-748.03
konzervativni,374,1,-800.0
konzervativni,374,2,-719.74
konzervativni,374,3,-401.63
konzervativni,374,4,-379.1
konzervativni,374,5,-404.08
konzervativni,374,6,-420.86
konzervativni,374,7,-606.88
konzervativni,374,8,-505.75
konzervativni,374,9,-679.58
konzervativni,374,10,-620.92
konzervativni,374,11,-800.0
konzervativni,374,12,-169.43
konzervativni,375,1,-704.03
konzervativni,375,2,-640.94
konzervativni,375,3,-484.52
konzervativni,375,4,-742.79
konzervativni,375,5,-607.45
konzervativni,375,6,-485.26
konzervativni,375,7,-721.48
konzervativni,375,8,-482.11
konzervativni,375,9,-164.46
konzervativni,375,10,-633.53
konzervativni,375,11,-624.74
konzervativni,375,12,-421.04
konzervativni,376,1,-619.18
konzervativni,376,2,-716.12
konzervativni,376,3,-715.68
konzervativni,376,4,-475.54
konzervativni,376,5,-469.43
konzervativni,376,6,-582.9
konzervativni,376,7,-787.81
konzervativni,376,8,-499.65
konzervativni,376,9,-655.8
konzervativni,376,10,-487.61
konzervativni,376,11,-800.0
konzervativni,376,12,-529.56
konzervativni,377,1,-642.7
konzervativni,377,2,-554.27
konzervativni,377,3,-683.64
konzervativni,377,4,-667.02
konzervativni,377,5,-673.44
konzervativni,377,6,-704.9
konzervativni,377,7,-444.49
konzervativni,377,8,-461.85
konzervativni,377,9,-813.0
konzervativni,377,10,-234.79
konzervativni,377,11,-560.24
konzervativni,377,12,-125.01
konzervativni,378,1,-754.3
konzervativni,378,2,-808.0
konzervativni,378,3,-684.58
konzervativni,378,4,-655.42
konzervativni,378,5,-544.23
konzervativni,378,6,-384.33
konzervativni,378,7,-448.36
konzervativni,378,8,-413.57
konzervativni,378,9,-387.08
konzervativni,378,10,-708.29
konzervativni,378,11,-592.44
konzervativni,378,12,-553.17
konzervativni,379,1,-800.0
konzervativni,379,2,-362.63
konzervativni,379,3,-679.41
konzervativni,379,4,-600.69
konzervativni,379,5,-665.42
konzervativni,379,6,-670.27
konzervativni,379,7,-699.56
konzervativni,379,8,-569.37
konzervativni,379,9,-557.36
konzervativni,379,10,-548.03
konzervativni,379,11,-353.17
konzervativni,379,12,-373.46
konzervativni,380,1,-800.0
konzervativni,380,2,-691.07
konzervativni,380,3,-800.0
konzervativni,380,4,-665.55
konzervativni,380,5,-610.89
konzervativni,380,6,-676.85
konzervativni,380,7,-504.43
konzervativni,380,8,-555.15
konzervativni,380,9,-463.87
konzervativni,380,10,-241.88
konzervativni,380,11,-571.62
konzervativni,380,12,-597.1
konzervativni,381,1,-800.0
konzervativni,381,2,-800.0
konzervativni,381,3,-578.06
konzervativni,381,4,-518.36
konzervativni,381,5,-646.91
konzervativni,381,6,-633.2
konzervativni,381,7,-505.58
konzervativni,381,8,-385.65
konzervativni,381,9,-507.56
konzervativni,381,10,-450.16
konzervativni,381,11,-489.2
konzervativni,381,12,-545.02
konzervativni,382,1,-701.55
konzervativni,382,2,-695.66
konzervativni,382,3,-860.74
konzervativni,382,4,-420.63
konzervativni,382,5,-679.48
konzervativni,382,6,-432.27
konzervativni,382,7,-683.87
konzervativni,382,8,-648.74
konzervativni,382,9,-580.66
konzervativni,382,10,-800.0
konzervativni,382,11,-434.87
konzervativni,382,12,-477.29
konzervativni,383,1,-800.0
konzervativni,383,2,-659.16
konzervativni,383,3,-609.74
konzervativni,383,4,-645.93
konzervativni,383,5,-582.55
konzervativni,383,6,-241.61
konzervativni,383,7,-800.0
konzervativni,383,8,-342.82
konzervativni,383,9,-602.65
konzervativni,383,10,-504.82
konzervativni,383,11,-800.0
konzervativni,383,12,-681.87
konzervativni,384,1,-800.0
konzervativni,384,2,-443.89
konzervativni,384,3,-347.24
konzervativni,384,4,-578.27
konzervativni,384,5,-744.97
konzervativni,384,6,-378.93
konzervativni,384,7,-517.92
konzervativni,384,8,-557.79
konzervativni,384,9,-560.28
konzervativni,384,10,-473.28
konzervativni,384,11,-444.79
konzervativni,384,12,-763.07
konzervativni,385,1,-800.0
konzervativni,385,2,-729.53
konzervativni,385,3,-514.74
konzervativni,385,4,-551.74
konzervativni,385,5,-644.85
konzervativni,385,6,-413.36
konzervativni,385,7,-498.89
konzervativni,385,8,-628.15
konzervativni,385,9,-800.0
konzervativni,385,10,-715.31
konzervativni,385,11,-84.41
konzervativni,385,12,-686.63
konzervativni,386,1,-800.0
konzervativni,386,2,-482.14
konzervativni,386,3,-726.69
konzervativni,386,4,-486.71
konzervativni,386,5,-650.71
konzervativni,386,6,-337.73
konzervativni,386,7,-670.49
konzervativni,386,8,-629.9
konzervativni,386,9,-403.6
konzervativni,386,10,-521.58
konzervativni,386,11,-440.37
konzervativni,386,12,-309.0
konzervativni,387,1,-800.0
konzervativni,387,2,-660.69
konzervativni,387,3,-443.4
konzervativni,387,4,-463.35
konzervativni,387,5,-760.6
konzervativni,387,6,-533.56
konzervativni,387,7,-367.31
konzervativni,387,8,-522.52
konzervativni,387,9,-553.92
konzervativni,387,10,-334.55
konzervativni,387,11,-240.09
konzervativni,387,12,-537.61
konzervativni,388,1,-712.09
konzervativni,388,2,-712.34
konzervativni,388,3,-472.32
konzervativni,388,4,-740.62
konzervativni,388,5,-787.37
konzervativni,388,6,-737.69
konzervativni,388,7,-800.0
konzervativni,388,8,-569.22
konzervativni,388,9,-800.0
konzervativni,388,10,-562.32
konzervativni,388,11,-736.22
konzervativni,388,12,-434.56
konzervativni,389,1,-800.0
konzervativni,389,2,-800.0
konzervativni,389,3,-457.38
konzervativni,389,4,-657.15
konzervativni,389,5,-749.93
konzervativni,389,6,-698.54
konzervativni,389,7,-488.08
konzervativni,389,8,-451.14
konzervativni,389,9,-15.52
konzervativni,389,10,-264.54
konzervativni,389,11,-287.89
konzervativni,389,12,-553.67
konzervativni,390,1,-800.0
konzervativni,390,2,-678.34
konzervativni,390,3,-505.23
konzervativni,390,4,-582.89
konzervativni,390,5,-644.4
konzervativni,390,6,-663.84
konzervativni,390,7,-550.49
konzervativni,390,8,35.53
konzervativni,390,9,-545.37
konzervativni,390,10,-655.77
konzervativni,390,11,-632.55
konzervativni,390,12,-687.14
konzervativni,391,1,-615.79
konzervativni,391,2,-729.5
konzervativni,391,3,-449.12
konzervativni,391,4,-801.04
konzervativni,391,5,-691.32
konzervativni,391,6,-760.76
konzervativni,391,7,-680.31
konzervativni,391,8,-458.37
konzervativni,391,9,-516.62
konzervativni,391,10,-466.1
konzervativni,391,11,-337.2
konzervativni,391,12,-483.66
konzervativni,392,1,-800.0
konzervativni,392,2,-552.75
konzervativni,392,3,-489.51
konzervativni,392,4,-593.22
konzervativni,392,5,-447.72
konzervativni,392,6,-288.84
konzervativni,392,7,-625.41
konzervativni,392,8,-251.67
konzervativni,392,9,-539.16
konzervativni,392,10,-548.05
konzervativni,392,11,-365.82
konzervativni,392,12,-611.55
konzervativni,393,1,-778.13
konzervativni,393,2,-633.21
konzervativni,393,3,-479.52
konzervativni,393,4,-667.46
konzervativni,393,5,-731.52
konzervativni,393,6,-596.8
konzervativni,393,7,-401.55
konzervativni,393,8,-474.64
konzervativni,393,9,-737.69
konzervativni,393,10,-648.05
konzervativni,393,11,-354.86
konzervativni,393,12,-671.21
konzervativni,394,1,-744.08
konzervativni,394,2,-249.45
konzervativni,394,3,-601.8
konzervativni,394,4,-743.22
konzervativni,394,5,-278.54
konzervativni,394,6,-700.74
konzervativni,394,7,-202.24
konzervativni,394,8,-718.57
konzervativni,394,9,-559.46
konzervativni,394,10,-699.28
konzervativni,394,11,-597.83
konzervativni,394,12,-342.57
konzervativni,395,1,-800.0
konzervativni,395,2,-663.41
konzervativni,395,3,-808.0
konzervativni,395,4,-702.88
konzervativni,395,5,-666.56
konzervativni,395,6,-129.64
konzervativni,395,7,-612.37
konzervativni,395,8,-549.93
konzervativni,395,9,-664.01
konzervativni,395,10,-465.54
konzervativni,395,11,-187.04
konzervativni,395,12,-334.08
konzervativni,396,1,-763.23
konzervativni,396,2,-708.0
konzervativni,396,3,-800.0
konzervativni,396,4,-800.0
konzervativni,396,5,-271.89
konzervativni,396,6,-610.78
konzervativni,396,7,-604.92
konzervativni,396,8,-504.25
konzervativni,396,9,-168.89
konzervativni,396,10,-609.88
konzervativni,396,11,-580.81
konzervativni,396,12,-412.24
konzervativni,397,1,-697.57
konzervativni,397,2,-698.34
konzervativni,397,3,-171.46
konzervativni,397,4,-800.0
konzervativni,397,5,-800.0
konzervativni,397,6,-180.0
konzervativni,397,7,-377.53
konzervativni,397,8,-444.37
konzervativni,397,9,-628.09
konzervativni,397,10,-358.0
konzervativni,397,11,-736.76
konzervativni,397,12,-605.41
konzervativni,398,1,-800.0
konzervativni,398,2,-644.67
konzervativni,398,3,-400.96
konzervativni,398,4,-591.37
konzervativni,398,5,-734.92
konzervativni,398,6,-512.62
konzervativni,398,7,-515.59
konzervativni,398,8,-462.29
konzervativni,398,9,-594.38
konzervativni,398,10,-553.3
konzervativni,398,11,-452.53
konzervativni,398,12,-483.52
konzervativni,399,1,-800.0
konzervativni,399,2,-800.0
konzervativni,399,3,-337.72
konzervativni,399,4,-800.0
konzervativni,399,5,-520.5
konzervativni,399,6,-353.36
konzervativni,399,7,-557.56
konzervativni,399,8,-573.81
konzervativni,399,9,-465.04
konzervativni,399,10,-520.83
konzervativni,399,11,-463.43
konzervativni,399,12,-470.76
konzervativni,400,1,-790.03
konzervativni,400,2,-655.57
konzervativni,400,3,-605.1
konzervativni,400,4,-451.09
konzervativni,400,5,-494.59
konzervativni,400,6,-226.98
konzervativni,400,7,-678.22
konzervativni,400,8,-619.35
konzervativni,400,9,-316.71
konzervativni,400,10,-719.84
konzervativni,400,11,-443.09
konzervativni,400,12,-321.19
konzervativni,401,1,-800.0
konzervativni,401,2,-742.01
konzervativni,401,3,-579.58
konzervativni,401,4,-652.91
konzervativni,401,5,-56.16
konzervativni,401,6,-184.5
konzervativni,401,7,-532.14
konzervativni,401,8,-647.04
konzervativni,401,9,-629.54
konzervativni,401,10,-527.26
konzervativni,401,11,-301.94
konzervativni,401,12,-397.62
konzervativni,402,1,-800.0
konzervativni,402,2,-733.69
konzervativni,402,3,-548.66
konzervativni,402,4,-642.94
konzervativni,402,5,-543.74
konzervativni,402,6,-631.36
konzervativni,402,7,-535.29
konzervativni,402,8,-677.16
konzervativni,402,9,-111.83
konzervativni,402,10,-84.0
konzervativni,402,11,-743.42
konzervativni,402,12,-418.85
konzervativni,403,1,-653.01
konzervativni,403,2,-800.0
konzervativni,403,3,-420.14
konzervativni,403,4,-544.81
konzervativni,403,5,-535.53
konzervativni,403,6,-510.59
konzervativni,403,7,-344.75
konzervativni,403,8,-515.41
konzervativni,403,9,-542.38
konzervativni,403,10,-485.58
konzervativni,403,11,-319.35
konzervativni,403,12,-425.78
konzervativni,404,1,-728.53
konzervativni,404,2,-728.62
konzervativni,404,3,-583.32
konzervativni,404,4,-800.0
konzervativni,404,5,-732.7
konzervativni,404,6,-825.66
konzervativni,404,7,-576.59
konzervativni,404,8,-635.7
konzervativni,404,9,-471.14
konzervativni,404,10,-544.8
konzervativni,404,11,-471.95
konzervativni,404,12,-416.04
konzervativni,405,1,-800.0
konzervativni,405,2,-800.0
konzervativni,405,3,-804.29
konzervativni,405,4,-679.82
konzervativni,405,5,-659.44
konzervativni,405,6,-651.15
konzervativni,405,7,-518.3
konzervativni,405,8,-613.25
konzervativni,405,9,-85.89
konzervativni,405,10,-478.34
konzervativni,405,11,-225.79
konzervativni,405,12,-512.74
konzervativni,406,1,-800.0
konzervativni,406,2,-693.59
konzervativni,406,3,-785.0
konzervativni,406,4,-808.0
konzervativni,406,5,-519.5
konzervativni,406,6,-455.27
konzervativni,406,7,-616.78
konzervativni,406,8,-533.37
konzervativni,406,9,-632.15
konzervativni,406,10,-570.34
konzervativni,406,11,-808.0
konzervativni,406,12,-418.77
konzervativni,407,1,-800.0
konzervativni,407,2,-807.24
konzervativni,407,3,-518.49
konzervativni,407,4,-653.53
konzervativni,407,5,-731.55
konzervativni,407,6,-433.07
konzervativni,407,7,-723.39
konzervativni,407,8,-655.37
konzervativni,407,9,-619.7
konzervativni,407,10,-561.85
konzervativni,407,11,-653.0
konzervativni,407,12,-392.93
konzervativni,408,1,-751.67
konzervativni,408,2,-744.97
konzervativni,408,3,-492.69
konzervativni,408,4,-694.2
konzervativni,408,5,-667.54
konzervativni,408,6,-585.83
konzervativni,408,7,-756.9
konzervativni,408,8,-711.13
konzervativni,408,9,-511.46
konzervativni,408,10,-388.66
konzervativni,408,11,-594.95
konzervativni,408,12,-262.47
konzervativni,409,1,-800.0
konzervativni,409,2,-114.38
konzervativni,409,3,-202.95
konzervativni,409,4,-392.75
konzervativni,409,5,-326.04
konzervativni,409,6,-725.09
konzervativni,409,7,-680.51
konzervativni,409,8,-552.19
konzervativni,409,9,-402.03
konzervativni,409,10,-602.14
konzervativni,409,11,-125.4
konzervativni,409,12,-329.35
konzervativni,410,1,-800.0
konzervativni,410,2,-612.68
konzervativni,410,3,-524.51
konzervativni,410,4,-658.86
konzervativni,410,5,-727.74
konzervativni,410,6,-674.45
konzervativni,410,7,-623.73
konzervativni,410,8,-430.96
konzervativni,410,9,-487.61
konzervativni,410,10,-751.73
konzervativni,410,11,-707.8
konzervativni,410,12,-342.69
konzervativni,411,1,-800.0
konzervativni,411,2,-742.41
konzervativni,411,3,-676.77
konzervativni,411,4,-682.92
konzervativni,411,5,-731.63
konzervativni,411,6,-630.73
konzervativni,411,7,-409.51
konzervativni,411,8,-760.35
konzervativni,411,9,-503.3
konzervativni,411,10,-524.38
konzervativni,411,11,-393.01
konzervativni,411,12,-571.87
konzervativni,412,1,-693.37
konzervativni,412,2,-767.24
konzervativni,412,3,-578.73
konzervativni,412,4,-800.0
konzervativni,412,5,-282.18
konzervativni,412,6,-415.21
konzervativni,412,7,-647.39
konzervativni,412,8,-543.31
konzervativni,412,9,-478.25
konzervativni,412,10,-481.89
konzervativni,412,11,-325.06
konzervativni,412,12,-390.42
konzervativni,413,1,-765.93
konzervativni,413,2,-728.13
konzervativni,413,3,-767.09
konzervativni,413,4,-675.62
konzervativni,413,5,-756.53
konzervativni,413,6,-470.53
konzervativni,413,7,-657.0
konzervativni,413,8,-227.7
konzervativni,413,9,-399.23
konzervativni,413,10,-800.0
konzervativni,413,11,-673.84
konzervativni,413,12,-496.06
konzervativni,414,1,-702.61
konzervativni,414,2,-712.4
konzervativni,414,3,-714.77
konzervativni,414,4,-645.01
konzervativni,414,5,-708.39
konzervativni,414,6,-795.44
konzervativni,414,7,-177.88
konzervativni,414,8,-684.13
konzervativni,414,9,-512.71
konzervativni,414,10,-486.17
konzervativni,414,11,-567.79
konzervativni,414,12,-519.32
konzervativni,415,1,-446.8
konzervativni,415,2,-726.93
konzervativni,415,3,-747.12
konzervativni,415,4,-681.1
konzervativni,415,5,-414.96
konzervativni,415,6,-199.19
konzervativni,415,7,-592.43
konzervativni,415,8,-487.11
konzervativni,415,9,-552.28
konzervativni,415,10,-721.58
konzervativni,415,11,-620.84
konzervativni,415,12,-582.1
konzervativni,416,1,-558.44
konzervativni,416,2,-740.31
konzervativni,416,3,-274.56
konzervativni,416,4,-682.01
konzervativni,416,5,-495.4
konzervativni,416,6,-411.23
konzervativni,416,7,-442.48
konzervativni,416,8,-579.32
konzervativni,416,9,-473.11
konzervativni,416,10,-466.3
konzervativni,416,11,-402.68
konzervativni,416,12,-241.15
konzervativni,417,1,-566.65
konzervativni,417,2,-547.45
konzervativni,417,3,-540.11
konzervativni,417,4,-632.04
konzervativni,417,5,-537.77
konzervativni,417,6,-253.58
konzervativni,417,7,-350.42
konzervativni,417,8,-785.33
konzervativni,417,9,-350.82
konzervativni,417,10,-569.58
konzervativni,417,11,-656.27
konzervativni,417,12,210.41
konzervativni,418,1,-683.07
konzervativni,418,2,-491.3
konzervativni,418,3,-661.53
konzervativni,418,4,-754.84
konzervativni,418,5,-615.49
konzervativni,418,6,-413.68
konzervativni,418,7,-762.25
konzervativni,418,8,-394.21
konzervativni,418,9,-800.0
konzervativni,418,10,-667.13
konzervativni,418,11,-639.72
konzervativni,418,12,-732.43
konzervativni,419,1,-692.27
konzervativni,419,2,-644.05
konzervativni,419,3,-650.7
konzervativni,419,4,-621.9
konzervativni,419,5,-640.35
konzervativni,419,6,-752.52
konzervativni,419,7,-727.95
konzervativni,419,8,-646.32
konzervativni,419,9,-330.11
konzervativni,419,10,-767.84
konzervativni,419,11,-597.13
konzervativni,419,12,-800.0
konzervativni,420,1,-625.13
konzervativni,420,2,-466.73
konzervativni,420,3,-787.98
konzervativni,420,4,-271.38
konzervativni,420,5,-704.84
konzervativni,420,6,-478.19
konzervativni,420,7,-398.23
konzervativni,420,8,-655.14
konzervativni,420,9,-388.4
konzervativni,420,10,-373.73
konzervativni,420,11,-700.16
konzervativni,420,12,-365.02
konzervativni,421,1,-790.38
konzervativni,421,2,-639.59
konzervativni,421,3,-748.32
konzervativni,421,4,-514.17
konzervativni,421,5,-691.1
konzervativni,421,6,-401.49
konzervativni,421,7,-763.24
konzervativni,421,8,-800.0
konzervativni,421,9,-305.9
konzervativni,421,10,-764.21
konzervativni,421,11,-663.03
konzervativni,421,12,-389.57
konzervativni,422,1,-800.0
konzervativni,422,2,-800.0
konzervativni,422,3,-523.19
konzervativni,422,4,-497.1
konzervativni,422,5,-807.6
konzervativni,422,6,-658.67
konzervativni,422,7,-651.23
konzervativni,422,8,-274.79
konzervativni,422,9,-587.64
konzervativni,422,10,-686.38
konzervativni,422,11,-772.8
konzervativni,422,12,-516.86
konzervativni,423,1,-800.0
konzervativni,423,2,-800.0
konzervativni,423,3,-528.49
konzervativni,423,4,-507.93
konzervativni,423,5,-377.49
konzervativni,423,6,-271.48
konzervativni,423,7,-657.35
konzervativni,423,8,-620.43
konzervativni,423,9,-454.98
konzervativni,423,10,-111.52
konzervativni,423,11,-697.09
konzervativni,423,12,-577.2
konzervativni,424,1,-800.0
konzervativni,424,2,-717.1
konzervativni,424,3,-699.53
konzervativni,424,4,-703.73
konzervativni,424,5,-743.48
konzervativni,424,6,-801.88
konzervativni,424,7,-619.21
konzervativni,424,8,-694.04
konzervativni,424,9,-750.05
konzervativni,424,10,-232.64
konzervativni,424,11,-674.01
konzervativni,424,12,-12.71
konzervativni,425,1,-800.0
konzervativni,425,2,-610.54
konzervativni,425,3,-535.53
konzervativni,425,4,-336.7
konzervativni,425,5,-739.77
konzervativni,425,6,-662.68
konzervativni,425,7,-418.81
konzervativni,425,8,-574.46
konzervativni,425,9,-535.27
konzervativni,425,10,-536.86
konzervativni,425,11,-760.4
konzervativni,425,12,-430.86
konzervativni,426,1,-800.0
konzervativni,426,2,-560.14
konzervativni,426,3,-540.24
konzervativni,426,4,-800.0
konzervativni,426,5,-800.0
konzervativni,426,6,-421.73
konzervativni,426,7,-720.44
konzervativni,426,8,-724.61
konzervativni,426,9,-508.65
konzervativni,426,10,-457.44
konzervativni,426,11,-609.83
konzervativni,426,12,-59.38
konzervativni,427,1,-741.05
konzervativni,427,2,-652.71
konzervativni,427,3,-621.22
konzervativni,427,4,-545.31
konzervativni,427,5,-800.0
konzervativni,427,6,-369.19
konzervativni,427,7,-494.0
konzervativni,427,8,-590.69
konzervativni,427,9,-294.76
konzervativni,427,10,-446.65
konzervativni,427,11,-460.32
konzervativni,427,12,-468.73
konzervativni,428,1,-800.0
konzervativni,428,2,-800.0
konzervativni,428,3,-614.12
konzervativni,428,4,-335.7
konzervativni,428,5,-405.26
konzervativni,428,6,-650.49
konzervativni,428,7,-658.15
konzervativni,428,8,-701.05
konzervativni,428,9,-422.06
konzervativni,428,10,-662.86
konzervativni,428,11,-713.41
konzervativni,428,12,-288.71
konzervativni,429,1,-788.95
konzervativni,429,2,-800.0
konzervativni,429,3,-774.44
konzervativni,429,4,-493.47
konzervativni,429,5,-625.15
konzervativni,429,6,-352.21
konzervativni,429,7,-736.67
konzervativni,429,8,-540.05
konzervativni,429,9,-556.12
konzervativni,429,10,-728.08
konzervativni,429,11,-623.6
konzervativni,429,12,-437.01
konzervativni,430,1,-800.0
konzervativni,430,2,-547.69
konzervativni,430,3,-800.0
konzervativni,430,4,-243.21
konzervativni,430,5,-737.18
konzervativni,430,6,-556.89
konzervativni,430,7,-706.94
konzervativni,430,8,-608.2
konzervativni,430,9,-583.75
konzervativni,430,10,-366.04
konzervativni,430,11,-407.29
konzervativni,430,12,-323.62
konzervativni,431,1,-739.08
konzervativni,431,2,-567.12
konzervativni,431,3,-800.0
konzervativni,431,4,-754.71
konzervativni,431,5,-639.7
konzervativni,431,6,-610.71
konzervativni,431,7,-599.33
konzervativni,431,8,-735.49
konzervativni,431,9,-526.53
konzervativni,431,10,-648.83
konzervativni,431,11,-698.22
konzervativni,431,12,-203.65
konzervativni,432,1,-598.09
konzervativni,432,2,-432.39
konzervativni,432,3,-342.52
konzervativni,432,4,-664.62
konzervativni,432,5,-332.41
konzervativni,432,6,-545.55
konzervativni,432,7,-500.39
konzervativni,432,8,-741.08
konzervativni,432,9,-665.62
konzervativni,432,10,-687.41
konzervativni,432,11,-191.59
konzervativni,432,12,-626.06
konzervativni,433,1,-800.0
konzervativni,433,2,-759.18
konzervativni,433,3,-559.89
konzervativni,433,4,-291.79
konzervativni,433,5,-712.71
konzervativni,433,6,-247.43
konzervativni,433,7,-800.0
konzervativni,433,8,-477.55
konzervativni,433,9,-261.19
konzervativni,433,10,-747.91
konzervativni,433,11,-381.1
konzervativni,433,12,-554.21
konzervativni,434,1,-515.94
konzervativni,434,2,-684.46
konzervativni,434,3,-685.01
konzervativni,434,4,-765.6
konzervativni,434,5,-806.9
konzervativni,434,6,-205.06
konzervativni,434,7,-527.73
konzervativni,434,8,-794.32
konzervativni,434,9,-625.05
konzervativni,434,10,-545.47
konzervativni,434,11,-611.27
konzervativni,434,12,-185.56
konzervativni,435,1,-711.87
konzervativni,435,2,-800.0
konzervativni,435,3,-393.22
konzervativni,435,4,-777.55
konzervativni,435,5,-590.4
konzervativni,435,6,-585.44
konzervativni,435,7,-547.89
konzervativni,435,8,-249.47
konzervativni,435,9,-526.73
konzervativni,435,10,-758.51
konzervativni,435,11,-620.62
konzervativni,435,12,-305.2
konzervativni,436,1,-800.0
konzervativni,436,2,-800.0
konzervativni,436,3,-637.44
konzervativni,436,4,-609.72
konzervativni,436,5,-507.54
konzervativni,436,6,-558.86
konzervativni,436,7,-507.8
konzervativni,436,8,-327.42
konzervativni,436,9,-468.42
konzervativni,436,10,-690.1
konzervativni,436,11,-453.66
konzervativni,436,12,-461.79
konzervativni,437,1,-800.0
konzervativni,437,2,-661.34
konzervativni,437,3,-278.33
konzervativni,437,4,-447.41
konzervativni,437,5,-609.58
konzervativni,437,6,-296.11
konzervativni,437,7,-401.22
konzervativni,437,8,-166.48
konzervativni,437,9,-465.75
konzervativni,437,10,-572.78
konzervativni,437,11,-702.1
konzervativni,437,12,-292.38
konzervativni,438,1,-728.32
konzervativni,438,2,-722.79
konzervativni,438,3,-661.29
konzervativni,438,4,-800.0
konzervativni,438,5,-691.69
konzervativni,438,6,-632.51
konzervativni,438,7,-212.75
konzervativni,438,8,-639.67
konzervativni,438,9,-431.22
konzervativni,438,10,-268.87
konzervativni,438,11,-797.57
konzervativni,438,12,-350.15
konzervativni,439,1,-782.51
konzervativni,439,2,-738.08
konzervativni,439,3,-434.04
konzervativni,439,4,-649.69
konzervativni,439,5,-653.15
konzervativni,439,6,-193.57
konzervativni,439,7,-472.99
konzervativni,439,8,-617.7
konzervativni,439,9,-545.13
konzervativni,439,10,-776.23
konzervativni,439,11,-685.66
konzervativni,439,12,-304.64
konzervativni,440,1,-660.63
konzervativni,440,2,-383.02
konzervativni,440,3,-800.0
konzervativni,440,4,-745.42
konzervativni,440,5,-524.83
konzervativni,440,6,-650.89
konzervativni,440,7,-513.79
konzervativni,440,8,-469.37
konzervativni,440,9,-161.31
konzervativni,440,10,-696.36
konzervativni,440,11,-783.75
konzervativni,440,12,-397.3
konzervativni,441,1,-808.0
konzervativni,441,2,-616.64
konzervativni,441,3,-716.66
konzervativni,441,4,-800.0
konzervativni,441,5,-450.55
konzervativni,441,6,-704.15
konzervativni,441,7,-779.97
konzervativni,441,8,-498.39
konzervativni,441,9,-527.89
konzervativni,441,10,-562.93
konzervativni,441,11,-288.93
konzervativni,441,12,-557.24
konzervativni,442,1,-754.75
konzervativni,442,2,-789.7
konzervativni,442,3,-727.18
konzervativni,442,4,-543.97
konzervativni,442,5,-800.0
konzervativni,442,6,-737.37
konzervativni,442,7,-358.87
konzervativni,442,8,-558.37
konzervativni,442,9,-351.49
konzervativni,442,10,-734.52
konzervativni,442,11,-558.38
konzervativni,442,12,-398.87
konzervativni,443,1,-800.0
konzervativni,443,2,-688.34
konzervativni,443,3,-570.17
konzervativni,443,4,-767.87
konzervativni,443,5,-800.0
konzervativni,443,6,-759.38
konzervativni,443,7,-727.39
konzervativni,443,8,-432.6
konzervativni,443,9,-605.46
konzervativni,443,10,-509.43
konzervativni,443,11,-475.26
konzervativni,443,12,-650.86
konzervativni,444,1,-667.39
konzervativni,444,2,-727.41
konzervativni,444,3,-779.71
konzervativni,444,4,-426.08
konzervativni,444,5,-575.58
konzervativni,444,6,-317.41
konzervativni,444,7,-489.12
konzervativni,444,8,-799.2
konzervativni,444,9,-317.9
konzervativni,444,10,-669.2
konzervativni,444,11,-800.0
konzervativni,444,12,-590.76
konzervativni,445,1,-679.11
konzervativni,445,2,-584.56
konzervativni,445,3,-511.36
konzervativni,445,4,-543.14
konzervativni,445,5,-645.29
konzervativni,445,6,-662.83
konzervativni,445,7,-725.73
konzervativni,445,8,-754.98
konzervativni,445,9,-118.36
konzervativni,445,10,-710.44
konzervativni,445,11,-787.02
konzervativni,445,12,-550.17
konzervativni,446,1,-669.3
konzervativni,446,2,-733.12
konzervativni,446,3,-411.7
konzervativni,446,4,-800.0
konzervativni,446,5,-643.56
konzervativni,446,6,-419.37
konzervativni,446,7,-598.09
konzervativni,446,8,-540.3
konzervativni,446,9,-759.95
konzervativni,446,10,-518.72
konzervativni,446,11,-606.6
konzervativni,446,12,-271.24
konzervativni,447,1,-639.57
konzervativni,447,2,-800.0
konzervativni,447,3,-714.79
konzervativni,447,4,-801.37
konzervativni,447,5,-481.6
konzervativni,447,6,-377.3
konzervativni,447,7,-675.34
konzervativni,447,8,-224.18
konzervativni,447,9,-497.07
konzervativni,447,10,-227.87
konzervativni,447,11,-644.95
konzervativni,447,12,-239.45
konzervativni,448,1,-800.0
konzervativni,448,2,-529.62
konzervativni,448,3,-841.83
konzervativni,448,4,-593.86
konzervativni,448,5,-595.93
konzervativni,448,6,-591.24
konzervativni,448,7,-645.85
konzervativni,448,8,-750.93
konzervativni,448,9,-410.03
konzervativni,448,10,-440.51
konzervativni,448,11,-171.71
konzervativni,448,12,-393.52
konzervativni,449,1,-808.0
konzervativni,449,2,-711.06
konzervativni,449,3,-743.65
konzervativni,449,4,-699.02
konzervativni,449,5,-350.18
konzervativni,449,6,-653.9
konzervativni,449,7,-167.86
konzervativni,449,8,-668.22
konzervativni,449,9,65.19
konzervativni,449,10,-559.9
konzervativni,449,11,-572.33
konzervativni,449,12,-467.9
konzervativni,450,1,-680.44
konzervativni,450,2,-480.74
konzervativni,450,3,-800.0
konzervativni,450,4,-443.84
konzervativni,450,5,-343.87
konzervativni,450,6,-633.11
konzervativni,450,7,-250.22
konzervativni,450,8,-741.36
konzervativni,450,9,-698.43
konzervativni,450,10,-583.4
konzervativni,450,11,-393.94
konzervativni,450,12,-479.68
konzervativni,451,1,-633.23
konzervativni,451,2,-800.0
konzervativni,451,3,-760.68
konzervativni,451,4,-658.8
konzervativni,451,5,-590.99
konzervativni,451,6,-419.21
konzervativni,451,7,-683.55
konzervativni,451,8,-567.41
konzervativni,451,9,-221.58
konzervativni,451,10,-300.28
konzervativni,451,11,-624.29
konzervativni,451,12,-326.29
konzervativni,452,1,-800.0
konzervativni,452,2,-598.26
konzervativni,452,3,-518.72
konzervativni,452,4,-713.31
konzervativni,452,5,-531.13
konzervativni,452,6,-314.79
konzervativni,452,7,-563.45
konzervativni,452,8,-489.6
konzervativni,452,9,-559.81
konzervativni,452,10,-818.24
konzervativni,452,11,-126.03
konzervativni,452,12,-587.76
konzervativni,453,1,-570.21
konzervativni,453,2,-761.95
konzervativni,453,3,-666.83
konzervativni,453,4,-533.41
konzervativni,453,5,-800.0
konzervativni,453,6,-518.05
konzervativni,453,7,-672.86
konzervativni,453,8,-330.86
konzervativni,453,9,-628.51
konzervativni,453,10,-448.9
konzervativni,453,11,-538.12
konzervativni,453,12,50.92
konzervativni,454,1,-670.07
konzervativni,454,2,-707.34
konzervativni,454,3,-800.0
konzervativni,454,4,-494.26
konzervativni,454,5,-576.36
konzervativni,454,6,-494.2
konzervativni,454,7,-478.91
konzervativni,454,8,-525.58
konzervativni,454,9,-643.09
konzervativni,454,10,-551.47
konzervativni,454,11,-581.18
konzervativni,454,12,-383.93
konzervativni,455,1,-730.6
konzervativni,455,2,-800.0
konzervativni,455,3,-332.34
konzervativni,455,4,-714.99
konzervativni,455,5,-344.43
konzervativni,455,6,-463.9
konzervativni,455,7,-419.38
konzervativni,455,8,-632.51
konzervativni,455,9,-453.09
konzervativni,455,10,-699.05
konzervativni,455,11,-559.98
konzervativni,455,12,-386.13
konzervativni,456,1,-772.67
konzervativni,456,2,-444.01
konzervativni,456,3,-339.81
konzervativni,456,4,-682.59
konzervativni,456,5,-800.0
konzervativni,456,6,-450.77
konzervativni,456,7,-320.27
konzervativni,456,8,-261.53
konzervativni,456,9,-575.14
konzervativni,456,10,-308.48
konzervativni,456,11,-490.04
konzervativni,456,12,-645.77
konzervativni,457,1,-798.93
konzervativni,457,2,-593.43
konzervativni,457,3,-640.77
konzervativni,457,4,-508.04
konzervativni,457,5,-729.01
konzervativni,457,6,-614.22
konzervativni,457,7,-587.66
konzervativni,457,8,-548.41
konzervativni,457,9,-675.04
konzervativni,457,10,-649.96
konzervativni,457,11,-428.35
konzervativni,457,12,-446.39
konzervativni,458,1,-800.0
konzervativni,458,2,-609.23
konzervativni,458,3,-487.6
konzervativni,458,4,-711.78
konzervativni,458,5,-553.34
konzervativni,458,6,-181.34
konzervativni,458,7,-526.29
konzervativni,458,8,-307.11
konzervativni,458,9,53.6
konzervativni,458,10,-616.93
konzervativni,458,11,-502.58
konzervativni,458,12,-51.45
konzervativni,459,1,-499.39
konzervativni,459,2,-800.0
konzervativni,459,3,-411.06
konzervativni,459,4,-800.0
konzervativni,459,5,-396.34
konzervativni,459,6,-506.86
konzervativni,459,7,-329.91
konzervativni,459,8,-708.69
konzervativni,459,9,-560.95
konzervativni,459,10,-484.19
konzervativni,459,11,-508.48
konzervativni,459,12,-530.73
konzervativni,460,1,-800.0
konzervativni,460,2,-639.98
konzervativni,460,3,-15.68
konzervativni,460,4,-690.27
konzervativni,460,5,-437.05
konzervativni,460,6,-670.32
konzervativni,460,7,-618.38
konzervativni,460,8,-348.94
konzervativni,460,9,-437.66
konzervativni,460,10,-800.0
konzervativni,460,11,-385.66
konzervativni,460,12,-651.64
konzervativni,461,1,-669.82
konzervativni,461,2,-619.96
konzervativni,461,3,-502.49
konzervativni,461,4,-701.04
konzervativni,461,5,-446.02
konzervativni,461,6,-596.44
konzervativni,461,7,-713.65
konzervativni,461,8,-299.94
konzervativni,461,9,-338.42
konzervativni,461,10,-745.94
konzervativni,461,11,-501.91
konzervativni,461,12,-519.56
konzervativni,462,1,-726.14
konzervativni,462,2,-686.31
konzervativni,462,3,-590.28
konzervativni,462,4,-655.62
konzervativni,462,5,-778.41
konzervativni,462,6,-436.82
konzervativni,462,7,-752.93
konzervativni,462,8,-127.79
konzervativni,462,9,-486.14
konzervativni,462,10,-689.82
konzervativni,462,11,-341.87
konzervativni,462,12,-715.73
konzervativni,463,1,-671.13
konzervativni,463,2,-540.03
konzervativni,463,3,-479.31
konzervativni,463,4,-770.55
konzervativni,463,5,-800.0
konzervativni,463,6,-570.57
konzervativni,463,7,-658.71
konzervativni,463,8,-521.83
konzervativni,463,9,63.28
konzervativni,463,10,-719.53
konzervativni,463,11,-188.04
konzervativni,463,12,-630.23
konzervativni,464,1,-800.0
konzervativni,464,2,-800.0
konzervativni,464,3,-697.01
konzervativni,464,4,-730.08
konzervativni,464,5,-572.12
konzervativni,464,6,-649.16
konzervativni,464,7,-541.0
konzervativni,464,8,-502.76
konzervativni,464,9,-479.46
konzervativni,464,10,-622.33
konzervativni,464,11,-486.85
konzervativni,464,12,-557.77
konzervativni,465,1,-743.58
konzervativni,465,2,-732.61
konzervativni,465,3,-711.82
konzervativni,465,4,-800.0
konzervativni,465,5,-289.09
konzervativni,465,6,-423.27
konzervativni,465,7,-540.74
konzervativni,465,8,-726.53
konzervativni,465,9,-773.19
konzervativni,465,10,-505.55
konzervativni,465,11,-566.45
konzervativni,465,12,-399.09
konzervativni,466,1,-800.0
konzervativni,466,2,-800.0
konzervativni,466,3,-797.83
konzervativni,466,4,-602.18
konzervativni,466,5,-444.0
konzervativni,466,6,-662.97
konzervativni,466,7,-261.03
konzervativni,466,8,-737.25
konzervativni,466,9,-252.66
konzervativni,466,10,-387.04
konzervativni,466,11,-527.78
konzervativni,466,12,-473.3
konzervativni,467,1,-749.83
konzervativni,467,2,-679.82
konzervativni,467,3,-614.15
konzervativni,467,4,-549.37
konzervativni,467,5,-710.74
konzervativni,467,6,-529.52
konzervativni,467,7,-551.57
konzervativni,467,8,-628.32
konzervativni,467,9,56.11
konzervativni,467,10,-674.34
konzervativni,467,11,-610.11
konzervativni,467,12,-433.78
konzervativni,468,1,-800.0
konzervativni,468,2,-710.94
konzervativni,468,3,-776.29
konzervativni,468,4,-663.77
konzervativni,468,5,-428.31
konzervativni,468,6,-509.23
konzervativni,468,7,-471.77
konzervativni,468,8,-315.82
konzervativni,468,9,-520.9
konzervativni,468,10,-485.44
konzervativni,468,11,-481.64
konzervativni,468,12,-467.94
konzervativni,469,1,-800.0
konzervativni,469,2,-640.18
konzervativni,469,3,-800.0
konzervativni,469,4,-351.32
konzervativni,469,5,-482.68
konzervativni,469,6,-620.43
konzervativni,469,7,-619.95
konzervativni,469,8,-575.38
konzervativni,469,9,-379.87
konzervativni,469,10,-644.51
konzervativni,469,11,-762.37
konzervativni,469,12,-627.47
konzervativni,470,1,-800.0
konzervativni,470,2,-720.27
konzervativni,470,3,-800.0
konzervativni,470,4,-737.42
konzervativni,470,5,-709.59
konzervativni,470,6,-583.2
konzervativni,470,7,-277.36
konzervativni,470,8,-587.14
konzervativni,470,9,-291.58
konzervativni,470,10,-505.83
konzervativni,470,11,-625.73
konzervativni,470,12,-359.97
konzervativni,471,1,-800.0
konzervativni,471,2,-608.17
konzervativni,471,3,-694.96
konzervativni,471,4,-590.71
konzervativni,471,5,-619.47
konzervativni,471,6,-507.54
konzervativni,471,7,-649.0
konzervativni,471,8,-726.03
konzervativni,471,9,-800.0
konzervativni,471,10,-563.99
konzervativni,471,11,-341.57
konzervativni,471,12,55.89
konzervativni,472,1,-800.0
konzervativni,472,2,-781.43
konzervativni,472,3,-572.96
konzervativni,472,4,-582.46
konzervativni,472,5,-297.09
konzervativni,472,6,-596.56
konzervativni,472,7,-672.97
konzervativni,472,8,-697.95
konzervativni,472,9,-728.03
konzervativni,472,10,-443.86
konzervativni,472,11,-350.31
konzervativni,472,12,-471.65
konzervativni,473,1,-685.38
konzervativni,473,2,-588.87
konzervativni,473,3,-713.06
konzervativni,473,4,-453.35
konzervativni,473,5,-642.18
konzervativni,473,6,-808.0
konzervativni,473,7,-742.19
konzervativni,473,8,-418.47
konzervativni,473,9,-627.38
konzervativni,473,10,-534.06
konzervativni,473,11,-746.81
konzervativni,473,12,-126.92
konzervativni,474,1,-609.34
konzervativni,474,2,-601.24
konzervativni,474,3,-516.45
konzervativni,474,4,-565.81
konzervativni,474,5,-262.92
konzervativni,474,6,-584.42
konzervativni,474,7,-311.95
konzervativni,474,8,-254.74
konzervativni,474,9,-216.09
konzervativni,474,10,-124.84
konzervativni,474,11,-417.42
konzervativni,474,12,-623.93
konzervativni,475,1,-800.0
konzervativni,475,2,-699.54
konzervativni,475,3,-723.29
konzervativni,475,4,-588.23
konzervativni,475,5,-687.63
konzervativni,475,6,-703.86
konzervativni,475,7,-572.72
konzervativni,475,8,-444.93
konzervativni,475,9,-549.3
konzervativni,475,10,-517.32
konzervativni,475,11,-570.34
konzervativni,475,12,-211.15
konzervativni,476,1,-768.48
konzervativni,476,2,-722.7
konzervativni,476,3,-141.21
konzervativni,476,4,-860.63
konzervativni,476,5,-387.28
konzervativni,476,6,-560.94
konzervativni,476,7,-736.85
konzervativni,476,8,-316.93
konzervativni,476,9,-493.19
konzervativni,476,10,-631.06
konzervativni,476,11,-387.21
konzervativni,476,12,-339.85
konzervativni,477,1,-800.0
konzervativni,477,2,-800.0
konzervativni,477,3,-656.56
konzervativni,477,4,-582.59
konzervativni,477,5,-549.45
konzervativni,477,6,-459.92
konzervativni,477,7,-176.18
konzervativni,477,8,-504.76
konzervativni,477,9,-326.08
konzervativni,477,10,-726.84
konzervativni,477,11,-739.66
konzervativni,477,12,-367.95
konzervativni,478,1,-800.0
konzervativni,478,2,-750.98
konzervativni,478,3,-515.81
konzervativni,478,4,-665.33
konzervativni,478,5,-542.28
konzervativni,478,6,-292.46
konzervativni,478,7,-389.59
konzervativni,478,8,-658.05
konzervativni,478,9,-673.92
konzervativni,478,10,-641.79
konzervativni,478,11,-550.09
konzervativni,478,12,-315.61
konzervativni,479,1,-771.23
konzervativni,479,2,-610.52
konzervativni,479,3,-596.88
konzervativni,479,4,-737.27
konzervativni,479,5,-628.56
konzervativni,479,6,-656.19
konzervativni,479,7,-135.19
konzervativni,479,8,-313.07
konzervativni,479,9,-114.31
konzervativni,479,10,-722.19
konzervativni,479,11,-889.81
konzervativni,479,12,-457.1
konzervativni,480,1,-800.0
konzervativni,480,2,-675.41
konzervativni,480,3,-612.11
konzervativni,480,4,-413.96
konzervativni,480,5,-264.08
konzervativni,480,6,-460.57
konzervativni,480,7,-393.21
konzervativni,480,8,-588.36
konzervativni,480,9,-507.59
konzervativni,480,10,-522.76
konzervativni,480,11,-526.29
konzervativni,480,12,-286.98
konzervativni,481,1,-800.0
konzervativni,481,2,-783.25
konzervativni,481,3,-358.32
konzervativni,481,4,-655.7
konzervativni,481,5,-613.52
konzervativni,481,6,-433.47
konzervativni,481,7,-579.5
konzervativni,481,8,-542.0
konzervativni,481,9,-794.47
konzervativni,481,10,-302.61
konzervativni,481,11,-800.0
konzervativni,481,12,-375.9
konzervativni,482,1,-532.59
konzervativni,482,2,-596.52
konzervativni,482,3,-577.57
konzervativni,482,4,-480.99
konzervativni,482,5,-768.66
konzervativni,482,6,-686.58
konzervativni,482,7,-624.6
konzervativni,482,8,-510.22
konzervativni,482,9,-376.9
konzervativni,482,10,-513.04
konzervativni,482,11,-436.69
konzervativni,482,12,-621.8
konzervativni,483,1,-859.44
konzervativni,483,2,-729.01
konzervativni,483,3,-225.82
konzervativni,483,4,-370.45
konzervativni,483,5,-430.96
konzervativni,483,6,-544.15
konzervativni,483,7,-362.35
konzervativni,483,8,-462.41
konzervativni,483,9,-226.31
konzervativni,483,10,-800.0
konzervativni,483,11,-591.22
konzervativni,483,12,-699.89
konzervativni,484,1,-800.0
konzervativni,484,2,-599.81
konzervativni,484,3,-713.23
konzervativni,484,4,-740.75
konzervativni,484,5,-607.51
konzervativni,484,6,-690.91
konzervativni,484,7,-730.96
konzervativni,484,8,-800.0
konzervativni,484,9,-271.02
konzervativni,484,10,-423.24
konzervativni,484,11,-392.33
konzervativni,484,12,76.08
konzervativni,485,1,-800.0
konzervativni,485,2,-571.39
konzervativni,485,3,-683.66
konzervativni,485,4,-800.0
konzervativni,485,5,-800.0
konzervativni,485,6,-413.54
konzervativni,485,7,-684.81
konzervativni,485,8,-542.58
konzervativni,485,9,-612.11
konzervativni,485,10,-558.71
konzervativni,485,11,-516.24
konzervativni,485,12,-594.68
konzervativni,486,1,-535.43
konzervativni,486,2,-608.52
konzervativni,486,3,-800.0
konzervativni,486,4,-619.48
konzervativni,486,5,-174.83
konzervativni,486,6,-255.83
konzervativni,486,7,-26.71
konzervativni,486,8,-137.1
konzervativni,486,9,-243.56
konzervativni,486,10,-666.97
konzervativni,486,11,-590.15
konzervativni,486,12,-489.5
konzervativni,487,1,-800.0
konzervativni,487,2,-800.0
konzervativni,487,3,-247.95
konzervativni,487,4,-723.16
konzervativni,487,5,-702.01
konzervativni,487,6,-186.48
konzervativni,487,7,-277.6
konzervativni,487,8,-669.0
konzervativni,487,9,-667.83
konzervativni,487,10,-555.53
konzervativni,487,11,-402.8
konzervativni,487,12,-527.06
konzervativni,488,1,-800.0
konzervativni,488,2,-800.0
konzervativni,488,3,-591.05
konzervativni,488,4,-731.59
konzervativni,488,5,-747.27
konzervativni,488,6,-400.06
konzervativni,488,7,-694.17
konzervativni,488,8,-693.3
konzervativni,488,9,-406.78
konzervativni,488,10,-674.03
konzervativni,488,11,-322.11
konzervativni,488,12,-763.22
konzervativni,489,1,-695.97
konzervativni,489,2,-665.36
konzervativni,489,3,-800.0
konzervativni,489,4,-800.0
konzervativni,489,5,-687.41
konzervativni,489,6,-542.74
konzervativni,489,7,-681.08
konzervativni,489,8,-395.46
konzervativni,489,9,-452.17
konzervativni,489,10,-728.25
konzervativni,489,11,-542.24
konzervativni,489,12,-430.85
konzervativni,490,1,-764.93
konzervativni,490,2,-800.0
konzervativni,490,3,-711.39
konzervativni,490,4,-573.29
konzervativni,490,5,-710.07
konzervativni,490,6,-506.42
konzervativni,490,7,-285.46
konzervativni,490,8,-367.71
konzervativni,490,9,-314.37
konzervativni,490,10,-585.82
konzervativni,490,11,-523.34
konzervativni,490,12,-672.03
konzervativni,491,1,-800.0
konzervativni,491,2,-802.52
konzervativni,491,3,-630.9
konzervativni,491,4,-633.11
konzervativni,491,5,-741.27
konzervativni,491,6,-350.26
konzervativni,491,7,-154.21
konzervativni,491,8,-228.69
konzervativni,491,9,-36.9
konzervativni,491,10,-499.02
konzervativni,491,11,-644.53
konzervativni,491,12,-584.73
konzervativni,492,1,-800.0
konzervativni,492,2,-800.0
konzervativni,492,3,-655.9
konzervativni,492,4,-697.05
konzervativni,492,5,-665.53
konzervativni,492,6,-549.65
konzervativni,492,7,-673.43
konzervativni,492,8,-436.66
konzervativni,492,9,-631.09
konzervativni,492,10,-584.76
konzervativni,492,11,-335.19
konzervativni,492,12,-385.41
konzervativni,493,1,-800.0
konzervativni,493,2,-800.0
konzervativni,493,3,-624.74
konzervativni,493,4,-802.79
konzervativni,493,5,-507.13
konzervativni,493,6,-759.32
konzervativni,493,7,-628.56
konzervativni,493,8,-592.34
konzervativni,493,9,-732.43
konzervativni,493,10,-522.21
konzervativni,493,11,-468.95
konzervativni,493,12,-722.19
konzervativni,494,1,-635.47
konzervativni,494,2,-611.77
konzervativni,494,3,-262.19
konzervativni,494,4,-778.49
konzervativni,494,5,-685.2
konzervativni,494,6,-682.37
konzervativni,494,7,-445.05
konzervativni,494,8,-610.22
konzervativni,494,9,-433.34
konzervativni,494,10,-509.58
konzervativni,494,11,-588.72
konzervativni,494,12,-186.88
konzervativni,495,1,-800.0
konzervativni,495,2,-735.43
konzervativni,495,3,-461.2
konzervativni,495,4,-577.34
konzervativni,495,5,-683.81
konzervativni,495,6,-19.01
konzervativni,495,7,-615.02
konzervativni,495,8,-756.0
konzervativni,495,9,-536.56
konzervativni,495,10,-715.82
konzervativni,495,11,-411.12
konzervativni,495,12,-308.55
konzervativni,496,1,-800.0
konzervativni,496,2,-730.5
konzervativni,496,3,-691.32
konzervativni,496,4,-741.48
konzervativni,496,5,-409.95
konzervativni,496,6,-448.27
konzervativni,496,7,-558.94
konzervativni,496,8,-686.64
konzervativni,496,9,-633.37
konzervativni,496,10,-483.62
konzervativni,496,11,-233.39
konzervativni,496,12,-288.87
konzervativni,497,1,-800.0
konzervativni,497,2,-561.5
konzervativni,497,3,-808.0
konzervativni,497,4,-868.0
konzervativni,497,5,-701.62
konzervativni,497,6,-650.08
konzervativni,497,7,-97.27
konzervativni,497,8,-575.09
konzervativni,497,9,-642.82
konzervativni,497,10,-499.93
konzervativni,497,11,-653.45
konzervativni,497,12,-236.5
konzervativni,498,1,-473.29
konzervativni,498,2,-713.38
konzervativni,498,3,-446.33
konzervativni,498,4,-800.0
konzervativni,498,5,-605.29
konzervativni,498,6,-535.35
konzervativni,498,7,-746.32
konzervativni,498,8,-772.12
konzervativni,498,9,-554.46
konzervativni,498,10,-554.38
konzervativni,498,11,-609.7
konzervativni,498,12,10.13
konzervativni,499,1,-805.5
konzervativni,499,2,-779.53
konzervativni,499,3,-417.45
konzervativni,499,4,-564.63
konzervativni,499,5,-673.8
konzervativni,499,6,-599.21
konzervativni,499,7,-497.65
konzervativni,499,8,-502.09
konzervativni,499,9,-537.72
konzervativni,499,10,-185.88
konzervativni,499,11,-527.71
konzervativni,499,12,-273.31
cilovy,0,1,-682.01
cilovy,0,2,-650.34
cilovy,0,3,-28.83
cilovy,0,4,-356.58
cilovy,0,5,368.62
cilovy,0,6,-282.85
cilovy,0,7,-550.65
cilovy,0,8,-90.17
cilovy,0,9,-27.77
cilovy,0,10,-212.82
cilovy,0,11,-277.67
cilovy,0,12,659.45
cilovy,1,1,-800.0
cilovy,1,2,-462.98
cilovy,1,3,273.52
cilovy,1,4,216.95
cilovy,1,5,-35.68
cilovy,1,6,92.97
cilovy,1,7,-235.83
cilovy,1,8,-90.96
cilovy,1,9,590.9
cilovy,1,10,90.15
cilovy,1,11,-220.76
cilovy,1,12,551.23
cilovy,2,1,-407.57
cilovy,2,2,-716.65
cilovy,2,3,-390.91
cilovy,2,4,-84.87
cilovy,2,5,247.78
cilovy,2,6,-304.68
cilovy,2,7,163.54
cilovy,2,8,-431.74
cilovy,2,9,370.67
cilovy,2,10,-379.82
cilovy,2,11,86.85
cilovy,2,12,36.47
cilovy,3,1,-482.43
cilovy,3,2,-623.81
cilovy,3,3,-491.33
cilovy,3,4,-162.27
cilovy,3,5,-218.86
cilovy,3,6,-103.66
cilovy,3,7,-99.38
cilovy,3,8,-513.54
cilovy,3,9,149.76
cilovy,3,10,-446.23
cilovy,3,11,238.04
cilovy,3,12,325.07
cilovy,4,1,-445.57
cilovy,4,2,-429.04
cilovy,4,3,-303.45
cilovy,4,4,-172.01
cilovy,4,5,-195.24
cilovy,4,6,826.32
cilovy,4,7,-227.32
cilovy,4,8,400.14
cilovy,4,9,366.13
cilovy,4,10,-336.38
cilovy,4,11,251.31
cilovy,4,12,-159.12
cilovy,5,1,-640.02
cilovy,5,2,-488.8
cilovy,5,3,-125.28
cilovy,5,4,-12.24
cilovy,5,5,58.97
cilovy,5,6,320.78
cilovy,5,7,153.44
cilovy,5,8,651.27
cilovy,5,9,346.07
cilovy,5,10,-187.2
cilovy,5,11,-157.25
cilovy,5,12,323.23
cilovy,6,1,-800.0
cilovy,6,2,-689.27
cilovy,6,3,-648.51
cilovy,6,4,134.21
cilovy,6,5,272.39
cilovy,6,6,-152.9
cilovy,6,7,332.39
cilovy,6,8,-252.86
cilovy,6,9,288.05
cilovy,6,10,-522.54
cilovy,6,11,-50.13
cilovy,6,12,322.8
cilovy,7,1,-633.61
cilovy,7,2,-363.32
cilovy,7,3,-136.08
cilovy,7,4,-78.09
cilovy,7,5,116.19
cilovy,7,6,-205.47
cilovy,7,7,133.92
cilovy,7,8,347.62
cilovy,7,9,1196.8
cilovy,7,10,381.25
cilovy,7,11,-388.44
cilovy,7,12,63.11
cilovy,8,1,-627.39
cilovy,8,2,-418.98
cilovy,8,3,-508.75
cilovy,8,4,-51.48
cilovy,8,5,352.79
cilovy,8,6,-87.76
cilovy,8,7,199.36
cilovy,8,8,-114.24
cilovy,8,9,-46.04
cilovy,8,10,65.01
cilovy,8,11,102.32
cilovy,8,12,156.33
cilovy,9,1,-642.42
cilovy,9,2,-247.25
cilovy,9,3,-54.33
cilovy,9,4,-525.53
cilovy,9,5,-462.52
cilovy,9,6,455.19
cilovy,9,7,-448.68
cilovy,9,8,500.08
cilovy,9,9,160.19
cilovy,9,10,-218.62
cilovy,9,11,-98.84
cilovy,9,12,-173.04
cilovy,10,1,-423.35
cilovy,10,2,-471.68
cilovy,10,3,-179.39
cilovy,10,4,10.49
cilovy,10,5,-73.37
cilovy,10,6,912.82
cilovy,10,7,-255.52
cilovy,10,8,-399.98
cilovy,10,9,296.38
cilovy,10,10,-389.28
cilovy,10,11,92.28
cilovy,10,12,-468.33
cilovy,11,1,-546.17
cilovy,11,2,-508.3
cilovy,11,3,-550.79
cilovy,11,4,-145.7
cilovy,11,5,13.32
cilovy,11,6,79.5
cilovy,11,7,229.47
cilovy,11,8,-43.72
cilovy,11,9,-85.47
cilovy,11,10,95.46
cilovy,11,11,114.13
cilovy,11,12,423.74
cilovy,12,1,-620.67
cilovy,12,2,-512.7
cilovy,12,3,-363.68
cilovy,12,4,-613.99
cilovy,12,5,-410.01
cilovy,12,6,-509.46
cilovy,12,7,-73.64
cilovy,12,8,-179.62
cilovy,12,9,-124.93
cilovy,12,10,-96.42
cilovy,12,11,408.47
cilovy,12,12,216.06
cilovy,13,1,-800.0
cilovy,13,2,-440.83
cilovy,13,3,-77.73
cilovy,13,4,-136.07
cilovy,13,5,-526.11
cilovy,13,6,275.94
cilovy,13,7,-252.99
cilovy,13,8,815.48
cilovy,13,9,258.0
cilovy,13,10,374.57
cilovy,13,11,1.49
cilovy,13,12,420.26
cilovy,14,1,-373.76
cilovy,14,2,46.35
cilovy,14,3,135.19
cilovy,14,4,-146.95
cilovy,14,5,-629.28
cilovy,14,6,-171.94
cilovy,14,7,-252.67
cilovy,14,8,135.7
cilovy,14,9,167.82
cilovy,14,10,213.66
cilovy,14,11,168.61
cilovy,14,12,194.65
cilovy,15,1,-579.71
cilovy,15,2,-651.58
cilovy,15,3,72.26
cilovy,15,4,-455.51
cilovy,15,5,96.45
cilovy,15,6,0.23
cilovy,15,7,11.95
cilovy,15,8,163.55
cilovy,15,9,504.28
cilovy,15,10,-34.65
cilovy,15,11,844.65
cilovy,15,12,786.08
cilovy,16,1,-350.07
cilovy,16,2,-380.5
cilovy,16,3,-183.13
cilovy,16,4,-31.95
cilovy,16,5,-198.25
cilovy,16,6,397.24
cilovy,16,7,421.62
cilovy,16,8,-556.05
cilovy,16,9,-123.9
cilovy,16,10,221.86
cilovy,16,11,-414.3
cilovy,16,12,123.38
cilovy,17,1,-735.79
cilovy,17,2,-453.86
cilovy,17,3,-385.71
cilovy,17,4,-168.38
cilovy,17,5,693.48
cilovy,17,6,477.19
cilovy,17,7,-106.46
cilovy,17,8,-116.04
cilovy,17,9,-57.8
cilovy,17,10,1003.72
cilovy,17,11,333.29
cilovy,17,12,683.05
cilovy,18,1,-438.15
cilovy,18,2,-416.45
cilovy,18,3,-575.16
cilovy,18,4,22.68
cilovy,18,5,-22.88
cilovy,18,6,54.88
cilovy,18,7,-283.71
cilovy,18,8,-289.96
cilovy,18,9,444.41
cilovy,18,10,36.31
cilovy,18,11,167.6
cilovy,18,12,231.79
cilovy,19,1,-756.78
cilovy,19,2,-123.03
cilovy,19,3,299.88
cilovy,19,4,-319.44
cilovy,19,5,-399.88
cilovy,19,6,-43.62
cilovy,19,7,-256.75
cilovy,19,8,-307.03
cilovy,19,9,-113.16
cilovy,19,10,-4.15
cilovy,19,11,180.12
cilovy,19,12,657.57
cilovy,20,1,-514.47
cilovy,20,2,-438.8
cilovy,20,3,-280.19
cilovy,20,4,-685.75
cilovy,20,5,33.09
cilovy,20,6,356.85
cilovy,20,7,-191.01
cilovy,20,8,-180.93
cilovy,20,9,491.43
cilovy,20,10,387.04
cilovy,20,11,392.12
cilovy,20,12,860.2
cilovy,21,1,-411.72
cilovy,21,2,-352.67
cilovy,21,3,-366.47
cilovy,21,4,-239.95
cilovy,21,5,-381.55
cilovy,21,6,-202.8
cilovy,21,7,542.33
cilovy,21,8,60.76
cilovy,21,9,303.68
cilovy,21,10,-231.73
cilovy,21,11,538.56
cilovy,21,12,-211.95
cilovy,22,1,-777.53
cilovy,22,2,-587.96
cilovy,22,3,130.34
cilovy,22,4,397.08
cilovy,22,5,-278.25
cilovy,22,6,168.06
cilovy,22,7,309.06
cilovy,22,8,339.32
cilovy,22,9,319.63
cilovy,22,10,275.01
cilovy,22,11,574.96
cilovy,22,12,-324.75
cilovy,23,1,-329.86
cilovy,23,2,-524.55
cilovy,23,3,243.32
cilovy,23,4,-215.1
cilovy,23,5,-431.92
cilovy,23,6,163.88
cilovy,23,7,-273.33
cilovy,23,8,-197.86
cilovy,23,9,367.8
cilovy,23,10,-452.38
cilovy,23,11,-469.03
cilovy,23,12,-177.49
cilovy,24,1,-714.69
cilovy,24,2,-646.89
cilovy,24,3,-71.6
cilovy,24,4,-277.91
cilovy,24,5,44.68
cilovy,24,6,59.69
cilovy,24,7,-398.91
cilovy,24,8,325.06
cilovy,24,9,164.39
cilovy,24,10,-63.35
cilovy,24,11,163.33
cilovy,24,12,367.56
cilovy,25,1,-489.33
cilovy,25,2,-650.04
cilovy,25,3,-365.01
cilovy,25,4,-248.09
cilovy,25,5,-780.06
cilovy,25,6,180.91
cilovy,25,7,503.04
cilovy,25,8,352.33
cilovy,25,9,141.9
cilovy,25,10,-85.09
cilovy,25,11,200.5
cilovy,25,12,764.92
cilovy,26,1,-538.79
cilovy,26,2,-720.04
cilovy,26,3,-136.27
cilovy,26,4,-394.03
cilovy,26,5,-343.99
cilovy,26,6,395.85
cilovy,26,7,-144.89
cilovy,26,8,-25.4
cilovy,26,9,385.46
cilovy,26,10,-345.28
cilovy,26,11,-61.52
cilovy,26,12,-287.87
cilovy,27,1,-620.87
cilovy,27,2,-446.73
cilovy,27,3,-372.57
cilovy,27,4,-277.47
cilovy,27,5,-44.14
cilovy,27,6,504.45
cilovy,27,7,-248.01
cilovy,27,8,-360.72
cilovy,27,9,-116.08
cilovy,27,10,-154.46
cilovy,27,11,444.97
cilovy,27,12,-123.28
cilovy,28,1,-808.0
cilovy,28,2,-332.72
cilovy,28,3,-275.61
cilovy,28,4,-257.19
cilovy,28,5,-127.25
cilovy,28,6,-356.53
cilovy,28,7,114.24
cilovy,28,8,29.51
cilovy,28,9,409.19
cilovy,28,10,-215.43
cilovy,28,11,423.46
cilovy,28,12,-418.26
cilovy,29,1,-800.0
cilovy,29,2,-342.4
cilovy,29,3,-734.61
cilovy,29,4,-300.53
cilovy,29,5,192.69
cilovy,29,6,-338.1
cilovy,29,7,-227.89
cilovy,29,8,-546.49
cilovy,29,9,835.98
cilovy,29,10,-463.18
cilovy,29,11,196.2
cilovy,29,12,1025.36
cilovy,30,1,-702.26
cilovy,30,2,-367.57
cilovy,30,3,-113.82
cilovy,30,4,-183.0
cilovy,30,5,-298.91
cilovy,30,6,-38.93
cilovy,30,7,326.8
cilovy,30,8,191.62
cilovy,30,9,-77.22
cilovy,30,10,132.86
cilovy,30,11,280.79
cilovy,30,12,-77.09
cilovy,31,1,-456.4
cilovy,31,2,-462.49
cilovy,31,3,-404.03
cilovy,31,4,216.23
cilovy,31,5,-46.9
cilovy,31,6,-0.65
cilovy,31,7,-178.5
cilovy,31,8,-324.07
cilovy,31,9,-4.21
cilovy,31,10,-20.37
cilovy,31,11,-81.95
cilovy,31,12,122.9
cilovy,32,1,-630.78
cilovy,32,2,-218.73
cilovy,32,3,-13.03
cilovy,32,4,-437.97
cilovy,32,5,-180.74
cilovy,32,6,30.65
cilovy,32,7,29.6
cilovy,32,8,-336.65
cilovy,32,9,235.53
cilovy,32,10,-201.87
cilovy,32,11,-71.18
cilovy,32,12,487.52
cilovy,33,1,-569.23
cilovy,33,2,-621.08
cilovy,33,3,229.91
cilovy,33,4,-302.52
cilovy,33,5,-261.07
cilovy,33,6,-169.82
cilovy,33,7,-429.2
cilovy,33,8,512.27
cilovy,33,9,43.55
cilovy,33,10,-119.71
cilovy,33,11,-348.51
cilovy,33,12,271.31
cilovy,34,1,-734.1
cilovy,34,2,-563.51
cilovy,34,3,-273.01
cilovy,34,4,-150.24
cilovy,34,5,-532.22
cilovy,34,6,-437.34
cilovy,34,7,-243.57
cilovy,34,8,351.39
cilovy,34,9,370.63
cilovy,34,10,187.03
cilovy,34,11,90.53
cilovy,34,12,373.31
cilovy,35,1,-448.52
cilovy,35,2,-466.93
cilovy,35,3,-314.1
cilovy,35,4,-751.5
cilovy,35,5,-512.85
cilovy,35,6,210.15
cilovy,35,7,480.19
cilovy,35,8,-19.86
cilovy,35,9,198.94
cilovy,35,10,-44.57
cilovy,35,11,-92.21
cilovy,35,12,-97.82
cilovy,36,1,-355.12
cilovy,36,2,-442.64
cilovy,36,3,-127.27
cilovy,36,4,-226.31
cilovy,36,5,-303.55
cilovy,36,6,151.4
cilovy,36,7,453.47
cilovy,36,8,-435.69
cilovy,36,9,-363.14
cilovy,36,10,289.84
cilovy,36,11,-292.09
cilovy,36,12,12.63
cilovy,37,1,-684.54
cilovy,37,2,-366.2
cilovy,37,3,-530.67
cilovy,37,4,-381.89
cilovy,37,5,28.8
cilovy,37,6,-98.83
cilovy,37,7,129.79
cilovy,37,8,152.71
cilovy,37,9,166.97
cilovy,37,10,204.55
cilovy,37,11,-630.34
cilovy,37,12,1030.33
cilovy,38,1,-568.07
cilovy,38,2,-601.07
cilovy,38,3,-620.38
cilovy,38,4,-658.01
cilovy,38,5,-100.37
cilovy,38,6,142.46
cilovy,38,7,205.17
cilovy,38,8,-518.46
cilovy,38,9,499.75
cilovy,38,10,-47.66
cilovy,38,11,-275.03
cilovy,38,12,159.1
cilovy,39,1,-701.95
cilovy,39,2,-655.91
cilovy,39,3,-250.93
cilovy,39,4,-157.8
cilovy,39,5,-200.58
cilovy,39,6,-232.66
cilovy,39,7,-290.61
cilovy,39,8,71.99
cilovy,39,9,297.36
cilovy,39,10,579.55
cilovy,39,11,-501.15
cilovy,39,12,51.62
cilovy,40,1,-761.71
cilovy,40,2,-588.92
cilovy,40,3,-141.32
cilovy,40,4,-144.64
cilovy,40,5,-344.41
cilovy,40,6,64.66
cilovy,40,7,-90.44
cilovy,40,8,-32.17
cilovy,40,9,-93.59
cilovy,40,10,118.43
cilovy,40,11,397.28
cilovy,40,12,250.31
cilovy,41,1,-773.55
cilovy,41,2,-537.21
cilovy,41,3,-625.48
cilovy,41,4,115.15
cilovy,41,5,219.4
cilovy,41,6,-85.96
cilovy,41,7,-194.34
cilovy,41,8,-391.67
cilovy,41,9,170.6
cilovy,41,10,252.28
cilovy,41,11,255.26
cilovy,41,12,464.29
cilovy,42,1,-743.77
cilovy,42,2,-472.75
cilovy,42,3,-7.68
cilovy,42,4,-137.64
cilovy,42,5,-286.36
cilovy,42,6,38.31
cilovy,42,7,-618.35
cilovy,42,8,351.71
cilovy,42,9,135.49
cilovy,42,10,-231.34
cilovy,42,11,-54.36
cilovy,42,12,291.21
cilovy,43,1,-604.9
cilovy,43,2,-420.23
cilovy,43,3,-193.27
cilovy,43,4,-336.8
cilovy,43,5,-75.94
cilovy,43,6,-35.97
cilovy,43,7,-265.54
cilovy,43,8,72.23
cilovy,43,9,-103.24
cilovy,43,10,701.66
cilovy,43,11,206.74
cilovy,43,12,-245.13
cilovy,44,1,-235.7
cilovy,44,2,-325.81
cilovy,44,3,-98.45
cilovy,44,4,-293.25
cilovy,44,5,241.08
cilovy,44,6,-410.08
cilovy,44,7,403.05
cilovy,44,8,119.24
cilovy,44,9,801.36
cilovy,44,10,-187.74
cilovy,44,11,93.94
cilovy,44,12,-73.37
cilovy,45,1,-510.38
cilovy,45,2,-414.29
cilovy,45,3,-414.66
cilovy,45,4,-622.42
cilovy,45,5,676.36
cilovy,45,6,134.47
cilovy,45,7,-432.45
cilovy,45,8,220.77
cilovy,45,9,-30.62
cilovy,45,10,149.56
cilovy,45,11,246.18
cilovy,45,12,638.48
cilovy,46,1,-285.52
cilovy,46,2,-109.05
cilovy,46,3,-134.4
cilovy,46,4,-59.91
cilovy,46,5,97.63
cilovy,46,6,147.6
cilovy,46,7,-306.97
cilovy,46,8,-31.79
cilovy,46,9,169.58
cilovy,46,10,-90.01
cilovy,46,11,218.27
cilovy,46,12,1033.58
cilovy,47,1,-506.28
cilovy,47,2,-427.09
cilovy,47,3,-526.03
cilovy,47,4,-40.86
cilovy,47,5,-29.82
cilovy,47,6,538.54
cilovy,47,7,32.28
cilovy,47,8,-151.11
cilovy,47,9,-141.33
cilovy,47,10,-255.0
cilovy,47,11,274.28
cilovy,47,12,56.42
cilovy,48,1,-511.49
cilovy,48,2,-333.27
cilovy,48,3,-277.76
cilovy,48,4,-256.8
cilovy,48,5,-566.72
cilovy,48,6,179.56
cilovy,48,7,-26.78
cilovy,48,8,120.21
cilovy,48,9,-75.17
cilovy,48,10,384.41
cilovy,48,11,15.34
cilovy,48,12,139.17
cilovy,49,1,-800.0
cilovy,49,2,-396.32
cilovy,49,3,-493.62
cilovy,49,4,-68.3
cilovy,49,5,-248.92
cilovy,49,6,-216.29
cilovy,49,7,-97.83
cilovy,49,8,534.54
cilovy,49,9,-235.73
cilovy,49,10,-492.72
cilovy,49,11,82.56
cilovy,49,12,-7.82
cilovy,50,1,-719.27
cilovy,50,2,-424.74
cilovy,50,3,-200.56
cilovy,50,4,-75.98
cilovy,50,5,71.62
cilovy,50,6,-585.42
cilovy,50,7,661.44
cilovy,50,8,-187.5
cilovy,50,9,259.92
cilovy,50,10,-58.09
cilovy,50,11,255.85
cilovy,50,12,490.91
cilovy,51,1,-742.14
cilovy,51,2,112.62
cilovy,51,3,-644.04
cilovy,51,4,-422.12
cilovy,51,5,2.77
cilovy,51,6,-210.59
cilovy,51,7,-145.38
cilovy,51,8,607.63
cilovy,51,9,-421.14
cilovy,51,10,-421.87
cilovy,51,11,426.81
cilovy,51,12,595.46
cilovy,52,1,-800.0
cilovy,52,2,-340.26
cilovy,52,3,-646.74
cilovy,52,4,-326.95
cilovy,52,5,-218.5
cilovy,52,6,30.82
cilovy,52,7,-168.72
cilovy,52,8,68.47
cilovy,52,9,529.12
cilovy,52,10,-185.64
cilovy,52,11,127.6
cilovy,52,12,459.48
cilovy,53,1,-721.92
cilovy,53,2,-322.58
cilovy,53,3,147.54
cilovy,53,4,-454.17
cilovy,53,5,52.68
cilovy,53,6,488.71
cilovy,53,7,317.09
cilovy,53,8,-449.77
cilovy,53,9,520.11
cilovy,53,10,-102.96
cilovy,53,11,12.55
cilovy,53,12,533.48
cilovy,54,1,-724.26
cilovy,54,2,-714.38
cilovy,54,3,61.78
cilovy,54,4,-40.25
cilovy,54,5,-119.21
cilovy,54,6,1020.5
cilovy,54,7,-36.33
cilovy,54,8,99.22
cilovy,54,9,284.3
cilovy,54,10,31.07
cilovy,54,11,-165.04
cilovy,54,12,559.37
cilovy,55,1,-400.56
cilovy,55,2,-581.78
cilovy,55,3,-303.8
cilovy,55,4,-366.95
cilovy,55,5,-180.32
cilovy,55,6,290.9
cilovy,55,7,252.09
cilovy,55,8,-171.79
cilovy,55,9,937.45
cilovy,55,10,682.89
cilovy,55,11,-294.79
cilovy,55,12,791.65
cilovy,56,1,-642.89
cilovy,56,2,-500.21
cilovy,56,3,-459.59
cilovy,56,4,-294.37
cilovy,56,5,-479.26
cilovy,56,6,55.25
cilovy,56,7,11.53
cilovy,56,8,106.66
cilovy,56,9,249.66
cilovy,56,10,-475.58
cilovy,56,11,770.89
cilovy,56,12,-31.85
cilovy,57,1,-778.75
cilovy,57,2,-439.54
cilovy,57,3,-564.74
cilovy,57,4,-271.86
cilovy,57,5,-607.58
cilovy,57,6,-388.16
cilovy,57,7,-165.85
cilovy,57,8,220.66
cilovy,57,9,27.22
cilovy,57,10,-478.5
cilovy,57,11,-357.55
cilovy,57,12,144.05
cilovy,58,1,-322.98
cilovy,58,2,-515.82
cilovy,58,3,-244.31
cilovy,58,4,109.64
cilovy,58,5,-415.75
cilovy,58,6,309.94
cilovy,58,7,-125.86
cilovy,58,8,-380.1
cilovy,58,9,373.13
cilovy,58,10,-1.09
cilovy,58,11,625.68
cilovy,58,12,205.37
cilovy,59,1,-800.0
cilovy,59,2,-610.09
cilovy,59,3,-298.83
cilovy,59,4,-5.77
cilovy,59,5,-361.09
cilovy,59,6,-160.11
cilovy,59,7,-209.29
cilovy,59,8,5.81
cilovy,59,9,843.36
cilovy,59,10,-309.8
cilovy,59,11,148.48
cilovy,59,12,632.57
cilovy,60,1,-559.18
cilovy,60,2,-453.71
cilovy,60,3,-586.37
cilovy,60,4,-15.47
cilovy,60,5,-52.79
cilovy,60,6,82.34
cilovy,60,7,-169.33
cilovy,60,8,19.54
cilovy,60,9,691.73
cilovy,60,10,-367.61
cilovy,60,11,42.82
cilovy,60,12,36.89
cilovy,61,1,-671.3
cilovy,61,2,-329.37
cilovy,61,3,262.43
cilovy,61,4,-380.03
cilovy,61,5,-366.69
cilovy,61,6,-356.57
cilovy,61,7,-270.3
cilovy,61,8,18.27
cilovy,61,9,574.62
cilovy,61,10,-474.71
cilovy,61,11,-354.24
cilovy,61,12,-90.5
cilovy,62,1,-501.56
cilovy,62,2,-575.93
cilovy,62,3,-444.43
cilovy,62,4,-688.19
cilovy,62,5,-114.54
cilovy,62,6,31.48
cilovy,62,7,446.81
cilovy,62,8,311.65
cilovy,62,9,521.59
cilovy,62,10,379.16
cilovy,62,11,-149.42
cilovy,62,12,110.8
cilovy,63,1,-761.79
cilovy,63,2,-292.74
cilovy,63,3,-347.99
cilovy,63,4,-478.1
cilovy,63,5,609.82
cilovy,63,6,-9.09
cilovy,63,7,-7.05
cilovy,63,8,2.09
cilovy,63,9,-397.15
cilovy,63,10,-222.42
cilovy,63,11,-135.87
cilovy,63,12,176.23
cilovy,64,1,-499.05
cilovy,64,2,-467.75
cilovy,64,3,-302.39
cilovy,64,4,-186.35
cilovy,64,5,103.83
cilovy,64,6,198.61
cilovy,64,7,859.8
cilovy,64,8,64.09
cilovy,64,9,314.97
cilovy,64,10,-226.77
cilovy,64,11,-119.0
cilovy,64,12,-237.65
cilovy,65,1,-263.11
cilovy,65,2,-289.76
cilovy,65,3,123.99
cilovy,65,4,-121.31
cilovy,65,5,-609.84
cilovy,65,6,-110.71
cilovy,65,7,-602.36
cilovy,65,8,17.06
cilovy,65,9,379.12
cilovy,65,10,336.03
cilovy,65,11,-171.73
cilovy,65,12,526.08
cilovy,66,1,-463.97
cilovy,66,2,-655.77
cilovy,66,3,-80.32
cilovy,66,4,339.21
cilovy,66,5,-114.16
cilovy,66,6,314.62
cilovy,66,7,-611.61
cilovy,66,8,-146.41
cilovy,66,9,765.47
cilovy,66,10,-507.42
cilovy,66,11,485.19
cilovy,66,12,231.09
cilovy,67,1,-303.65
cilovy,67,2,-475.97
cilovy,67,3,-204.95
cilovy,67,4,-333.59
cilovy,67,5,-176.93
cilovy,67,6,-12.5
cilovy,67,7,46.26
cilovy,67,8,-86.58
cilovy,67,9,-81.83
cilovy,67,10,102.28
cilovy,67,11,-201.77
cilovy,67,12,581.1
cilovy,68,1,-626.7
cilovy,68,2,-457.98
cilovy,68,3,-138.08
cilovy,68,4,-137.18
cilovy,68,5,-309.35
cilovy,68,6,558.86
cilovy,68,7,-607.02
cilovy,68,8,-380.42
cilovy,68,9,187.25
cilovy,68,10,-56.15
cilovy,68,11,518.41
cilovy,68,12,290.08
cilovy,69,1,-706.81
cilovy,69,2,-768.95
cilovy,69,3,-11.27
cilovy,69,4,446.5
cilovy,69,5,-353.29
cilovy,69,6,-22.31
cilovy,69,7,-652.68
cilovy,69,8,259.62
cilovy,69,9,-45.5
cilovy,69,10,208.39
cilovy,69,11,442.13
cilovy,69,12,776.92
cilovy,70,1,-732.25
cilovy,70,2,-481.61
cilovy,70,3,4.98
cilovy,70,4,-370.89
cilovy,70,5,-223.95
cilovy,70,6,359.85
cilovy,70,7,163.98
cilovy,70,8,516.99
cilovy,70,9,-167.53
cilovy,70,10,-87.94
cilovy,70,11,-453.35
cilovy,70,12,106.39
cilovy,71,1,-329.45
cilovy,71,2,-683.21
cilovy,71,3,-424.5
cilovy,71,4,-301.0
cilovy,71,5,-500.93
cilovy,71,6,-189.44
cilovy,71,7,-189.73
cilovy,71,8,-30.53
cilovy,71,9,35.43
cilovy,71,10,-106.78
cilovy,71,11,-216.19
cilovy,71,12,598.2
cilovy,72,1,-660.42
cilovy,72,2,-537.27
cilovy,72,3,-308.76
cilovy,72,4,-94.98
cilovy,72,5,502.71
cilovy,72,6,104.51
cilovy,72,7,-54.62
cilovy,72,8,112.67
cilovy,72,9,643.92
cilovy,72,10,-122.83
cilovy,72,11,-317.34
cilovy,72,12,517.05
cilovy,73,1,-496.7
cilovy,73,2,-485.6
cilovy,73,3,169.82
cilovy,73,4,-517.05
cilovy,73,5,-278.75
cilovy,73,6,-327.04
cilovy,73,7,253.57
cilovy,73,8,-461.16
cilovy,73,9,91.31
cilovy,73,10,-183.03
cilovy,73,11,85.7
cilovy,73,12,336.69
cilovy,74,1,-800.0
cilovy,74,2,-308.66
cilovy,74,3,-452.86
cilovy,74,4,-285.94
cilovy,74,5,58.76
cilovy,74,6,374.45
cilovy,74,7,-263.89
cilovy,74,8,34.63
cilovy,74,9,107.42
cilovy,74,10,-7.77
cilovy,74,11,-508.81
cilovy,74,12,386.82
cilovy,75,1,-579.38
cilovy,75,2,-496.6
cilovy,75,3,-33.99
cilovy,75,4,139.23
cilovy,75,5,-37.89
cilovy,75,6,43.23
cilovy,75,7,-330.64
cilovy,75,8,-251.63
cilovy,75,9,134.68
cilovy,75,10,7.9
cilovy,75,11,192.28
cilovy,75,12,-275.15
cilovy,76,1,-753.99
cilovy,76,2,-393.21
cilovy,76,3,665.47
cilovy,76,4,-305.54
cilovy,76,5,-129.41
cilovy,76,6,355.91
cilovy,76,7,286.9
cilovy,76,8,273.79
cilovy,76,9,-47.29
cilovy,76,10,192.86
cilovy,76,11,449.65
cilovy,76,12,766.27
cilovy,77,1,-544.49
cilovy,77,2,-630.48
cilovy,77,3,134.61
cilovy,77,4,-455.8
cilovy,77,5,-255.52
cilovy,77,6,401.98
cilovy,77,7,452.27
cilovy,77,8,92.27
cilovy,77,9,351.58
cilovy,77,10,731.19
cilovy,77,11,-175.62
cilovy,77,12,-210.75
cilovy,78,1,-742.45
cilovy,78,2,-244.26
cilovy,78,3,-332.29
cilovy,78,4,-375.32
cilovy,78,5,-375.51
cilovy,78,6,53.42
cilovy,78,7,5.51
cilovy,78,8,-608.58
cilovy,78,9,518.0
cilovy,78,10,-312.2
cilovy,78,11,415.95
cilovy,78,12,631.1
cilovy,79,1,-613.69
cilovy,79,2,-222.83
cilovy,79,3,-586.03
cilovy,79,4,-476.33
cilovy,79,5,-139.87
cilovy,79,6,321.65
cilovy,79,7,1162.07
cilovy,79,8,-327.47
cilovy,79,9,-102.81
cilovy,79,10,876.22
cilovy,79,11,19.01
cilovy,79,12,245.03
cilovy,80,1,-736.09
cilovy,80,2,-674.99
cilovy,80,3,-78.57
cilovy,80,4,-657.41
cilovy,80,5,-660.11
cilovy,80,6,943.87
cilovy,80,7,92.75
cilovy,80,8,-234.61
cilovy,80,9,-483.61
cilovy,80,10,-357.15
cilovy,80,11,405.43
cilovy,80,12,8.14
cilovy,81,1,-517.85
cilovy,81,2,-199.6
cilovy,81,3,-122.85
cilovy,81,4,-463.64
cilovy,81,5,-366.11
cilovy,81,6,-42.87
cilovy,81,7,-117.87
cilovy,81,8,-244.1
cilovy,81,9,950.45
cilovy,81,10,-134.24
cilovy,81,11,-327.49
cilovy,81,12,55.8
cilovy,82,1,-415.19
cilovy,82,2,-457.81
cilovy,82,3,-510.27
cilovy,82,4,-142.28
cilovy,82,5,20.15
cilovy,82,6,785.08
cilovy,82,7,-50.85
cilovy,82,8,159.54
cilovy,82,9,338.06
cilovy,82,10,-84.83
cilovy,82,11,113.31
cilovy,82,12,-54.35
cilovy,83,1,-401.12
cilovy,83,2,-393.95
cilovy,83,3,8.13
cilovy,83,4,-206.95
cilovy,83,5,-176.22
cilovy,83,6,195.66
cilovy,83,7,-194.38
cilovy,83,8,227.29
cilovy,83,9,-358.77
cilovy,83,10,87.3
cilovy,83,11,-362.9
cilovy,83,12,372.13
cilovy,84,1,-643.46
cilovy,84,2,-383.05
cilovy,84,3,38.72
cilovy,84,4,-89.08
cilovy,84,5,-21.61
cilovy,84,6,62.77
cilovy,84,7,256.39
cilovy,84,8,170.6
cilovy,84,9,299.88
cilovy,84,10,-1.38
cilovy,84,11,15.66
cilovy,84,12,-28.14
cilovy,85,1,-556.64
cilovy,85,2,-405.84
cilovy,85,3,-587.38
cilovy,85,4,106.98
cilovy,85,5,-269.02
cilovy,85,6,112.33
cilovy,85,7,-40.86
cilovy,85,8,19.06
cilovy,85,9,225.04
cilovy,85,10,188.94
cilovy,85,11,-151.47
cilovy,85,12,566.51
cilovy,86,1,-556.44
cilovy,86,2,-742.64
cilovy,86,3,-22.76
cilovy,86,4,-167.13
cilovy,86,5,-284.79
cilovy,86,6,640.12
cilovy,86,7,-233.06
cilovy,86,8,428.03
cilovy,86,9,442.84
cilovy,86,10,-292.78
cilovy,86,11,265.93
cilovy,86,12,-95.57
cilovy,87,1,-386.22
cilovy,87,2,-417.38
cilovy,87,3,-284.12
cilovy,87,4,-327.75
cilovy,87,5,-387.26
cilovy,87,6,-312.64
cilovy,87,7,659.72
cilovy,87,8,-189.29
cilovy,87,9,356.08
cilovy,87,10,-259.64
cilovy,87,11,167.85
cilovy,87,12,657.3
cilovy,88,1,-694.58
cilovy,88,2,-288.7
cilovy,88,3,74.23
cilovy,88,4,-209.27
cilovy,88,5,23.56
cilovy,88,6,318.22
cilovy,88,7,-18.75
cilovy,88,8,-455.53
cilovy,88,9,-557.43
cilovy,88,10,-81.85
cilovy,88,11,256.32
cilovy,88,12,-288.03
cilovy,89,1,-660.06
cilovy,89,2,-315.88
cilovy,89,3,415.01
cilovy,89,4,-364.68
cilovy,89,5,4.49
cilovy,89,6,151.59
cilovy,89,7,-33.65
cilovy,89,8,-8.25
cilovy,89,9,-193.89
cilovy,89,10,-424.71
cilovy,89,11,-337.56
cilovy,89,12,1166.87
cilovy,90,1,-406.71
cilovy,90,2,-515.71
cilovy,90,3,-249.84
cilovy,90,4,-210.83
cilovy,90,5,-175.75
cilovy,90,6,295.9
cilovy,90,7,251.17
cilovy,90,8,-192.56
cilovy,90,9,1.97
cilovy,90,10,295.59
cilovy,90,11,-154.17
cilovy,90,12,1013.04
cilovy,91,1,-518.08
cilovy,91,2,-626.56
cilovy,91,3,-353.93
cilovy,91,4,-171.19
cilovy,91,5,-299.43
cilovy,91,6,-82.09
cilovy,91,7,-11.76
cilovy,91,8,-120.29
cilovy,91,9,-83.17
cilovy,91,10,171.41
cilovy,91,11,-385.9
cilovy,91,12,420.63
cilovy,92,1,-612.44
cilovy,92,2,40.6
cilovy,92,3,-577.53
cilovy,92,4,-293.97
cilovy,92,5,-487.21
cilovy,92,6,653.54
cilovy,92,7,307.57
cilovy,92,8,80.58
cilovy,92,9,129.3
cilovy,92,10,-316.91
cilovy,92,11,800.09
cilovy,92,12,862.5
cilovy,93,1,-661.84
cilovy,93,2,-522.55
cilovy,93,3,-676.84
cilovy,93,4,205.22
cilovy,93,5,51.7
cilovy,93,6,234.15
cilovy,93,7,-561.03
cilovy,93,8,-21.53
cilovy,93,9,732.36
cilovy,93,10,282.64
cilovy,93,11,129.73
cilovy,93,12,368.83
cilovy,94,1,-535.83
cilovy,94,2,-694.63
cilovy,94,3,-432.93
cilovy,94,4,-432.94
cilovy,94,5,-65.51
cilovy,94,6,-493.43
cilovy,94,7,469.0
cilovy,94,8,-504.2
cilovy,94,9,157.92
cilovy,94,10,215.52
cilovy,94,11,81.64
cilovy,94,12,-213.59
cilovy,95,1,-808.0
cilovy,95,2,-578.97
cilovy,95,3,73.59
cilovy,95,4,-273.6
cilovy,95,5,185.69
cilovy,95,6,79.7
cilovy,95,7,-198.78
cilovy,95,8,624.49
cilovy,95,9,417.75
cilovy,95,10,400.66
cilovy,95,11,686.57
cilovy,95,12,31.21
cilovy,96,1,-665.36
cilovy,96,2,-548.35
cilovy,96,3,-207.43
cilovy,96,4,-442.31
cilovy,96,5,-319.48
cilovy,96,6,-159.92
cilovy,96,7,197.01
cilovy,96,8,-388.02
cilovy,96,9,125.91
cilovy,96,10,-68.31
cilovy,96,11,407.25
cilovy,96,12,-422.52
cilovy,97,1,-490.88
cilovy,97,2,-609.22
cilovy,97,3,-133.62
cilovy,97,4,-15.72
cilovy,97,5,-170.57
cilovy,97,6,359.6
cilovy,97,7,-61.51
cilovy,97,8,356.86
cilovy,97,9,357.35
cilovy,97,10,-79.57
cilovy,97,11,499.49
cilovy,97,12,-236.81
cilovy,98,1,-677.41
cilovy,98,2,-558.39
cilovy,98,3,343.34
cilovy,98,4,-421.27
cilovy,98,5,-5.14
cilovy,98,6,247.95
cilovy,98,7,227.96
cilovy,98,8,-263.68
cilovy,98,9,-570.1
cilovy,98,10,244.78
cilovy,98,11,34.1
cilovy,98,12,131.04
cilovy,99,1,-719.48
cilovy,99,2,-372.36
cilovy,99,3,-70.15
cilovy,99,4,-652.58
cilovy,99,5,394.67
cilovy,99,6,494.66
cilovy,99,7,-101.98
cilovy,99,8,-341.13
cilovy,99,9,40.02
cilovy,99,10,-518.6
cilovy,99,11,-237.34
cilovy,99,12,500.67
cilovy,100,1,-333.5
cilovy,100,2,-249.13
cilovy,100,3,-289.24
cilovy,100,4,-277.88
cilovy,100,5,-290.6
cilovy,100,6,133.29
cilovy,100,7,-126.83
cilovy,100,8,18.69
cilovy,100,9,310.2
cilovy,100,10,-250.19
cilovy,100,11,-64.38
cilovy,100,12,281.23
cilovy,101,1,-800.0
cilovy,101,2,-417.63
cilovy,101,3,-548.87
cilovy,101,4,-12.3
cilovy,101,5,-579.69
cilovy,101,6,-4.1
cilovy,101,7,681.34
cilovy,101,8,-73.68
cilovy,101,9,281.37
cilovy,101,10,443.47
cilovy,101,11,591.64
cilovy,101,12,318.84
cilovy,102,1,-698.75
cilovy,102,2,-763.35
cilovy,102,3,-540.52
cilovy,102,4,-439.24
cilovy,102,5,-344.01
cilovy,102,6,-375.33
cilovy,102,7,65.76
cilovy,102,8,575.88
cilovy,102,9,1031.72
cilovy,102,10,201.37
cilovy,102,11,554.4
cilovy,102,12,507.97
cilovy,103,1,-571.65
cilovy,103,2,120.61
cilovy,103,3,221.12
cilovy,103,4,-247.88
cilovy,103,5,-379.62
cilovy,103,6,188.35
cilovy,103,7,-11.75
cilovy,103,8,102.14
cilovy,103,9,175.79
cilovy,103,10,-175.45
cilovy,103,11,-228.13
cilovy,103,12,299.97
cilovy,104,1,-489.26
cilovy,104,2,-461.53
cilovy,104,3,-438.16
cilovy,104,4,196.2
cilovy,104,5,13.15
cilovy,104,6,352.59
cilovy,104,7,-526.59
cilovy,104,8,-154.38
cilovy,104,9,70.6
cilovy,104,10,-39.58
cilovy,104,11,139.64
cilovy,104,12,-524.56
cilovy,105,1,-498.74
cilovy,105,2,-368.45
cilovy,105,3,-175.97
cilovy,105,4,-520.62
cilovy,105,5,-260.59
cilovy,105,6,-62.63
cilovy,105,7,-584.06
cilovy,105,8,246.31
cilovy,105,9,-2.38
cilovy,105,10,25.36
cilovy,105,11,-3.13
cilovy,105,12,665.51
cilovy,106,1,-662.53
cilovy,106,2,-480.68
cilovy,106,3,109.67
cilovy,106,4,625.37
cilovy,106,5,-153.74
cilovy,106,6,-257.2
cilovy,106,7,-213.79
cilovy,106,8,642.09
cilovy,106,9,-292.46
cilovy,106,10,-56.71
cilovy,106,11,193.47
cilovy,106,12,213.06
cilovy,107,1,-447.51
cilovy,107,2,-354.89
cilovy,107,3,-254.87
cilovy,107,4,-461.3
cilovy,107,5,136.99
cilovy,107,6,570.39
cilovy,107,7,-445.44
cilovy,107,8,-423.2
cilovy,107,9,349.16
cilovy,107,10,29.59
cilovy,107,11,1.8
cilovy,107,12,-302.22
cilovy,108,1,-691.16
cilovy,108,2,-784.93
cilovy,108,3,-177.37
cilovy,108,4,-660.39
cilovy,108,5,-165.05
cilovy,108,6,59.31
cilovy,108,7,83.27
cilovy,108,8,438.85
cilovy,108,9,494.8
cilovy,108,10,204.77
cilovy,108,11,219.13
cilovy,108,12,190.47
cilovy,109,1,-484.55
cilovy,109,2,-75.14
cilovy,109,3,332.4
cilovy,109,4,-91.22
cilovy,109,5,-165.67
cilovy,109,6,-337.12
cilovy,109,7,-566.56
cilovy,109,8,-252.47
cilovy,109,9,176.13
cilovy,109,10,-414.21
cilovy,109,11,190.97
cilovy,109,12,-218.22
cilovy,110,1,-441.05
cilovy,110,2,-326.34
cilovy,110,3,-475.15
cilovy,110,4,-220.18
cilovy,110,5,-671.81
cilovy,110,6,14.9
cilovy,110,7,227.69
cilovy,110,8,481.19
cilovy,110,9,466.71
cilovy,110,10,261.23
cilovy,110,11,-81.25
cilovy,110,12,564.41
cilovy,111,1,-445.11
cilovy,111,2,-561.05
cilovy,111,3,-212.21
cilovy,111,4,-37.75
cilovy,111,5,341.56
cilovy,111,6,555.22
cilovy,111,7,32.72
cilovy,111,8,10.72
cilovy,111,9,-29.83
cilovy,111,10,-533.48
cilovy,111,11,-102.92
cilovy,111,12,378.42
cilovy,112,1,-688.19
cilovy,112,2,-384.04
cilovy,112,3,-47.01
cilovy,112,4,12.1
cilovy,112,5,-322.82
cilovy,112,6,1605.95
cilovy,112,7,223.13
cilovy,112,8,-5.76
cilovy,112,9,951.66
cilovy,112,10,1106.33
cilovy,112,11,-475.19
cilovy,112,12,283.73
cilovy,113,1,-482.99
cilovy,113,2,-17.1
cilovy,113,3,-51.15
cilovy,113,4,372.53
cilovy,113,5,-37.55
cilovy,113,6,415.13
cilovy,113,7,-128.78
cilovy,113,8,323.31
cilovy,113,9,-202.11
cilovy,113,10,-222.84
cilovy,113,11,-101.39
cilovy,113,12,486.91
cilovy,114,1,-721.16
cilovy,114,2,-36.64
cilovy,114,3,-490.56
cilovy,114,4,-612.64
cilovy,114,5,-518.54
cilovy,114,6,76.7
cilovy,114,7,-189.85
cilovy,114,8,-346.61
cilovy,114,9,193.96
cilovy,114,10,132.95
cilovy,114,11,-389.45
cilovy,114,12,189.55
cilovy,115,1,-621.53
cilovy,115,2,-305.47
cilovy,115,3,-607.14
cilovy,115,4,-348.42
cilovy,115,5,-518.64
cilovy,115,6,-228.95
cilovy,115,7,-537.92
cilovy,115,8,-344.85
cilovy,115,9,38.95
cilovy,115,10,229.18
cilovy,115,11,-157.43
cilovy,115,12,456.66
cilovy,116,1,-800.0
cilovy,116,2,-704.24
cilovy,116,3,344.14
cilovy,116,4,-117.42
cilovy,116,5,-350.05
cilovy,116,6,284.29
cilovy,116,7,-134.09
cilovy,116,8,193.65
cilovy,116,9,933.44
cilovy,116,10,497.01
cilovy,116,11,-80.82
cilovy,116,12,633.37
cilovy,117,1,-720.42
cilovy,117,2,-449.31
cilovy,117,3,182.87
cilovy,117,4,-378.22
cilovy,117,5,28.55
cilovy,117,6,148.17
cilovy,117,7,93.77
cilovy,117,8,39.1
cilovy,117,9,310.57
cilovy,117,10,-294.61
cilovy,117,11,17.63
cilovy,117,12,6.43
cilovy,118,1,-68.74
cilovy,118,2,-734.05
cilovy,118,3,-101.29
cilovy,118,4,-240.14
cilovy,118,5,159.5
cilovy,118,6,145.84
cilovy,118,7,-91.11
cilovy,118,8,-260.74
cilovy,118,9,630.12
cilovy,118,10,131.22
cilovy,118,11,276.0
cilovy,118,12,71.75
cilovy,119,1,-546.43
cilovy,119,2,-415.91
cilovy,119,3,-358.56
cilovy,119,4,41.05
cilovy,119,5,-450.1
cilovy,119,6,1047.41
cilovy,119,7,-277.83
cilovy,119,8,194.05
cilovy,119,9,-172.28
cilovy,119,10,-61.9
cilovy,119,11,-664.36
cilovy,119,12,-76.88
cilovy,120,1,-800.0
cilovy,120,2,-316.77
cilovy,120,3,-400.49
cilovy,120,4,-173.6
cilovy,120,5,-206.31
cilovy,120,6,38.7
cilovy,120,7,-95.04
cilovy,120,8,-302.52
cilovy,120,9,-245.88
cilovy,120,10,138.02
cilovy,120,11,70.43
cilovy,120,12,190.95
cilovy,121,1,-409.32
cilovy,121,2,-309.06
cilovy,121,3,-266.7
cilovy,121,4,-131.69
cilovy,121,5,92.03
cilovy,121,6,-117.77
cilovy,121,7,-120.02
cilovy,121,8,184.73
cilovy,121,9,498.51
cilovy,121,10,-51.26
cilovy,121,11,-190.14
cilovy,121,12,124.87
cilovy,122,1,-800.0
cilovy,122,2,-266.19
cilovy,122,3,-283.58
cilovy,122,4,-423.65
cilovy,122,5,-134.11
cilovy,122,6,-26.25
cilovy,122,7,55.82
cilovy,122,8,60.24
cilovy,122,9,-269.94
cilovy,122,10,-11.45
cilovy,122,11,10.83
cilovy,122,12,-77.2
cilovy,123,1,-601.3
cilovy,123,2,-626.65
cilovy,123,3,-8.63
cilovy,123,4,-300.92
cilovy,123,5,695.79
cilovy,123,6,1145.87
cilovy,123,7,-337.21
cilovy,123,8,105.68
cilovy,123,9,260.31
cilovy,123,10,-358.79
cilovy,123,11,248.98
cilovy,123,12,64.04
cilovy,124,1,-739.56
cilovy,124,2,-447.78
cilovy,124,3,-226.44
cilovy,124,4,35.16
cilovy,124,5,-68.18
cilovy,124,6,702.23
cilovy,124,7,-295.18
cilovy,124,8,281.85
cilovy,124,9,517.81
cilovy,124,10,-216.52
cilovy,124,11,195.08
cilovy,124,12,146.36
cilovy,125,1,-639.45
cilovy,125,2,-738.25
cilovy,125,3,-210.17
cilovy,125,4,-43.98
cilovy,125,5,-312.77
cilovy,125,6,28.67
cilovy,125,7,-5.94
cilovy,125,8,38.3
cilovy,125,9,495.29
cilovy,125,10,601.54
cilovy,125,11,386.58
cilovy,125,12,642.67
cilovy,126,1,-635.53
cilovy,126,2,-331.01
cilovy,126,3,-11.04
cilovy,126,4,-70.93
cilovy,126,5,-532.35
cilovy,126,6,422.68
cilovy,126,7,-825.2
cilovy,126,8,338.7
cilovy,126,9,696.93
cilovy,126,10,263.47
cilovy,126,11,81.72
cilovy,126,12,425.12
cilovy,127,1,-726.31
cilovy,127,2,-382.21
cilovy,127,3,-385.62
cilovy,127,4,95.8
cilovy,127,5,-309.91
cilovy,127,6,442.42
cilovy,127,7,36.5
cilovy,127,8,-211.4
cilovy,127,9,463.23
cilovy,127,10,180.06
cilovy,127,11,39.58
cilovy,127,12,108.07
cilovy,128,1,-629.0
cilovy,128,2,-384.23
cilovy,128,3,-468.36
cilovy,128,4,-207.68
cilovy,128,5,-481.31
cilovy,128,6,-247.03
cilovy,128,7,-182.83
cilovy,128,8,-542.03
cilovy,128,9,315.08
cilovy,128,10,-51.43
cilovy,128,11,-237.13
cilovy,128,12,-164.29
cilovy,129,1,-450.56
cilovy,129,2,-741.65
cilovy,129,3,309.54
cilovy,129,4,-480.15
cilovy,129,5,-147.88
cilovy,129,6,-18.04
cilovy,129,7,-86.82
cilovy,129,8,-311.9
cilovy,129,9,634.07
cilovy,129,10,157.36
cilovy,129,11,225.66
cilovy,129,12,586.64
cilovy,130,1,-555.85
cilovy,130,2,-717.05
cilovy,130,3,27.38
cilovy,130,4,-262.88
cilovy,130,5,-450.28
cilovy,130,6,53.39
cilovy,130,7,414.71
cilovy,130,8,145.17
cilovy,130,9,-276.22
cilovy,130,10,-280.91
cilovy,130,11,-335.29
cilovy,130,12,-138.6
cilovy,131,1,-457.47
cilovy,131,2,-407.68
cilovy,131,3,-762.44
cilovy,131,4,-142.59
cilovy,131,5,261.89
cilovy,131,6,198.08
cilovy,131,7,209.65
cilovy,131,8,-178.77
cilovy,131,9,400.43
cilovy,131,10,-328.87
cilovy,131,11,333.15
cilovy,131,12,1063.3
cilovy,132,1,-511.65
cilovy,132,2,-728.59
cilovy,132,3,-440.29
cilovy,132,4,-548.98
cilovy,132,5,-211.44
cilovy,132,6,-223.07
cilovy,132,7,-375.12
cilovy,132,8,327.98
cilovy,132,9,726.38
cilovy,132,10,179.93
cilovy,132,11,259.78
cilovy,132,12,524.17
cilovy,133,1,-531.88
cilovy,133,2,-317.77
cilovy,133,3,-332.17
cilovy,133,4,-387.12
cilovy,133,5,-331.48
cilovy,133,6,-36.64
cilovy,133,7,-229.32
cilovy,133,8,361.84
cilovy,133,9,277.29
cilovy,133,10,674.65
cilovy,133,11,565.94
cilovy,133,12,58.48
cilovy,134,1,-610.68
cilovy,134,2,-522.84
cilovy,134,3,-218.58
cilovy,134,4,-564.35
cilovy,134,5,542.91
cilovy,134,6,208.1
cilovy,134,7,257.0
cilovy,134,8,465.62
cilovy,134,9,0.03
cilovy,134,10,798.9
cilovy,134,11,267.23
cilovy,134,12,287.16
cilovy,135,1,-602.33
cilovy,135,2,-248.78
cilovy,135,3,-440.46
cilovy,135,4,-274.28
cilovy,135,5,-68.27
cilovy,135,6,-131.8
cilovy,135,7,329.9
cilovy,135,8,-135.62
cilovy,135,9,-392.24
cilovy,135,10,118.6
cilovy,135,11,-327.37
cilovy,135,12,206.22
cilovy,136,1,-569.75
cilovy,136,2,-800.0
cilovy,136,3,-352.0
cilovy,136,4,-529.47
cilovy,136,5,289.1
cilovy,136,6,167.63
cilovy,136,7,-34.22
cilovy,136,8,412.45
cilovy,136,9,-186.25
cilovy,136,10,-22.87
cilovy,136,11,93.17
cilovy,136,12,616.85
cilovy,137,1,-571.67
cilovy,137,2,-142.03
cilovy,137,3,209.21
cilovy,137,4,108.74
cilovy,137,5,-538.25
cilovy,137,6,310.42
cilovy,137,7,170.82
cilovy,137,8,-470.86
cilovy,137,9,261.66
cilovy,137,10,425.5
cilovy,137,11,-57.58
cilovy,137,12,395.07
cilovy,138,1,-438.41
cilovy,138,2,-432.49
cilovy,138,3,-374.45
cilovy,138,4,301.0
cilovy,138,5,-91.97
cilovy,138,6,589.46
cilovy,138,7,356.04
cilovy,138,8,-103.43
cilovy,138,9,-112.97
cilovy,138,10,-60.99
cilovy,138,11,-121.89
cilovy,138,12,226.07
cilovy,139,1,-447.92
cilovy,139,2,-372.9
cilovy,139,3,-363.75
cilovy,139,4,-418.14
cilovy,139,5,-40.74
cilovy,139,6,-501.3
cilovy,139,7,299.77
cilovy,139,8,-530.67
cilovy,139,9,-181.15
cilovy,139,10,-122.62
cilovy,139,11,-117.61
cilovy,139,12,-224.96
cilovy,140,1,-800.0
cilovy,140,2,13.64
cilovy,140,3,-17.28
cilovy,140,4,-221.22
cilovy,140,5,-192.73
cilovy,140,6,242.57
cilovy,140,7,-153.92
cilovy,140,8,-561.0
cilovy,140,9,183.89
cilovy,140,10,314.4
cilovy,140,11,-257.02
cilovy,140,12,381.16
cilovy,141,1,-479.7
cilovy,141,2,-309.87
cilovy,141,3,-148.43
cilovy,141,4,-20.6
cilovy,141,5,233.65
cilovy,141,6,372.07
cilovy,141,7,-210.67
cilovy,141,8,-415.16
cilovy,141,9,98.74
cilovy,141,10,-364.43
cilovy,141,11,337.95
cilovy,141,12,-157.28
cilovy,142,1,-469.7
cilovy,142,2,-484.01
cilovy,142,3,539.62
cilovy,142,4,-475.37
cilovy,142,5,-681.36
cilovy,142,6,-104.12
cilovy,142,7,191.15
cilovy,142,8,517.56
cilovy,142,9,10.85
cilovy,142,10,-87.65
cilovy,142,11,-200.5
cilovy,142,12,-297.6
cilovy,143,1,-528.4
cilovy,143,2,-478.37
cilovy,143,3,-315.64
cilovy,143,4,-13.45
cilovy,143,5,-284.25
cilovy,143,6,669.41
cilovy,143,7,-340.6
cilovy,143,8,342.78
cilovy,143,9,206.67
cilovy,143,10,298.39
cilovy,143,11,328.65
cilovy,143,12,234.86
cilovy,144,1,-625.4
cilovy,144,2,-526.2
cilovy,144,3,-494.36
cilovy,144,4,-456.8
cilovy,144,5,-579.08
cilovy,144,6,48.91
cilovy,144,7,240.54
cilovy,144,8,-242.16
cilovy,144,9,239.56
cilovy,144,10,21.43
cilovy,144,11,-163.49
cilovy,144,12,236.13
cilovy,145,1,-723.92
cilovy,145,2,-287.97
cilovy,145,3,-439.2
cilovy,145,4,-631.88
cilovy,145,5,-11.94
cilovy,145,6,80.66
cilovy,145,7,-214.31
cilovy,145,8,-538.91
cilovy,145,9,122.39
cilovy,145,10,235.59
cilovy,145,11,-167.07
cilovy,145,12,526.79
cilovy,146,1,-334.59
cilovy,146,2,-352.53
cilovy,146,3,-0.67
cilovy,146,4,-636.8
cilovy,146,5,-305.29
cilovy,146,6,-94.34
cilovy,146,7,281.56
cilovy,146,8,-355.52
cilovy,146,9,668.37
cilovy,146,10,-232.77
cilovy,146,11,744.11
cilovy,146,12,156.41
cilovy,147,1,-685.79
cilovy,147,2,-116.41
cilovy,147,3,-151.18
cilovy,147,4,-18.4
cilovy,147,5,-263.38
cilovy,147,6,-250.08
cilovy,147,7,-42.84
cilovy,147,8,-204.28
cilovy,147,9,1405.18
cilovy,147,10,618.95
cilovy,147,11,-154.33
cilovy,147,12,756.93
cilovy,148,1,-800.0
cilovy,148,2,-500.1
cilovy,148,3,-233.71
cilovy,148,4,-356.33
cilovy,148,5,183.71
cilovy,148,6,-222.35
cilovy,148,7,174.09
cilovy,148,8,-112.62
cilovy,148,9,450.02
cilovy,148,10,343.4
cilovy,148,11,-58.51
cilovy,148,12,744.26
cilovy,149,1,-661.49
cilovy,149,2,41.28
cilovy,149,3,-126.67
cilovy,149,4,122.75
cilovy,149,5,-388.75
cilovy,149,6,310.02
cilovy,149,7,-305.84
cilovy,149,8,-348.51
cilovy,149,9,-54.75
cilovy,149,10,573.88
cilovy,149,11,319.53
cilovy,149,12,-194.5
cilovy,150,1,-328.05
cilovy,150,2,-641.82
cilovy,150,3,-15.25
cilovy,150,4,-97.13
cilovy,150,5,-352.84
cilovy,150,6,-59.26
cilovy,150,7,-576.73
cilovy,150,8,-72.8
cilovy,150,9,529.45
cilovy,150,10,-444.02
cilovy,150,11,644.91
cilovy,150,12,-259.43
cilovy,151,1,-717.24
cilovy,151,2,-561.6
cilovy,151,3,60.92
cilovy,151,4,-41.25
cilovy,151,5,130.02
cilovy,151,6,65.06
cilovy,151,7,81.78
cilovy,151,8,-374.98
cilovy,151,9,261.93
cilovy,151,10,160.74
cilovy,151,11,303.85
cilovy,151,12,268.12
cilovy,152,1,-620.62
cilovy,152,2,-333.75
cilovy,152,3,439.13
cilovy,152,4,-110.3
cilovy,152,5,-402.66
cilovy,152,6,374.14
cilovy,152,7,28.35
cilovy,152,8,-383.39
cilovy,152,9,-171.25
cilovy,152,10,275.01
cilovy,152,11,197.88
cilovy,152,12,-624.44
cilovy,153,1,-800.0
cilovy,153,2,-699.02
cilovy,153,3,-115.85
cilovy,153,4,-453.97
cilovy,153,5,-129.99
cilovy,153,6,-47.08
cilovy,153,7,-463.07
cilovy,153,8,2.19
cilovy,153,9,-54.83
cilovy,153,10,105.07
cilovy,153,11,-90.98
cilovy,153,12,-279.14
cilovy,154,1,-666.52
cilovy,154,2,-430.72
cilovy,154,3,-230.19
cilovy,154,4,-695.78
cilovy,154,5,-468.05
cilovy,154,6,-129.95
cilovy,154,7,-444.28
cilovy,154,8,-210.62
cilovy,154,9,36.88
cilovy,154,10,485.38
cilovy,154,11,115.51
cilovy,154,12,198.95
cilovy,155,1,-581.52
cilovy,155,2,-343.53
cilovy,155,3,171.34
cilovy,155,4,-415.45
cilovy,155,5,41.43
cilovy,155,6,-445.05
cilovy,155,7,-155.73
cilovy,155,8,-121.02
cilovy,155,9,-274.83
cilovy,155,10,-246.98
cilovy,155,11,110.33
cilovy,155,12,419.17
cilovy,156,1,-802.67
cilovy,156,2,-614.0
cilovy,156,3,-295.66
cilovy,156,4,-108.76
cilovy,156,5,-493.96
cilovy,156,6,217.15
cilovy,156,7,316.11
cilovy,156,8,-140.66
cilovy,156,9,308.93
cilovy,156,10,-430.96
cilovy,156,11,0.25
cilovy,156,12,425.87
cilovy,157,1,-646.25
cilovy,157,2,-547.89
cilovy,157,3,-571.36
cilovy,157,4,64.51
cilovy,157,5,-237.31
cilovy,157,6,-207.02
cilovy,157,7,542.96
cilovy,157,8,-276.94
cilovy,157,9,-193.32
cilovy,157,10,-92.29
cilovy,157,11,104.77
cilovy,157,12,117.77
cilovy,158,1,-632.06
cilovy,158,2,-461.36
cilovy,158,3,59.57
cilovy,158,4,-184.6
cilovy,158,5,-37.14
cilovy,158,6,348.1
cilovy,158,7,148.1
cilovy,158,8,-384.13
cilovy,158,9,297.78
cilovy,158,10,-444.07
cilovy,158,11,-173.4
cilovy,158,12,382.75
cilovy,159,1,-800.0
cilovy,159,2,-662.77
cilovy,159,3,-324.13
cilovy,159,4,81.84
cilovy,159,5,17.16
cilovy,159,6,473.39
cilovy,159,7,-154.33
cilovy,159,8,-52.07
cilovy,159,9,-48.65
cilovy,159,10,34.46
cilovy,159,11,-382.06
cilovy,159,12,525.9
cilovy,160,1,-658.03
cilovy,160,2,-358.82
cilovy,160,3,-267.26
cilovy,160,4,-669.25
cilovy,160,5,21.29
cilovy,160,6,223.48
cilovy,160,7,-87.08
cilovy,160,8,1.46
cilovy,160,9,-282.75
cilovy,160,10,-303.03
cilovy,160,11,407.34
cilovy,160,12,479.42
cilovy,161,1,-565.41
cilovy,161,2,-521.56
cilovy,161,3,-214.02
cilovy,161,4,-307.15
cilovy,161,5,-319.71
cilovy,161,6,739.57
cilovy,161,7,-239.49
cilovy,161,8,-350.45
cilovy,161,9,58.81
cilovy,161,10,478.87
cilovy,161,11,-342.22
cilovy,161,12,929.96
cilovy,162,1,-617.24
cilovy,162,2,-8.5
cilovy,162,3,-435.29
cilovy,162,4,44.11
cilovy,162,5,-250.06
cilovy,162,6,-77.92
cilovy,162,7,-102.27
cilovy,162,8,18.43
cilovy,162,9,-414.18
cilovy,162,10,855.96
cilovy,162,11,308.97
cilovy,162,12,142.67
cilovy,163,1,-93.84
cilovy,163,2,41.09
cilovy,163,3,98.79
cilovy,163,4,-354.34
cilovy,163,5,272.12
cilovy,163,6,434.36
cilovy,163,7,306.46
cilovy,163,8,-108.42
cilovy,163,9,121.12
cilovy,163,10,141.43
cilovy,163,11,359.83
cilovy,163,12,-330.38
cilovy,164,1,-709.58
cilovy,164,2,-631.3
cilovy,164,3,85.91
cilovy,164,4,-199.46
cilovy,164,5,-302.87
cilovy,164,6,-169.37
cilovy,164,7,141.11
cilovy,164,8,22.98
cilovy,164,9,-134.19
cilovy,164,10,-425.49
cilovy,164,11,-426.08
cilovy,164,12,281.51
cilovy,165,1,-485.11
cilovy,165,2,-513.75
cilovy,165,3,-238.29
cilovy,165,4,312.48
cilovy,165,5,-73.73
cilovy,165,6,222.65
cilovy,165,7,230.83
cilovy,165,8,266.86
cilovy,165,9,83.52
cilovy,165,10,-32.56
cilovy,165,11,558.59
cilovy,165,12,490.78
cilovy,166,1,-800.0
cilovy,166,2,-607.52
cilovy,166,3,-576.82
cilovy,166,4,-396.12
cilovy,166,5,120.17
cilovy,166,6,-564.81
cilovy,166,7,111.19
cilovy,166,8,-134.29
cilovy,166,9,-13.86
cilovy,166,10,-367.42
cilovy,166,11,392.3
cilovy,166,12,-236.39
cilovy,167,1,-758.66
cilovy,167,2,-549.09
cilovy,167,3,-384.0
cilovy,167,4,-575.87
cilovy,167,5,-122.68
cilovy,167,6,201.37
cilovy,167,7,-158.17
cilovy,167,8,-353.35
cilovy,167,9,120.34
cilovy,167,10,-139.71
cilovy,167,11,268.27
cilovy,167,12,407.43
cilovy,168,1,-628.12
cilovy,168,2,-232.15
cilovy,168,3,-443.99
cilovy,168,4,-45.22
cilovy,168,5,-596.31
cilovy,168,6,279.11
cilovy,168,7,263.32
cilovy,168,8,17.17
cilovy,168,9,-59.47
cilovy,168,10,-239.64
cilovy,168,11,-171.29
cilovy,168,12,-146.88
cilovy,169,1,-401.46
cilovy,169,2,-211.74
cilovy,169,3,-212.92
cilovy,169,4,-168.91
cilovy,169,5,8.02
cilovy,169,6,-113.02
cilovy,169,7,-141.06
cilovy,169,8,96.76
cilovy,169,9,100.38
cilovy,169,10,157.97
cilovy,169,11,113.76
cilovy,169,12,160.51
cilovy,170,1,-673.14
cilovy,170,2,-724.26
cilovy,170,3,273.99
cilovy,170,4,-253.11
cilovy,170,5,219.25
cilovy,170,6,260.29
cilovy,170,7,-303.14
cilovy,170,8,-448.13
cilovy,170,9,92.85
cilovy,170,10,223.3
cilovy,170,11,394.26
cilovy,170,12,-238.53
cilovy,171,1,-698.77
cilovy,171,2,-62.36
cilovy,171,3,-36.91
cilovy,171,4,50.1
cilovy,171,5,-194.53
cilovy,171,6,32.44
cilovy,171,7,-355.76
cilovy,171,8,-50.78
cilovy,171,9,197.67
cilovy,171,10,-190.79
cilovy,171,11,-300.75
cilovy,171,12,235.3
cilovy,172,1,-548.7
cilovy,172,2,-436.27
cilovy,172,3,-133.54
cilovy,172,4,-251.08
cilovy,172,5,-72.3
cilovy,172,6,-287.11
cilovy,172,7,270.82
cilovy,172,8,98.77
cilovy,172,9,235.32
cilovy,172,10,87.21
cilovy,172,11,246.88
cilovy,172,12,-43.02
cilovy,173,1,-275.35
cilovy,173,2,-534.68
cilovy,173,3,-309.42
cilovy,173,4,-503.4
cilovy,173,5,-344.43
cilovy,173,6,222.86
cilovy,173,7,-259.97
cilovy,173,8,20.08
cilovy,173,9,726.63
cilovy,173,10,-43.48
cilovy,173,11,42.04
cilovy,173,12,-281.32
cilovy,174,1,-735.97
cilovy,174,2,-425.09
cilovy,174,3,-255.89
cilovy,174,4,-130.69
cilovy,174,5,-328.37
cilovy,174,6,-95.17
cilovy,174,7,72.2
cilovy,174,8,-303.94
cilovy,174,9,-22.15
cilovy,174,10,177.58
cilovy,174,11,1009.6
cilovy,174,12,809.49
cilovy,175,1,-661.36
cilovy,175,2,-46.5
cilovy,175,3,211.63
cilovy,175,4,125.52
cilovy,175,5,-316.81
cilovy,175,6,-212.52
cilovy,175,7,143.68
cilovy,175,8,-283.79
cilovy,175,9,548.62
cilovy,175,10,715.71
cilovy,175,11,-466.8
cilovy,175,12,703.85
cilovy,176,1,-662.87
cilovy,176,2,-228.26
cilovy,176,3,-528.87
cilovy,176,4,-311.83
cilovy,176,5,-4.87
cilovy,176,6,406.12
cilovy,176,7,284.47
cilovy,176,8,-11.11
cilovy,176,9,-144.53
cilovy,176,10,482.12
cilovy,176,11,-42.21
cilovy,176,12,-446.67
cilovy,177,1,-645.97
cilovy,177,2,-28.14
cilovy,177,3,-35.62
cilovy,177,4,-368.25
cilovy,177,5,221.54
cilovy,177,6,-88.68
cilovy,177,7,91.76
cilovy,177,8,-281.82
cilovy,177,9,666.31
cilovy,177,10,18.15
cilovy,177,11,522.54
cilovy,177,12,7.64
cilovy,178,1,-612.23
cilovy,178,2,-646.26
cilovy,178,3,-323.09
cilovy,178,4,-160.79
cilovy,178,5,-361.1
cilovy,178,6,-141.72
cilovy,178,7,-198.65
cilovy,178,8,36.17
cilovy,178,9,200.68
cilovy,178,10,-269.7
cilovy,178,11,-233.81
cilovy,178,12,101.11
cilovy,179,1,-490.12
cilovy,179,2,-404.63
cilovy,179,3,-523.87
cilovy,179,4,268.21
cilovy,179,5,217.06
cilovy,179,6,481.64
cilovy,179,7,327.09
cilovy,179,8,168.36
cilovy,179,9,137.86
cilovy,179,10,-184.76
cilovy,179,11,189.91
cilovy,179,12,928.32
cilovy,180,1,-359.03
cilovy,180,2,-572.48
cilovy,180,3,-93.4
cilovy,180,4,-470.46
cilovy,180,5,213.38
cilovy,180,6,106.73
cilovy,180,7,203.29
cilovy,180,8,-87.7
cilovy,180,9,235.54
cilovy,180,10,634.44
cilovy,180,11,903.66
cilovy,180,12,240.46
cilovy,181,1,-333.14
cilovy,181,2,-527.99
cilovy,181,3,-138.68
cilovy,181,4,-178.13
cilovy,181,5,-114.08
cilovy,181,6,292.63
cilovy,181,7,-325.92
cilovy,181,8,-262.33
cilovy,181,9,486.46
cilovy,181,10,292.21
cilovy,181,11,58.47
cilovy,181,12,252.42
cilovy,182,1,-606.98
cilovy,182,2,-645.55
cilovy,182,3,-149.74
cilovy,182,4,-203.39
cilovy,182,5,-258.27
cilovy,182,6,-358.85
cilovy,182,7,-168.0
cilovy,182,8,-220.22
cilovy,182,9,471.3
cilovy,182,10,-538.45
cilovy,182,11,-226.78
cilovy,182,12,142.89
cilovy,183,1,-642.15
cilovy,183,2,-290.92
cilovy,183,3,325.04
cilovy,183,4,13.56
cilovy,183,5,-432.13
cilovy,183,6,-91.11
cilovy,183,7,12.78
cilovy,183,8,-214.84
cilovy,183,9,-101.38
cilovy,183,10,30.54
cilovy,183,11,-216.19
cilovy,183,12,608.39
cilovy,184,1,-651.23
cilovy,184,2,-472.22
cilovy,184,3,-243.52
cilovy,184,4,-334.34
cilovy,184,5,236.08
cilovy,184,6,534.06
cilovy,184,7,-336.98
cilovy,184,8,-32.35
cilovy,184,9,334.83
cilovy,184,10,153.72
cilovy,184,11,-265.45
cilovy,184,12,-120.57
cilovy,185,1,-394.67
cilovy,185,2,-421.7
cilovy,185,3,99.32
cilovy,185,4,-352.49
cilovy,185,5,-596.11
cilovy,185,6,613.54
cilovy,185,7,-68.34
cilovy,185,8,-131.06
cilovy,185,9,398.91
cilovy,185,10,-494.53
cilovy,185,11,3.09
cilovy,185,12,-200.17
cilovy,186,1,-800.0
cilovy,186,2,-517.37
cilovy,186,3,-496.36
cilovy,186,4,-437.09
cilovy,186,5,-529.6
cilovy,186,6,588.79
cilovy,186,7,-265.93
cilovy,186,8,448.63
cilovy,186,9,-41.47
cilovy,186,10,-104.15
cilovy,186,11,28.42
cilovy,186,12,188.79
cilovy,187,1,-640.69
cilovy,187,2,-485.67
cilovy,187,3,-487.4
cilovy,187,4,725.81
cilovy,187,5,-594.08
cilovy,187,6,214.86
cilovy,187,7,-209.49
cilovy,187,8,-58.9
cilovy,187,9,-137.81
cilovy,187,10,231.55
cilovy,187,11,554.14
cilovy,187,12,423.31
cilovy,188,1,-717.18
cilovy,188,2,-509.34
cilovy,188,3,-82.01
cilovy,188,4,-234.82
cilovy,188,5,-393.33
cilovy,188,6,31.12
cilovy,188,7,-538.22
cilovy,188,8,72.21
cilovy,188,9,-6.95
cilovy,188,10,-58.3
cilovy,188,11,394.42
cilovy,188,12,700.25
cilovy,189,1,-721.37
cilovy,189,2,-415.9
cilovy,189,3,-206.7
cilovy,189,4,-238.7
cilovy,189,5,-460.02
cilovy,189,6,67.29
cilovy,189,7,-62.24
cilovy,189,8,-221.29
cilovy,189,9,222.12
cilovy,189,10,-360.6
cilovy,189,11,168.65
cilovy,189,12,877.79
cilovy,190,1,-572.98
cilovy,190,2,-539.4
cilovy,190,3,-269.98
cilovy,190,4,-302.15
cilovy,190,5,-279.12
cilovy,190,6,279.39
cilovy,190,7,-266.05
cilovy,190,8,-20.67
cilovy,190,9,1.85
cilovy,190,10,91.32
cilovy,190,11,883.12
cilovy,190,12,233.4
cilovy,191,1,-504.15
cilovy,191,2,-364.98
cilovy,191,3,-705.63
cilovy,191,4,-348.4
cilovy,191,5,-321.46
cilovy,191,6,140.0
cilovy,191,7,-69.57
cilovy,191,8,-59.03
cilovy,191,9,89.14
cilovy,191,10,35.71
cilovy,191,11,-147.08
cilovy,191,12,756.15
cilovy,192,1,-508.78
cilovy,192,2,-654.9
cilovy,192,3,-276.96
cilovy,192,4,-208.66
cilovy,192,5,-425.9
cilovy,192,6,32.51
cilovy,192,7,-243.18
cilovy,192,8,23.82
cilovy,192,9,56.76
cilovy,192,10,-476.03
cilovy,192,11,531.54
cilovy,192,12,222.07
cilovy,193,1,-437.65
cilovy,193,2,-553.68
cilovy,193,3,-339.61
cilovy,193,4,-574.41
cilovy,193,5,367.72
cilovy,193,6,55.75
cilovy,193,7,-361.61
cilovy,193,8,-137.93
cilovy,193,9,90.29
cilovy,193,10,-225.91
cilovy,193,11,-251.9
cilovy,193,12,-224.59
cilovy,194,1,-434.39
cilovy,194,2,-608.14
cilovy,194,3,-474.66
cilovy,194,4,-513.63
cilovy,194,5,-287.75
cilovy,194,6,447.75
cilovy,194,7,718.24
cilovy,194,8,-435.82
cilovy,194,9,78.6
cilovy,194,10,-162.85
cilovy,194,11,583.94
cilovy,194,12,407.58
cilovy,195,1,-800.19
cilovy,195,2,-416.44
cilovy,195,3,-472.34
cilovy,195,4,-57.8
cilovy,195,5,470.0
cilovy,195,6,424.15
cilovy,195,7,-434.67
cilovy,195,8,20.98
cilovy,195,9,71.92
cilovy,195,10,-52.56
cilovy,195,11,288.49
cilovy,195,12,421.89
cilovy,196,1,-379.6
cilovy,196,2,-615.25
cilovy,196,3,484.53
cilovy,196,4,-210.23
cilovy,196,5,-392.31
cilovy,196,6,-457.56
cilovy,196,7,-27.38
cilovy,196,8,107.35
cilovy,196,9,323.08
cilovy,196,10,289.12
cilovy,196,11,741.68
cilovy,196,12,63.27
cilovy,197,1,-761.29
cilovy,197,2,-445.84
cilovy,197,3,-370.96
cilovy,197,4,-596.57
cilovy,197,5,-181.24
cilovy,197,6,230.98
cilovy,197,7,-92.04
cilovy,197,8,548.83
cilovy,197,9,981.79
cilovy,197,10,60.57
cilovy,197,11,193.0
cilovy,197,12,835.96
cilovy,198,1,-705.35
cilovy,198,2,-543.2
cilovy,198,3,-129.22
cilovy,198,4,-398.51
cilovy,198,5,-275.72
cilovy,198,6,473.49
cilovy,198,7,-200.51
cilovy,198,8,-103.85
cilovy,198,9,737.84
cilovy,198,10,410.69
cilovy,198,11,-700.5
cilovy,198,12,-115.31
cilovy,199,1,-626.76
cilovy,199,2,-581.12
cilovy,199,3,-566.36
cilovy,199,4,-125.8
cilovy,199,5,-100.06
cilovy,199,6,92.1
cilovy,199,7,399.09
cilovy,199,8,379.67
cilovy,199,9,1076.67
cilovy,199,10,-194.52
cilovy,199,11,224.79
cilovy,199,12,305.63
cilovy,200,1,-626.8
cilovy,200,2,-289.93
cilovy,200,3,486.99
cilovy,200,4,-37.28
cilovy,200,5,46.07
cilovy,200,6,131.61
cilovy,200,7,412.83
cilovy,200,8,-357.87
cilovy,200,9,-585.51
cilovy,200,10,84.19
cilovy,200,11,83.8
cilovy,200,12,-24.8
cilovy,201,1,-601.66
cilovy,201,2,-646.28
cilovy,201,3,221.91
cilovy,201,4,122.57
cilovy,201,5,-164.28
cilovy,201,6,113.58
cilovy,201,7,350.64
cilovy,201,8,18.86
cilovy,201,9,1261.85
cilovy,201,10,337.0
cilovy,201,11,-133.24
cilovy,201,12,-162.6
cilovy,202,1,-800.0
cilovy,202,2,-420.3
cilovy,202,3,284.96
cilovy,202,4,-286.24
cilovy,202,5,163.19
cilovy,202,6,314.54
cilovy,202,7,-12.39
cilovy,202,8,-119.77
cilovy,202,9,0.49
cilovy,202,10,5.4
cilovy,202,11,351.94
cilovy,202,12,-225.72
cilovy,203,1,-472.73
cilovy,203,2,-359.7
cilovy,203,3,550.12
cilovy,203,4,-203.16
cilovy,203,5,-37.13
cilovy,203,6,131.64
cilovy,203,7,-38.22
cilovy,203,8,-365.34
cilovy,203,9,136.06
cilovy,203,10,-413.86
cilovy,203,11,178.93
cilovy,203,12,995.99
cilovy,204,1,-633.46
cilovy,204,2,-210.46
cilovy,204,3,-407.86
cilovy,204,4,-226.51
cilovy,204,5,-192.01
cilovy,204,6,-89.23
cilovy,204,7,285.92
cilovy,204,8,-215.27
cilovy,204,9,547.88
cilovy,204,10,241.38
cilovy,204,11,92.53
cilovy,204,12,186.2
cilovy,205,1,-484.81
cilovy,205,2,-207.33
cilovy,205,3,-102.45
cilovy,205,4,-47.34
cilovy,205,5,-221.17
cilovy,205,6,-398.26
cilovy,205,7,-194.55
cilovy,205,8,-107.67
cilovy,205,9,-68.72
cilovy,205,10,-526.33
cilovy,205,11,-53.47
cilovy,205,12,292.72
cilovy,206,1,-381.44
cilovy,206,2,-366.24
cilovy,206,3,-152.37
cilovy,206,4,-178.06
cilovy,206,5,205.23
cilovy,206,6,260.98
cilovy,206,7,306.1
cilovy,206,8,-31.39
cilovy,206,9,245.92
cilovy,206,10,50.93
cilovy,206,11,630.03
cilovy,206,12,689.02
cilovy,207,1,-622.7
cilovy,207,2,-560.91
cilovy,207,3,-252.45
cilovy,207,4,-305.01
cilovy,207,5,-278.0
cilovy,207,6,167.15
cilovy,207,7,-340.89
cilovy,207,8,44.62
cilovy,207,9,225.26
cilovy,207,10,-121.34
cilovy,207,11,-173.09
cilovy,207,12,221.12
cilovy,208,1,-411.91
cilovy,208,2,-710.42
cilovy,208,3,41.39
cilovy,208,4,-629.8
cilovy,208,5,765.33
cilovy,208,6,-197.64
cilovy,208,7,-503.65
cilovy,208,8,-188.29
cilovy,208,9,402.07
cilovy,208,10,-402.9
cilovy,208,11,-550.41
cilovy,208,12,421.76
cilovy,209,1,-387.04
cilovy,209,2,-504.76
cilovy,209,3,-177.11
cilovy,209,4,-118.8
cilovy,209,5,-69.31
cilovy,209,6,700.96
cilovy,209,7,192.34
cilovy,209,8,-62.02
cilovy,209,9,75.96
cilovy,209,10,156.44
cilovy,209,11,-76.33
cilovy,209,12,434.11
cilovy,210,1,-733.56
cilovy,210,2,-473.14
cilovy,210,3,-225.17
cilovy,210,4,-549.9
cilovy,210,5,-137.51
cilovy,210,6,-265.51
cilovy,210,7,638.24
cilovy,210,8,-475.5
cilovy,210,9,121.52
cilovy,210,10,-427.59
cilovy,210,11,-480.38
cilovy,210,12,-286.73
cilovy,211,1,-501.3
cilovy,211,2,-578.29
cilovy,211,3,37.69
cilovy,211,4,-389.24
cilovy,211,5,457.91
cilovy,211,6,-136.83
cilovy,211,7,-73.11
cilovy,211,8,-647.37
cilovy,211,9,561.24
cilovy,211,10,-5.94
cilovy,211,11,-112.46
cilovy,211,12,1095.65
cilovy,212,1,-680.6
cilovy,212,2,-535.87
cilovy,212,3,-77.17
cilovy,212,4,-353.85
cilovy,212,5,-466.57
cilovy,212,6,-149.97
cilovy,212,7,-548.19
cilovy,212,8,-231.12
cilovy,212,9,-299.17
cilovy,212,10,17.48
cilovy,212,11,-333.5
cilovy,212,12,372.22
cilovy,213,1,-800.0
cilovy,213,2,-292.86
cilovy,213,3,-252.39
cilovy,213,4,-196.19
cilovy,213,5,133.23
cilovy,213,6,-144.25
cilovy,213,7,-243.42
cilovy,213,8,-483.58
cilovy,213,9,-258.46
cilovy,213,10,16.16
cilovy,213,11,-350.13
cilovy,213,12,501.11
cilovy,214,1,-723.08
cilovy,214,2,-222.87
cilovy,214,3,-48.69
cilovy,214,4,-407.07
cilovy,214,5,-180.53
cilovy,214,6,-35.06
cilovy,214,7,-147.98
cilovy,214,8,-47.17
cilovy,214,9,450.41
cilovy,214,10,389.36
cilovy,214,11,-106.04
cilovy,214,12,251.0
cilovy,215,1,-686.5
cilovy,215,2,-275.53
cilovy,215,3,-104.33
cilovy,215,4,-506.21
cilovy,215,5,329.54
cilovy,215,6,537.74
cilovy,215,7,261.26
cilovy,215,8,-196.75
cilovy,215,9,1052.88
cilovy,215,10,388.19
cilovy,215,11,292.15
cilovy,215,12,347.38
cilovy,216,1,-549.9
cilovy,216,2,-450.69
cilovy,216,3,-420.05
cilovy,216,4,-321.84
cilovy,216,5,-332.69
cilovy,216,6,-34.25
cilovy,216,7,-68.11
cilovy,216,8,-159.4
cilovy,216,9,-300.91
cilovy,216,10,-158.74
cilovy,216,11,71.26
cilovy,216,12,494.46
cilovy,217,1,-734.72
cilovy,217,2,-250.89
cilovy,217,3,-487.7
cilovy,217,4,-636.51
cilovy,217,5,139.49
cilovy,217,6,209.67
cilovy,217,7,-396.52
cilovy,217,8,194.79
cilovy,217,9,461.65
cilovy,217,10,-307.19
cilovy,217,11,135.48
cilovy,217,12,378.95
cilovy,218,1,-354.18
cilovy,218,2,-399.51
cilovy,218,3,98.69
cilovy,218,4,-548.82
cilovy,218,5,-133.83
cilovy,218,6,299.61
cilovy,218,7,-139.39
cilovy,218,8,-563.04
cilovy,218,9,203.73
cilovy,218,10,-42.24
cilovy,218,11,102.43
cilovy,218,12,694.25
cilovy,219,1,-709.0
cilovy,219,2,-743.6
cilovy,219,3,15.87
cilovy,219,4,-221.83
cilovy,219,5,185.11
cilovy,219,6,-196.46
cilovy,219,7,-92.43
cilovy,219,8,-133.37
cilovy,219,9,502.67
cilovy,219,10,-63.99
cilovy,219,11,-303.3
cilovy,219,12,299.26
cilovy,220,1,-677.89
cilovy,220,2,-540.62
cilovy,220,3,-261.81
cilovy,220,4,60.66
cilovy,220,5,-235.78
cilovy,220,6,154.63
cilovy,220,7,-222.78
cilovy,220,8,-422.02
cilovy,220,9,-291.61
cilovy,220,10,957.4
cilovy,220,11,-420.08
cilovy,220,12,390.43
cilovy,221,1,-528.36
cilovy,221,2,-498.49
cilovy,221,3,100.46
cilovy,221,4,69.14
cilovy,221,5,72.27
cilovy,221,6,195.96
cilovy,221,7,-58.31
cilovy,221,8,-37.58
cilovy,221,9,495.03
cilovy,221,10,-436.89
cilovy,221,11,-202.97
cilovy,221,12,504.59
cilovy,222,1,-770.34
cilovy,222,2,-596.28
cilovy,222,3,-483.85
cilovy,222,4,-181.4
cilovy,222,5,-298.79
cilovy,222,6,361.04
cilovy,222,7,184.26
cilovy,222,8,315.54
cilovy,222,9,372.46
cilovy,222,10,395.62
cilovy,222,11,31.98
cilovy,222,12,103.71
cilovy,223,1,-724.21
cilovy,223,2,-524.16
cilovy,223,3,-426.87
cilovy,223,4,-230.19
cilovy,223,5,-113.81
cilovy,223,6,589.26
cilovy,223,7,209.88
cilovy,223,8,600.64
cilovy,223,9,-44.07
cilovy,223,10,63.78
cilovy,223,11,129.71
cilovy,223,12,90.64
cilovy,224,1,-610.43
cilovy,224,2,-372.08
cilovy,224,3,-0.21
cilovy,224,4,-274.33
cilovy,224,5,-621.26
cilovy,224,6,-53.51
cilovy,224,7,-598.06
cilovy,224,8,256.56
cilovy,224,9,-125.65
cilovy,224,10,-172.82
cilovy,224,11,370.87
cilovy,224,12,125.46
cilovy,225,1,-584.89
cilovy,225,2,-377.3
cilovy,225,3,-455.42
cilovy,225,4,-5.72
cilovy,225,5,65.53
cilovy,225,6,51.64
cilovy,225,7,48.14
cilovy,225,8,-123.07
cilovy,225,9,634.04
cilovy,225,10,125.79
cilovy,225,11,-622.79
cilovy,225,12,360.67
cilovy,226,1,-595.94
cilovy,226,2,-46.06
cilovy,226,3,-437.31
cilovy,226,4,-104.31
cilovy,226,5,-213.66
cilovy,226,6,-393.3
cilovy,226,7,147.32
cilovy,226,8,7.23
cilovy,226,9,-0.91
cilovy,226,10,-187.4
cilovy,226,11,868.45
cilovy,226,12,-73.86
cilovy,227,1,-800.0
cilovy,227,2,-155.25
cilovy,227,3,206.15
cilovy,227,4,135.08
cilovy,227,5,-193.32
cilovy,227,6,-33.39
cilovy,227,7,288.79
cilovy,227,8,-449.5
cilovy,227,9,138.18
cilovy,227,10,-687.34
cilovy,227,11,368.89
cilovy,227,12,577.21
cilovy,228,1,-590.43
cilovy,228,2,-473.58
cilovy,228,3,-11.74
cilovy,228,4,-240.94
cilovy,228,5,-308.75
cilovy,228,6,487.54
cilovy,228,7,211.41
cilovy,228,8,251.52
cilovy,228,9,364.03
cilovy,228,10,-90.51
cilovy,228,11,-382.13
cilovy,228,12,-79.46
cilovy,229,1,-747.29
cilovy,229,2,-354.63
cilovy,229,3,-169.89
cilovy,229,4,-437.36
cilovy,229,5,-382.21
cilovy,229,6,-155.93
cilovy,229,7,62.98
cilovy,229,8,398.02
cilovy,229,9,86.46
cilovy,229,10,-11.83
cilovy,229,11,-66.69
cilovy,229,12,614.47
cilovy,230,1,-483.54
cilovy,230,2,-431.57
cilovy,230,3,-514.87
cilovy,230,4,199.62
cilovy,230,5,85.93
cilovy,230,6,301.0
cilovy,230,7,-158.14
cilovy,230,8,-259.1
cilovy,230,9,-413.61
cilovy,230,10,-190.16
cilovy,230,11,213.63
cilovy,230,12,-106.65
cilovy,231,1,-800.0
cilovy,231,2,-279.42
cilovy,231,3,-501.4
cilovy,231,4,-249.32
cilovy,231,5,-240.92
cilovy,231,6,15.84
cilovy,231,7,11.57
cilovy,231,8,-123.91
cilovy,231,9,563.16
cilovy,231,10,-40.41
cilovy,231,11,-69.21
cilovy,231,12,-207.4
cilovy,232,1,-648.68
cilovy,232,2,-612.07
cilovy,232,3,-208.64
cilovy,232,4,188.74
cilovy,232,5,34.27
cilovy,232,6,-52.67
cilovy,232,7,66.0
cilovy,232,8,-52.54
cilovy,232,9,22.68
cilovy,232,10,-31.69
cilovy,232,11,254.62
cilovy,232,12,247.62
cilovy,233,1,-589.19
cilovy,233,2,-565.38
cilovy,233,3,207.01
cilovy,233,4,73.64
cilovy,233,5,49.42
cilovy,233,6,191.96
cilovy,233,7,-202.48
cilovy,233,8,194.14
cilovy,233,9,684.37
cilovy,233,10,223.4
cilovy,233,11,99.69
cilovy,233,12,169.45
cilovy,234,1,-800.0
cilovy,234,2,-133.93
cilovy,234,3,-109.88
cilovy,234,4,67.36
cilovy,234,5,-364.85
cilovy,234,6,318.87
cilovy,234,7,-522.3
cilovy,234,8,44.4
cilovy,234,9,-28.52
cilovy,234,10,-458.49
cilovy,234,11,-308.56
cilovy,234,12,483.88
cilovy,235,1,-588.31
cilovy,235,2,-653.97
cilovy,235,3,-337.55
cilovy,235,4,-457.71
cilovy,235,5,-466.88
cilovy,235,6,-93.87
cilovy,235,7,-151.82
cilovy,235,8,466.88
cilovy,235,9,346.58
cilovy,235,10,-209.49
cilovy,235,11,568.33
cilovy,235,12,618.43
cilovy,236,1,-416.37
cilovy,236,2,-804.76
cilovy,236,3,-300.91
cilovy,236,4,-124.69
cilovy,236,5,136.19
cilovy,236,6,558.34
cilovy,236,7,-143.54
cilovy,236,8,58.6
cilovy,236,9,37.33
cilovy,236,10,-339.05
cilovy,236,11,-164.29
cilovy,236,12,595.25
cilovy,237,1,-461.66
cilovy,237,2,-800.0
cilovy,237,3,-514.21
cilovy,237,4,-291.38
cilovy,237,5,243.09
cilovy,237,6,-77.76
cilovy,237,7,-73.61
cilovy,237,8,-384.01
cilovy,237,9,377.69
cilovy,237,10,-167.85
cilovy,237,11,459.42
cilovy,237,12,319.66
cilovy,238,1,-627.28
cilovy,238,2,-389.78
cilovy,238,3,-705.76
cilovy,238,4,32.83
cilovy,238,5,-253.65
cilovy,238,6,416.83
cilovy,238,7,-150.72
cilovy,238,8,4.31
cilovy,238,9,306.68
cilovy,238,10,160.24
cilovy,238,11,-48.98
cilovy,238,12,196.41
cilovy,239,1,-754.09
cilovy,239,2,57.6
cilovy,239,3,-306.04
cilovy,239,4,-96.59
cilovy,239,5,-612.94
cilovy,239,6,295.08
cilovy,239,7,-120.97
cilovy,239,8,173.15
cilovy,239,9,-32.11
cilovy,239,10,290.34
cilovy,239,11,281.73
cilovy,239,12,168.39
cilovy,240,1,-501.68
cilovy,240,2,-630.91
cilovy,240,3,-429.65
cilovy,240,4,23.68
cilovy,240,5,176.36
cilovy,240,6,247.57
cilovy,240,7,153.4
cilovy,240,8,18.19
cilovy,240,9,396.44
cilovy,240,10,308.59
cilovy,240,11,255.34
cilovy,240,12,-7.59
cilovy,241,1,-682.1
cilovy,241,2,-624.64
cilovy,241,3,-544.62
cilovy,241,4,-553.64
cilovy,241,5,71.53
cilovy,241,6,478.98
cilovy,241,7,-34.68
cilovy,241,8,-104.25
cilovy,241,9,297.59
cilovy,241,10,-274.3
cilovy,241,11,335.96
cilovy,241,12,353.59
cilovy,242,1,-631.72
cilovy,242,2,-369.05
cilovy,242,3,-174.36
cilovy,242,4,-317.23
cilovy,242,5,-630.48
cilovy,242,6,-93.82
cilovy,242,7,-5.23
cilovy,242,8,-258.82
cilovy,242,9,315.5
cilovy,242,10,274.07
cilovy,242,11,-233.59
cilovy,242,12,324.57
cilovy,243,1,-434.08
cilovy,243,2,-411.69
cilovy,243,3,-107.69
cilovy,243,4,-49.56
cilovy,243,5,266.08
cilovy,243,6,413.32
cilovy,243,7,7.98
cilovy,243,8,-30.07
cilovy,243,9,-20.06
cilovy,243,10,21.7
cilovy,243,11,-478.86
cilovy,243,12,161.34
cilovy,244,1,-641.84
cilovy,244,2,-662.73
cilovy,244,3,-438.98
cilovy,244,4,-312.7
cilovy,244,5,-491.17
cilovy,244,6,-560.92
cilovy,244,7,-276.78
cilovy,244,8,115.12
cilovy,244,9,229.75
cilovy,244,10,190.7
cilovy,244,11,-554.93
cilovy,244,12,1064.11
cilovy,245,1,-741.16
cilovy,245,2,-524.76
cilovy,245,3,-392.14
cilovy,245,4,-446.57
cilovy,245,5,-129.62
cilovy,245,6,-100.19
cilovy,245,7,157.45
cilovy,245,8,-363.32
cilovy,245,9,156.77
cilovy,245,10,-45.91
cilovy,245,11,-220.45
cilovy,245,12,164.0
cilovy,246,1,-532.44
cilovy,246,2,-472.68
cilovy,246,3,-229.28
cilovy,246,4,-697.74
cilovy,246,5,-73.89
cilovy,246,6,162.77
cilovy,246,7,100.82
cilovy,246,8,-266.17
cilovy,246,9,-21.33
cilovy,246,10,313.0
cilovy,246,11,-74.66
cilovy,246,12,772.91
cilovy,247,1,-594.55
cilovy,247,2,-472.03
cilovy,247,3,-256.73
cilovy,247,4,-109.4
cilovy,247,5,-319.85
cilovy,247,6,-341.92
cilovy,247,7,33.76
cilovy,247,8,6.22
cilovy,247,9,-291.55
cilovy,247,10,-135.49
cilovy,247,11,76.95
cilovy,247,12,-133.9
cilovy,248,1,-738.59
cilovy,248,2,-428.94
cilovy,248,3,-631.21
cilovy,248,4,367.52
cilovy,248,5,-108.46
cilovy,248,6,442.0
cilovy,248,7,-191.69
cilovy,248,8,-378.87
cilovy,248,9,554.58
cilovy,248,10,355.95
cilovy,248,11,381.28
cilovy,248,12,-99.05
cilovy,249,1,-633.72
cilovy,249,2,-567.12
cilovy,249,3,-260.19
cilovy,249,4,-136.59
cilovy,249,5,-93.23
cilovy,249,6,274.31
cilovy,249,7,-90.12
cilovy,249,8,-189.46
cilovy,249,9,514.29
cilovy,249,10,-101.91
cilovy,249,11,-73.14
cilovy,249,12,192.39
cilovy,250,1,-624.46
cilovy,250,2,-669.23
cilovy,250,3,11.88
cilovy,250,4,-238.73
cilovy,250,5,30.66
cilovy,250,6,243.12
cilovy,250,7,-61.28
cilovy,250,8,193.93
cilovy,250,9,174.02
cilovy,250,10,-174.96
cilovy,250,11,-271.5
cilovy,250,12,-25.91
cilovy,251,1,-800.0
cilovy,251,2,-552.25
cilovy,251,3,-176.58
cilovy,251,4,-623.12
cilovy,251,5,-381.35
cilovy,251,6,362.89
cilovy,251,7,-70.84
cilovy,251,8,-458.41
cilovy,251,9,-25.47
cilovy,251,10,-87.87
cilovy,251,11,-360.77
cilovy,251,12,-296.71
cilovy,252,1,-233.41
cilovy,252,2,-312.71
cilovy,252,3,-211.92
cilovy,252,4,-84.09
cilovy,252,5,-558.8
cilovy,252,6,102.64
cilovy,252,7,-1.69
cilovy,252,8,-113.81
cilovy,252,9,-86.97
cilovy,252,10,194.59
cilovy,252,11,-242.13
cilovy,252,12,372.25
cilovy,253,1,-255.57
cilovy,253,2,-555.15
cilovy,253,3,-678.01
cilovy,253,4,210.12
cilovy,253,5,-724.9
cilovy,253,6,698.07
cilovy,253,7,-172.82
cilovy,253,8,36.67
cilovy,253,9,13.29
cilovy,253,10,188.09
cilovy,253,11,-242.88
cilovy,253,12,139.84
cilovy,254,1,-599.32
cilovy,254,2,-287.56
cilovy,254,3,-84.06
cilovy,254,4,284.01
cilovy,254,5,267.08
cilovy,254,6,-350.74
cilovy,254,7,3.92
cilovy,254,8,-55.87
cilovy,254,9,135.28
cilovy,254,10,-131.4
cilovy,254,11,-65.49
cilovy,254,12,-86.76
cilovy,255,1,-604.31
cilovy,255,2,-481.34
cilovy,255,3,-272.85
cilovy,255,4,-421.64
cilovy,255,5,-247.97
cilovy,255,6,172.55
cilovy,255,7,622.9
cilovy,255,8,-10.78
cilovy,255,9,57.35
cilovy,255,10,-154.83
cilovy,255,11,616.82
cilovy,255,12,-53.31
cilovy,256,1,-596.69
cilovy,256,2,-622.51
cilovy,256,3,-471.41
cilovy,256,4,-228.87
cilovy,256,5,-413.49
cilovy,256,6,-171.12
cilovy,256,7,-37.7
cilovy,256,8,510.76
cilovy,256,9,228.69
cilovy,256,10,-421.65
cilovy,256,11,-149.53
cilovy,256,12,958.28
cilovy,257,1,-800.0
cilovy,257,2,-567.04
cilovy,257,3,-476.08
cilovy,257,4,-522.68
cilovy,257,5,-256.0
cilovy,257,6,-229.24
cilovy,257,7,-40.85
cilovy,257,8,-63.62
cilovy,257,9,656.68
cilovy,257,10,-104.53
cilovy,257,11,368.95
cilovy,257,12,520.53
cilovy,258,1,-511.55
cilovy,258,2,-694.96
cilovy,258,3,222.71
cilovy,258,4,-177.29
cilovy,258,5,-588.73
cilovy,258,6,380.85
cilovy,258,7,4.95
cilovy,258,8,658.47
cilovy,258,9,71.97
cilovy,258,10,-27.13
cilovy,258,11,315.33
cilovy,258,12,-103.3
cilovy,259,1,-560.22
cilovy,259,2,-692.71
cilovy,259,3,152.69
cilovy,259,4,-536.03
cilovy,259,5,-375.29
cilovy,259,6,-374.96
cilovy,259,7,-31.8
cilovy,259,8,204.04
cilovy,259,9,462.86
cilovy,259,10,-123.68
cilovy,259,11,-72.93
cilovy,259,12,709.65
cilovy,260,1,-466.32
cilovy,260,2,-466.29
cilovy,260,3,-233.61
cilovy,260,4,-251.51
cilovy,260,5,-15.8
cilovy,260,6,7.64
cilovy,260,7,-378.94
cilovy,260,8,-276.68
cilovy,260,9,117.05
cilovy,260,10,393.96
cilovy,260,11,-164.67
cilovy,260,12,456.06
cilovy,261,1,-800.0
cilovy,261,2,-412.49
cilovy,261,3,-182.36
cilovy,261,4,-277.6
cilovy,261,5,-196.82
cilovy,261,6,85.19
cilovy,261,7,220.7
cilovy,261,8,-303.25
cilovy,261,9,-162.88
cilovy,261,10,363.75
cilovy,261,11,232.9
cilovy,261,12,450.9
cilovy,262,1,-612.4
cilovy,262,2,-656.61
cilovy,262,3,-453.02
cilovy,262,4,-270.4
cilovy,262,5,-418.66
cilovy,262,6,-105.41
cilovy,262,7,-363.71
cilovy,262,8,44.87
cilovy,262,9,671.54
cilovy,262,10,162.75
cilovy,262,11,-504.23
cilovy,262,12,-78.87
cilovy,263,1,-436.45
cilovy,263,2,-647.75
cilovy,263,3,-284.48
cilovy,263,4,-98.03
cilovy,263,5,174.76
cilovy,263,6,161.57
cilovy,263,7,-97.58
cilovy,263,8,-18.53
cilovy,263,9,20.34
cilovy,263,10,-167.41
cilovy,263,11,-80.81
cilovy,263,12,224.99
cilovy,264,1,-504.66
cilovy,264,2,-625.68
cilovy,264,3,-605.61
cilovy,264,4,-645.09
cilovy,264,5,-267.27
cilovy,264,6,-158.61
cilovy,264,7,-57.87
cilovy,264,8,-271.94
cilovy,264,9,-208.05
cilovy,264,10,-85.28
cilovy,264,11,-196.01
cilovy,264,12,522.42
cilovy,265,1,-183.23
cilovy,265,2,-396.04
cilovy,265,3,-683.71
cilovy,265,4,-468.21
cilovy,265,5,-415.98
cilovy,265,6,746.82
cilovy,265,7,-676.73
cilovy,265,8,470.2
cilovy,265,9,52.63
cilovy,265,10,-1.43
cilovy,265,11,-251.2
cilovy,265,12,618.88
cilovy,266,1,-497.19
cilovy,266,2,-456.68
cilovy,266,3,-508.43
cilovy,266,4,-36.78
cilovy,266,5,-581.09
cilovy,266,6,-369.35
cilovy,266,7,415.23
cilovy,266,8,-317.82
cilovy,266,9,641.78
cilovy,266,10,6.43
cilovy,266,11,282.92
cilovy,266,12,550.41
cilovy,267,1,-622.87
cilovy,267,2,-476.45
cilovy,267,3,-291.56
cilovy,267,4,78.87
cilovy,267,5,57.87
cilovy,267,6,182.91
cilovy,267,7,-483.9
cilovy,267,8,58.13
cilovy,267,9,52.37
cilovy,267,10,-213.24
cilovy,267,11,631.44
cilovy,267,12,-497.0
cilovy,268,1,-717.74
cilovy,268,2,-461.72
cilovy,268,3,-67.17
cilovy,268,4,-30.23
cilovy,268,5,-453.12
cilovy,268,6,110.95
cilovy,268,7,231.69
cilovy,268,8,-27.25
cilovy,268,9,-90.06
cilovy,268,10,-135.01
cilovy,268,11,513.75
cilovy,268,12,628.98
cilovy,269,1,-488.37
cilovy,269,2,-219.75
cilovy,269,3,-461.18
cilovy,269,4,-612.25
cilovy,269,5,274.16
cilovy,269,6,-112.18
cilovy,269,7,-41.22
cilovy,269,8,-340.76
cilovy,269,9,247.76
cilovy,269,10,-53.15
cilovy,269,11,-102.1
cilovy,269,12,419.61
cilovy,270,1,-750.61
cilovy,270,2,-603.46
cilovy,270,3,-217.69
cilovy,270,4,-113.03
cilovy,270,5,216.22
cilovy,270,6,351.14
cilovy,270,7,601.39
cilovy,270,8,259.23
cilovy,270,9,324.31
cilovy,270,10,-228.42
cilovy,270,11,-194.08
cilovy,270,12,181.75
cilovy,271,1,-521.52
cilovy,271,2,-456.19
cilovy,271,3,-240.44
cilovy,271,4,-291.07
cilovy,271,5,20.59
cilovy,271,6,-372.58
cilovy,271,7,-125.83
cilovy,271,8,15.48
cilovy,271,9,276.36
cilovy,271,10,9.99
cilovy,271,11,328.28
cilovy,271,12,-312.96
cilovy,272,1,-538.55
cilovy,272,2,-107.62
cilovy,272,3,-553.25
cilovy,272,4,451.16
cilovy,272,5,-209.53
cilovy,272,6,366.33
cilovy,272,7,58.35
cilovy,272,8,-154.84
cilovy,272,9,548.36
cilovy,272,10,-45.32
cilovy,272,11,-429.75
cilovy,272,12,766.15
cilovy,273,1,-474.12
cilovy,273,2,-520.98
cilovy,273,3,-298.59
cilovy,273,4,159.9
cilovy,273,5,-433.59
cilovy,273,6,-32.02
cilovy,273,7,18.12
cilovy,273,8,-495.92
cilovy,273,9,260.99
cilovy,273,10,-393.4
cilovy,273,11,-361.77
cilovy,273,12,600.41
cilovy,274,1,-606.92
cilovy,274,2,-321.12
cilovy,274,3,-444.96
cilovy,274,4,-488.87
cilovy,274,5,-224.42
cilovy,274,6,534.63
cilovy,274,7,-484.59
cilovy,274,8,-29.94
cilovy,274,9,376.91
cilovy,274,10,158.57
cilovy,274,11,273.03
cilovy,274,12,63.55
cilovy,275,1,-800.0
cilovy,275,2,-470.9
cilovy,275,3,-324.95
cilovy,275,4,-54.53
cilovy,275,5,-37.94
cilovy,275,6,460.18
cilovy,275,7,40.67
cilovy,275,8,84.56
cilovy,275,9,389.86
cilovy,275,10,183.23
cilovy,275,11,-216.92
cilovy,275,12,98.0
cilovy,276,1,-685.37
cilovy,276,2,-724.81
cilovy,276,3,-285.2
cilovy,276,4,-173.08
cilovy,276,5,144.93
cilovy,276,6,230.65
cilovy,276,7,-72.35
cilovy,276,8,351.21
cilovy,276,9,184.39
cilovy,276,10,-285.13
cilovy,276,11,609.38
cilovy,276,12,359.98
cilovy,277,1,-650.95
cilovy,277,2,-279.04
cilovy,277,3,-487.81
cilovy,277,4,-631.81
cilovy,277,5,-130.27
cilovy,277,6,438.88
cilovy,277,7,120.97
cilovy,277,8,-29.7
cilovy,277,9,91.4
cilovy,277,10,117.94
cilovy,277,11,-385.27
cilovy,277,12,475.28
cilovy,278,1,-773.36
cilovy,278,2,-577.77
cilovy,278,3,-299.49
cilovy,278,4,-244.74
cilovy,278,5,-55.37
cilovy,278,6,193.71
cilovy,278,7,104.02
cilovy,278,8,-119.6
cilovy,278,9,694.59
cilovy,278,10,-303.64
cilovy,278,11,454.07
cilovy,278,12,376.77
cilovy,279,1,-394.27
cilovy,279,2,-503.12
cilovy,279,3,48.04
cilovy,279,4,-472.86
cilovy,279,5,-123.59
cilovy,279,6,-303.61
cilovy,279,7,-42.17
cilovy,279,8,-387.02
cilovy,279,9,-64.66
cilovy,279,10,-90.92
cilovy,279,11,178.75
cilovy,279,12,839.21
cilovy,280,1,-800.0
cilovy,280,2,-524.52
cilovy,280,3,-130.92
cilovy,280,4,-593.64
cilovy,280,5,-455.5
cilovy,280,6,-324.83
cilovy,280,7,-172.14
cilovy,280,8,199.38
cilovy,280,9,1083.62
cilovy,280,10,-109.8
cilovy,280,11,5.71
cilovy,280,12,237.86
cilovy,281,1,-403.51
cilovy,281,2,-600.7
cilovy,281,3,-68.93
cilovy,281,4,-232.51
cilovy,281,5,94.66
cilovy,281,6,12.54
cilovy,281,7,-328.94
cilovy,281,8,-283.46
cilovy,281,9,296.35
cilovy,281,10,422.21
cilovy,281,11,-62.64
cilovy,281,12,-29.3
cilovy,282,1,-506.58
cilovy,282,2,-250.91
cilovy,282,3,-449.9
cilovy,282,4,441.78
cilovy,282,5,51.67
cilovy,282,6,491.93
cilovy,282,7,151.82
cilovy,282,8,-305.24
cilovy,282,9,-172.84
cilovy,282,10,-279.14
cilovy,282,11,396.67
cilovy,282,12,941.65
cilovy,283,1,-457.82
cilovy,283,2,-574.0
cilovy,283,3,-559.26
cilovy,283,4,-430.92
cilovy,283,5,-108.35
cilovy,283,6,-130.39
cilovy,283,7,-343.93
cilovy,283,8,351.16
cilovy,283,9,284.43
cilovy,283,10,130.23
cilovy,283,11,-119.07
cilovy,283,12,626.41
cilovy,284,1,-746.67
cilovy,284,2,-558.94
cilovy,284,3,-513.24
cilovy,284,4,-496.33
cilovy,284,5,-433.3
cilovy,284,6,423.96
cilovy,284,7,-276.91
cilovy,284,8,277.01
cilovy,284,9,-318.16
cilovy,284,10,51.27
cilovy,284,11,84.2
cilovy,284,12,282.4
cilovy,285,1,-579.6
cilovy,285,2,-619.75
cilovy,285,3,-608.06
cilovy,285,4,-273.72
cilovy,285,5,-366.8
cilovy,285,6,19.84
cilovy,285,7,-53.03
cilovy,285,8,611.93
cilovy,285,9,451.87
cilovy,285,10,-362.37
cilovy,285,11,114.22
cilovy,285,12,1151.92
cilovy,286,1,-624.96
cilovy,286,2,-407.56
cilovy,286,3,11.38
cilovy,286,4,-246.33
cilovy,286,5,-276.06
cilovy,286,6,428.89
cilovy,286,7,52.17
cilovy,286,8,-408.54
cilovy,286,9,-97.26
cilovy,286,10,304.93
cilovy,286,11,-392.58
cilovy,286,12,224.5
cilovy,287,1,-727.17
cilovy,287,2,-193.11
cilovy,287,3,-62.91
cilovy,287,4,-494.48
cilovy,287,5,-221.83
cilovy,287,6,32.98
cilovy,287,7,-455.38
cilovy,287,8,-181.39
cilovy,287,9,370.17
cilovy,287,10,388.77
cilovy,287,11,18.46
cilovy,287,12,771.3
cilovy,288,1,-717.82
cilovy,288,2,-454.15
cilovy,288,3,-649.27
cilovy,288,4,464.83
cilovy,288,5,-74.66
cilovy,288,6,-350.62
cilovy,288,7,-386.23
cilovy,288,8,9.36
cilovy,288,9,800.12
cilovy,288,10,195.45
cilovy,288,11,171.33
cilovy,288,12,-75.17
cilovy,289,1,-502.0
cilovy,289,2,-596.09
cilovy,289,3,-589.77
cilovy,289,4,-477.48
cilovy,289,5,-149.68
cilovy,289,6,91.06
cilovy,289,7,-152.65
cilovy,289,8,-264.43
cilovy,289,9,-113.0
cilovy,289,10,-100.5
cilovy,289,11,186.61
cilovy,289,12,49.06
cilovy,290,1,-648.77
cilovy,290,2,-628.98
cilovy,290,3,-101.43
cilovy,290,4,-593.35
cilovy,290,5,-282.3
cilovy,290,6,-57.68
cilovy,290,7,60.2
cilovy,290,8,171.43
cilovy,290,9,-92.86
cilovy,290,10,8.44
cilovy,290,11,631.42
cilovy,290,12,81.17
cilovy,291,1,-798.91
cilovy,291,2,-523.75
cilovy,291,3,-208.65
cilovy,291,4,-357.0
cilovy,291,5,3.07
cilovy,291,6,-6.32
cilovy,291,7,180.28
cilovy,291,8,-65.54
cilovy,291,9,-361.73
cilovy,291,10,359.6
cilovy,291,11,280.26
cilovy,291,12,660.15
cilovy,292,1,-440.18
cilovy,292,2,-194.33
cilovy,292,3,-202.62
cilovy,292,4,-205.4
cilovy,292,5,-63.02
cilovy,292,6,3.18
cilovy,292,7,-73.83
cilovy,292,8,-97.05
cilovy,292,9,895.71
cilovy,292,10,-185.13
cilovy,292,11,526.27
cilovy,292,12,230.36
cilovy,293,1,-328.04
cilovy,293,2,-38.04
cilovy,293,3,-200.14
cilovy,293,4,-284.69
cilovy,293,5,-209.24
cilovy,293,6,11.62
cilovy,293,7,-595.19
cilovy,293,8,283.38
cilovy,293,9,38.16
cilovy,293,10,-222.0
cilovy,293,11,103.79
cilovy,293,12,609.87
cilovy,294,1,-311.88
cilovy,294,2,-304.7
cilovy,294,3,-663.25
cilovy,294,4,-559.08
cilovy,294,5,8.75
cilovy,294,6,239.43
cilovy,294,7,-309.5
cilovy,294,8,284.56
cilovy,294,9,-380.0
cilovy,294,10,24.67
cilovy,294,11,-307.53
cilovy,294,12,41.5
cilovy,295,1,-643.76
cilovy,295,2,-314.58
cilovy,295,3,-6.94
cilovy,295,4,-268.54
cilovy,295,5,322.87
cilovy,295,6,-155.25
cilovy,295,7,356.89
cilovy,295,8,-267.81
cilovy,295,9,-48.62
cilovy,295,10,-196.44
cilovy,295,11,-487.82
cilovy,295,12,390.61
cilovy,296,1,-651.56
cilovy,296,2,-355.8
cilovy,296,3,32.99
cilovy,296,4,-362.27
cilovy,296,5,-174.81
cilovy,296,6,128.87
cilovy,296,7,43.65
cilovy,296,8,168.37
cilovy,296,9,161.3
cilovy,296,10,-163.1
cilovy,296,11,256.31
cilovy,296,12,-397.43
cilovy,297,1,-456.58
cilovy,297,2,-532.31
cilovy,297,3,-199.19
cilovy,297,4,-191.32
cilovy,297,5,41.97
cilovy,297,6,240.29
cilovy,297,7,-376.93
cilovy,297,8,1065.85
cilovy,297,9,542.27
cilovy,297,10,218.86
cilovy,297,11,-412.7
cilovy,297,12,349.48
cilovy,298,1,-370.72
cilovy,298,2,-327.26
cilovy,298,3,-315.44
cilovy,298,4,-230.69
cilovy,298,5,-224.27
cilovy,298,6,735.04
cilovy,298,7,108.71
cilovy,298,8,-322.55
cilovy,298,9,-361.53
cilovy,298,10,-221.96
cilovy,298,11,474.9
cilovy,298,12,5.47
cilovy,299,1,-566.91
cilovy,299,2,-502.09
cilovy,299,3,211.5
cilovy,299,4,-97.08
cilovy,299,5,261.89
cilovy,299,6,172.98
cilovy,299,7,-104.42
cilovy,299,8,-265.18
cilovy,299,9,266.69
cilovy,299,10,-269.04
cilovy,299,11,-114.85
cilovy,299,12,32.39
cilovy,300,1,-551.33
cilovy,300,2,-565.28
cilovy,300,3,-409.76
cilovy,300,4,-43.7
cilovy,300,5,-283.46
cilovy,300,6,31.56
cilovy,300,7,-184.47
cilovy,300,8,-355.46
cilovy,300,9,323.18
cilovy,300,10,-171.13
cilovy,300,11,-196.28
cilovy,300,12,1189.84
cilovy,301,1,-345.48
cilovy,301,2,-343.2
cilovy,301,3,-698.16
cilovy,301,4,-482.63
cilovy,301,5,-473.17
cilovy,301,6,64.66
cilovy,301,7,47.29
cilovy,301,8,418.77
cilovy,301,9,113.15
cilovy,301,10,-317.38
cilovy,301,11,253.34
cilovy,301,12,773.89
cilovy,302,1,-713.74
cilovy,302,2,-318.62
cilovy,302,3,91.82
cilovy,302,4,-447.96
cilovy,302,5,-300.76
cilovy,302,6,220.17
cilovy,302,7,-390.97
cilovy,302,8,314.09
cilovy,302,9,-51.46
cilovy,302,10,455.76
cilovy,302,11,-33.61
cilovy,302,12,415.3
cilovy,303,1,-613.73
cilovy,303,2,-601.39
cilovy,303,3,295.47
cilovy,303,4,-581.23
cilovy,303,5,-280.78
cilovy,303,6,449.33
cilovy,303,7,-131.9
cilovy,303,8,9.98
cilovy,303,9,-57.07
cilovy,303,10,-365.52
cilovy,303,11,332.22
cilovy,303,12,21.73
cilovy,304,1,-357.06
cilovy,304,2,-180.53
cilovy,304,3,-131.84
cilovy,304,4,-159.13
cilovy,304,5,-429.72
cilovy,304,6,105.72
cilovy,304,7,-98.56
cilovy,304,8,231.03
cilovy,304,9,281.82
cilovy,304,10,84.25
cilovy,304,11,257.23
cilovy,304,12,12.64
cilovy,305,1,-683.98
cilovy,305,2,-132.67
cilovy,305,3,-517.82
cilovy,305,4,-603.97
cilovy,305,5,377.87
cilovy,305,6,72.03
cilovy,305,7,-70.15
cilovy,305,8,5.43
cilovy,305,9,11.18
cilovy,305,10,-449.19
cilovy,305,11,31.73
cilovy,305,12,266.36
cilovy,306,1,-670.25
cilovy,306,2,-274.49
cilovy,306,3,-504.93
cilovy,306,4,-13.15
cilovy,306,5,-365.55
cilovy,306,6,-207.94
cilovy,306,7,-105.94
cilovy,306,8,-229.19
cilovy,306,9,177.51
cilovy,306,10,-510.16
cilovy,306,11,181.93
cilovy,306,12,635.64
cilovy,307,1,-627.2
cilovy,307,2,-573.63
cilovy,307,3,-325.76
cilovy,307,4,-563.37
cilovy,307,5,-251.1
cilovy,307,6,295.27
cilovy,307,7,-44.06
cilovy,307,8,-368.02
cilovy,307,9,51.52
cilovy,307,10,-428.2
cilovy,307,11,272.94
cilovy,307,12,117.95
cilovy,308,1,-600.92
cilovy,308,2,-581.42
cilovy,308,3,-131.69
cilovy,308,4,-393.25
cilovy,308,5,-448.45
cilovy,308,6,-377.07
cilovy,308,7,-59.81
cilovy,308,8,-212.18
cilovy,308,9,249.8
cilovy,308,10,525.62
cilovy,308,11,-256.6
cilovy,308,12,109.13
cilovy,309,1,-650.23
cilovy,309,2,-439.8
cilovy,309,3,-558.6
cilovy,309,4,83.38
cilovy,309,5,-429.51
cilovy,309,6,75.07
cilovy,309,7,332.79
cilovy,309,8,-465.61
cilovy,309,9,384.57
cilovy,309,10,157.55
cilovy,309,11,-293.91
cilovy,309,12,146.49
cilovy,310,1,-644.4
cilovy,310,2,-348.38
cilovy,310,3,-443.96
cilovy,310,4,-189.79
cilovy,310,5,-48.2
cilovy,310,6,196.29
cilovy,310,7,-524.0
cilovy,310,8,-177.03
cilovy,310,9,163.2
cilovy,310,10,662.67
cilovy,310,11,711.93
cilovy,310,12,51.19
cilovy,311,1,-612.1
cilovy,311,2,-473.29
cilovy,311,3,-95.67
cilovy,311,4,-393.22
cilovy,311,5,-244.3
cilovy,311,6,-260.19
cilovy,311,7,318.65
cilovy,311,8,-432.73
cilovy,311,9,-103.35
cilovy,311,10,-135.35
cilovy,311,11,724.48
cilovy,311,12,22.32
cilovy,312,1,-620.43
cilovy,312,2,-237.32
cilovy,312,3,3.45
cilovy,312,4,-170.92
cilovy,312,5,36.85
cilovy,312,6,-184.45
cilovy,312,7,-203.58
cilovy,312,8,120.73
cilovy,312,9,-45.0
cilovy,312,10,677.29
cilovy,312,11,-427.88
cilovy,312,12,-134.22
cilovy,313,1,-525.46
cilovy,313,2,-177.1
cilovy,313,3,-51.17
cilovy,313,4,-521.13
cilovy,313,5,-137.59
cilovy,313,6,-192.6
cilovy,313,7,194.19
cilovy,313,8,413.08
cilovy,313,9,42.85
cilovy,313,10,-167.4
cilovy,313,11,24.53
cilovy,313,12,689.14
cilovy,314,1,-584.27
cilovy,314,2,-346.83
cilovy,314,3,-295.61
cilovy,314,4,-514.32
cilovy,314,5,204.1
cilovy,314,6,33.04
cilovy,314,7,-245.52
cilovy,314,8,54.12
cilovy,314,9,379.6
cilovy,314,10,94.77
cilovy,314,11,-92.25
cilovy,314,12,507.05
cilovy,315,1,-610.13
cilovy,315,2,-315.65
cilovy,315,3,-25.64
cilovy,315,4,-538.37
cilovy,315,5,126.08
cilovy,315,6,522.22
cilovy,315,7,-20.76
cilovy,315,8,225.14
cilovy,315,9,37.34
cilovy,315,10,-259.06
cilovy,315,11,-247.58
cilovy,315,12,920.2
cilovy,316,1,-482.6
cilovy,316,2,-396.26
cilovy,316,3,-291.4
cilovy,316,4,-439.11
cilovy,316,5,-438.52
cilovy,316,6,-284.9
cilovy,316,7,175.17
cilovy,316,8,-337.41
cilovy,316,9,732.99
cilovy,316,10,-342.94
cilovy,316,11,-114.75
cilovy,316,12,984.6
cilovy,317,1,-502.71
cilovy,317,2,-433.79
cilovy,317,3,-296.6
cilovy,317,4,97.95
cilovy,317,5,0.13
cilovy,317,6,-18.25
cilovy,317,7,-29.76
cilovy,317,8,264.92
cilovy,317,9,-237.16
cilovy,317,10,-75.34
cilovy,317,11,-146.15
cilovy,317,12,535.19
cilovy,318,1,-768.99
cilovy,318,2,-157.2
cilovy,318,3,101.77
cilovy,318,4,-193.63
cilovy,318,5,-290.3
cilovy,318,6,34.6
cilovy,318,7,-174.81
cilovy,318,8,251.57
cilovy,318,9,103.31
cilovy,318,10,202.83
cilovy,318,11,18.51
cilovy,318,12,611.23
cilovy,319,1,-635.79
cilovy,319,2,-476.11
cilovy,319,3,-310.98
cilovy,319,4,-555.1
cilovy,319,5,-2.19
cilovy,319,6,-202.14
cilovy,319,7,-243.64
cilovy,319,8,-24.59
cilovy,319,9,156.58
cilovy,319,10,280.35
cilovy,319,11,-3.91
cilovy,319,12,204.99
cilovy,320,1,-480.66
cilovy,320,2,-388.25
cilovy,320,3,-281.91
cilovy,320,4,-559.05
cilovy,320,5,-599.69
cilovy,320,6,136.7
cilovy,320,7,-465.75
cilovy,320,8,-13.94
cilovy,320,9,267.84
cilovy,320,10,-247.4
cilovy,320,11,51.64
cilovy,320,12,626.73
cilovy,321,1,-685.13
cilovy,321,2,-278.1
cilovy,321,3,-645.24
cilovy,321,4,-296.16
cilovy,321,5,-75.76
cilovy,321,6,-95.42
cilovy,321,7,305.34
cilovy,321,8,-584.4
cilovy,321,9,126.7
cilovy,321,10,201.38
cilovy,321,11,-68.32
cilovy,321,12,434.54
cilovy,322,1,-521.64
cilovy,322,2,-517.73
cilovy,322,3,-132.76
cilovy,322,4,10.58
cilovy,322,5,150.69
cilovy,322,6,749.46
cilovy,322,7,77.85
cilovy,322,8,64.91
cilovy,322,9,87.0
cilovy,322,10,507.12
cilovy,322,11,168.49
cilovy,322,12,548.22
cilovy,323,1,-632.16
cilovy,323,2,-550.51
cilovy,323,3,351.98
cilovy,323,4,253.72
cilovy,323,5,-133.66
cilovy,323,6,388.76
cilovy,323,7,168.82
cilovy,323,8,-351.37
cilovy,323,9,350.91
cilovy,323,10,-222.86
cilovy,323,11,477.21
cilovy,323,12,-321.53
cilovy,324,1,-553.11
cilovy,324,2,-662.85
cilovy,324,3,-9.83
cilovy,324,4,-152.51
cilovy,324,5,213.4
cilovy,324,6,-19.61
cilovy,324,7,110.65
cilovy,324,8,120.01
cilovy,324,9,138.87
cilovy,324,10,4.4
cilovy,324,11,-46.14
cilovy,324,12,347.73
cilovy,325,1,-800.0
cilovy,325,2,-432.22
cilovy,325,3,-345.69
cilovy,325,4,-609.49
cilovy,325,5,-177.63
cilovy,325,6,887.23
cilovy,325,7,411.77
cilovy,325,8,-262.6
cilovy,325,9,298.36
cilovy,325,10,-181.95
cilovy,325,11,64.02
cilovy,325,12,284.36
cilovy,326,1,-288.76
cilovy,326,2,-699.65
cilovy,326,3,-352.06
cilovy,326,4,-522.58
cilovy,326,5,-362.08
cilovy,326,6,494.55
cilovy,326,7,-324.7
cilovy,326,8,-258.98
cilovy,326,9,-339.45
cilovy,326,10,-145.9
cilovy,326,11,56.41
cilovy,326,12,870.66
cilovy,327,1,-698.44
cilovy,327,2,-479.0
cilovy,327,3,-377.04
cilovy,327,4,-488.23
cilovy,327,5,-291.18
cilovy,327,6,-261.08
cilovy,327,7,-171.18
cilovy,327,8,-422.14
cilovy,327,9,888.41
cilovy,327,10,199.51
cilovy,327,11,57.82
cilovy,327,12,592.42
cilovy,328,1,-474.15
cilovy,328,2,-423.65
cilovy,328,3,-313.93
cilovy,328,4,223.97
cilovy,328,5,-233.68
cilovy,328,6,-10.64
cilovy,328,7,-208.23
cilovy,328,8,16.08
cilovy,328,9,-448.99
cilovy,328,10,162.73
cilovy,328,11,-277.29
cilovy,328,12,312.36
cilovy,329,1,-582.3
cilovy,329,2,-41.03
cilovy,329,3,-580.87
cilovy,329,4,-364.88
cilovy,329,5,444.61
cilovy,329,6,-321.18
cilovy,329,7,124.35
cilovy,329,8,-462.52
cilovy,329,9,-45.55
cilovy,329,10,642.62
cilovy,329,11,709.28
cilovy,329,12,-53.76
cilovy,330,1,-624.08
cilovy,330,2,-602.21
cilovy,330,3,191.13
cilovy,330,4,282.99
cilovy,330,5,-646.2
cilovy,330,6,160.93
cilovy,330,7,-154.85
cilovy,330,8,1.79
cilovy,330,9,516.83
cilovy,330,10,-181.38
cilovy,330,11,37.12
cilovy,330,12,120.71
cilovy,331,1,-437.55
cilovy,331,2,-55.54
cilovy,331,3,-372.97
cilovy,331,4,-545.15
cilovy,331,5,-328.35
cilovy,331,6,-265.07
cilovy,331,7,-66.79
cilovy,331,8,-137.51
cilovy,331,9,467.0
cilovy,331,10,140.95
cilovy,331,11,204.26
cilovy,331,12,887.87
cilovy,332,1,-762.39
cilovy,332,2,-633.15
cilovy,332,3,-475.7
cilovy,332,4,-456.1
cilovy,332,5,-474.62
cilovy,332,6,30.79
cilovy,332,7,-360.98
cilovy,332,8,280.9
cilovy,332,9,430.09
cilovy,332,10,-711.11
cilovy,332,11,583.25
cilovy,332,12,382.07
cilovy,333,1,-411.98
cilovy,333,2,-218.95
cilovy,333,3,-215.68
cilovy,333,4,-202.07
cilovy,333,5,213.4
cilovy,333,6,64.19
cilovy,333,7,1.66
cilovy,333,8,-536.76
cilovy,333,9,-59.33
cilovy,333,10,649.67
cilovy,333,11,439.9
cilovy,333,12,226.37
cilovy,334,1,-654.05
cilovy,334,2,-276.4
cilovy,334,3,-354.56
cilovy,334,4,-211.43
cilovy,334,5,-96.54
cilovy,334,6,245.76
cilovy,334,7,225.43
cilovy,334,8,-254.45
cilovy,334,9,548.35
cilovy,334,10,129.71
cilovy,334,11,-250.41
cilovy,334,12,283.3
cilovy,335,1,-705.55
cilovy,335,2,-368.95
cilovy,335,3,-285.29
cilovy,335,4,-124.06
cilovy,335,5,-431.38
cilovy,335,6,97.75
cilovy,335,7,-316.49
cilovy,335,8,-47.35
cilovy,335,9,150.48
cilovy,335,10,108.57
cilovy,335,11,-130.27
cilovy,335,12,75.54
cilovy,336,1,-503.23
cilovy,336,2,-484.19
cilovy,336,3,63.18
cilovy,336,4,-374.13
cilovy,336,5,-606.64
cilovy,336,6,328.19
cilovy,336,7,272.59
cilovy,336,8,-25.91
cilovy,336,9,507.4
cilovy,336,10,407.89
cilovy,336,11,-172.51
cilovy,336,12,705.67
cilovy,337,1,-620.17
cilovy,337,2,-450.66
cilovy,337,3,-309.21
cilovy,337,4,-81.09
cilovy,337,5,-481.88
cilovy,337,6,161.71
cilovy,337,7,-56.28
cilovy,337,8,393.44
cilovy,337,9,697.09
cilovy,337,10,-229.19
cilovy,337,11,199.81
cilovy,337,12,191.35
cilovy,338,1,-749.28
cilovy,338,2,-771.8
cilovy,338,3,-471.07
cilovy,338,4,-355.97
cilovy,338,5,77.05
cilovy,338,6,25.98
cilovy,338,7,-234.57
cilovy,338,8,-27.41
cilovy,338,9,122.44
cilovy,338,10,101.06
cilovy,338,11,79.22
cilovy,338,12,489.85
cilovy,339,1,-596.08
cilovy,339,2,25.18
cilovy,339,3,-92.15
cilovy,339,4,-47.33
cilovy,339,5,-200.45
cilovy,339,6,0.1
cilovy,339,7,-214.05
cilovy,339,8,380.24
cilovy,339,9,278.42
cilovy,339,10,-388.31
cilovy,339,11,48.27
cilovy,339,12,463.6
cilovy,340,1,-542.73
cilovy,340,2,-562.93
cilovy,340,3,217.79
cilovy,340,4,-525.04
cilovy,340,5,-246.21
cilovy,340,6,331.47
cilovy,340,7,-692.52
cilovy,340,8,-203.46
cilovy,340,9,1015.25
cilovy,340,10,-226.86
cilovy,340,11,125.43
cilovy,340,12,198.2
cilovy,341,1,-619.05
cilovy,341,2,151.52
cilovy,341,3,-506.9
cilovy,341,4,-298.06
cilovy,341,5,163.21
cilovy,341,6,1009.67
cilovy,341,7,-212.26
cilovy,341,8,-218.21
cilovy,341,9,686.05
cilovy,341,10,521.82
cilovy,341,11,-124.63
cilovy,341,12,-82.83
cilovy,342,1,-800.0
cilovy,342,2,-492.75
cilovy,342,3,-110.25
cilovy,342,4,-348.93
cilovy,342,5,-308.98
cilovy,342,6,-147.31
cilovy,342,7,-246.92
cilovy,342,8,-147.38
cilovy,342,9,-196.22
cilovy,342,10,101.66
cilovy,342,11,-290.8
cilovy,342,12,-19.81
cilovy,343,1,-307.18
cilovy,343,2,-416.78
cilovy,343,3,-307.78
cilovy,343,4,-188.67
cilovy,343,5,-13.31
cilovy,343,6,113.01
cilovy,343,7,73.25
cilovy,343,8,-142.23
cilovy,343,9,361.88
cilovy,343,10,256.08
cilovy,343,11,126.73
cilovy,343,12,98.93
cilovy,344,1,-721.84
cilovy,344,2,-516.85
cilovy,344,3,-251.8
cilovy,344,4,-299.86
cilovy,344,5,-426.49
cilovy,344,6,540.48
cilovy,344,7,540.8
cilovy,344,8,-35.46
cilovy,344,9,-57.92
cilovy,344,10,-2.24
cilovy,344,11,-107.83
cilovy,344,12,67.37
cilovy,345,1,-607.13
cilovy,345,2,-456.76
cilovy,345,3,-290.64
cilovy,345,4,-431.17
cilovy,345,5,2.52
cilovy,345,6,-150.76
cilovy,345,7,-238.36
cilovy,345,8,217.84
cilovy,345,9,245.71
cilovy,345,10,-146.02
cilovy,345,11,360.55
cilovy,345,12,699.71
cilovy,346,1,-658.88
cilovy,346,2,-195.19
cilovy,346,3,-258.84
cilovy,346,4,25.36
cilovy,346,5,-434.3
cilovy,346,6,70.27
cilovy,346,7,-193.29
cilovy,346,8,-391.61
cilovy,346,9,9.53
cilovy,346,10,-302.48
cilovy,346,11,45.39
cilovy,346,12,98.27
cilovy,347,1,-693.9
cilovy,347,2,-153.87
cilovy,347,3,-578.78
cilovy,347,4,-332.92
cilovy,347,5,18.08
cilovy,347,6,453.13
cilovy,347,7,141.46
cilovy,347,8,269.23
cilovy,347,9,-117.28
cilovy,347,10,223.29
cilovy,347,11,-359.74
cilovy,347,12,1061.54
cilovy,348,1,-490.6
cilovy,348,2,-544.34
cilovy,348,3,170.25
cilovy,348,4,-129.78
cilovy,348,5,43.54
cilovy,348,6,314.92
cilovy,348,7,-291.13
cilovy,348,8,-681.29
cilovy,348,9,318.36
cilovy,348,10,748.1
cilovy,348,11,-298.81
cilovy,348,12,68.48
cilovy,349,1,-567.45
cilovy,349,2,-352.2
cilovy,349,3,55.85
cilovy,349,4,-444.94
cilovy,349,5,-344.28
cilovy,349,6,450.38
cilovy,349,7,1093.56
cilovy,349,8,315.62
cilovy,349,9,722.77
cilovy,349,10,151.42
cilovy,349,11,-21.71
cilovy,349,12,65.99
cilovy,350,1,-491.73
cilovy,350,2,-278.79
cilovy,350,3,-490.52
cilovy,350,4,-230.44
cilovy,350,5,-280.76
cilovy,350,6,84.18
cilovy,350,7,517.14
cilovy,350,8,-118.03
cilovy,350,9,30.05
cilovy,350,10,142.29
cilovy,350,11,-501.55
cilovy,350,12,460.45
cilovy,351,1,-558.08
cilovy,351,2,-284.61
cilovy,351,3,-354.23
cilovy,351,4,-395.55
cilovy,351,5,-547.48
cilovy,351,6,-513.83
cilovy,351,7,102.67
cilovy,351,8,8.25
cilovy,351,9,-446.44
cilovy,351,10,-207.77
cilovy,351,11,-365.33
cilovy,351,12,933.13
cilovy,352,1,-570.06
cilovy,352,2,-400.0
cilovy,352,3,39.94
cilovy,352,4,210.69
cilovy,352,5,219.39
cilovy,352,6,4.41
cilovy,352,7,-185.46
cilovy,352,8,501.82
cilovy,352,9,97.11
cilovy,352,10,-205.08
cilovy,352,11,-660.93
cilovy,352,12,-157.79
cilovy,353,1,-734.3
cilovy,353,2,-633.44
cilovy,353,3,27.49
cilovy,353,4,-194.4
cilovy,353,5,-168.8
cilovy,353,6,821.75
cilovy,353,7,34.64
cilovy,353,8,6.92
cilovy,353,9,-45.64
cilovy,353,10,184.79
cilovy,353,11,-273.67
cilovy,353,12,420.72
cilovy,354,1,-697.57
cilovy,354,2,-537.59
cilovy,354,3,-593.07
cilovy,354,4,309.61
cilovy,354,5,-333.49
cilovy,354,6,739.72
cilovy,354,7,-206.07
cilovy,354,8,90.8
cilovy,354,9,42.49
cilovy,354,10,-123.41
cilovy,354,11,-389.31
cilovy,354,12,52.96
cilovy,355,1,-592.39
cilovy,355,2,-220.19
cilovy,355,3,-292.32
cilovy,355,4,-279.2
cilovy,355,5,146.6
cilovy,355,6,987.57
cilovy,355,7,-444.41
cilovy,355,8,-196.32
cilovy,355,9,-416.42
cilovy,355,10,38.98
cilovy,355,11,184.86
cilovy,355,12,-38.79
cilovy,356,1,-569.62
cilovy,356,2,-551.98
cilovy,356,3,31.77
cilovy,356,4,-481.04
cilovy,356,5,-415.32
cilovy,356,6,183.14
cilovy,356,7,-333.59
cilovy,356,8,-120.14
cilovy,356,9,118.9
cilovy,356,10,-388.54
cilovy,356,11,639.87
cilovy,356,12,142.51
cilovy,357,1,-432.41
cilovy,357,2,-800.0
cilovy,357,3,-437.53
cilovy,357,4,-155.6
cilovy,357,5,-36.81
cilovy,357,6,577.37
cilovy,357,7,127.29
cilovy,357,8,-106.49
cilovy,357,9,151.4
cilovy,357,10,405.58
cilovy,357,11,119.96
cilovy,357,12,-39.36
cilovy,358,1,-800.0
cilovy,358,2,-554.15
cilovy,358,3,-344.17
cilovy,358,4,59.72
cilovy,358,5,15.09
cilovy,358,6,160.93
cilovy,358,7,409.92
cilovy,358,8,-226.43
cilovy,358,9,257.78
cilovy,358,10,-31.01
cilovy,358,11,-285.19
cilovy,358,12,6.67
cilovy,359,1,-800.0
cilovy,359,2,-595.48
cilovy,359,3,-595.79
cilovy,359,4,-261.0
cilovy,359,5,-334.44
cilovy,359,6,134.57
cilovy,359,7,-38.88
cilovy,359,8,-124.29
cilovy,359,9,130.65
cilovy,359,10,270.2
cilovy,359,11,379.27
cilovy,359,12,-57.8
cilovy,360,1,-408.18
cilovy,360,2,-479.69
cilovy,360,3,-206.45
cilovy,360,4,-727.47
cilovy,360,5,-44.81
cilovy,360,6,272.04
cilovy,360,7,99.37
cilovy,360,8,111.65
cilovy,360,9,-504.41
cilovy,360,10,300.61
cilovy,360,11,488.28
cilovy,360,12,257.06
cilovy,361,1,-467.74
cilovy,361,2,-645.38
cilovy,361,3,-315.57
cilovy,361,4,-29.96
cilovy,361,5,-477.28
cilovy,361,6,-14.63
cilovy,361,7,-250.58
cilovy,361,8,-91.89
cilovy,361,9,636.94
cilovy,361,10,-6.84
cilovy,361,11,-397.01
cilovy,361,12,204.3
cilovy,362,1,-761.77
cilovy,362,2,-93.8
cilovy,362,3,-501.89
cilovy,362,4,-356.07
cilovy,362,5,525.49
cilovy,362,6,-276.08
cilovy,362,7,618.61
cilovy,362,8,39.06
cilovy,362,9,-137.58
cilovy,362,10,300.41
cilovy,362,11,33.62
cilovy,362,12,-15.02
cilovy,363,1,-311.88
cilovy,363,2,-684.26
cilovy,363,3,-309.48
cilovy,363,4,46.81
cilovy,363,5,-16.11
cilovy,363,6,25.49
cilovy,363,7,-281.21
cilovy,363,8,-402.45
cilovy,363,9,346.8
cilovy,363,10,-385.45
cilovy,363,11,-145.06
cilovy,363,12,-112.25
cilovy,364,1,-620.41
cilovy,364,2,-502.93
cilovy,364,3,-227.58
cilovy,364,4,262.97
cilovy,364,5,-387.7
cilovy,364,6,757.33
cilovy,364,7,-262.57
cilovy,364,8,-414.2
cilovy,364,9,275.24
cilovy,364,10,-276.57
cilovy,364,11,419.78
cilovy,364,12,402.88
cilovy,365,1,-687.32
cilovy,365,2,-520.74
cilovy,365,3,-334.55
cilovy,365,4,-212.55
cilovy,365,5,-559.49
cilovy,365,6,34.62
cilovy,365,7,51.15
cilovy,365,8,-338.31
cilovy,365,9,198.13
cilovy,365,10,145.64
cilovy,365,11,-114.96
cilovy,365,12,345.89
cilovy,366,1,-725.88
cilovy,366,2,-407.6
cilovy,366,3,-426.97
cilovy,366,4,-47.35
cilovy,366,5,17.99
cilovy,366,6,-91.24
cilovy,366,7,-404.4
cilovy,366,8,-264.54
cilovy,366,9,-341.32
cilovy,366,10,-215.61
cilovy,366,11,1.28
cilovy,366,12,22.0
cilovy,367,1,-682.71
cilovy,367,2,-213.53
cilovy,367,3,165.71
cilovy,367,4,-329.97
cilovy,367,5,129.37
cilovy,367,6,315.91
cilovy,367,7,-14.44
cilovy,367,8,-219.95
cilovy,367,9,686.57
cilovy,367,10,361.78
cilovy,367,11,-229.95
cilovy,367,12,413.53
cilovy,368,1,-721.85
cilovy,368,2,-328.86
cilovy,368,3,-284.21
cilovy,368,4,-154.02
cilovy,368,5,-65.43
cilovy,368,6,650.15
cilovy,368,7,194.32
cilovy,368,8,-417.41
cilovy,368,9,303.23
cilovy,368,10,389.38
cilovy,368,11,-738.62
cilovy,368,12,221.99
cilovy,369,1,-431.9
cilovy,369,2,-458.67
cilovy,369,3,-312.11
cilovy,369,4,-342.19
cilovy,369,5,-490.16
cilovy,369,6,44.03
cilovy,369,7,425.01
cilovy,369,8,-125.86
cilovy,369,9,353.43
cilovy,369,10,324.23
cilovy,369,11,561.95
cilovy,369,12,-125.35
cilovy,370,1,-587.16
cilovy,370,2,-130.78
cilovy,370,3,-611.05
cilovy,370,4,-170.21
cilovy,370,5,167.05
cilovy,370,6,120.37
cilovy,370,7,-298.77
cilovy,370,8,439.65
cilovy,370,9,526.48
cilovy,370,10,-190.66
cilovy,370,11,-163.64
cilovy,370,12,218.41
cilovy,371,1,-800.0
cilovy,371,2,-244.08
cilovy,371,3,-405.81
cilovy,371,4,-459.55
cilovy,371,5,-531.79
cilovy,371,6,586.17
cilovy,371,7,-183.42
cilovy,371,8,-307.39
cilovy,371,9,-61.84
cilovy,371,10,-70.63
cilovy,371,11,-341.29
cilovy,371,12,708.3
cilovy,372,1,-642.69
cilovy,372,2,-609.21
cilovy,372,3,-222.92
cilovy,372,4,-672.94
cilovy,372,5,-90.65
cilovy,372,6,254.82
cilovy,372,7,-258.0
cilovy,372,8,517.65
cilovy,372,9,-200.34
cilovy,372,10,352.78
cilovy,372,11,-240.1
cilovy,372,12,-347.91
cilovy,373,1,-755.86
cilovy,373,2,-295.43
cilovy,373,3,-301.69
cilovy,373,4,209.91
cilovy,373,5,-240.15
cilovy,373,6,-5.58
cilovy,373,7,-189.46
cilovy,373,8,91.7
cilovy,373,9,115.89
cilovy,373,10,128.14
cilovy,373,11,-17.1
cilovy,373,12,302.77
cilovy,374,1,-731.48
cilovy,374,2,-534.02
cilovy,374,3,-457.54
cilovy,374,4,-555.73
cilovy,374,5,-428.51
cilovy,374,6,437.59
cilovy,374,7,-407.79
cilovy,374,8,380.79
cilovy,374,9,424.02
cilovy,374,10,403.93
cilovy,374,11,-169.3
cilovy,374,12,247.01
cilovy,375,1,-415.02
cilovy,375,2,-505.79
cilovy,375,3,-450.87
cilovy,375,4,-445.04
cilovy,375,5,-416.69
cilovy,375,6,-66.58
cilovy,375,7,-199.44
cilovy,375,8,-344.89
cilovy,375,9,-69.41
cilovy,375,10,-64.36
cilovy,375,11,-493.27
cilovy,375,12,250.69
cilovy,376,1,-571.41
cilovy,376,2,-659.92
cilovy,376,3,-10.32
cilovy,376,4,-357.28
cilovy,376,5,147.52
cilovy,376,6,-452.23
cilovy,376,7,56.05
cilovy,376,8,-159.25
cilovy,376,9,427.62
cilovy,376,10,-11.22
cilovy,376,11,102.84
cilovy,376,12,-69.17
cilovy,377,1,-740.82
cilovy,377,2,-234.72
cilovy,377,3,-363.11
cilovy,377,4,304.17
cilovy,377,5,257.58
cilovy,377,6,394.22
cilovy,377,7,-351.13
cilovy,377,8,51.37
cilovy,377,9,232.93
cilovy,377,10,-1.97
cilovy,377,11,-371.94
cilovy,377,12,-22.61
cilovy,378,1,-398.74
cilovy,378,2,-247.16
cilovy,378,3,-500.61
cilovy,378,4,122.84
cilovy,378,5,-620.47
cilovy,378,6,121.69
cilovy,378,7,-51.54
cilovy,378,8,204.55
cilovy,378,9,174.09
cilovy,378,10,83.43
cilovy,378,11,-395.12
cilovy,378,12,79.56
cilovy,379,1,-759.63
cilovy,379,2,-240.24
cilovy,379,3,-410.33
cilovy,379,4,-118.05
cilovy,379,5,-363.91
cilovy,379,6,-105.5
cilovy,379,7,-404.23
cilovy,379,8,-144.9
cilovy,379,9,136.82
cilovy,379,10,621.79
cilovy,379,11,810.45
cilovy,379,12,489.51
cilovy,380,1,-597.37
cilovy,380,2,-741.41
cilovy,380,3,-24.29
cilovy,380,4,367.35
cilovy,380,5,-162.8
cilovy,380,6,-144.0
cilovy,380,7,-168.0
cilovy,380,8,150.45
cilovy,380,9,-4.64
cilovy,380,10,159.18
cilovy,380,11,110.23
cilovy,380,12,342.33
cilovy,381,1,-582.81
cilovy,381,2,-787.01
cilovy,381,3,-268.54
cilovy,381,4,-37.63
cilovy,381,5,-192.02
cilovy,381,6,401.56
cilovy,381,7,-158.58
cilovy,381,8,362.77
cilovy,381,9,234.47
cilovy,381,10,421.57
cilovy,381,11,-110.39
cilovy,381,12,439.02
cilovy,382,1,-579.64
cilovy,382,2,-381.12
cilovy,382,3,60.64
cilovy,382,4,-231.42
cilovy,382,5,5.17
cilovy,382,6,-385.82
cilovy,382,7,306.17
cilovy,382,8,-196.04
cilovy,382,9,-454.05
cilovy,382,10,59.27
cilovy,382,11,-58.17
cilovy,382,12,560.93
cilovy,383,1,-582.46
cilovy,383,2,153.17
cilovy,383,3,148.73
cilovy,383,4,-56.43
cilovy,383,5,-286.37
cilovy,383,6,831.49
cilovy,383,7,235.47
cilovy,383,8,80.31
cilovy,383,9,682.5
cilovy,383,10,72.48
cilovy,383,11,266.63
cilovy,383,12,334.2
cilovy,384,1,-552.27
cilovy,384,2,-582.97
cilovy,384,3,-260.72
cilovy,384,4,201.79
cilovy,384,5,-227.76
cilovy,384,6,2.76
cilovy,384,7,-84.27
cilovy,384,8,-321.18
cilovy,384,9,396.02
cilovy,384,10,-129.45
cilovy,384,11,-223.77
cilovy,384,12,141.96
cilovy,385,1,-726.33
cilovy,385,2,-214.44
cilovy,385,3,-230.56
cilovy,385,4,282.95
cilovy,385,5,113.83
cilovy,385,6,-168.34
cilovy,385,7,36.8
cilovy,385,8,-194.02
cilovy,385,9,341.17
cilovy,385,10,-147.56
cilovy,385,11,326.91
cilovy,385,12,297.93
cilovy,386,1,-735.05
cilovy,386,2,-300.39
cilovy,386,3,-410.9
cilovy,386,4,-279.27
cilovy,386,5,-263.81
cilovy,386,6,21.32
cilovy,386,7,-139.4
cilovy,386,8,-270.72
cilovy,386,9,722.27
cilovy,386,10,-532.01
cilovy,386,11,-81.26
cilovy,386,12,861.33
cilovy,387,1,-741.86
cilovy,387,2,-334.56
cilovy,387,3,-124.58
cilovy,387,4,84.85
cilovy,387,5,121.87
cilovy,387,6,-560.86
cilovy,387,7,322.89
cilovy,387,8,-337.23
cilovy,387,9,-98.42
cilovy,387,10,-252.99
cilovy,387,11,442.45
cilovy,387,12,29.19
cilovy,388,1,-800.0
cilovy,388,2,-171.08
cilovy,388,3,-106.26
cilovy,388,4,-349.92
cilovy,388,5,-454.61
cilovy,388,6,185.81
cilovy,388,7,204.55
cilovy,388,8,-316.66
cilovy,388,9,498.51
cilovy,388,10,1026.5
cilovy,388,11,-523.56
cilovy,388,12,342.68
cilovy,389,1,-539.3
cilovy,389,2,-94.72
cilovy,389,3,-431.85
cilovy,389,4,-588.79
cilovy,389,5,69.15
cilovy,389,6,251.85
cilovy,389,7,9.13
cilovy,389,8,182.21
cilovy,389,9,-40.53
cilovy,389,10,362.19
cilovy,389,11,-211.72
cilovy,389,12,767.48
cilovy,390,1,-480.11
cilovy,390,2,-403.86
cilovy,390,3,-839.51
cilovy,390,4,-490.34
cilovy,390,5,-537.94
cilovy,390,6,314.8
cilovy,390,7,61.06
cilovy,390,8,101.2
cilovy,390,9,67.91
cilovy,390,10,-183.48
cilovy,390,11,237.59
cilovy,390,12,-32.42
cilovy,391,1,-715.97
cilovy,391,2,66.3
cilovy,391,3,-246.69
cilovy,391,4,-518.0
cilovy,391,5,-78.84
cilovy,391,6,-232.24
cilovy,391,7,-43.94
cilovy,391,8,115.41
cilovy,391,9,-42.42
cilovy,391,10,540.21
cilovy,391,11,-116.62
cilovy,391,12,-249.99
cilovy,392,1,-358.93
cilovy,392,2,-718.14
cilovy,392,3,-147.05
cilovy,392,4,-249.65
cilovy,392,5,156.57
cilovy,392,6,-378.16
cilovy,392,7,157.05
cilovy,392,8,291.31
cilovy,392,9,819.73
cilovy,392,10,-61.1
cilovy,392,11,78.57
cilovy,392,12,338.0
cilovy,393,1,-738.14
cilovy,393,2,-421.32
cilovy,393,3,116.57
cilovy,393,4,-139.72
cilovy,393,5,600.88
cilovy,393,6,-709.86
cilovy,393,7,453.85
cilovy,393,8,-127.62
cilovy,393,9,279.35
cilovy,393,10,264.49
cilovy,393,11,-65.68
cilovy,393,12,859.15
cilovy,394,1,-800.0
cilovy,394,2,-511.11
cilovy,394,3,-205.84
cilovy,394,4,-436.32
cilovy,394,5,-251.69
cilovy,394,6,205.35
cilovy,394,7,-178.75
cilovy,394,8,-590.83
cilovy,394,9,87.31
cilovy,394,10,-164.67
cilovy,394,11,273.92
cilovy,394,12,202.79
cilovy,395,1,-808.0
cilovy,395,2,-587.66
cilovy,395,3,-222.53
cilovy,395,4,-49.13
cilovy,395,5,-265.63
cilovy,395,6,315.18
cilovy,395,7,-117.31
cilovy,395,8,103.66
cilovy,395,9,392.48
cilovy,395,10,491.55
cilovy,395,11,394.01
cilovy,395,12,702.89
cilovy,396,1,-588.14
cilovy,396,2,-525.86
cilovy,396,3,-343.28
cilovy,396,4,-519.66
cilovy,396,5,-329.42
cilovy,396,6,75.78
cilovy,396,7,-284.91
cilovy,396,8,-121.89
cilovy,396,9,293.27
cilovy,396,10,-230.15
cilovy,396,11,-142.8
cilovy,396,12,377.92
cilovy,397,1,-549.6
cilovy,397,2,-528.43
cilovy,397,3,-661.33
cilovy,397,4,-490.18
cilovy,397,5,113.1
cilovy,397,6,258.88
cilovy,397,7,-638.75
cilovy,397,8,-26.87
cilovy,397,9,348.53
cilovy,397,10,-107.42
cilovy,397,11,-259.33
cilovy,397,12,804.51
cilovy,398,1,-557.26
cilovy,398,2,-330.91
cilovy,398,3,-605.81
cilovy,398,4,-178.06
cilovy,398,5,-164.3
cilovy,398,6,-323.01
cilovy,398,7,-222.27
cilovy,398,8,196.64
cilovy,398,9,44.75
cilovy,398,10,738.1
cilovy,398,11,-406.7
cilovy,398,12,126.61
cilovy,399,1,-621.89
cilovy,399,2,-463.79
cilovy,399,3,-153.15
cilovy,399,4,-619.94
cilovy,399,5,-397.39
cilovy,399,6,-129.56
cilovy,399,7,-280.28
cilovy,399,8,-498.1
cilovy,399,9,68.84
cilovy,399,10,-16.25
cilovy,399,11,-46.24
cilovy,399,12,-51.65
cilovy,400,1,-699.2
cilovy,400,2,-322.26
cilovy,400,3,-368.31
cilovy,400,4,-279.02
cilovy,400,5,-64.17
cilovy,400,6,33.18
cilovy,400,7,-180.05
cilovy,400,8,8.28
cilovy,400,9,360.03
cilovy,400,10,15.06
cilovy,400,11,1009.99
cilovy,400,12,435.87
cilovy,401,1,-800.0
cilovy,401,2,-210.17
cilovy,401,3,-141.65
cilovy,401,4,-76.86
cilovy,401,5,-145.96
cilovy,401,6,190.11
cilovy,401,7,-35.58
cilovy,401,8,439.33
cilovy,401,9,-9.3
cilovy,401,10,162.6
cilovy,401,11,-318.11
cilovy,401,12,846.06
cilovy,402,1,-800.0
cilovy,402,2,-644.76
cilovy,402,3,-222.06
cilovy,402,4,-437.54
cilovy,402,5,-375.96
cilovy,402,6,190.75
cilovy,402,7,92.18
cilovy,402,8,-273.76
cilovy,402,9,-69.04
cilovy,402,10,325.74
cilovy,402,11,278.57
cilovy,402,12,245.98
cilovy,403,1,-617.07
cilovy,403,2,-383.98
cilovy,403,3,-267.99
cilovy,403,4,-20.45
cilovy,403,5,-454.41
cilovy,403,6,-283.63
cilovy,403,7,308.82
cilovy,403,8,159.11
cilovy,403,9,163.48
cilovy,403,10,86.47
cilovy,403,11,-148.61
cilovy,403,12,230.99
cilovy,404,1,-498.72
cilovy,404,2,-544.05
cilovy,404,3,36.91
cilovy,404,4,360.24
cilovy,404,5,74.46
cilovy,404,6,144.76
cilovy,404,7,-44.25
cilovy,404,8,-96.54
cilovy,404,9,-225.03
cilovy,404,10,169.98
cilovy,404,11,-18.11
cilovy,404,12,-117.13
cilovy,405,1,-503.87
cilovy,405,2,-651.04
cilovy,405,3,-644.05
cilovy,405,4,-437.11
cilovy,405,5,-577.2
cilovy,405,6,532.64
cilovy,405,7,130.84
cilovy,405,8,-53.13
cilovy,405,9,595.77
cilovy,405,10,210.66
cilovy,405,11,-190.13
cilovy,405,12,634.83
cilovy,406,1,-420.68
cilovy,406,2,9.48
cilovy,406,3,-335.1
cilovy,406,4,-480.13
cilovy,406,5,-268.62
cilovy,406,6,390.34
cilovy,406,7,-233.64
cilovy,406,8,-172.46
cilovy,406,9,464.76
cilovy,406,10,-26.49
cilovy,406,11,-100.35
cilovy,406,12,128.5
cilovy,407,1,-800.0
cilovy,407,2,-429.62
cilovy,407,3,200.54
cilovy,407,4,-534.31
cilovy,407,5,-483.88
cilovy,407,6,-468.85
cilovy,407,7,243.08
cilovy,407,8,-336.1
cilovy,407,9,70.03
cilovy,407,10,217.43
cilovy,407,11,-199.73
cilovy,407,12,135.95
cilovy,408,1,-686.86
cilovy,408,2,-776.88
cilovy,408,3,12.38
cilovy,408,4,-103.99
cilovy,408,5,-269.2
cilovy,408,6,78.41
cilovy,408,7,100.75
cilovy,408,8,-256.02
cilovy,408,9,32.41
cilovy,408,10,313.63
cilovy,408,11,-164.11
cilovy,408,12,101.44
cilovy,409,1,-599.06
cilovy,409,2,-350.66
cilovy,409,3,-168.54
cilovy,409,4,-348.29
cilovy,409,5,363.47
cilovy,409,6,-464.23
cilovy,409,7,10.72
cilovy,409,8,2.96
cilovy,409,9,590.61
cilovy,409,10,-399.92
cilovy,409,11,424.12
cilovy,409,12,640.03
cilovy,410,1,-612.8
cilovy,410,2,-571.36
cilovy,410,3,-492.72
cilovy,410,4,-526.31
cilovy,410,5,120.33
cilovy,410,6,152.67
cilovy,410,7,539.78
cilovy,410,8,151.19
cilovy,410,9,-78.18
cilovy,410,10,106.86
cilovy,410,11,-306.46
cilovy,410,12,516.14
cilovy,411,1,-634.05
cilovy,411,2,-489.46
cilovy,411,3,-88.04
cilovy,411,4,306.86
cilovy,411,5,-212.65
cilovy,411,6,-42.19
cilovy,411,7,22.92
cilovy,411,8,283.32
cilovy,411,9,613.37
cilovy,411,10,-365.6
cilovy,411,11,-144.23
cilovy,411,12,125.31
cilovy,412,1,-443.21
cilovy,412,2,-576.59
cilovy,412,3,262.81
cilovy,412,4,-62.96
cilovy,412,5,-236.97
cilovy,412,6,-525.81
cilovy,412,7,-188.24
cilovy,412,8,-509.87
cilovy,412,9,364.38
cilovy,412,10,189.85
cilovy,412,11,27.02
cilovy,412,12,-182.28
cilovy,413,1,-779.95
cilovy,413,2,-376.0
cilovy,413,3,-218.29
cilovy,413,4,-651.52
cilovy,413,5,-37.18
cilovy,413,6,-600.58
cilovy,413,7,-79.3
cilovy,413,8,81.73
cilovy,413,9,-143.13
cilovy,413,10,-293.38
cilovy,413,11,-134.99
cilovy,413,12,672.61
cilovy,414,1,-570.99
cilovy,414,2,-505.58
cilovy,414,3,-76.05
cilovy,414,4,-594.75
cilovy,414,5,-178.96
cilovy,414,6,222.47
cilovy,414,7,10.79
cilovy,414,8,57.15
cilovy,414,9,-431.12
cilovy,414,10,-20.9
cilovy,414,11,80.8
cilovy,414,12,240.16
cilovy,415,1,-653.16
cilovy,415,2,-421.19
cilovy,415,3,-157.09
cilovy,415,4,-381.64
cilovy,415,5,77.49
cilovy,415,6,112.99
cilovy,415,7,971.99
cilovy,415,8,-152.35
cilovy,415,9,721.36
cilovy,415,10,57.4
cilovy,415,11,-534.35
cilovy,415,12,-29.36
cilovy,416,1,-691.08
cilovy,416,2,-66.1
cilovy,416,3,64.46
cilovy,416,4,-416.47
cilovy,416,5,-42.96
cilovy,416,6,-256.43
cilovy,416,7,-366.45
cilovy,416,8,0.19
cilovy,416,9,318.4
cilovy,416,10,18.74
cilovy,416,11,344.22
cilovy,416,12,560.96
cilovy,417,1,-357.78
cilovy,417,2,-332.95
cilovy,417,3,-57.06
cilovy,417,4,-606.78
cilovy,417,5,-122.19
cilovy,417,6,399.67
cilovy,417,7,184.45
cilovy,417,8,-344.7
cilovy,417,9,248.49
cilovy,417,10,471.06
cilovy,417,11,221.0
cilovy,417,12,879.97
cilovy,418,1,-675.67
cilovy,418,2,-444.74
cilovy,418,3,78.37
cilovy,418,4,-277.84
cilovy,418,5,-414.76
cilovy,418,6,209.85
cilovy,418,7,-410.44
cilovy,418,8,-162.22
cilovy,418,9,172.0
cilovy,418,10,95.59
cilovy,418,11,182.48
cilovy,418,12,180.01
cilovy,419,1,-635.7
cilovy,419,2,-369.52
cilovy,419,3,-224.65
cilovy,419,4,-207.26
cilovy,419,5,-309.29
cilovy,419,6,444.87
cilovy,419,7,-235.49
cilovy,419,8,149.71
cilovy,419,9,586.32
cilovy,419,10,44.79
cilovy,419,11,254.41
cilovy,419,12,152.69
cilovy,420,1,-777.99
cilovy,420,2,-641.01
cilovy,420,3,122.34
cilovy,420,4,-187.08
cilovy,420,5,-229.95
cilovy,420,6,-436.69
cilovy,420,7,-354.9
cilovy,420,8,48.02
cilovy,420,9,316.89
cilovy,420,10,-152.86
cilovy,420,11,-499.85
cilovy,420,12,-372.28
cilovy,421,1,-617.12
cilovy,421,2,-643.04
cilovy,421,3,-276.62
cilovy,421,4,-474.52
cilovy,421,5,-4.58
cilovy,421,6,92.03
cilovy,421,7,822.68
cilovy,421,8,-465.17
cilovy,421,9,244.16
cilovy,421,10,-175.32
cilovy,421,11,-505.61
cilovy,421,12,-164.98
cilovy,422,1,-867.75
cilovy,422,2,-210.2
cilovy,422,3,-189.86
cilovy,422,4,-159.59
cilovy,422,5,144.84
cilovy,422,6,253.98
cilovy,422,7,-640.94
cilovy,422,8,-322.13
cilovy,422,9,349.1
cilovy,422,10,186.95
cilovy,422,11,477.54
cilovy,422,12,323.57
cilovy,423,1,-534.03
cilovy,423,2,-426.45
cilovy,423,3,-280.26
cilovy,423,4,-704.68
cilovy,423,5,-284.92
cilovy,423,6,-68.27
cilovy,423,7,-306.69
cilovy,423,8,-357.07
cilovy,423,9,-161.65
cilovy,423,10,-378.14
cilovy,423,11,-95.45
cilovy,423,12,738.34
cilovy,424,1,-563.39
cilovy,424,2,-800.0
cilovy,424,3,158.24
cilovy,424,4,447.87
cilovy,424,5,-358.53
cilovy,424,6,-214.56
cilovy,424,7,-29.87
cilovy,424,8,-289.83
cilovy,424,9,14.9
cilovy,424,10,287.34
cilovy,424,11,-441.74
cilovy,424,12,232.15
cilovy,425,1,-607.55
cilovy,425,2,-394.59
cilovy,425,3,300.93
cilovy,425,4,-520.15
cilovy,425,5,-587.81
cilovy,425,6,384.86
cilovy,425,7,-73.71
cilovy,425,8,-125.45
cilovy,425,9,644.89
cilovy,425,10,-165.76
cilovy,425,11,364.38
cilovy,425,12,105.81
cilovy,426,1,-713.41
cilovy,426,2,-582.92
cilovy,426,3,-142.72
cilovy,426,4,-214.63
cilovy,426,5,-511.3
cilovy,426,6,54.47
cilovy,426,7,-168.97
cilovy,426,8,468.16
cilovy,426,9,1517.26
cilovy,426,10,575.86
cilovy,426,11,129.07
cilovy,426,12,823.44
cilovy,427,1,-746.68
cilovy,427,2,-452.67
cilovy,427,3,216.63
cilovy,427,4,-19.62
cilovy,427,5,39.51
cilovy,427,6,-287.36
cilovy,427,7,154.43
cilovy,427,8,-437.15
cilovy,427,9,404.13
cilovy,427,10,315.19
cilovy,427,11,220.29
cilovy,427,12,595.46
cilovy,428,1,-711.39
cilovy,428,2,-317.43
cilovy,428,3,123.32
cilovy,428,4,145.99
cilovy,428,5,-326.39
cilovy,428,6,-65.39
cilovy,428,7,145.19
cilovy,428,8,-129.12
cilovy,428,9,-143.62
cilovy,428,10,-400.58
cilovy,428,11,21.63
cilovy,428,12,-342.88
cilovy,429,1,-721.05
cilovy,429,2,-640.91
cilovy,429,3,137.56
cilovy,429,4,19.71
cilovy,429,5,-177.28
cilovy,429,6,8.87
cilovy,429,7,278.29
cilovy,429,8,-645.11
cilovy,429,9,-7.84
cilovy,429,10,593.8
cilovy,429,11,-109.19
cilovy,429,12,-282.26
cilovy,430,1,-622.7
cilovy,430,2,-667.46
cilovy,430,3,8.29
cilovy,430,4,-508.77
cilovy,430,5,-363.9
cilovy,430,6,-79.74
cilovy,430,7,-134.66
cilovy,430,8,-367.65
cilovy,430,9,24.0
cilovy,430,10,-197.15
cilovy,430,11,148.76
cilovy,430,12,1167.32
cilovy,431,1,-646.53
cilovy,431,2,-232.31
cilovy,431,3,-156.63
cilovy,431,4,-359.85
cilovy,431,5,-354.36
cilovy,431,6,298.17
cilovy,431,7,235.8
cilovy,431,8,621.75
cilovy,431,9,109.67
cilovy,431,10,281.27
cilovy,431,11,-349.81
cilovy,431,12,217.85
cilovy,432,1,-778.61
cilovy,432,2,-463.88
cilovy,432,3,-203.96
cilovy,432,4,-264.58
cilovy,432,5,561.14
cilovy,432,6,169.6
cilovy,432,7,-83.25
cilovy,432,8,-324.26
cilovy,432,9,279.43
cilovy,432,10,27.56
cilovy,432,11,239.01
cilovy,432,12,130.98
cilovy,433,1,-755.53
cilovy,433,2,-455.62
cilovy,433,3,192.91
cilovy,433,4,-204.64
cilovy,433,5,-202.13
cilovy,433,6,-124.41
cilovy,433,7,110.8
cilovy,433,8,-430.04
cilovy,433,9,79.18
cilovy,433,10,-557.73
cilovy,433,11,-409.86
cilovy,433,12,515.39
cilovy,434,1,-557.16
cilovy,434,2,-482.86
cilovy,434,3,-311.39
cilovy,434,4,-528.88
cilovy,434,5,-388.8
cilovy,434,6,-136.98
cilovy,434,7,-17.81
cilovy,434,8,-340.45
cilovy,434,9,-59.16
cilovy,434,10,-219.85
cilovy,434,11,97.08
cilovy,434,12,6.69
cilovy,435,1,-718.25
cilovy,435,2,-537.05
cilovy,435,3,-414.91
cilovy,435,4,250.34
cilovy,435,5,-462.78
cilovy,435,6,-214.98
cilovy,435,7,177.88
cilovy,435,8,223.16
cilovy,435,9,-403.75
cilovy,435,10,311.72
cilovy,435,11,169.95
cilovy,435,12,-81.74
cilovy,436,1,-763.07
cilovy,436,2,-490.25
cilovy,436,3,-294.54
cilovy,436,4,132.12
cilovy,436,5,327.4
cilovy,436,6,25.33
cilovy,436,7,367.92
cilovy,436,8,43.44
cilovy,436,9,330.55
cilovy,436,10,-469.18
cilovy,436,11,-7.91
cilovy,436,12,-316.7
cilovy,437,1,-566.08
cilovy,437,2,-715.22
cilovy,437,3,172.46
cilovy,437,4,-147.81
cilovy,437,5,560.54
cilovy,437,6,345.66
cilovy,437,7,120.08
cilovy,437,8,401.25
cilovy,437,9,356.65
cilovy,437,10,-168.91
cilovy,437,11,-87.43
cilovy,437,12,-86.41
cilovy,438,1,-629.42
cilovy,438,2,-359.15
cilovy,438,3,20.12
cilovy,438,4,-279.88
cilovy,438,5,408.0
cilovy,438,6,491.31
cilovy,438,7,-178.1
cilovy,438,8,-363.33
cilovy,438,9,-375.35
cilovy,438,10,-111.5
cilovy,438,11,204.27
cilovy,438,12,625.55
cilovy,439,1,-420.09
cilovy,439,2,-426.31
cilovy,439,3,-290.31
cilovy,439,4,-639.72
cilovy,439,5,-73.94
cilovy,439,6,832.26
cilovy,439,7,-181.88
cilovy,439,8,366.49
cilovy,439,9,364.96
cilovy,439,10,-112.89
cilovy,439,11,-98.67
cilovy,439,12,382.17
cilovy,440,1,-180.77
cilovy,440,2,-57.39
cilovy,440,3,-249.79
cilovy,440,4,-387.12
cilovy,440,5,-171.75
cilovy,440,6,-225.39
cilovy,440,7,-536.78
cilovy,440,8,-79.45
cilovy,440,9,298.04
cilovy,440,10,-6.01
cilovy,440,11,-115.19
cilovy,440,12,304.6
cilovy,441,1,-630.18
cilovy,441,2,-150.08
cilovy,441,3,-136.89
cilovy,441,4,-391.73
cilovy,441,5,44.71
cilovy,441,6,-100.8
cilovy,441,7,-337.83
cilovy,441,8,-314.6
cilovy,441,9,107.38
cilovy,441,10,143.31
cilovy,441,11,183.27
cilovy,441,12,900.7
cilovy,442,1,-410.04
cilovy,442,2,-641.76
cilovy,442,3,204.32
cilovy,442,4,-315.0
cilovy,442,5,41.36
cilovy,442,6,97.58
cilovy,442,7,19.34
cilovy,442,8,-233.96
cilovy,442,9,9.57
cilovy,442,10,250.62
cilovy,442,11,-289.51
cilovy,442,12,342.41
cilovy,443,1,-655.36
cilovy,443,2,-588.02
cilovy,443,3,-338.19
cilovy,443,4,-270.19
cilovy,443,5,-41.61
cilovy,443,6,-305.53
cilovy,443,7,298.44
cilovy,443,8,-324.58
cilovy,443,9,-109.22
cilovy,443,10,34.83
cilovy,443,11,-303.75
cilovy,443,12,71.68
cilovy,444,1,-643.01
cilovy,444,2,-341.15
cilovy,444,3,-634.98
cilovy,444,4,50.59
cilovy,444,5,209.26
cilovy,444,6,-243.57
cilovy,444,7,47.23
cilovy,444,8,-338.6
cilovy,444,9,315.32
cilovy,444,10,595.01
cilovy,444,11,76.0
cilovy,444,12,394.16
cilovy,445,1,-594.5
cilovy,445,2,-440.47
cilovy,445,3,-364.2
cilovy,445,4,58.17
cilovy,445,5,-210.97
cilovy,445,6,-115.28
cilovy,445,7,-326.43
cilovy,445,8,-105.38
cilovy,445,9,284.44
cilovy,445,10,-36.26
cilovy,445,11,494.09
cilovy,445,12,291.47
cilovy,446,1,-518.05
cilovy,446,2,-471.0
cilovy,446,3,-241.3
cilovy,446,4,-215.33
cilovy,446,5,-325.91
cilovy,446,6,670.21
cilovy,446,7,-118.6
cilovy,446,8,193.88
cilovy,446,9,-348.98
cilovy,446,10,-296.15
cilovy,446,11,-79.04
cilovy,446,12,633.3
cilovy,447,1,-356.7
cilovy,447,2,-305.25
cilovy,447,3,-366.6
cilovy,447,4,266.58
cilovy,447,5,100.85
cilovy,447,6,-36.23
cilovy,447,7,-152.94
cilovy,447,8,-463.82
cilovy,447,9,299.87
cilovy,447,10,1071.21
cilovy,447,11,-123.16
cilovy,447,12,-121.6
cilovy,448,1,-455.32
cilovy,448,2,-523.57
cilovy,448,3,-323.97
cilovy,448,4,620.6
cilovy,448,5,-292.07
cilovy,448,6,-42.13
cilovy,448,7,-1.01
cilovy,448,8,418.43
cilovy,448,9,125.77
cilovy,448,10,-527.87
cilovy,448,11,489.53
cilovy,448,12,521.61
cilovy,449,1,-643.03
cilovy,449,2,-273.45
cilovy,449,3,-220.11
cilovy,449,4,-285.35
cilovy,449,5,-85.64
cilovy,449,6,540.35
cilovy,449,7,231.65
cilovy,449,8,100.38
cilovy,449,9,-179.33
cilovy,449,10,-211.41
cilovy,449,11,267.13
cilovy,449,12,-30.26
cilovy,450,1,-738.06
cilovy,450,2,-488.75
cilovy,450,3,-228.41
cilovy,450,4,-13.27
cilovy,450,5,-494.05
cilovy,450,6,-64.21
cilovy,450,7,-371.56
cilovy,450,8,-90.18
cilovy,450,9,-38.01
cilovy,450,10,46.54
cilovy,450,11,317.44
cilovy,450,12,938.11
cilovy,451,1,-386.64
cilovy,451,2,-575.91
cilovy,451,3,357.88
cilovy,451,4,459.67
cilovy,451,5,-490.47
cilovy,451,6,-77.11
cilovy,451,7,-265.86
cilovy,451,8,-83.5
cilovy,451,9,-113.23
cilovy,451,10,-224.1
cilovy,451,11,449.61
cilovy,451,12,133.05
cilovy,452,1,-643.21
cilovy,452,2,-268.05
cilovy,452,3,-204.49
cilovy,452,4,-315.63
cilovy,452,5,-140.23
cilovy,452,6,-150.56
cilovy,452,7,77.38
cilovy,452,8,223.06
cilovy,452,9,52.26
cilovy,452,10,-76.77
cilovy,452,11,-133.26
cilovy,452,12,436.55
cilovy,453,1,-480.41
cilovy,453,2,-730.21
cilovy,453,3,-468.82
cilovy,453,4,168.48
cilovy,453,5,-130.3
cilovy,453,6,465.7
cilovy,453,7,208.94
cilovy,453,8,146.62
cilovy,453,9,-337.98
cilovy,453,10,-84.05
cilovy,453,11,568.06
cilovy,453,12,899.87
cilovy,454,1,-228.36
cilovy,454,2,-439.51
cilovy,454,3,-180.67
cilovy,454,4,-359.22
cilovy,454,5,530.77
cilovy,454,6,-391.39
cilovy,454,7,118.68
cilovy,454,8,571.68
cilovy,454,9,68.99
cilovy,454,10,289.56
cilovy,454,11,-17.13
cilovy,454,12,942.94
cilovy,455,1,-518.41
cilovy,455,2,-417.78
cilovy,455,3,-224.74
cilovy,455,4,-340.47
cilovy,455,5,50.17
cilovy,455,6,200.59
cilovy,455,7,32.19
cilovy,455,8,427.88
cilovy,455,9,-170.58
cilovy,455,10,632.63
cilovy,455,11,220.38
cilovy,455,12,1093.3
cilovy,456,1,-308.89
cilovy,456,2,-34.89
cilovy,456,3,113.91
cilovy,456,4,210.12
cilovy,456,5,-135.86
cilovy,456,6,-291.93
cilovy,456,7,-215.2
cilovy,456,8,143.21
cilovy,456,9,-158.77
cilovy,456,10,140.15
cilovy,456,11,476.8
cilovy,456,12,550.64
cilovy,457,1,-707.65
cilovy,457,2,-383.09
cilovy,457,3,214.37
cilovy,457,4,-349.44
cilovy,457,5,-147.26
cilovy,457,6,115.05
cilovy,457,7,-105.95
cilovy,457,8,-275.81
cilovy,457,9,686.31
cilovy,457,10,133.27
cilovy,457,11,132.5
cilovy,457,12,631.35
cilovy,458,1,-166.59
cilovy,458,2,-800.0
cilovy,458,3,-378.0
cilovy,458,4,143.79
cilovy,458,5,-345.34
cilovy,458,6,-465.96
cilovy,458,7,-347.75
cilovy,458,8,-265.15
cilovy,458,9,-276.17
cilovy,458,10,536.22
cilovy,458,11,42.08
cilovy,458,12,330.16
cilovy,459,1,-623.14
cilovy,459,2,-100.92
cilovy,459,3,-292.21
cilovy,459,4,-0.91
cilovy,459,5,360.62
cilovy,459,6,-185.19
cilovy,459,7,-237.54
cilovy,459,8,-262.54
cilovy,459,9,-474.82
cilovy,459,10,-247.85
cilovy,459,11,6.93
cilovy,459,12,205.94
cilovy,460,1,-214.16
cilovy,460,2,-738.48
cilovy,460,3,-109.89
cilovy,460,4,-315.91
cilovy,460,5,-453.86
cilovy,460,6,-529.17
cilovy,460,7,8.91
cilovy,460,8,-217.28
cilovy,460,9,-727.6
cilovy,460,10,284.68
cilovy,460,11,-206.53
cilovy,460,12,455.79
cilovy,461,1,-680.51
cilovy,461,2,-195.23
cilovy,461,3,59.25
cilovy,461,4,-377.26
cilovy,461,5,174.86
cilovy,461,6,571.57
cilovy,461,7,94.02
cilovy,461,8,193.03
cilovy,461,9,0.36
cilovy,461,10,-190.99
cilovy,461,11,-376.64
cilovy,461,12,791.7
cilovy,462,1,-548.11
cilovy,462,2,-485.59
cilovy,462,3,101.68
cilovy,462,4,175.47
cilovy,462,5,-318.97
cilovy,462,6,623.75
cilovy,462,7,-708.46
cilovy,462,8,58.48
cilovy,462,9,1281.79
cilovy,462,10,231.63
cilovy,462,11,-366.24
cilovy,462,12,287.54
cilovy,463,1,-688.17
cilovy,463,2,-532.77
cilovy,463,3,-378.38
cilovy,463,4,178.66
cilovy,463,5,227.35
cilovy,463,6,278.17
cilovy,463,7,411.59
cilovy,463,8,-608.08
cilovy,463,9,264.55
cilovy,463,10,136.6
cilovy,463,11,263.76
cilovy,463,12,47.72
cilovy,464,1,-188.46
cilovy,464,2,-316.61
cilovy,464,3,355.15
cilovy,464,4,96.56
cilovy,464,5,-136.99
cilovy,464,6,-336.76
cilovy,464,7,-198.72
cilovy,464,8,-369.8
cilovy,464,9,902.38
cilovy,464,10,408.05
cilovy,464,11,-201.36
cilovy,464,12,758.81
cilovy,465,1,-326.53
cilovy,465,2,-411.93
cilovy,465,3,-620.27
cilovy,465,4,-177.51
cilovy,465,5,116.2
cilovy,465,6,-52.39
cilovy,465,7,-322.9
cilovy,465,8,71.77
cilovy,465,9,352.11
cilovy,465,10,-373.15
cilovy,465,11,81.4
cilovy,465,12,1018.87
cilovy,466,1,-405.76
cilovy,466,2,-743.95
cilovy,466,3,-537.39
cilovy,466,4,-396.18
cilovy,466,5,149.91
cilovy,466,6,-119.43
cilovy,466,7,158.05
cilovy,466,8,194.51
cilovy,466,9,-197.89
cilovy,466,10,48.04
cilovy,466,11,185.21
cilovy,466,12,426.7
cilovy,467,1,-634.13
cilovy,467,2,-800.0
cilovy,467,3,60.48
cilovy,467,4,-340.89
cilovy,467,5,-142.05
cilovy,467,6,106.68
cilovy,467,7,-100.96
cilovy,467,8,-189.06
cilovy,467,9,337.3
cilovy,467,10,823.46
cilovy,467,11,40.03
cilovy,467,12,-94.86
cilovy,468,1,-570.84
cilovy,468,2,-135.43
cilovy,468,3,197.89
cilovy,468,4,-738.38
cilovy,468,5,-402.06
cilovy,468,6,247.9
cilovy,468,7,256.78
cilovy,468,8,-600.08
cilovy,468,9,273.95
cilovy,468,10,244.49
cilovy,468,11,1067.04
cilovy,468,12,853.76
cilovy,469,1,-688.27
cilovy,469,2,-491.0
cilovy,469,3,466.18
cilovy,469,4,-398.24
cilovy,469,5,-397.1
cilovy,469,6,-499.14
cilovy,469,7,-224.35
cilovy,469,8,-180.7
cilovy,469,9,206.9
cilovy,469,10,823.28
cilovy,469,11,-335.08
cilovy,469,12,1118.29
cilovy,470,1,-667.06
cilovy,470,2,-543.9
cilovy,470,3,-510.65
cilovy,470,4,-66.68
cilovy,470,5,-530.88
cilovy,470,6,120.42
cilovy,470,7,12.6
cilovy,470,8,72.39
cilovy,470,9,-238.79
cilovy,470,10,-372.06
cilovy,470,11,-88.54
cilovy,470,12,-187.72
cilovy,471,1,-783.71
cilovy,471,2,-512.07
cilovy,471,3,-152.26
cilovy,471,4,-829.03
cilovy,471,5,-227.23
cilovy,471,6,3.57
cilovy,471,7,217.01
cilovy,471,8,282.18
cilovy,471,9,-11.7
cilovy,471,10,235.39
cilovy,471,11,49.32
cilovy,471,12,170.64
cilovy,472,1,-800.0
cilovy,472,2,-246.34
cilovy,472,3,1.86
cilovy,472,4,342.71
cilovy,472,5,-96.19
cilovy,472,6,463.07
cilovy,472,7,-162.92
cilovy,472,8,288.54
cilovy,472,9,-86.68
cilovy,472,10,383.69
cilovy,472,11,-156.33
cilovy,472,12,261.83
cilovy,473,1,-588.69
cilovy,473,2,-622.84
cilovy,473,3,-488.93
cilovy,473,4,-93.25
cilovy,473,5,-187.94
cilovy,473,6,163.87
cilovy,473,7,-618.13
cilovy,473,8,399.7
cilovy,473,9,256.85
cilovy,473,10,141.81
cilovy,473,11,-257.25
cilovy,473,12,838.12
cilovy,474,1,-368.52
cilovy,474,2,-209.03
cilovy,474,3,-103.5
cilovy,474,4,-339.9
cilovy,474,5,235.89
cilovy,474,6,-144.71
cilovy,474,7,-10.88
cilovy,474,8,15.45
cilovy,474,9,180.94
cilovy,474,10,169.67
cilovy,474,11,-281.03
cilovy,474,12,34.3
cilovy,475,1,-631.88
cilovy,475,2,-309.81
cilovy,475,3,-440.44
cilovy,475,4,364.75
cilovy,475,5,-136.34
cilovy,475,6,595.72
cilovy,475,7,-365.63
cilovy,475,8,-123.01
cilovy,475,9,-35.27
cilovy,475,10,458.27
cilovy,475,11,134.15
cilovy,475,12,-30.43
cilovy,476,1,-703.74
cilovy,476,2,-571.54
cilovy,476,3,-126.43
cilovy,476,4,-427.77
cilovy,476,5,-462.84
cilovy,476,6,-237.92
cilovy,476,7,-570.9
cilovy,476,8,-84.68
cilovy,476,9,-291.96
cilovy,476,10,608.08
cilovy,476,11,277.36
cilovy,476,12,875.42
cilovy,477,1,-445.47
cilovy,477,2,-313.65
cilovy,477,3,-391.61
cilovy,477,4,48.56
cilovy,477,5,103.87
cilovy,477,6,189.3
cilovy,477,7,548.17
cilovy,477,8,-114.05
cilovy,477,9,-131.43
cilovy,477,10,244.64
cilovy,477,11,-73.81
cilovy,477,12,-0.14
cilovy,478,1,-531.29
cilovy,478,2,-758.27
cilovy,478,3,352.03
cilovy,478,4,-350.37
cilovy,478,5,-398.39
cilovy,478,6,-390.31
cilovy,478,7,-5.19
cilovy,478,8,513.59
cilovy,478,9,-269.68
cilovy,478,10,-191.39
cilovy,478,11,82.96
cilovy,478,12,391.81
cilovy,479,1,-634.71
cilovy,479,2,-403.22
cilovy,479,3,-482.48
cilovy,479,4,-478.53
cilovy,479,5,-537.85
cilovy,479,6,142.64
cilovy,479,7,-238.94
cilovy,479,8,103.63
cilovy,479,9,142.1
cilovy,479,10,349.79
cilovy,479,11,69.38
cilovy,479,12,251.32
cilovy,480,1,-766.63
cilovy,480,2,-717.43
cilovy,480,3,-230.29
cilovy,480,4,-110.18
cilovy,480,5,-444.31
cilovy,480,6,-50.84
cilovy,480,7,-251.46
cilovy,480,8,251.99
cilovy,480,9,31.4
cilovy,480,10,222.8
cilovy,480,11,247.9
cilovy,480,12,196.81
cilovy,481,1,-791.28
cilovy,481,2,-458.26
cilovy,481,3,171.54
cilovy,481,4,294.22
cilovy,481,5,-161.72
cilovy,481,6,-293.64
cilovy,481,7,-403.55
cilovy,481,8,-33.69
cilovy,481,9,-12.45
cilovy,481,10,306.98
cilovy,481,11,-299.92
cilovy,481,12,552.12
cilovy,482,1,-776.57
cilovy,482,2,-696.32
cilovy,482,3,-311.99
cilovy,482,4,94.55
cilovy,482,5,-463.76
cilovy,482,6,887.03
cilovy,482,7,262.12
cilovy,482,8,98.42
cilovy,482,9,-2.59
cilovy,482,10,-3.93
cilovy,482,11,350.11
cilovy,482,12,296.62
cilovy,483,1,-567.76
cilovy,483,2,-626.2
cilovy,483,3,65.36
cilovy,483,4,-327.08
cilovy,483,5,-247.47
cilovy,483,6,-308.88
cilovy,483,7,194.48
cilovy,483,8,-304.48
cilovy,483,9,-153.21
cilovy,483,10,-65.58
cilovy,483,11,-505.27
cilovy,483,12,322.46
cilovy,484,1,-501.48
cilovy,484,2,199.16
cilovy,484,3,569.74
cilovy,484,4,-282.95
cilovy,484,5,-168.12
cilovy,484,6,129.53
cilovy,484,7,330.5
cilovy,484,8,-389.95
cilovy,484,9,-297.38
cilovy,484,10,115.67
cilovy,484,11,182.41
cilovy,484,12,97.98
cilovy,485,1,-618.67
cilovy,485,2,-569.02
cilovy,485,3,-412.32
cilovy,485,4,-249.44
cilovy,485,5,-92.3
cilovy,485,6,-523.44
cilovy,485,7,-101.35
cilovy,485,8,18.94
cilovy,485,9,623.04
cilovy,485,10,30.13
cilovy,485,11,-59.33
cilovy,485,12,-52.2
cilovy,486,1,-307.09
cilovy,486,2,-177.3
cilovy,486,3,240.36
cilovy,486,4,-231.7
cilovy,486,5,-295.39
cilovy,486,6,408.29
cilovy,486,7,218.1
cilovy,486,8,106.25
cilovy,486,9,686.2
cilovy,486,10,334.94
cilovy,486,11,-224.53
cilovy,486,12,350.26
cilovy,487,1,-661.22
cilovy,487,2,-457.64
cilovy,487,3,-100.2
cilovy,487,4,-276.34
cilovy,487,5,-114.98
cilovy,487,6,180.34
cilovy,487,7,-251.89
cilovy,487,8,66.59
cilovy,487,9,428.46
cilovy,487,10,480.13
cilovy,487,11,199.3
cilovy,487,12,-132.98
cilovy,488,1,-740.78
cilovy,488,2,-707.33
cilovy,488,3,-328.94
cilovy,488,4,-154.99
cilovy,488,5,-17.15
cilovy,488,6,-380.0
cilovy,488,7,-350.04
cilovy,488,8,-173.04
cilovy,488,9,248.58
cilovy,488,10,45.12
cilovy,488,11,103.8
cilovy,488,12,-18.91
cilovy,489,1,-639.77
cilovy,489,2,-559.97
cilovy,489,3,-47.38
cilovy,489,4,-400.82
cilovy,489,5,-168.52
cilovy,489,6,52.79
cilovy,489,7,129.9
cilovy,489,8,-527.86
cilovy,489,9,-218.65
cilovy,489,10,412.79
cilovy,489,11,65.48
cilovy,489,12,-256.59
cilovy,490,1,-515.37
cilovy,490,2,-599.14
cilovy,490,3,-134.94
cilovy,490,4,85.87
cilovy,490,5,94.4
cilovy,490,6,352.63
cilovy,490,7,-62.93
cilovy,490,8,148.32
cilovy,490,9,-107.49
cilovy,490,10,-447.98
cilovy,490,11,-214.38
cilovy,490,12,434.24
cilovy,491,1,-586.57
cilovy,491,2,-546.02
cilovy,491,3,-332.7
cilovy,491,4,-88.95
cilovy,491,5,-320.86
cilovy,491,6,-168.16
cilovy,491,7,-226.07
cilovy,491,8,52.82
cilovy,491,9,598.47
cilovy,491,10,-193.06
cilovy,491,11,-391.26
cilovy,491,12,223.43
cilovy,492,1,-715.63
cilovy,492,2,-625.2
cilovy,492,3,-53.19
cilovy,492,4,125.64
cilovy,492,5,-231.56
cilovy,492,6,-119.18
cilovy,492,7,-636.11
cilovy,492,8,-632.23
cilovy,492,9,-31.41
cilovy,492,10,-6.53
cilovy,492,11,644.35
cilovy,492,12,339.82
cilovy,493,1,-537.54
cilovy,493,2,-455.03
cilovy,493,3,-398.53
cilovy,493,4,-626.01
cilovy,493,5,-462.52
cilovy,493,6,280.5
cilovy,493,7,-360.92
cilovy,493,8,547.7
cilovy,493,9,706.22
cilovy,493,10,108.78
cilovy,493,11,-255.49
cilovy,493,12,118.47
cilovy,494,1,-532.78
cilovy,494,2,-431.2
cilovy,494,3,-664.6
cilovy,494,4,-175.22
cilovy,494,5,280.74
cilovy,494,6,206.07
cilovy,494,7,-58.29
cilovy,494,8,21.19
cilovy,494,9,1011.38
cilovy,494,10,-363.99
cilovy,494,11,-48.82
cilovy,494,12,937.15
cilovy,495,1,-725.19
cilovy,495,2,-633.4
cilovy,495,3,114.2
cilovy,495,4,-678.83
cilovy,495,5,93.2
cilovy,495,6,202.2
cilovy,495,7,-333.26
cilovy,495,8,28.33
cilovy,495,9,-245.76
cilovy,495,10,621.55
cilovy,495,11,-74.94
cilovy,495,12,222.34
cilovy,496,1,-657.14
cilovy,496,2,-291.16
cilovy,496,3,5.58
cilovy,496,4,-581.36
cilovy,496,5,321.5
cilovy,496,6,218.95
cilovy,496,7,605.89
cilovy,496,8,862.96
cilovy,496,9,-1.77
cilovy,496,10,1118.94
cilovy,496,11,-409.97
cilovy,496,12,469.38
cilovy,497,1,-587.65
cilovy,497,2,-581.28
cilovy,497,3,-296.72
cilovy,497,4,-123.44
cilovy,497,5,-180.01
cilovy,497,6,160.63
cilovy,497,7,-647.32
cilovy,497,8,52.0
cilovy,497,9,597.17
cilovy,497,10,-153.82
cilovy,497,11,-299.53
cilovy,497,12,37.19
cilovy,498,1,-542.98
cilovy,498,2,-673.46
cilovy,498,3,-323.72
cilovy,498,4,52.13
cilovy,498,5,-440.36
cilovy,498,6,-10.05
cilovy,498,7,-243.35
cilovy,498,8,159.77
cilovy,498,9,335.12
cilovy,498,10,186.23
cilovy,498,11,672.24
cilovy,498,12,307.47
cilovy,499,1,-600.56
cilovy,499,2,87.24
cilovy,499,3,-37.15
cilovy,499,4,33.03
cilovy,499,5,-340.52
cilovy,499,6,228.07
cilovy,499,7,-407.39
cilovy,499,8,51.57
cilovy,499,9,485.08
cilovy,499,10,339.78
cilovy,499,11,70.98
cilovy,499,12,203.22
optimisticky,0,1,-148.66
optimisticky,0,2,-88.82
optimisticky,0,3,782.09
optimisticky,0,4,1182.33
optimisticky,0,5,1002.3
optimisticky,0,6,1984.58
optimisticky,0,7,1082.38
optimisticky,0,8,471.86
optimisticky,0,9,1884.75
optimisticky,0,10,68.34
optimisticky,0,11,1798.38
optimisticky,0,12,1216.01
optimisticky,1,1,-318.15
optimisticky,1,2,-323.35
optimisticky,1,3,250.68
optimisticky,1,4,404.73
optimisticky,1,5,863.23
optimisticky,1,6,1109.79
optimisticky,1,7,1210.6
optimisticky,1,8,648.22
optimisticky,1,9,2678.64
optimisticky,1,10,1467.28
optimisticky,1,11,1210.56
optimisticky,1,12,2556.03
optimisticky,2,1,-397.28
optimisticky,2,2,-568.54
optimisticky,2,3,32.89
optimisticky,2,4,243.95
optimisticky,2,5,454.76
optimisticky,2,6,228.89
optimisticky,2,7,1889.59
optimisticky,2,8,1136.17
optimisticky,2,9,1360.99
optimisticky,2,10,788.98
optimisticky,2,11,769.03
optimisticky,2,12,2379.45
optimisticky,3,1,-321.07
optimisticky,3,2,603.0
optimisticky,3,3,273.35
optimisticky,3,4,-16.93
optimisticky,3,5,1030.36
optimisticky,3,6,554.49
optimisticky,3,7,1028.46
optimisticky,3,8,509.11
optimisticky,3,9,2256.32
optimisticky,3,10,892.19
optimisticky,3,11,1460.94
optimisticky,3,12,2577.43
optimisticky,4,1,-296.64
optimisticky,4,2,184.7
optimisticky,4,3,445.68
optimisticky,4,4,423.18
optimisticky,4,5,336.43
optimisticky,4,6,1375.78
optimisticky,4,7,1063.95
optimisticky,4,8,1402.86
optimisticky,4,9,1012.32
optimisticky,4,10,567.98
optimisticky,4,11,508.9
optimisticky,4,12,1742.4
optimisticky,5,1,-343.99
optimisticky,5,2,751.16
optimisticky,5,3,461.21
optimisticky,5,4,364.57
optimisticky,5,5,383.38
optimisticky,5,6,469.26
optimisticky,5,7,499.97
optimisticky,5,8,557.36
optimisticky,5,9,1040.4
optimisticky,5,10,764.9
optimisticky,5,11,1034.91
optimisticky,5,12,1738.17
optimisticky,6,1,-507.94
optimisticky,6,2,116.86
optimisticky,6,3,947.06
optimisticky,6,4,-91.71
optimisticky,6,5,128.93
optimisticky,6,6,1547.29
optimisticky,6,7,712.58
optimisticky,6,8,1287.58
optimisticky,6,9,1889.19
optimisticky,6,10,508.64
optimisticky,6,11,1124.17
optimisticky,6,12,730.44
optimisticky,7,1,-790.31
optimisticky,7,2,539.21
optimisticky,7,3,710.07
optimisticky,7,4,104.18
optimisticky,7,5,635.59
optimisticky,7,6,1151.64
optimisticky,7,7,431.93
optimisticky,7,8,450.15
optimisticky,7,9,2470.16
optimisticky,7,10,847.61
optimisticky,7,11,1797.76
optimisticky,7,12,2349.7
optimisticky,8,1,-548.81
optimisticky,8,2,725.19
optimisticky,8,3,839.04
optimisticky,8,4,950.81
optimisticky,8,5,336.41
optimisticky,8,6,623.63
optimisticky,8,7,1341.93
optimisticky,8,8,917.39
optimisticky,8,9,2115.37
optimisticky,8,10,1427.84
optimisticky,8,11,1714.1
optimisticky,8,12,1266.29
optimisticky,9,1,-374.8
optimisticky,9,2,-116.89
optimisticky,9,3,489.67
optimisticky,9,4,1109.81
optimisticky,9,5,689.51
optimisticky,9,6,1747.49
optimisticky,9,7,731.91
optimisticky,9,8,254.68
optimisticky,9,9,2063.51
optimisticky,9,10,2344.6
optimisticky,9,11,1003.19
optimisticky,9,12,1927.18
optimisticky,10,1,-224.56
optimisticky,10,2,69.78
optimisticky,10,3,997.97
optimisticky,10,4,589.33
optimisticky,10,5,557.81
optimisticky,10,6,1216.49
optimisticky,10,7,1895.43
optimisticky,10,8,1214.49
optimisticky,10,9,1922.88
optimisticky,10,10,1566.05
optimisticky,10,11,2182.83
optimisticky,10,12,1334.7
optimisticky,11,1,-214.81
optimisticky,11,2,64.98
optimisticky,11,3,399.83
optimisticky,11,4,970.54
optimisticky,11,5,7.65
optimisticky,11,6,1276.69
optimisticky,11,7,1034.0
optimisticky,11,8,2141.68
optimisticky,11,9,1944.91
optimisticky,11,10,619.6
optimisticky,11,11,708.86
optimisticky,11,12,1976.06
optimisticky,12,1,-102.0
optimisticky,12,2,187.62
optimisticky,12,3,-64.32
optimisticky,12,4,-25.76
optimisticky,12,5,1495.85
optimisticky,12,6,501.01
optimisticky,12,7,580.22
optimisticky,12,8,1489.46
optimisticky,12,9,1602.86
optimisticky,12,10,646.44
optimisticky,12,11,1113.94
optimisticky,12,12,2750.26
optimisticky,13,1,-393.23
optimisticky,13,2,638.77
optimisticky,13,3,181.45
optimisticky,13,4,676.71
optimisticky,13,5,898.22
optimisticky,13,6,564.31
optimisticky,13,7,878.18
optimisticky,13,8,802.86
optimisticky,13,9,1720.76
optimisticky,13,10,1236.35
optimisticky,13,11,1200.75
optimisticky,13,12,1619.2
optimisticky,14,1,-329.34
optimisticky,14,2,76.55
optimisticky,14,3,725.47
optimisticky,14,4,528.8
optimisticky,14,5,880.45
optimisticky,14,6,2069.55
optimisticky,14,7,1215.87
optimisticky,14,8,370.83
optimisticky,14,9,1641.21
optimisticky,14,10,1393.34
optimisticky,14,11,1135.73
optimisticky,14,12,2913.78
optimisticky,15,1,-417.48
optimisticky,15,2,-296.39
optimisticky,15,3,1676.38
optimisticky,15,4,508.65
optimisticky,15,5,922.18
optimisticky,15,6,1380.47
optimisticky,15,7,554.64
optimisticky,15,8,676.11
optimisticky,15,9,1674.33
optimisticky,15,10,1197.41
optimisticky,15,11,2000.77
optimisticky,15,12,1472.48
optimisticky,16,1,-127.85
optimisticky,16,2,344.0
optimisticky,16,3,584.95
optimisticky,16,4,571.54
optimisticky,16,5,1100.46
optimisticky,16,6,1232.41
optimisticky,16,7,1540.41
optimisticky,16,8,836.87
optimisticky,16,9,1334.15
optimisticky,16,10,230.11
optimisticky,16,11,1462.32
optimisticky,16,12,2518.61
optimisticky,17,1,-473.6
optimisticky,17,2,-103.5
optimisticky,17,3,990.87
optimisticky,17,4,-79.5
optimisticky,17,5,832.89
optimisticky,17,6,1462.63
optimisticky,17,7,668.34
optimisticky,17,8,644.31
optimisticky,17,9,1817.35
optimisticky,17,10,1399.01
optimisticky,17,11,1581.11
optimisticky,17,12,1771.21
optimisticky,18,1,20.73
optimisticky,18,2,-563.47
optimisticky,18,3,1913.37
optimisticky,18,4,301.24
optimisticky,18,5,572.26
optimisticky,18,6,94.31
optimisticky,18,7,1472.06
optimisticky,18,8,542.36
optimisticky,18,9,1239.29
optimisticky,18,10,979.86
optimisticky,18,11,1373.88
optimisticky,18,12,2238.22
optimisticky,19,1,-211.8
optimisticky,19,2,412.69
optimisticky,19,3,382.19
optimisticky,19,4,1031.14
optimisticky,19,5,413.17
optimisticky,19,6,425.22
optimisticky,19,7,1016.09
optimisticky,19,8,1253.04
optimisticky,19,9,724.66
optimisticky,19,10,32.23
optimisticky,19,11,1885.27
optimisticky,19,12,2008.23
optimisticky,20,1,-327.83
optimisticky,20,2,-83.46
optimisticky,20,3,368.75
optimisticky,20,4,1275.05
optimisticky,20,5,1240.14
optimisticky,20,6,1343.66
optimisticky,20,7,817.78
optimisticky,20,8,1064.54
optimisticky,20,9,711.61
optimisticky,20,10,988.22
optimisticky,20,11,1079.44
optimisticky,20,12,1859.62
optimisticky,21,1,-543.17
optimisticky,21,2,-360.65
optimisticky,21,3,764.37
optimisticky,21,4,1059.86
optimisticky,21,5,1046.21
optimisticky,21,6,1048.67
optimisticky,21,7,671.1
optimisticky,21,8,1115.71
optimisticky,21,9,618.51
optimisticky,21,10,850.97
optimisticky,21,11,2093.71
optimisticky,21,12,2010.67
optimisticky,22,1,-187.95
optimisticky,22,2,889.68
optimisticky,22,3,245.5
optimisticky,22,4,170.24
optimisticky,22,5,144.54
optimisticky,22,6,1216.87
optimisticky,22,7,909.5
optimisticky,22,8,1214.61
optimisticky,22,9,472.18
optimisticky,22,10,1563.3
optimisticky,22,11,1390.47
optimisticky,22,12,1180.08
optimisticky,23,1,-259.74
optimisticky,23,2,-337.27
optimisticky,23,3,460.09
optimisticky,23,4,104.23
optimisticky,23,5,387.95
optimisticky,23,6,1827.79
optimisticky,23,7,1048.65
optimisticky,23,8,2247.66
optimisticky,23,9,1922.99
optimisticky,23,10,663.42
optimisticky,23,11,2595.83
optimisticky,23,12,1857.64
optimisticky,24,1,93.78
optimisticky,24,2,-55.81
optimisticky,24,3,195.74
optimisticky,24,4,362.77
optimisticky,24,5,461.53
optimisticky,24,6,907.78
optimisticky,24,7,1257.44
optimisticky,24,8,1418.77
optimisticky,24,9,1208.14
optimisticky,24,10,991.42
optimisticky,24,11,1108.47
optimisticky,24,12,1821.88
optimisticky,25,1,-229.27
optimisticky,25,2,-61.01
optimisticky,25,3,1069.23
optimisticky,25,4,3.66
optimisticky,25,5,517.61
optimisticky,25,6,1921.02
optimisticky,25,7,1527.69
optimisticky,25,8,990.22
optimisticky,25,9,965.67
optimisticky,25,10,690.56
optimisticky,25,11,566.85
optimisticky,25,12,1941.69
optimisticky,26,1,-351.51
optimisticky,26,2,88.9
optimisticky,26,3,961.87
optimisticky,26,4,58.0
optimisticky,26,5,1132.88
optimisticky,26,6,1128.15
optimisticky,26,7,1609.77
optimisticky,26,8,1155.42
optimisticky,26,9,1141.16
optimisticky,26,10,992.07
optimisticky,26,11,1170.67
optimisticky,26,12,1701.06
optimisticky,27,1,-229.41
optimisticky,27,2,167.35
optimisticky,27,3,664.71
optimisticky,27,4,660.79
optimisticky,27,5,814.51
optimisticky,27,6,1206.6
optimisticky,27,7,285.38
optimisticky,27,8,1114.72
optimisticky,27,9,1635.45
optimisticky,27,10,1061.22
optimisticky,27,11,849.0
optimisticky,27,12,1401.89
optimisticky,28,1,-521.89
optimisticky,28,2,-217.18
optimisticky,28,3,1206.64
optimisticky,28,4,1588.89
optimisticky,28,5,357.64
optimisticky,28,6,1033.92
optimisticky,28,7,812.12
optimisticky,28,8,1716.59
optimisticky,28,9,1516.27
optimisticky,28,10,657.66
optimisticky,28,11,1580.25
optimisticky,28,12,1800.57
optimisticky,29,1,-31.91
optimisticky,29,2,333.65
optimisticky,29,3,548.77
optimisticky,29,4,529.17
optimisticky,29,5,230.91
optimisticky,29,6,786.63
optimisticky,29,7,1598.68
optimisticky,29,8,779.21
optimisticky,29,9,1594.36
optimisticky,29,10,888.89
optimisticky,29,11,1491.26
optimisticky,29,12,1136.33
optimisticky,30,1,-406.38
optimisticky,30,2,-16.35
optimisticky,30,3,782.9
optimisticky,30,4,431.55
optimisticky,30,5,473.7
optimisticky,30,6,743.23
optimisticky,30,7,226.87
optimisticky,30,8,1402.91
optimisticky,30,9,1812.0
optimisticky,30,10,314.74
optimisticky,30,11,2008.97
optimisticky,30,12,1499.55
optimisticky,31,1,-599.09
optimisticky,31,2,155.32
optimisticky,31,3,380.12
optimisticky,31,4,1015.03
optimisticky,31,5,1076.25
optimisticky,31,6,1706.02
optimisticky,31,7,945.59
optimisticky,31,8,1087.7
optimisticky,31,9,1483.58
optimisticky,31,10,1659.12
optimisticky,31,11,1091.12
optimisticky,31,12,1614.25
optimisticky,32,1,-314.24
optimisticky,32,2,-238.77
optimisticky,32,3,886.79
optimisticky,32,4,791.89
optimisticky,32,5,519.92
optimisticky,32,6,1622.62
optimisticky,32,7,640.04
optimisticky,32,8,1628.81
optimisticky,32,9,1337.84
optimisticky,32,10,1779.11
optimisticky,32,11,827.24
optimisticky,32,12,2458.82
optimisticky,33,1,236.03
optimisticky,33,2,-180.81
optimisticky,33,3,956.95
optimisticky,33,4,521.55
optimisticky,33,5,398.38
optimisticky,33,6,818.38
optimisticky,33,7,903.31
optimisticky,33,8,899.07
optimisticky,33,9,2010.03
optimisticky,33,10,2669.05
optimisticky,33,11,1038.12
optimisticky,33,12,783.76
optimisticky,34,1,-472.18
optimisticky,34,2,182.07
optimisticky,34,3,1040.48
optimisticky,34,4,704.64
optimisticky,34,5,1593.26
optimisticky,34,6,1381.59
optimisticky,34,7,803.38
optimisticky,34,8,252.79
optimisticky,34,9,2139.25
optimisticky,34,10,1460.92
optimisticky,34,11,1255.42
optimisticky,34,12,1730.94
optimisticky,35,1,-217.27
optimisticky,35,2,-4.73
optimisticky,35,3,242.35
optimisticky,35,4,145.26
optimisticky,35,5,-56.13
optimisticky,35,6,692.35
optimisticky,35,7,1144.51
optimisticky,35,8,1871.79
optimisticky,35,9,1625.84
optimisticky,35,10,1449.18
optimisticky,35,11,900.86
optimisticky,35,12,1050.26
optimisticky,36,1,-325.54
optimisticky,36,2,-299.53
optimisticky,36,3,274.61
optimisticky,36,4,736.9
optimisticky,36,5,205.68
optimisticky,36,6,1430.26
optimisticky,36,7,2451.5
optimisticky,36,8,1154.74
optimisticky,36,9,1493.43
optimisticky,36,10,877.86
optimisticky,36,11,1785.28
optimisticky,36,12,1822.4
optimisticky,37,1,-327.12
optimisticky,37,2,486.03
optimisticky,37,3,701.72
optimisticky,37,4,-56.53
optimisticky,37,5,385.97
optimisticky,37,6,382.07
optimisticky,37,7,1093.25
optimisticky,37,8,931.36
optimisticky,37,9,587.99
optimisticky,37,10,742.11
optimisticky,37,11,749.82
optimisticky,37,12,2162.18
optimisticky,38,1,-420.74
optimisticky,38,2,312.07
optimisticky,38,3,686.39
optimisticky,38,4,1478.64
optimisticky,38,5,548.67
optimisticky,38,6,1403.61
optimisticky,38,7,1355.18
optimisticky,38,8,1202.05
optimisticky,38,9,1727.07
optimisticky,38,10,1877.83
optimisticky,38,11,763.71
optimisticky,38,12,1952.84
optimisticky,39,1,-226.11
optimisticky,39,2,182.62
optimisticky,39,3,569.26
optimisticky,39,4,991.04
optimisticky,39,5,395.32
optimisticky,39,6,2779.05
optimisticky,39,7,1358.6
optimisticky,39,8,884.58
optimisticky,39,9,2087.0
optimisticky,39,10,2530.53
optimisticky,39,11,1001.92
optimisticky,39,12,2010.16
optimisticky,40,1,-506.55
optimisticky,40,2,-63.96
optimisticky,40,3,896.72
optimisticky,40,4,592.05
optimisticky,40,5,1168.19
optimisticky,40,6,276.76
optimisticky,40,7,1571.46
optimisticky,40,8,999.07
optimisticky,40,9,1621.36
optimisticky,40,10,689.32
optimisticky,40,11,1392.36
optimisticky,40,12,1323.09
optimisticky,41,1,-184.21
optimisticky,41,2,33.41
optimisticky,41,3,169.91
optimisticky,41,4,669.81
optimisticky,41,5,1168.65
optimisticky,41,6,410.17
optimisticky,41,7,377.52
optimisticky,41,8,1255.05
optimisticky,41,9,1068.49
optimisticky,41,10,864.04
optimisticky,41,11,852.37
optimisticky,41,12,2927.87
optimisticky,42,1,-358.02
optimisticky,42,2,312.12
optimisticky,42,3,808.15
optimisticky,42,4,482.07
optimisticky,42,5,1111.76
optimisticky,42,6,1143.06
optimisticky,42,7,1368.55
optimisticky,42,8,510.77
optimisticky,42,9,895.22
optimisticky,42,10,2237.28
optimisticky,42,11,1632.9
optimisticky,42,12,2906.11
optimisticky,43,1,-454.13
optimisticky,43,2,-169.09
optimisticky,43,3,958.19
optimisticky,43,4,873.28
optimisticky,43,5,453.32
optimisticky,43,6,1019.31
optimisticky,43,7,1488.05
optimisticky,43,8,1729.23
optimisticky,43,9,2050.34
optimisticky,43,10,871.88
optimisticky,43,11,722.1
optimisticky,43,12,2807.69
optimisticky,44,1,-489.78
optimisticky,44,2,385.65
optimisticky,44,3,608.82
optimisticky,44,4,1074.98
optimisticky,44,5,1086.9
optimisticky,44,6,1980.09
optimisticky,44,7,756.96
optimisticky,44,8,1379.66
optimisticky,44,9,2660.52
optimisticky,44,10,947.04
optimisticky,44,11,930.31
optimisticky,44,12,1358.84
optimisticky,45,1,-42.23
optimisticky,45,2,-350.62
optimisticky,45,3,1102.47
optimisticky,45,4,752.79
optimisticky,45,5,728.24
optimisticky,45,6,1457.36
optimisticky,45,7,1257.78
optimisticky,45,8,897.81
optimisticky,45,9,2908.84
optimisticky,45,10,869.47
optimisticky,45,11,1039.31
optimisticky,45,12,1182.45
optimisticky,46,1,-717.99
optimisticky,46,2,-229.52
optimisticky,46,3,210.48
optimisticky,46,4,-165.07
optimisticky,46,5,671.83
optimisticky,46,6,1243.96
optimisticky,46,7,1408.68
optimisticky,46,8,1321.06
optimisticky,46,9,1202.49
optimisticky,46,10,1722.14
optimisticky,46,11,592.34
optimisticky,46,12,1085.05
optimisticky,47,1,-63.25
optimisticky,47,2,-157.81
optimisticky,47,3,1169.49
optimisticky,47,4,151.1
optimisticky,47,5,1167.63
optimisticky,47,6,1411.85
optimisticky,47,7,1136.42
optimisticky,47,8,666.3
optimisticky,47,9,956.25
optimisticky,47,10,624.79
optimisticky,47,11,1493.73
optimisticky,47,12,2031.54
optimisticky,48,1,-216.44
optimisticky,48,2,115.15
optimisticky,48,3,1152.68
optimisticky,48,4,151.08
optimisticky,48,5,849.32
optimisticky,48,6,783.93
optimisticky,48,7,1900.29
optimisticky,48,8,757.67
optimisticky,48,9,2014.96
optimisticky,48,10,1478.44
optimisticky,48,11,1867.58
optimisticky,48,12,2036.21
optimisticky,49,1,-272.02
optimisticky,49,2,162.8
optimisticky,49,3,97.2
optimisticky,49,4,270.72
optimisticky,49,5,1173.4
optimisticky,49,6,1527.97
optimisticky,49,7,1300.76
optimisticky,49,8,557.81
optimisticky,49,9,3123.8
optimisticky,49,10,1280.05
optimisticky,49,11,1067.38
optimisticky,49,12,2041.99
optimisticky,50,1,-720.76
optimisticky,50,2,-234.26
optimisticky,50,3,905.63
optimisticky,50,4,492.8
optimisticky,50,5,515.84
optimisticky,50,6,1325.61
optimisticky,50,7,763.0
optimisticky,50,8,1373.94
optimisticky,50,9,3324.47
optimisticky,50,10,2047.35
optimisticky,50,11,1520.57
optimisticky,50,12,2501.43
optimisticky,51,1,-366.24
optimisticky,51,2,-550.83
optimisticky,51,3,708.39
optimisticky,51,4,479.85
optimisticky,51,5,508.59
optimisticky,51,6,1278.37
optimisticky,51,7,739.45
optimisticky,51,8,1443.52
optimisticky,51,9,1736.43
optimisticky,51,10,1660.73
optimisticky,51,11,1998.4
optimisticky,51,12,2068.44
optimisticky,52,1,10.14
optimisticky,52,2,-176.38
optimisticky,52,3,825.22
optimisticky,52,4,249.79
optimisticky,52,5,445.56
optimisticky,52,6,1304.56
optimisticky,52,7,429.32
optimisticky,52,8,1073.99
optimisticky,52,9,1116.2
optimisticky,52,10,2081.96
optimisticky,52,11,1157.02
optimisticky,52,12,1852.92
optimisticky,53,1,-323.44
optimisticky,53,2,-100.87
optimisticky,53,3,965.25
optimisticky,53,4,598.4
optimisticky,53,5,801.32
optimisticky,53,6,1779.95
optimisticky,53,7,1173.22
optimisticky,53,8,633.31
optimisticky,53,9,907.25
optimisticky,53,10,1037.46
optimisticky,53,11,1285.6
optimisticky,53,12,1856.33
optimisticky,54,1,-30.24
optimisticky,54,2,-232.8
optimisticky,54,3,714.33
optimisticky,54,4,328.52
optimisticky,54,5,1285.16
optimisticky,54,6,1059.26
optimisticky,54,7,1037.86
optimisticky,54,8,1003.27
optimisticky,54,9,1807.54
optimisticky,54,10,697.69
optimisticky,54,11,721.65
optimisticky,54,12,1309.38
optimisticky,55,1,-407.36
optimisticky,55,2,-567.73
optimisticky,55,3,1610.02
optimisticky,55,4,444.33
optimisticky,55,5,555.29
optimisticky,55,6,1585.53
optimisticky,55,7,721.79
optimisticky,55,8,1039.21
optimisticky,55,9,1309.61
optimisticky,55,10,1079.73
optimisticky,55,11,1680.3
optimisticky,55,12,1799.58
optimisticky,56,1,-209.08
optimisticky,56,2,-383.22
optimisticky,56,3,436.82
optimisticky,56,4,742.44
optimisticky,56,5,382.51
optimisticky,56,6,837.3
optimisticky,56,7,529.56
optimisticky,56,8,966.95
optimisticky,56,9,2043.27
optimisticky,56,10,1130.15
optimisticky,56,11,1640.97
optimisticky,56,12,2130.95
optimisticky,57,1,-384.58
optimisticky,57,2,530.93
optimisticky,57,3,484.16
optimisticky,57,4,1324.25
optimisticky,57,5,361.28
optimisticky,57,6,1032.05
optimisticky,57,7,707.86
optimisticky,57,8,1464.39
optimisticky,57,9,1790.68
optimisticky,57,10,862.6
optimisticky,57,11,1128.59
optimisticky,57,12,1156.53
optimisticky,58,1,-123.26
optimisticky,58,2,-339.83
optimisticky,58,3,912.28
optimisticky,58,4,-30.09
optimisticky,58,5,631.53
optimisticky,58,6,1511.25
optimisticky,58,7,989.95
optimisticky,58,8,1410.95
optimisticky,58,9,1559.54
optimisticky,58,10,858.09
optimisticky,58,11,391.24
optimisticky,58,12,1503.67
optimisticky,59,1,-286.36
optimisticky,59,2,-240.03
optimisticky,59,3,1112.19
optimisticky,59,4,606.38
optimisticky,59,5,569.19
optimisticky,59,6,2908.22
optimisticky,59,7,268.23
optimisticky,59,8,1145.95
optimisticky,59,9,1358.99
optimisticky,59,10,1137.11
optimisticky,59,11,1692.82
optimisticky,59,12,1991.75
optimisticky,60,1,-423.18
optimisticky,60,2,442.46
optimisticky,60,3,108.16
optimisticky,60,4,659.71
optimisticky,60,5,964.79
optimisticky,60,6,1626.86
optimisticky,60,7,874.14
optimisticky,60,8,497.59
optimisticky,60,9,1349.53
optimisticky,60,10,1375.19
optimisticky,60,11,1100.86
optimisticky,60,12,1647.65
optimisticky,61,1,-280.43
optimisticky,61,2,-505.37
optimisticky,61,3,824.45
optimisticky,61,4,-221.12
optimisticky,61,5,505.75
optimisticky,61,6,1257.93
optimisticky,61,7,911.12
optimisticky,61,8,1115.41
optimisticky,61,9,1664.77
optimisticky,61,10,1723.39
optimisticky,61,11,1554.93
optimisticky,61,12,1099.31
optimisticky,62,1,-595.3
optimisticky,62,2,172.29
optimisticky,62,3,667.33
optimisticky,62,4,609.33
optimisticky,62,5,541.2
optimisticky,62,6,1268.86
optimisticky,62,7,875.95
optimisticky,62,8,915.55
optimisticky,62,9,2526.75
optimisticky,62,10,1597.59
optimisticky,62,11,1438.0
optimisticky,62,12,1152.26
optimisticky,63,1,-453.36
optimisticky,63,2,90.65
optimisticky,63,3,289.96
optimisticky,63,4,229.23
optimisticky,63,5,899.79
optimisticky,63,6,610.34
optimisticky,63,7,1235.34
optimisticky,63,8,367.86
optimisticky,63,9,1751.06
optimisticky,63,10,2089.4
optimisticky,63,11,1411.25
optimisticky,63,12,2269.58
optimisticky,64,1,-275.75
optimisticky,64,2,-246.29
optimisticky,64,3,846.76
optimisticky,64,4,-204.45
optimisticky,64,5,891.1
optimisticky,64,6,1616.68
optimisticky,64,7,1141.35
optimisticky,64,8,906.59
optimisticky,64,9,1819.06
optimisticky,64,10,632.34
optimisticky,64,11,798.28
optimisticky,64,12,2094.89
optimisticky,65,1,-648.0
optimisticky,65,2,660.79
optimisticky,65,3,774.87
optimisticky,65,4,773.34
optimisticky,65,5,730.72
optimisticky,65,6,1780.91
optimisticky,65,7,1824.06
optimisticky,65,8,960.45
optimisticky,65,9,1956.25
optimisticky,65,10,1596.37
optimisticky,65,11,1425.56
optimisticky,65,12,2029.8
optimisticky,66,1,246.74
optimisticky,66,2,-165.74
optimisticky,66,3,321.67
optimisticky,66,4,878.26
optimisticky,66,5,262.23
optimisticky,66,6,1215.44
optimisticky,66,7,1151.71
optimisticky,66,8,2140.4
optimisticky,66,9,1305.93
optimisticky,66,10,1248.51
optimisticky,66,11,785.97
optimisticky,66,12,2008.63
optimisticky,67,1,-95.01
optimisticky,67,2,-311.29
optimisticky,67,3,530.24
optimisticky,67,4,569.44
optimisticky,67,5,88.0
optimisticky,67,6,859.85
optimisticky,67,7,570.56
optimisticky,67,8,1854.98
optimisticky,67,9,999.19
optimisticky,67,10,1603.88
optimisticky,67,11,1945.43
optimisticky,67,12,1590.87
optimisticky,68,1,-617.57
optimisticky,68,2,200.31
optimisticky,68,3,465.3
optimisticky,68,4,536.27
optimisticky,68,5,1246.5
optimisticky,68,6,1252.3
optimisticky,68,7,795.0
optimisticky,68,8,1675.18
optimisticky,68,9,1615.74
optimisticky,68,10,1478.92
optimisticky,68,11,1604.7
optimisticky,68,12,1806.75
optimisticky,69,1,-15.11
optimisticky,69,2,-80.42
optimisticky,69,3,271.68
optimisticky,69,4,353.53
optimisticky,69,5,689.35
optimisticky,69,6,1844.62
optimisticky,69,7,972.77
optimisticky,69,8,1621.86
optimisticky,69,9,325.96
optimisticky,69,10,796.79
optimisticky,69,11,1179.4
optimisticky,69,12,429.77
optimisticky,70,1,-316.1
optimisticky,70,2,22.18
optimisticky,70,3,781.5
optimisticky,70,4,781.18
optimisticky,70,5,901.65
optimisticky,70,6,1637.96
optimisticky,70,7,435.62
optimisticky,70,8,1792.17
optimisticky,70,9,1829.36
optimisticky,70,10,1636.48
optimisticky,70,11,1995.35
optimisticky,70,12,2727.58
optimisticky,71,1,-620.81
optimisticky,71,2,-66.4
optimisticky,71,3,105.9
optimisticky,71,4,455.44
optimisticky,71,5,264.49
optimisticky,71,6,1147.52
optimisticky,71,7,684.82
optimisticky,71,8,1837.19
optimisticky,71,9,2210.56
optimisticky,71,10,1282.3
optimisticky,71,11,510.84
optimisticky,71,12,1096.01
optimisticky,72,1,-68.15
optimisticky,72,2,365.83
optimisticky,72,3,290.44
optimisticky,72,4,547.27
optimisticky,72,5,311.66
optimisticky,72,6,1508.07
optimisticky,72,7,554.63
optimisticky,72,8,768.83
optimisticky,72,9,1765.29
optimisticky,72,10,1165.4
optimisticky,72,11,1135.13
optimisticky,72,12,1393.19
optimisticky,73,1,-249.46
optimisticky,73,2,-57.25
optimisticky,73,3,28.46
optimisticky,73,4,17.32
optimisticky,73,5,780.34
optimisticky,73,6,1882.39
optimisticky,73,7,392.9
optimisticky,73,8,1472.92
optimisticky,73,9,2001.95
optimisticky,73,10,1376.8
optimisticky,73,11,1471.93
optimisticky,73,12,1694.47
optimisticky,74,1,-546.57
optimisticky,74,2,204.12
optimisticky,74,3,-151.68
optimisticky,74,4,694.16
optimisticky,74,5,899.36
optimisticky,74,6,1417.55
optimisticky,74,7,1136.26
optimisticky,74,8,405.77
optimisticky,74,9,1748.63
optimisticky,74,10,948.71
optimisticky,74,11,1130.91
optimisticky,74,12,895.62
optimisticky,75,1,67.8
optimisticky,75,2,324.12
optimisticky,75,3,298.7
optimisticky,75,4,963.19
optimisticky,75,5,425.15
optimisticky,75,6,867.18
optimisticky,75,7,718.52
optimisticky,75,8,552.98
optimisticky,75,9,833.39
optimisticky,75,10,883.15
optimisticky,75,11,828.17
optimisticky,75,12,1946.91
optimisticky,76,1,-540.58
optimisticky,76,2,-66.71
optimisticky,76,3,237.95
optimisticky,76,4,968.13
optimisticky,76,5,1305.96
optimisticky,76,6,1108.52
optimisticky,76,7,471.29
optimisticky,76,8,540.14
optimisticky,76,9,1377.2
optimisticky,76,10,964.14
optimisticky,76,11,1158.61
optimisticky,76,12,1067.33
optimisticky,77,1,-163.95
optimisticky,77,2,-403.51
optimisticky,77,3,663.8
optimisticky,77,4,690.26
optimisticky,77,5,506.84
optimisticky,77,6,2071.91
optimisticky,77,7,323.11
optimisticky,77,8,559.07
optimisticky,77,9,1798.7
optimisticky,77,10,1199.03
optimisticky,77,11,1153.32
optimisticky,77,12,1789.47
optimisticky,78,1,-244.37
optimisticky,78,2,288.61
optimisticky,78,3,303.59
optimisticky,78,4,245.63
optimisticky,78,5,1895.61
optimisticky,78,6,681.0
optimisticky,78,7,1245.64
optimisticky,78,8,2018.63
optimisticky,78,9,1126.7
optimisticky,78,10,1127.96
optimisticky,78,11,1391.57
optimisticky,78,12,2202.33
optimisticky,79,1,-107.48
optimisticky,79,2,-448.04
optimisticky,79,3,928.61
optimisticky,79,4,99.14
optimisticky,79,5,1465.8
optimisticky,79,6,1159.11
optimisticky,79,7,566.75
optimisticky,79,8,503.24
optimisticky,79,9,765.72
optimisticky,79,10,798.96
optimisticky,79,11,1363.54
optimisticky,79,12,1790.63
optimisticky,80,1,-633.79
optimisticky,80,2,112.38
optimisticky,80,3,150.19
optimisticky,80,4,544.38
optimisticky,80,5,1149.34
optimisticky,80,6,493.88
optimisticky,80,7,466.72
optimisticky,80,8,797.31
optimisticky,80,9,1576.14
optimisticky,80,10,2387.93
optimisticky,80,11,1513.62
optimisticky,80,12,1802.55
optimisticky,81,1,-584.05
optimisticky,81,2,-247.53
optimisticky,81,3,1241.26
optimisticky,81,4,836.3
optimisticky,81,5,1196.57
optimisticky,81,6,1012.34
optimisticky,81,7,1364.11
optimisticky,81,8,654.88
optimisticky,81,9,1865.04
optimisticky,81,10,630.75
optimisticky,81,11,1262.08
optimisticky,81,12,1897.34
optimisticky,82,1,-153.6
optimisticky,82,2,182.25
optimisticky,82,3,1467.9
optimisticky,82,4,705.36
optimisticky,82,5,523.28
optimisticky,82,6,1885.39
optimisticky,82,7,223.08
optimisticky,82,8,402.62
optimisticky,82,9,1358.09
optimisticky,82,10,762.4
optimisticky,82,11,718.87
optimisticky,82,12,1525.37
optimisticky,83,1,-469.91
optimisticky,83,2,-123.24
optimisticky,83,3,426.32
optimisticky,83,4,664.21
optimisticky,83,5,200.21
optimisticky,83,6,856.2
optimisticky,83,7,308.48
optimisticky,83,8,1008.12
optimisticky,83,9,672.57
optimisticky,83,10,1663.68
optimisticky,83,11,1809.9
optimisticky,83,12,1339.82
optimisticky,84,1,-378.27
optimisticky,84,2,187.55
optimisticky,84,3,-204.54
optimisticky,84,4,835.75
optimisticky,84,5,548.14
optimisticky,84,6,1231.26
optimisticky,84,7,1697.15
optimisticky,84,8,590.39
optimisticky,84,9,1144.78
optimisticky,84,10,1300.15
optimisticky,84,11,874.33
optimisticky,84,12,1945.13
optimisticky,85,1,74.83
optimisticky,85,2,105.62
optimisticky,85,3,147.07
optimisticky,85,4,241.08
optimisticky,85,5,706.8
optimisticky,85,6,1702.71
optimisticky,85,7,1156.49
optimisticky,85,8,679.49
optimisticky,85,9,2290.48
optimisticky,85,10,945.61
optimisticky,85,11,1491.34
optimisticky,85,12,1834.16
optimisticky,86,1,-365.22
optimisticky,86,2,278.17
optimisticky,86,3,307.42
optimisticky,86,4,69.19
optimisticky,86,5,829.29
optimisticky,86,6,874.5
optimisticky,86,7,859.0
optimisticky,86,8,805.84
optimisticky,86,9,1215.91
optimisticky,86,10,1176.96
optimisticky,86,11,2045.32
optimisticky,86,12,1868.24
optimisticky,87,1,-573.81
optimisticky,87,2,-246.23
optimisticky,87,3,1244.63
optimisticky,87,4,1387.95
optimisticky,87,5,1033.93
optimisticky,87,6,851.54
optimisticky,87,7,-125.54
optimisticky,87,8,1255.54
optimisticky,87,9,1949.08
optimisticky,87,10,2636.26
optimisticky,87,11,864.12
optimisticky,87,12,1305.04
optimisticky,88,1,-255.5
optimisticky,88,2,-58.94
optimisticky,88,3,937.05
optimisticky,88,4,389.91
optimisticky,88,5,1009.42
optimisticky,88,6,1252.33
optimisticky,88,7,-22.94
optimisticky,88,8,555.11
optimisticky,88,9,1711.33
optimisticky,88,10,1244.66
optimisticky,88,11,1077.48
optimisticky,88,12,1895.57
optimisticky,89,1,-634.66
optimisticky,89,2,32.94
optimisticky,89,3,886.64
optimisticky,89,4,1049.13
optimisticky,89,5,1537.85
optimisticky,89,6,1436.66
optimisticky,89,7,955.38
optimisticky,89,8,716.56
optimisticky,89,9,2625.33
optimisticky,89,10,1402.5
optimisticky,89,11,597.28
optimisticky,89,12,2146.37
optimisticky,90,1,-3.13
optimisticky,90,2,-149.62
optimisticky,90,3,1084.35
optimisticky,90,4,-323.47
optimisticky,90,5,1466.56
optimisticky,90,6,1953.33
optimisticky,90,7,826.27
optimisticky,90,8,845.59
optimisticky,90,9,1592.21
optimisticky,90,10,736.6
optimisticky,90,11,780.98
optimisticky,90,12,3099.82
optimisticky,91,1,-192.34
optimisticky,91,2,417.44
optimisticky,91,3,917.14
optimisticky,91,4,75.35
optimisticky,91,5,862.93
optimisticky,91,6,572.33
optimisticky,91,7,19.16
optimisticky,91,8,892.1
optimisticky,91,9,1499.65
optimisticky,91,10,1059.22
optimisticky,91,11,1135.14
optimisticky,91,12,2257.79
optimisticky,92,1,-599.86
optimisticky,92,2,466.03
optimisticky,92,3,440.12
optimisticky,92,4,824.57
optimisticky,92,5,1262.18
optimisticky,92,6,1555.46
optimisticky,92,7,1778.33
optimisticky,92,8,1528.75
optimisticky,92,9,1786.02
optimisticky,92,10,1363.85
optimisticky,92,11,601.19
optimisticky,92,12,1941.25
optimisticky,93,1,-332.47
optimisticky,93,2,980.35
optimisticky,93,3,289.81
optimisticky,93,4,219.39
optimisticky,93,5,786.2
optimisticky,93,6,1354.19
optimisticky,93,7,223.5
optimisticky,93,8,1121.17
optimisticky,93,9,1514.93
optimisticky,93,10,2040.83
optimisticky,93,11,1390.36
optimisticky,93,12,1738.83
optimisticky,94,1,-840.68
optimisticky,94,2,73.57
optimisticky,94,3,487.65
optimisticky,94,4,794.55
optimisticky,94,5,1146.27
optimisticky,94,6,1137.78
optimisticky,94,7,546.08
optimisticky,94,8,1214.2
optimisticky,94,9,1680.77
optimisticky,94,10,771.7
optimisticky,94,11,667.24
optimisticky,94,12,3217.88
optimisticky,95,1,-449.8
optimisticky,95,2,-538.88
optimisticky,95,3,1103.17
optimisticky,95,4,125.38
optimisticky,95,5,1281.29
optimisticky,95,6,1300.18
optimisticky,95,7,693.28
optimisticky,95,8,1245.26
optimisticky,95,9,1021.82
optimisticky,95,10,1536.52
optimisticky,95,11,1305.21
optimisticky,95,12,1585.83
optimisticky,96,1,-247.9
optimisticky,96,2,-94.74
optimisticky,96,3,629.78
optimisticky,96,4,29.03
optimisticky,96,5,616.15
optimisticky,96,6,1098.61
optimisticky,96,7,995.56
optimisticky,96,8,424.14
optimisticky,96,9,1282.24
optimisticky,96,10,2018.82
optimisticky,96,11,1295.56
optimisticky,96,12,2290.47
optimisticky,97,1,-149.72
optimisticky,97,2,-145.11
optimisticky,97,3,510.0
optimisticky,97,4,-41.02
optimisticky,97,5,657.05
optimisticky,97,6,484.25
optimisticky,97,7,1614.21
optimisticky,97,8,2247.32
optimisticky,97,9,1490.67
optimisticky,97,10,1099.31
optimisticky,97,11,1256.84
optimisticky,97,12,2308.71
optimisticky,98,1,50.45
optimisticky,98,2,498.21
optimisticky,98,3,1262.11
optimisticky,98,4,129.95
optimisticky,98,5,664.15
optimisticky,98,6,1700.94
optimisticky,98,7,1041.26
optimisticky,98,8,1514.01
optimisticky,98,9,1816.87
optimisticky,98,10,1714.36
optimisticky,98,11,952.61
optimisticky,98,12,1302.26
optimisticky,99,1,-487.65
optimisticky,99,2,59.17
optimisticky,99,3,407.68
optimisticky,99,4,144.93
optimisticky,99,5,1293.7
optimisticky,99,6,264.45
optimisticky,99,7,275.55
optimisticky,99,8,695.47
optimisticky,99,9,1852.41
optimisticky,99,10,498.44
optimisticky,99,11,1377.67
optimisticky,99,12,1577.88
optimisticky,100,1,70.21
optimisticky,100,2,-437.75
optimisticky,100,3,1082.62
optimisticky,100,4,-97.66
optimisticky,100,5,903.89
optimisticky,100,6,1065.37
optimisticky,100,7,519.82
optimisticky,100,8,304.91
optimisticky,100,9,1704.16
optimisticky,100,10,356.05
optimisticky,100,11,1542.16
optimisticky,100,12,2717.15
optimisticky,101,1,-337.55
optimisticky,101,2,532.54
optimisticky,101,3,1113.27
optimisticky,101,4,721.55
optimisticky,101,5,343.09
optimisticky,101,6,1767.62
optimisticky,101,7,662.26
optimisticky,101,8,1063.22
optimisticky,101,9,1468.29
optimisticky,101,10,1150.75
optimisticky,101,11,2086.98
optimisticky,101,12,1758.67
optimisticky,102,1,-204.91
optimisticky,102,2,-110.95
optimisticky,102,3,233.07
optimisticky,102,4,376.33
optimisticky,102,5,629.69
optimisticky,102,6,1590.47
optimisticky,102,7,805.39
optimisticky,102,8,904.12
optimisticky,102,9,1452.93
optimisticky,102,10,516.06
optimisticky,102,11,1243.51
optimisticky,102,12,1808.1
optimisticky,103,1,-175.93
optimisticky,103,2,30.74
optimisticky,103,3,898.94
optimisticky,103,4,619.25
optimisticky,103,5,1625.15
optimisticky,103,6,2248.05
optimisticky,103,7,1048.75
optimisticky,103,8,106.62
optimisticky,103,9,1564.68
optimisticky,103,10,1793.75
optimisticky,103,11,1071.27
optimisticky,103,12,2225.67
optimisticky,104,1,-457.77
optimisticky,104,2,500.44
optimisticky,104,3,564.17
optimisticky,104,4,953.35
optimisticky,104,5,228.1
optimisticky,104,6,1642.48
optimisticky,104,7,1262.18
optimisticky,104,8,1217.55
optimisticky,104,9,1552.17
optimisticky,104,10,2593.22
optimisticky,104,11,1524.82
optimisticky,104,12,569.49
optimisticky,105,1,-292.89
optimisticky,105,2,-315.49
optimisticky,105,3,1403.97
optimisticky,105,4,476.94
optimisticky,105,5,615.54
optimisticky,105,6,1078.36
optimisticky,105,7,948.43
optimisticky,105,8,678.26
optimisticky,105,9,1423.28
optimisticky,105,10,826.76
optimisticky,105,11,1836.13
optimisticky,105,12,549.17
optimisticky,106,1,105.49
optimisticky,106,2,77.26
optimisticky,106,3,591.95
optimisticky,106,4,1092.92
optimisticky,106,5,1335.49
optimisticky,106,6,1367.88
optimisticky,106,7,514.5
optimisticky,106,8,1448.82
optimisticky,106,9,1348.14
optimisticky,106,10,1407.75
optimisticky,106,11,1660.56
optimisticky,106,12,2127.73
optimisticky,107,1,-394.98
optimisticky,107,2,361.08
optimisticky,107,3,525.85
optimisticky,107,4,549.31
optimisticky,107,5,1421.7
optimisticky,107,6,1017.73
optimisticky,107,7,1025.7
optimisticky,107,8,1540.59
optimisticky,107,9,1554.5
optimisticky,107,10,396.31
optimisticky,107,11,245.27
optimisticky,107,12,1432.9
optimisticky,108,1,-93.98
optimisticky,108,2,182.63
optimisticky,108,3,1123.25
optimisticky,108,4,121.81
optimisticky,108,5,309.37
optimisticky,108,6,958.02
optimisticky,108,7,1037.2
optimisticky,108,8,1833.41
optimisticky,108,9,2053.02
optimisticky,108,10,1274.36
optimisticky,108,11,741.27
optimisticky,108,12,1470.66
optimisticky,109,1,-431.3
optimisticky,109,2,576.27
optimisticky,109,3,370.99
optimisticky,109,4,465.56
optimisticky,109,5,766.99
optimisticky,109,6,1648.49
optimisticky,109,7,1014.27
optimisticky,109,8,345.54
optimisticky,109,9,1788.53
optimisticky,109,10,1061.38
optimisticky,109,11,1639.7
optimisticky,109,12,1369.82
optimisticky,110,1,-529.08
optimisticky,110,2,49.6
optimisticky,110,3,837.82
optimisticky,110,4,379.64
optimisticky,110,5,1556.29
optimisticky,110,6,782.06
optimisticky,110,7,901.65
optimisticky,110,8,693.46
optimisticky,110,9,3102.08
optimisticky,110,10,780.0
optimisticky,110,11,1096.63
optimisticky,110,12,1442.25
optimisticky,111,1,-212.83
optimisticky,111,2,-220.64
optimisticky,111,3,421.23
optimisticky,111,4,619.0
optimisticky,111,5,387.49
optimisticky,111,6,1180.48
optimisticky,111,7,1835.26
optimisticky,111,8,1019.72
optimisticky,111,9,665.99
optimisticky,111,10,369.58
optimisticky,111,11,2221.99
optimisticky,111,12,2250.34
optimisticky,112,1,-188.11
optimisticky,112,2,-463.86
optimisticky,112,3,660.41
optimisticky,112,4,79.78
optimisticky,112,5,784.03
optimisticky,112,6,1087.64
optimisticky,112,7,440.63
optimisticky,112,8,989.44
optimisticky,112,9,2014.65
optimisticky,112,10,1528.84
optimisticky,112,11,1375.95
optimisticky,112,12,1863.94
optimisticky,113,1,-576.91
optimisticky,113,2,-449.1
optimisticky,113,3,699.64
optimisticky,113,4,326.81
optimisticky,113,5,884.57
optimisticky,113,6,2056.07
optimisticky,113,7,1327.47
optimisticky,113,8,415.11
optimisticky,113,9,1319.06
optimisticky,113,10,1339.07
optimisticky,113,11,1937.09
optimisticky,113,12,1734.44
optimisticky,114,1,-353.8
optimisticky,114,2,68.92
optimisticky,114,3,211.61
optimisticky,114,4,1081.04
optimisticky,114,5,1193.86
optimisticky,114,6,1110.78
optimisticky,114,7,750.3
optimisticky,114,8,1874.97
optimisticky,114,9,1711.2
optimisticky,114,10,1329.65
optimisticky,114,11,1579.69
optimisticky,114,12,2340.4
optimisticky,115,1,-694.16
optimisticky,115,2,-25.93
optimisticky,115,3,910.77
optimisticky,115,4,863.72
optimisticky,115,5,668.09
optimisticky,115,6,1246.35
optimisticky,115,7,1388.44
optimisticky,115,8,911.1
optimisticky,115,9,2132.7
optimisticky,115,10,1468.34
optimisticky,115,11,596.14
optimisticky,115,12,848.13
optimisticky,116,1,43.69
optimisticky,116,2,440.76
optimisticky,116,3,1064.78
optimisticky,116,4,-160.92
optimisticky,116,5,828.81
optimisticky,116,6,413.03
optimisticky,116,7,107.89
optimisticky,116,8,192.07
optimisticky,116,9,1086.19
optimisticky,116,10,1161.46
optimisticky,116,11,458.08
optimisticky,116,12,1963.25
optimisticky,117,1,-273.58
optimisticky,117,2,-12.38
optimisticky,117,3,461.55
optimisticky,117,4,74.22
optimisticky,117,5,355.46
optimisticky,117,6,553.67
optimisticky,117,7,1564.73
optimisticky,117,8,443.76
optimisticky,117,9,2293.75
optimisticky,117,10,1252.56
optimisticky,117,11,518.79
optimisticky,117,12,2397.87
optimisticky,118,1,-307.96
optimisticky,118,2,-357.71
optimisticky,118,3,591.94
optimisticky,118,4,-190.3
optimisticky,118,5,897.96
optimisticky,118,6,1724.55
optimisticky,118,7,1099.81
optimisticky,118,8,1165.54
optimisticky,118,9,3206.01
optimisticky,118,10,747.49
optimisticky,118,11,605.52
optimisticky,118,12,2096.17
optimisticky,119,1,-651.59
optimisticky,119,2,452.87
optimisticky,119,3,718.69
optimisticky,119,4,510.96
optimisticky,119,5,264.81
optimisticky,119,6,1159.06
optimisticky,119,7,955.12
optimisticky,119,8,1659.63
optimisticky,119,9,1198.96
optimisticky,119,10,1300.82
optimisticky,119,11,808.71
optimisticky,119,12,1879.49
optimisticky,120,1,-442.07
optimisticky,120,2,231.84
optimisticky,120,3,2628.08
optimisticky,120,4,842.19
optimisticky,120,5,650.6
optimisticky,120,6,1332.65
optimisticky,120,7,1020.65
optimisticky,120,8,1737.75
optimisticky,120,9,1438.11
optimisticky,120,10,620.4
optimisticky,120,11,1372.19
optimisticky,120,12,949.68
optimisticky,121,1,353.99
optimisticky,121,2,470.76
optimisticky,121,3,324.83
optimisticky,121,4,1113.43
optimisticky,121,5,1369.51
optimisticky,121,6,1057.18
optimisticky,121,7,366.11
optimisticky,121,8,673.53
optimisticky,121,9,2338.45
optimisticky,121,10,987.15
optimisticky,121,11,2114.61
optimisticky,121,12,1603.91
optimisticky,122,1,-538.93
optimisticky,122,2,-112.69
optimisticky,122,3,830.08
optimisticky,122,4,1185.23
optimisticky,122,5,534.39
optimisticky,122,6,422.59
optimisticky,122,7,1377.18
optimisticky,122,8,1135.01
optimisticky,122,9,1521.39
optimisticky,122,10,1094.23
optimisticky,122,11,1489.96
optimisticky,122,12,1818.99
optimisticky,123,1,-624.7
optimisticky,123,2,536.16
optimisticky,123,3,94.1
optimisticky,123,4,755.51
optimisticky,123,5,1236.12
optimisticky,123,6,2321.22
optimisticky,123,7,581.33
optimisticky,123,8,1948.15
optimisticky,123,9,2246.32
optimisticky,123,10,2057.35
optimisticky,123,11,984.68
optimisticky,123,12,1548.64
optimisticky,124,1,-381.19
optimisticky,124,2,-23.33
optimisticky,124,3,-330.55
optimisticky,124,4,855.74
optimisticky,124,5,237.15
optimisticky,124,6,1435.51
optimisticky,124,7,486.84
optimisticky,124,8,827.9
optimisticky,124,9,2155.21
optimisticky,124,10,2048.75
optimisticky,124,11,1332.74
optimisticky,124,12,2928.3
optimisticky,125,1,-449.2
optimisticky,125,2,452.32
optimisticky,125,3,-26.95
optimisticky,125,4,365.56
optimisticky,125,5,313.03
optimisticky,125,6,1206.02
optimisticky,125,7,597.82
optimisticky,125,8,523.57
optimisticky,125,9,912.37
optimisticky,125,10,1261.29
optimisticky,125,11,1186.19
optimisticky,125,12,935.75
optimisticky,126,1,-243.06
optimisticky,126,2,252.93
optimisticky,126,3,974.13
optimisticky,126,4,448.38
optimisticky,126,5,429.66
optimisticky,126,6,1699.22
optimisticky,126,7,1129.29
optimisticky,126,8,1887.49
optimisticky,126,9,1903.08
optimisticky,126,10,840.57
optimisticky,126,11,1886.23
optimisticky,126,12,1456.75
optimisticky,127,1,-346.25
optimisticky,127,2,276.32
optimisticky,127,3,-513.76
optimisticky,127,4,608.61
optimisticky,127,5,417.09
optimisticky,127,6,650.41
optimisticky,127,7,1554.68
optimisticky,127,8,143.32
optimisticky,127,9,1244.4
optimisticky,127,10,987.4
optimisticky,127,11,1023.86
optimisticky,127,12,1258.12
optimisticky,128,1,-502.18
optimisticky,128,2,-475.62
optimisticky,128,3,397.16
optimisticky,128,4,787.26
optimisticky,128,5,618.78
optimisticky,128,6,670.98
optimisticky,128,7,1232.31
optimisticky,128,8,332.36
optimisticky,128,9,1889.67
optimisticky,128,10,1623.05
optimisticky,128,11,693.74
optimisticky,128,12,2067.76
optimisticky,129,1,-682.73
optimisticky,129,2,-4.71
optimisticky,129,3,444.94
optimisticky,129,4,253.85
optimisticky,129,5,201.62
optimisticky,129,6,2137.47
optimisticky,129,7,1120.06
optimisticky,129,8,911.48
optimisticky,129,9,920.04
optimisticky,129,10,1306.82
optimisticky,129,11,854.26
optimisticky,129,12,1911.97
optimisticky,130,1,-365.39
optimisticky,130,2,-197.11
optimisticky,130,3,-132.56
optimisticky,130,4,868.35
optimisticky,130,5,972.95
optimisticky,130,6,1547.52
optimisticky,130,7,1461.65
optimisticky,130,8,696.93
optimisticky,130,9,1838.16
optimisticky,130,10,1991.36
optimisticky,130,11,202.1
optimisticky,130,12,1328.85
optimisticky,131,1,-408.61
optimisticky,131,2,72.63
optimisticky,131,3,865.61
optimisticky,131,4,763.0
optimisticky,131,5,779.59
optimisticky,131,6,1711.11
optimisticky,131,7,2376.13
optimisticky,131,8,711.15
optimisticky,131,9,1607.7
optimisticky,131,10,547.51
optimisticky,131,11,1103.78
optimisticky,131,12,1308.87
optimisticky,132,1,61.36
optimisticky,132,2,-52.28
optimisticky,132,3,460.34
optimisticky,132,4,400.7
optimisticky,132,5,347.51
optimisticky,132,6,1413.67
optimisticky,132,7,1092.85
optimisticky,132,8,787.85
optimisticky,132,9,1526.36
optimisticky,132,10,1349.67
optimisticky,132,11,1833.87
optimisticky,132,12,1697.1
optimisticky,133,1,-574.5
optimisticky,133,2,279.52
optimisticky,133,3,696.11
optimisticky,133,4,161.0
optimisticky,133,5,998.05
optimisticky,133,6,1737.86
optimisticky,133,7,974.85
optimisticky,133,8,1043.76
optimisticky,133,9,1043.54
optimisticky,133,10,1946.09
optimisticky,133,11,680.96
optimisticky,133,12,1770.11
optimisticky,134,1,-328.95
optimisticky,134,2,239.74
optimisticky,134,3,325.08
optimisticky,134,4,277.8
optimisticky,134,5,1355.57
optimisticky,134,6,1603.09
optimisticky,134,7,450.14
optimisticky,134,8,1323.15
optimisticky,134,9,1755.15
optimisticky,134,10,911.62
optimisticky,134,11,733.92
optimisticky,134,12,1829.26
optimisticky,135,1,-79.28
optimisticky,135,2,70.99
optimisticky,135,3,68.13
optimisticky,135,4,558.86
optimisticky,135,5,1647.24
optimisticky,135,6,808.69
optimisticky,135,7,1045.95
optimisticky,135,8,1190.97
optimisticky,135,9,1914.55
optimisticky,135,10,1414.12
optimisticky,135,11,1730.25
optimisticky,135,12,3398.64
optimisticky,136,1,-136.79
optimisticky,136,2,174.31
optimisticky,136,3,622.64
optimisticky,136,4,1001.98
optimisticky,136,5,381.0
optimisticky,136,6,559.83
optimisticky,136,7,811.96
optimisticky,136,8,1548.31
optimisticky,136,9,2209.1
optimisticky,136,10,484.52
optimisticky,136,11,1177.09
optimisticky,136,12,1727.58
optimisticky,137,1,-629.41
optimisticky,137,2,-219.1
optimisticky,137,3,1252.76
optimisticky,137,4,675.83
optimisticky,137,5,1197.22
optimisticky,137,6,416.65
optimisticky,137,7,1100.06
optimisticky,137,8,336.05
optimisticky,137,9,966.63
optimisticky,137,10,873.23
optimisticky,137,11,1305.85
optimisticky,137,12,2591.22
optimisticky,138,1,-429.53
optimisticky,138,2,472.57
optimisticky,138,3,829.72
optimisticky,138,4,349.1
optimisticky,138,5,628.46
optimisticky,138,6,2591.95
optimisticky,138,7,507.56
optimisticky,138,8,2202.12
optimisticky,138,9,1274.96
optimisticky,138,10,1972.89
optimisticky,138,11,1185.2
optimisticky,138,12,354.0
optimisticky,139,1,-35.63
optimisticky,139,2,133.02
optimisticky,139,3,962.8
optimisticky,139,4,492.1
optimisticky,139,5,289.12
optimisticky,139,6,1291.45
optimisticky,139,7,646.31
optimisticky,139,8,1357.29
optimisticky,139,9,1265.68
optimisticky,139,10,1339.82
optimisticky,139,11,1345.34
optimisticky,139,12,2603.24
optimisticky,140,1,-695.73
optimisticky,140,2,-12.01
optimisticky,140,3,732.4
optimisticky,140,4,901.26
optimisticky,140,5,1099.03
optimisticky,140,6,1165.82
optimisticky,140,7,853.39
optimisticky,140,8,1170.48
optimisticky,140,9,1214.97
optimisticky,140,10,1386.72
optimisticky,140,11,1805.97
optimisticky,140,12,1638.72
optimisticky,141,1,-331.41
optimisticky,141,2,-120.32
optimisticky,141,3,650.59
optimisticky,141,4,406.28
optimisticky,141,5,924.9
optimisticky,141,6,1869.53
optimisticky,141,7,804.8
optimisticky,141,8,1399.38
optimisticky,141,9,2422.75
optimisticky,141,10,1931.14
optimisticky,141,11,1642.35
optimisticky,141,12,2789.55
optimisticky,142,1,40.59
optimisticky,142,2,-284.35
optimisticky,142,3,737.62
optimisticky,142,4,846.79
optimisticky,142,5,150.39
optimisticky,142,6,1560.72
optimisticky,142,7,249.24
optimisticky,142,8,1246.68
optimisticky,142,9,2241.48
optimisticky,142,10,793.19
optimisticky,142,11,895.44
optimisticky,142,12,957.32
optimisticky,143,1,-808.0
optimisticky,143,2,635.13
optimisticky,143,3,523.34
optimisticky,143,4,638.43
optimisticky,143,5,-102.61
optimisticky,143,6,949.88
optimisticky,143,7,1483.05
optimisticky,143,8,1024.1
optimisticky,143,9,2515.14
optimisticky,143,10,1156.95
optimisticky,143,11,805.01
optimisticky,143,12,1400.35
optimisticky,144,1,-8.3
optimisticky,144,2,-315.33
optimisticky,144,3,251.56
optimisticky,144,4,865.85
optimisticky,144,5,735.53
optimisticky,144,6,503.16
optimisticky,144,7,751.14
optimisticky,144,8,783.07
optimisticky,144,9,1345.85
optimisticky,144,10,1142.02
optimisticky,144,11,669.5
optimisticky,144,12,2520.38
optimisticky,145,1,-319.33
optimisticky,145,2,-233.07
optimisticky,145,3,301.8
optimisticky,145,4,593.68
optimisticky,145,5,625.11
optimisticky,145,6,1411.92
optimisticky,145,7,1764.36
optimisticky,145,8,752.59
optimisticky,145,9,2318.59
optimisticky,145,10,828.45
optimisticky,145,11,715.93
optimisticky,145,12,2515.33
optimisticky,146,1,-621.33
optimisticky,146,2,251.93
optimisticky,146,3,849.27
optimisticky,146,4,599.93
optimisticky,146,5,477.84
optimisticky,146,6,2063.91
optimisticky,146,7,1141.45
optimisticky,146,8,990.68
optimisticky,146,9,1394.71
optimisticky,146,10,1405.68
optimisticky,146,11,972.76
optimisticky,146,12,1548.59
optimisticky,147,1,-606.49
optimisticky,147,2,147.67
optimisticky,147,3,944.11
optimisticky,147,4,1109.45
optimisticky,147,5,1406.93
optimisticky,147,6,932.24
optimisticky,147,7,1150.23
optimisticky,147,8,329.87
optimisticky,147,9,1609.84
optimisticky,147,10,1529.55
optimisticky,147,11,755.09
optimisticky,147,12,1170.13
optimisticky,148,1,-317.09
optimisticky,148,2,-171.81
optimisticky,148,3,-28.55
optimisticky,148,4,504.99
optimisticky,148,5,485.62
optimisticky,148,6,617.53
optimisticky,148,7,855.5
optimisticky,148,8,1112.49
optimisticky,148,9,1224.38
optimisticky,148,10,1291.12
optimisticky,148,11,2519.77
optimisticky,148,12,1481.81
optimisticky,149,1,105.5
optimisticky,149,2,291.99
optimisticky,149,3,584.49
optimisticky,149,4,611.04
optimisticky,149,5,1342.65
optimisticky,149,6,1074.66
optimisticky,149,7,1214.57
optimisticky,149,8,1633.71
optimisticky,149,9,1306.55
optimisticky,149,10,1164.5
optimisticky,149,11,989.77
optimisticky,149,12,2670.88
optimisticky,150,1,-611.71
optimisticky,150,2,-331.23
optimisticky,150,3,408.87
optimisticky,150,4,377.1
optimisticky,150,5,1511.2
optimisticky,150,6,1613.96
optimisticky,150,7,333.78
optimisticky,150,8,1146.29
optimisticky,150,9,1420.89
optimisticky,150,10,792.15
optimisticky,150,11,896.88
optimisticky,150,12,1506.79
optimisticky,151,1,-290.86
optimisticky,151,2,-172.47
optimisticky,151,3,706.73
optimisticky,151,4,580.23
optimisticky,151,5,567.04
optimisticky,151,6,503.31
optimisticky,151,7,925.8
optimisticky,151,8,1556.81
optimisticky,151,9,1923.02
optimisticky,151,10,864.83
optimisticky,151,11,590.1
optimisticky,151,12,1689.22
optimisticky,152,1,-542.39
optimisticky,152,2,344.88
optimisticky,152,3,505.72
optimisticky,152,4,717.7
optimisticky,152,5,298.0
optimisticky,152,6,1552.2
optimisticky,152,7,29.37
optimisticky,152,8,1477.36
optimisticky,152,9,1199.63
optimisticky,152,10,1488.47
optimisticky,152,11,1442.03
optimisticky,152,12,2274.03
optimisticky,153,1,-84.84
optimisticky,153,2,-146.61
optimisticky,153,3,637.48
optimisticky,153,4,232.63
optimisticky,153,5,1019.39
optimisticky,153,6,1010.83
optimisticky,153,7,888.97
optimisticky,153,8,805.6
optimisticky,153,9,2544.7
optimisticky,153,10,1270.75
optimisticky,153,11,999.17
optimisticky,153,12,1919.02
optimisticky,154,1,-267.47
optimisticky,154,2,373.49
optimisticky,154,3,1725.45
optimisticky,154,4,514.52
optimisticky,154,5,606.68
optimisticky,154,6,2254.54
optimisticky,154,7,937.1
optimisticky,154,8,1642.75
optimisticky,154,9,829.66
optimisticky,154,10,1711.1
optimisticky,154,11,769.2
optimisticky,154,12,898.24
optimisticky,155,1,-636.33
optimisticky,155,2,715.53
optimisticky,155,3,1170.4
optimisticky,155,4,402.78
optimisticky,155,5,499.24
optimisticky,155,6,650.07
optimisticky,155,7,1434.66
optimisticky,155,8,1086.87
optimisticky,155,9,2048.52
optimisticky,155,10,2349.23
optimisticky,155,11,1402.84
optimisticky,155,12,2114.03
optimisticky,156,1,72.29
optimisticky,156,2,295.51
optimisticky,156,3,722.16
optimisticky,156,4,1275.61
optimisticky,156,5,555.16
optimisticky,156,6,1054.81
optimisticky,156,7,1201.21
optimisticky,156,8,1286.23
optimisticky,156,9,2273.3
optimisticky,156,10,1202.8
optimisticky,156,11,1299.74
optimisticky,156,12,1671.69
optimisticky,157,1,45.55
optimisticky,157,2,-84.17
optimisticky,157,3,-107.69
optimisticky,157,4,189.83
optimisticky,157,5,1292.38
optimisticky,157,6,1487.2
optimisticky,157,7,380.14
optimisticky,157,8,1238.59
optimisticky,157,9,1572.8
optimisticky,157,10,691.45
optimisticky,157,11,695.45
optimisticky,157,12,1285.82
optimisticky,158,1,-176.48
optimisticky,158,2,-121.54
optimisticky,158,3,336.43
optimisticky,158,4,36.12
optimisticky,158,5,1185.27
optimisticky,158,6,1441.84
optimisticky,158,7,1638.47
optimisticky,158,8,603.43
optimisticky,158,9,1107.58
optimisticky,158,10,808.98
optimisticky,158,11,1627.71
optimisticky,158,12,838.35
optimisticky,159,1,-328.06
optimisticky,159,2,237.43
optimisticky,159,3,204.72
optimisticky,159,4,437.7
optimisticky,159,5,144.37
optimisticky,159,6,1309.58
optimisticky,159,7,173.72
optimisticky,159,8,2504.49
optimisticky,159,9,504.99
optimisticky,159,10,986.11
optimisticky,159,11,1202.88
optimisticky,159,12,1109.44
optimisticky,160,1,-491.37
optimisticky,160,2,48.21
optimisticky,160,3,652.37
optimisticky,160,4,959.3
optimisticky,160,5,1003.72
optimisticky,160,6,1292.19
optimisticky,160,7,1091.88
optimisticky,160,8,479.36
optimisticky,160,9,1483.64
optimisticky,160,10,1231.94
optimisticky,160,11,473.76
optimisticky,160,12,2463.7
optimisticky,161,1,-670.23
optimisticky,161,2,-354.22
optimisticky,161,3,821.8
optimisticky,161,4,729.66
optimisticky,161,5,547.73
optimisticky,161,6,872.72
optimisticky,161,7,1307.08
optimisticky,161,8,236.34
optimisticky,161,9,2243.85
optimisticky,161,10,780.56
optimisticky,161,11,1148.25
optimisticky,161,12,1746.38
optimisticky,162,1,-727.12
optimisticky,162,2,-529.35
optimisticky,162,3,-153.24
optimisticky,162,4,198.12
optimisticky,162,5,770.89
optimisticky,162,6,804.61
optimisticky,162,7,695.54
optimisticky,162,8,1124.81
optimisticky,162,9,1700.36
optimisticky,162,10,1043.49
optimisticky,162,11,1406.11
optimisticky,162,12,2221.82
optimisticky,163,1,121.74
optimisticky,163,2,238.19
optimisticky,163,3,789.98
optimisticky,163,4,810.03
optimisticky,163,5,387.95
optimisticky,163,6,1055.92
optimisticky,163,7,864.81
optimisticky,163,8,655.74
optimisticky,163,9,1658.56
optimisticky,163,10,1610.54
optimisticky,163,11,438.61
optimisticky,163,12,979.03
optimisticky,164,1,-361.8
optimisticky,164,2,-265.88
optimisticky,164,3,1527.26
optimisticky,164,4,125.77
optimisticky,164,5,1016.72
optimisticky,164,6,544.36
optimisticky,164,7,1136.06
optimisticky,164,8,882.68
optimisticky,164,9,700.73
optimisticky,164,10,1290.6
optimisticky,164,11,955.34
optimisticky,164,12,2932.92
optimisticky,165,1,-349.11
optimisticky,165,2,461.29
optimisticky,165,3,696.52
optimisticky,165,4,33.43
optimisticky,165,5,286.09
optimisticky,165,6,2015.41
optimisticky,165,7,1061.28
optimisticky,165,8,1187.97
optimisticky,165,9,1962.9
optimisticky,165,10,1246.05
optimisticky,165,11,1511.99
optimisticky,165,12,663.49
optimisticky,166,1,-329.93
optimisticky,166,2,-83.24
optimisticky,166,3,275.3
optimisticky,166,4,819.51
optimisticky,166,5,426.98
optimisticky,166,6,678.04
optimisticky,166,7,1188.9
optimisticky,166,8,1153.52
optimisticky,166,9,937.81
optimisticky,166,10,1604.74
optimisticky,166,11,746.91
optimisticky,166,12,1192.85
optimisticky,167,1,-605.66
optimisticky,167,2,-576.06
optimisticky,167,3,759.19
optimisticky,167,4,491.17
optimisticky,167,5,369.22
optimisticky,167,6,941.96
optimisticky,167,7,698.34
optimisticky,167,8,510.45
optimisticky,167,9,1959.88
optimisticky,167,10,769.13
optimisticky,167,11,1377.82
optimisticky,167,12,1209.59
optimisticky,168,1,-472.66
optimisticky,168,2,73.36
optimisticky,168,3,-344.43
optimisticky,168,4,280.47
optimisticky,168,5,1333.22
optimisticky,168,6,954.82
optimisticky,168,7,987.3
optimisticky,168,8,1901.64
optimisticky,168,9,1286.0
optimisticky,168,10,1326.96
optimisticky,168,11,1504.06
optimisticky,168,12,2175.26
optimisticky,169,1,-718.87
optimisticky,169,2,191.81
optimisticky,169,3,-5.71
optimisticky,169,4,258.65
optimisticky,169,5,735.07
optimisticky,169,6,1080.93
optimisticky,169,7,821.88
optimisticky,169,8,1151.35
optimisticky,169,9,1179.23
optimisticky,169,10,642.83
optimisticky,169,11,1729.29
optimisticky,169,12,1946.11
optimisticky,170,1,-428.12
optimisticky,170,2,-38.7
optimisticky,170,3,478.36
optimisticky,170,4,212.49
optimisticky,170,5,909.23
optimisticky,170,6,2039.72
optimisticky,170,7,799.02
optimisticky,170,8,519.26
optimisticky,170,9,3387.33
optimisticky,170,10,675.49
optimisticky,170,11,390.47
optimisticky,170,12,852.0
optimisticky,171,1,-44.32
optimisticky,171,2,15.46
optimisticky,171,3,1249.95
optimisticky,171,4,853.55
optimisticky,171,5,736.16
optimisticky,171,6,941.31
optimisticky,171,7,659.09
optimisticky,171,8,1749.83
optimisticky,171,9,2371.34
optimisticky,171,10,1078.39
optimisticky,171,11,625.46
optimisticky,171,12,1242.96
optimisticky,172,1,-187.24
optimisticky,172,2,673.27
optimisticky,172,3,1176.23
optimisticky,172,4,783.19
optimisticky,172,5,867.58
optimisticky,172,6,1880.39
optimisticky,172,7,1058.42
optimisticky,172,8,2062.24
optimisticky,172,9,1680.6
optimisticky,172,10,1977.42
optimisticky,172,11,1157.14
optimisticky,172,12,933.1
optimisticky,173,1,-370.75
optimisticky,173,2,-205.92
optimisticky,173,3,411.08
optimisticky,173,4,127.69
optimisticky,173,5,538.8
optimisticky,173,6,1276.07
optimisticky,173,7,1008.78
optimisticky,173,8,557.7
optimisticky,173,9,1466.1
optimisticky,173,10,1858.56
optimisticky,173,11,981.68
optimisticky,173,12,1102.5
optimisticky,174,1,-420.57
optimisticky,174,2,-48.49
optimisticky,174,3,1066.04
optimisticky,174,4,1082.61
optimisticky,174,5,963.95
optimisticky,174,6,1824.22
optimisticky,174,7,561.82
optimisticky,174,8,484.51
optimisticky,174,9,1731.53
optimisticky,174,10,1175.91
optimisticky,174,11,999.16
optimisticky,174,12,1501.06
optimisticky,175,1,-414.83
optimisticky,175,2,-195.33
optimisticky,175,3,909.9
optimisticky,175,4,960.29
optimisticky,175,5,390.98
optimisticky,175,6,1391.21
optimisticky,175,7,695.88
optimisticky,175,8,-165.62
optimisticky,175,9,1663.38
optimisticky,175,10,1444.56
optimisticky,175,11,1500.49
optimisticky,175,12,465.3
optimisticky,176,1,-137.3
optimisticky,176,2,-37.43
optimisticky,176,3,380.13
optimisticky,176,4,193.72
optimisticky,176,5,514.42
optimisticky,176,6,1765.9
optimisticky,176,7,754.84
optimisticky,176,8,1753.38
optimisticky,176,9,1858.02
optimisticky,176,10,1034.09
optimisticky,176,11,1299.63
optimisticky,176,12,2822.15
optimisticky,177,1,61.66
optimisticky,177,2,22.02
optimisticky,177,3,323.54
optimisticky,177,4,300.03
optimisticky,177,5,685.88
optimisticky,177,6,969.29
optimisticky,177,7,604.56
optimisticky,177,8,1156.68
optimisticky,177,9,1086.98
optimisticky,177,10,1251.5
optimisticky,177,11,1443.14
optimisticky,177,12,1494.21
optimisticky,178,1,-595.98
optimisticky,178,2,297.93
optimisticky,178,3,420.85
optimisticky,178,4,97.55
optimisticky,178,5,120.09
optimisticky,178,6,1932.76
optimisticky,178,7,599.82
optimisticky,178,8,1057.12
optimisticky,178,9,1347.4
optimisticky,178,10,1022.74
optimisticky,178,11,1658.38
optimisticky,178,12,1425.97
optimisticky,179,1,-407.82
optimisticky,179,2,142.85
optimisticky,179,3,60.2
optimisticky,179,4,517.46
optimisticky,179,5,1477.64
optimisticky,179,6,1061.23
optimisticky,179,7,499.22
optimisticky,179,8,403.48
optimisticky,179,9,1250.91
optimisticky,179,10,1515.29
optimisticky,179,11,503.33
optimisticky,179,12,1415.93
optimisticky,180,1,-289.68
optimisticky,180,2,-126.77
optimisticky,180,3,1027.86
optimisticky,180,4,1320.33
optimisticky,180,5,1200.6
optimisticky,180,6,859.54
optimisticky,180,7,738.74
optimisticky,180,8,194.43
optimisticky,180,9,1723.26
optimisticky,180,10,1131.2
optimisticky,180,11,1012.07
optimisticky,180,12,1684.15
optimisticky,181,1,-322.91
optimisticky,181,2,-212.23
optimisticky,181,3,102.22
optimisticky,181,4,663.52
optimisticky,181,5,435.23
optimisticky,181,6,2397.22
optimisticky,181,7,657.73
optimisticky,181,8,621.33
optimisticky,181,9,2049.14
optimisticky,181,10,679.1
optimisticky,181,11,931.63
optimisticky,181,12,1279.84
optimisticky,182,1,-336.83
optimisticky,182,2,-69.0
optimisticky,182,3,177.02
optimisticky,182,4,967.89
optimisticky,182,5,887.61
optimisticky,182,6,1098.52
optimisticky,182,7,662.94
optimisticky,182,8,938.52
optimisticky,182,9,1684.69
optimisticky,182,10,426.82
optimisticky,182,11,1249.84
optimisticky,182,12,1590.06
optimisticky,183,1,-487.54
optimisticky,183,2,-175.6
optimisticky,183,3,1092.74
optimisticky,183,4,227.68
optimisticky,183,5,-84.9
optimisticky,183,6,1139.56
optimisticky,183,7,680.8
optimisticky,183,8,424.1
optimisticky,183,9,1409.06
optimisticky,183,10,1757.15
optimisticky,183,11,1619.21
optimisticky,183,12,2437.72
optimisticky,184,1,-408.74
optimisticky,184,2,-461.86
optimisticky,184,3,1319.49
optimisticky,184,4,869.68
optimisticky,184,5,921.48
optimisticky,184,6,942.64
optimisticky,184,7,479.73
optimisticky,184,8,849.31
optimisticky,184,9,906.64
optimisticky,184,10,2126.54
optimisticky,184,11,479.53
optimisticky,184,12,1860.78
optimisticky,185,1,-564.73
optimisticky,185,2,186.32
optimisticky,185,3,354.22
optimisticky,185,4,934.02
optimisticky,185,5,614.73
optimisticky,185,6,1912.91
optimisticky,185,7,643.39
optimisticky,185,8,1281.91
optimisticky,185,9,2441.58
optimisticky,185,10,2545.47
optimisticky,185,11,1364.04
optimisticky,185,12,2027.1
optimisticky,186,1,-53.28
optimisticky,186,2,-213.72
optimisticky,186,3,789.61
optimisticky,186,4,321.81
optimisticky,186,5,488.8
optimisticky,186,6,464.81
optimisticky,186,7,435.5
optimisticky,186,8,861.71
optimisticky,186,9,2781.61
optimisticky,186,10,1532.94
optimisticky,186,11,1375.4
optimisticky,186,12,1815.2
optimisticky,187,1,-350.47
optimisticky,187,2,546.55
optimisticky,187,3,392.66
optimisticky,187,4,815.28
optimisticky,187,5,515.46
optimisticky,187,6,1564.88
optimisticky,187,7,82.56
optimisticky,187,8,1379.01
optimisticky,187,9,2555.39
optimisticky,187,10,1508.44
optimisticky,187,11,797.56
optimisticky,187,12,1613.66
optimisticky,188,1,-12.96
optimisticky,188,2,203.79
optimisticky,188,3,793.4
optimisticky,188,4,1081.84
optimisticky,188,5,486.81
optimisticky,188,6,1929.76
optimisticky,188,7,33.09
optimisticky,188,8,1692.67
optimisticky,188,9,1177.0
optimisticky,188,10,1442.54
optimisticky,188,11,833.72
optimisticky,188,12,1366.0
optimisticky,189,1,-770.66
optimisticky,189,2,-47.17
optimisticky,189,3,1057.78
optimisticky,189,4,760.91
optimisticky,189,5,-55.75
optimisticky,189,6,460.49
optimisticky,189,7,1202.19
optimisticky,189,8,996.92
optimisticky,189,9,1197.55
optimisticky,189,10,1502.6
optimisticky,189,11,111.58
optimisticky,189,12,2039.27
optimisticky,190,1,-206.49
optimisticky,190,2,521.96
optimisticky,190,3,306.24
optimisticky,190,4,331.68
optimisticky,190,5,737.18
optimisticky,190,6,972.39
optimisticky,190,7,1394.62
optimisticky,190,8,1570.66
optimisticky,190,9,917.06
optimisticky,190,10,449.19
optimisticky,190,11,1630.65
optimisticky,190,12,1789.66
optimisticky,191,1,22.39
optimisticky,191,2,27.74
optimisticky,191,3,507.46
optimisticky,191,4,1645.06
optimisticky,191,5,-112.56
optimisticky,191,6,1103.78
optimisticky,191,7,716.65
optimisticky,191,8,658.46
optimisticky,191,9,1464.73
optimisticky,191,10,570.71
optimisticky,191,11,1512.46
optimisticky,191,12,2086.3
optimisticky,192,1,-76.52
optimisticky,192,2,-43.62
optimisticky,192,3,435.89
optimisticky,192,4,-101.66
optimisticky,192,5,1497.7
optimisticky,192,6,997.31
optimisticky,192,7,1308.02
optimisticky,192,8,643.12
optimisticky,192,9,1146.09
optimisticky,192,10,1042.13
optimisticky,192,11,968.43
optimisticky,192,12,2203.19
optimisticky,193,1,-546.83
optimisticky,193,2,91.57
optimisticky,193,3,916.79
optimisticky,193,4,789.64
optimisticky,193,5,760.33
optimisticky,193,6,462.17
optimisticky,193,7,193.16
optimisticky,193,8,1010.07
optimisticky,193,9,745.69
optimisticky,193,10,322.71
optimisticky,193,11,78.97
optimisticky,193,12,1755.6
optimisticky,194,1,-631.37
optimisticky,194,2,187.51
optimisticky,194,3,171.06
optimisticky,194,4,501.79
optimisticky,194,5,600.93
optimisticky,194,6,1425.91
optimisticky,194,7,839.89
optimisticky,194,8,307.25
optimisticky,194,9,1955.01
optimisticky,194,10,902.7
optimisticky,194,11,860.17
optimisticky,194,12,1470.58
optimisticky,195,1,26.01
optimisticky,195,2,324.55
optimisticky,195,3,861.73
optimisticky,195,4,384.95
optimisticky,195,5,313.02
optimisticky,195,6,896.56
optimisticky,195,7,487.34
optimisticky,195,8,1820.81
optimisticky,195,9,1606.22
optimisticky,195,10,1819.09
optimisticky,195,11,1179.19
optimisticky,195,12,2918.45
optimisticky,196,1,-632.27
optimisticky,196,2,-21.8
optimisticky,196,3,716.36
optimisticky,196,4,461.1
optimisticky,196,5,756.35
optimisticky,196,6,546.18
optimisticky,196,7,602.26
optimisticky,196,8,1188.49
optimisticky,196,9,679.92
optimisticky,196,10,784.78
optimisticky,196,11,653.16
optimisticky,196,12,1786.31
optimisticky,197,1,92.83
optimisticky,197,2,-55.09
optimisticky,197,3,484.67
optimisticky,197,4,204.35
optimisticky,197,5,832.25
optimisticky,197,6,930.14
optimisticky,197,7,192.89
optimisticky,197,8,1405.65
optimisticky,197,9,1705.16
optimisticky,197,10,194.85
optimisticky,197,11,1366.11
optimisticky,197,12,2697.95
optimisticky,198,1,-503.89
optimisticky,198,2,-29.18
optimisticky,198,3,991.21
optimisticky,198,4,1310.86
optimisticky,198,5,1178.55
optimisticky,198,6,743.4
optimisticky,198,7,643.12
optimisticky,198,8,946.41
optimisticky,198,9,1372.68
optimisticky,198,10,1133.88
optimisticky,198,11,1735.89
optimisticky,198,12,1369.64
optimisticky,199,1,-355.03
optimisticky,199,2,-305.82
optimisticky,199,3,607.62
optimisticky,199,4,603.46
optimisticky,199,5,125.48
optimisticky,199,6,1268.5
optimisticky,199,7,962.81
optimisticky,199,8,1178.88
optimisticky,199,9,1764.98
optimisticky,199,10,1484.52
optimisticky,199,11,1406.16
optimisticky,199,12,1803.84
optimisticky,200,1,-313.66
optimisticky,200,2,86.93
optimisticky,200,3,522.05
optimisticky,200,4,1180.97
optimisticky,200,5,1015.72
optimisticky,200,6,886.87
optimisticky,200,7,885.95
optimisticky,200,8,1440.93
optimisticky,200,9,2452.2
optimisticky,200,10,1442.13
optimisticky,200,11,440.85
optimisticky,200,12,344.05
optimisticky,201,1,-376.79
optimisticky,201,2,152.87
optimisticky,201,3,446.17
optimisticky,201,4,1126.53
optimisticky,201,5,891.08
optimisticky,201,6,1196.65
optimisticky,201,7,1338.72
optimisticky,201,8,627.87
optimisticky,201,9,1763.68
optimisticky,201,10,1022.62
optimisticky,201,11,1580.28
optimisticky,201,12,1172.02
optimisticky,202,1,-423.12
optimisticky,202,2,-92.08
optimisticky,202,3,770.45
optimisticky,202,4,703.49
optimisticky,202,5,72.2
optimisticky,202,6,1600.94
optimisticky,202,7,1715.03
optimisticky,202,8,1238.18
optimisticky,202,9,2338.5
optimisticky,202,10,369.84
optimisticky,202,11,659.56
optimisticky,202,12,2134.82
optimisticky,203,1,-340.92
optimisticky,203,2,-259.01
optimisticky,203,3,786.53
optimisticky,203,4,199.78
optimisticky,203,5,384.21
optimisticky,203,6,1289.59
optimisticky,203,7,96.38
optimisticky,203,8,914.89
optimisticky,203,9,1252.64
optimisticky,203,10,1388.18
optimisticky,203,11,1535.65
optimisticky,203,12,1573.03
optimisticky,204,1,-335.94
optimisticky,204,2,-59.04
optimisticky,204,3,213.84
optimisticky,204,4,314.88
optimisticky,204,5,547.41
optimisticky,204,6,1966.67
optimisticky,204,7,272.41
optimisticky,204,8,470.45
optimisticky,204,9,1208.98
optimisticky,204,10,1284.12
optimisticky,204,11,1051.83
optimisticky,204,12,1474.67
optimisticky,205,1,-353.31
optimisticky,205,2,-482.57
optimisticky,205,3,693.55
optimisticky,205,4,763.64
optimisticky,205,5,749.0
optimisticky,205,6,454.08
optimisticky,205,7,1291.74
optimisticky,205,8,950.15
optimisticky,205,9,1852.11
optimisticky,205,10,1319.1
optimisticky,205,11,1246.38
optimisticky,205,12,2392.66
optimisticky,206,1,-544.01
optimisticky,206,2,36.6
optimisticky,206,3,1088.27
optimisticky,206,4,345.18
optimisticky,206,5,149.93
optimisticky,206,6,1326.35
optimisticky,206,7,1337.13
optimisticky,206,8,1357.23
optimisticky,206,9,1380.38
optimisticky,206,10,1409.36
optimisticky,206,11,509.78
optimisticky,206,12,1076.7
optimisticky,207,1,-464.87
optimisticky,207,2,309.53
optimisticky,207,3,110.89
optimisticky,207,4,483.45
optimisticky,207,5,985.37
optimisticky,207,6,1609.17
optimisticky,207,7,1070.8
optimisticky,207,8,356.94
optimisticky,207,9,1846.21
optimisticky,207,10,873.37
optimisticky,207,11,605.6
optimisticky,207,12,1786.98
optimisticky,208,1,-221.8
optimisticky,208,2,214.83
optimisticky,208,3,1626.29
optimisticky,208,4,37.0
optimisticky,208,5,389.05
optimisticky,208,6,1942.47
optimisticky,208,7,415.29
optimisticky,208,8,59.06
optimisticky,208,9,2089.23
optimisticky,208,10,1270.24
optimisticky,208,11,1244.67
optimisticky,208,12,1500.39
optimisticky,209,1,-148.54
optimisticky,209,2,116.54
optimisticky,209,3,810.02
optimisticky,209,4,772.08
optimisticky,209,5,939.67
optimisticky,209,6,174.1
optimisticky,209,7,1021.81
optimisticky,209,8,808.24
optimisticky,209,9,1108.61
optimisticky,209,10,1801.66
optimisticky,209,11,777.69
optimisticky,209,12,1492.78
optimisticky,210,1,-156.75
optimisticky,210,2,288.54
optimisticky,210,3,-32.21
optimisticky,210,4,492.95
optimisticky,210,5,1079.06
optimisticky,210,6,938.67
optimisticky,210,7,1175.5
optimisticky,210,8,781.25
optimisticky,210,9,1648.28
optimisticky,210,10,658.94
optimisticky,210,11,1304.62
optimisticky,210,12,790.89
optimisticky,211,1,-483.12
optimisticky,211,2,272.14
optimisticky,211,3,134.55
optimisticky,211,4,212.84
optimisticky,211,5,688.83
optimisticky,211,6,2009.22
optimisticky,211,7,1429.91
optimisticky,211,8,1376.68
optimisticky,211,9,1396.02
optimisticky,211,10,576.65
optimisticky,211,11,1140.14
optimisticky,211,12,1616.71
optimisticky,212,1,-357.51
optimisticky,212,2,60.22
optimisticky,212,3,106.78
optimisticky,212,4,-211.18
optimisticky,212,5,1266.31
optimisticky,212,6,771.62
optimisticky,212,7,918.33
optimisticky,212,8,614.02
optimisticky,212,9,2281.71
optimisticky,212,10,480.75
optimisticky,212,11,686.82
optimisticky,212,12,1972.38
optimisticky,213,1,-150.92
optimisticky,213,2,-249.9
optimisticky,213,3,859.88
optimisticky,213,4,409.43
optimisticky,213,5,734.99
optimisticky,213,6,1064.04
optimisticky,213,7,-352.59
optimisticky,213,8,1385.06
optimisticky,213,9,1812.0
optimisticky,213,10,1308.73
optimisticky,213,11,1333.83
optimisticky,213,12,1138.89
optimisticky,214,1,-101.89
optimisticky,214,2,7.3
optimisticky,214,3,1069.34
optimisticky,214,4,-119.92
optimisticky,214,5,1163.66
optimisticky,214,6,929.22
optimisticky,214,7,907.71
optimisticky,214,8,1141.33
optimisticky,214,9,2191.11
optimisticky,214,10,1342.48
optimisticky,214,11,1483.06
optimisticky,214,12,1139.24
optimisticky,215,1,-620.89
optimisticky,215,2,603.64
optimisticky,215,3,680.47
optimisticky,215,4,524.38
optimisticky,215,5,21.94
optimisticky,215,6,743.73
optimisticky,215,7,492.47
optimisticky,215,8,827.76
optimisticky,215,9,1927.28
optimisticky,215,10,418.27
optimisticky,215,11,1064.25
optimisticky,215,12,1059.59
optimisticky,216,1,-558.48
optimisticky,216,2,392.94
optimisticky,216,3,226.63
optimisticky,216,4,371.41
optimisticky,216,5,441.05
optimisticky,216,6,1101.33
optimisticky,216,7,723.15
optimisticky,216,8,711.92
optimisticky,216,9,1216.0
optimisticky,216,10,1103.14
optimisticky,216,11,1184.38
optimisticky,216,12,724.31
optimisticky,217,1,-604.0
optimisticky,217,2,64.16
optimisticky,217,3,553.56
optimisticky,217,4,364.66
optimisticky,217,5,817.98
optimisticky,217,6,522.36
optimisticky,217,7,1307.05
optimisticky,217,8,1958.27
optimisticky,217,9,1831.52
optimisticky,217,10,1269.14
optimisticky,217,11,884.52
optimisticky,217,12,1715.66
optimisticky,218,1,-447.44
optimisticky,218,2,-23.01
optimisticky,218,3,471.36
optimisticky,218,4,827.28
optimisticky,218,5,1108.9
optimisticky,218,6,1134.88
optimisticky,218,7,611.55
optimisticky,218,8,1324.24
optimisticky,218,9,2093.47
optimisticky,218,10,1021.48
optimisticky,218,11,910.45
optimisticky,218,12,2235.56
optimisticky,219,1,-508.59
optimisticky,219,2,14.1
optimisticky,219,3,732.44
optimisticky,219,4,975.63
optimisticky,219,5,997.59
optimisticky,219,6,960.44
optimisticky,219,7,509.73
optimisticky,219,8,1504.14
optimisticky,219,9,2127.19
optimisticky,219,10,1138.71
optimisticky,219,11,1158.76
optimisticky,219,12,1191.81
optimisticky,220,1,30.29
optimisticky,220,2,304.12
optimisticky,220,3,439.98
optimisticky,220,4,167.27
optimisticky,220,5,400.94
optimisticky,220,6,1640.08
optimisticky,220,7,992.75
optimisticky,220,8,1411.7
optimisticky,220,9,702.23
optimisticky,220,10,808.0
optimisticky,220,11,775.44
optimisticky,220,12,1975.58
optimisticky,221,1,-482.25
optimisticky,221,2,136.16
optimisticky,221,3,320.5
optimisticky,221,4,389.92
optimisticky,221,5,586.28
optimisticky,221,6,1721.91
optimisticky,221,7,1272.62
optimisticky,221,8,2057.38
optimisticky,221,9,1499.67
optimisticky,221,10,989.94
optimisticky,221,11,1112.57
optimisticky,221,12,1608.14
optimisticky,222,1,-774.26
optimisticky,222,2,-78.21
optimisticky,222,3,625.8
optimisticky,222,4,725.43
optimisticky,222,5,294.61
optimisticky,222,6,1854.08
optimisticky,222,7,342.0
optimisticky,222,8,695.71
optimisticky,222,9,1954.35
optimisticky,222,10,1070.29
optimisticky,222,11,447.39
optimisticky,222,12,1021.38
optimisticky,223,1,-313.88
optimisticky,223,2,152.97
optimisticky,223,3,186.86
optimisticky,223,4,361.81
optimisticky,223,5,657.05
optimisticky,223,6,1809.52
optimisticky,223,7,1642.74
optimisticky,223,8,988.38
optimisticky,223,9,910.81
optimisticky,223,10,1344.95
optimisticky,223,11,2237.99
optimisticky,223,12,2196.19
optimisticky,224,1,-172.28
optimisticky,224,2,-101.79
optimisticky,224,3,-191.6
optimisticky,224,4,530.94
optimisticky,224,5,597.06
optimisticky,224,6,1159.98
optimisticky,224,7,1184.38
optimisticky,224,8,791.22
optimisticky,224,9,1958.76
optimisticky,224,10,1709.9
optimisticky,224,11,1403.36
optimisticky,224,12,838.17
optimisticky,225,1,-314.85
optimisticky,225,2,-116.14
optimisticky,225,3,687.02
optimisticky,225,4,221.49
optimisticky,225,5,488.67
optimisticky,225,6,718.6
optimisticky,225,7,534.17
optimisticky,225,8,539.08
optimisticky,225,9,986.99
optimisticky,225,10,2753.72
optimisticky,225,11,810.13
optimisticky,225,12,1408.61
optimisticky,226,1,-399.38
optimisticky,226,2,84.73
optimisticky,226,3,1045.18
optimisticky,226,4,1240.09
optimisticky,226,5,605.15
optimisticky,226,6,541.81
optimisticky,226,7,1174.31
optimisticky,226,8,1749.23
optimisticky,226,9,2397.19
optimisticky,226,10,856.02
optimisticky,226,11,1408.45
optimisticky,226,12,1547.39
optimisticky,227,1,-215.25
optimisticky,227,2,28.79
optimisticky,227,3,824.94
optimisticky,227,4,644.24
optimisticky,227,5,182.98
optimisticky,227,6,1463.95
optimisticky,227,7,753.5
optimisticky,227,8,663.17
optimisticky,227,9,1285.44
optimisticky,227,10,182.54
optimisticky,227,11,1595.72
optimisticky,227,12,2036.99
optimisticky,228,1,-517.73
optimisticky,228,2,-175.12
optimisticky,228,3,677.28
optimisticky,228,4,602.91
optimisticky,228,5,1295.26
optimisticky,228,6,954.71
optimisticky,228,7,1016.76
optimisticky,228,8,675.59
optimisticky,228,9,937.49
optimisticky,228,10,1230.8
optimisticky,228,11,1611.28
optimisticky,228,12,2096.77
optimisticky,229,1,-445.18
optimisticky,229,2,-155.61
optimisticky,229,3,1021.39
optimisticky,229,4,589.63
optimisticky,229,5,679.01
optimisticky,229,6,706.2
optimisticky,229,7,1127.12
optimisticky,229,8,886.18
optimisticky,229,9,1841.66
optimisticky,229,10,1477.89
optimisticky,229,11,1932.95
optimisticky,229,12,859.77
optimisticky,230,1,-461.68
optimisticky,230,2,71.17
optimisticky,230,3,1064.1
optimisticky,230,4,407.06
optimisticky,230,5,579.18
optimisticky,230,6,1596.14
optimisticky,230,7,608.97
optimisticky,230,8,579.94
optimisticky,230,9,1490.21
optimisticky,230,10,766.74
optimisticky,230,11,1210.86
optimisticky,230,12,1160.03
optimisticky,231,1,-575.78
optimisticky,231,2,-247.93
optimisticky,231,3,-195.64
optimisticky,231,4,1379.95
optimisticky,231,5,507.34
optimisticky,231,6,947.89
optimisticky,231,7,460.98
optimisticky,231,8,562.88
optimisticky,231,9,1922.62
optimisticky,231,10,1429.58
optimisticky,231,11,1310.97
optimisticky,231,12,1893.1
optimisticky,232,1,-335.67
optimisticky,232,2,-270.37
optimisticky,232,3,487.8
optimisticky,232,4,772.3
optimisticky,232,5,286.7
optimisticky,232,6,1663.84
optimisticky,232,7,497.91
optimisticky,232,8,1275.99
optimisticky,232,9,1406.91
optimisticky,232,10,1367.06
optimisticky,232,11,1106.46
optimisticky,232,12,1530.14
optimisticky,233,1,-202.18
optimisticky,233,2,2.34
optimisticky,233,3,352.4
optimisticky,233,4,11.95
optimisticky,233,5,967.62
optimisticky,233,6,1276.25
optimisticky,233,7,1222.23
optimisticky,233,8,1139.16
optimisticky,233,9,1224.88
optimisticky,233,10,491.44
optimisticky,233,11,1062.39
optimisticky,233,12,932.45
optimisticky,234,1,-216.63
optimisticky,234,2,-76.75
optimisticky,234,3,-79.64
optimisticky,234,4,-79.18
optimisticky,234,5,966.11
optimisticky,234,6,1606.51
optimisticky,234,7,1159.16
optimisticky,234,8,1001.87
optimisticky,234,9,1540.88
optimisticky,234,10,1597.38
optimisticky,234,11,1155.87
optimisticky,234,12,918.24
optimisticky,235,1,-79.51
optimisticky,235,2,-67.66
optimisticky,235,3,-224.16
optimisticky,235,4,795.56
optimisticky,235,5,1139.96
optimisticky,235,6,1239.37
optimisticky,235,7,849.36
optimisticky,235,8,2039.71
optimisticky,235,9,1094.0
optimisticky,235,10,1460.96
optimisticky,235,11,1007.18
optimisticky,235,12,2789.28
optimisticky,236,1,-528.63
optimisticky,236,2,-239.38
optimisticky,236,3,601.83
optimisticky,236,4,1228.6
optimisticky,236,5,618.56
optimisticky,236,6,933.18
optimisticky,236,7,1823.83
optimisticky,236,8,1239.31
optimisticky,236,9,1142.27
optimisticky,236,10,1120.7
optimisticky,236,11,1490.52
optimisticky,236,12,3159.82
optimisticky,237,1,-173.96
optimisticky,237,2,258.32
optimisticky,237,3,19.99
optimisticky,237,4,305.34
optimisticky,237,5,1245.33
optimisticky,237,6,1132.01
optimisticky,237,7,1207.62
optimisticky,237,8,1629.52
optimisticky,237,9,1813.18
optimisticky,237,10,1033.75
optimisticky,237,11,1411.27
optimisticky,237,12,2232.45
optimisticky,238,1,-427.81
optimisticky,238,2,129.14
optimisticky,238,3,924.2
optimisticky,238,4,348.53
optimisticky,238,5,432.24
optimisticky,238,6,913.65
optimisticky,238,7,1079.55
optimisticky,238,8,1304.95
optimisticky,238,9,1883.78
optimisticky,238,10,2002.39
optimisticky,238,11,1215.4
optimisticky,238,12,1729.55
optimisticky,239,1,-193.64
optimisticky,239,2,317.58
optimisticky,239,3,872.15
optimisticky,239,4,1449.43
optimisticky,239,5,1135.05
optimisticky,239,6,1289.34
optimisticky,239,7,957.52
optimisticky,239,8,685.81
optimisticky,239,9,1417.38
optimisticky,239,10,747.41
optimisticky,239,11,1118.43
optimisticky,239,12,1936.53
optimisticky,240,1,-591.66
optimisticky,240,2,190.7
optimisticky,240,3,696.78
optimisticky,240,4,461.91
optimisticky,240,5,-105.28
optimisticky,240,6,1517.84
optimisticky,240,7,882.5
optimisticky,240,8,1699.26
optimisticky,240,9,952.83
optimisticky,240,10,1034.85
optimisticky,240,11,1191.29
optimisticky,240,12,2254.05
optimisticky,241,1,-130.88
optimisticky,241,2,22.88
optimisticky,241,3,434.96
optimisticky,241,4,347.55
optimisticky,241,5,1259.82
optimisticky,241,6,590.93
optimisticky,241,7,1010.27
optimisticky,241,8,1425.64
optimisticky,241,9,934.94
optimisticky,241,10,1767.74
optimisticky,241,11,1564.23
optimisticky,241,12,1756.54
optimisticky,242,1,-346.49
optimisticky,242,2,297.69
optimisticky,242,3,664.63
optimisticky,242,4,503.45
optimisticky,242,5,1118.37
optimisticky,242,6,1468.43
optimisticky,242,7,1045.04
optimisticky,242,8,922.32
optimisticky,242,9,1320.73
optimisticky,242,10,1257.92
optimisticky,242,11,1016.23
optimisticky,242,12,1298.54
optimisticky,243,1,-556.91
optimisticky,243,2,130.86
optimisticky,243,3,175.06
optimisticky,243,4,229.55
optimisticky,243,5,1291.28
optimisticky,243,6,1072.03
optimisticky,243,7,571.96
optimisticky,243,8,1406.59
optimisticky,243,9,733.17
optimisticky,243,10,1573.19
optimisticky,243,11,1112.38
optimisticky,243,12,1737.6
optimisticky,244,1,-284.16
optimisticky,244,2,-216.57
optimisticky,244,3,993.69
optimisticky,244,4,624.35
optimisticky,244,5,487.06
optimisticky,244,6,1489.89
optimisticky,244,7,1313.12
optimisticky,244,8,550.75
optimisticky,244,9,1707.41
optimisticky,244,10,936.02
optimisticky,244,11,980.06
optimisticky,244,12,1761.27
optimisticky,245,1,9.13
optimisticky,245,2,-147.69
optimisticky,245,3,535.47
optimisticky,245,4,254.15
optimisticky,245,5,417.11
optimisticky,245,6,1241.28
optimisticky,245,7,199.38
optimisticky,245,8,1545.39
optimisticky,245,9,1755.86
optimisticky,245,10,1420.12
optimisticky,245,11,2104.61
optimisticky,245,12,1466.65
optimisticky,246,1,-495.32
optimisticky,246,2,138.58
optimisticky,246,3,400.27
optimisticky,246,4,675.24
optimisticky,246,5,1362.14
optimisticky,246,6,1396.37
optimisticky,246,7,638.42
optimisticky,246,8,1495.85
optimisticky,246,9,2770.72
optimisticky,246,10,216.96
optimisticky,246,11,395.26
optimisticky,246,12,1967.84
optimisticky,247,1,-323.52
optimisticky,247,2,-403.57
optimisticky,247,3,660.6
optimisticky,247,4,289.56
optimisticky,247,5,105.21
optimisticky,247,6,1856.88
optimisticky,247,7,1662.48
optimisticky,247,8,1112.13
optimisticky,247,9,1940.3
optimisticky,247,10,417.51
optimisticky,247,11,1063.69
optimisticky,247,12,2949.95
optimisticky,248,1,-215.31
optimisticky,248,2,744.77
optimisticky,248,3,1158.5
optimisticky,248,4,686.18
optimisticky,248,5,1050.07
optimisticky,248,6,1282.05
optimisticky,248,7,851.13
optimisticky,248,8,986.82
optimisticky,248,9,940.9
optimisticky,248,10,380.44
optimisticky,248,11,1063.65
optimisticky,248,12,1558.81
optimisticky,249,1,-621.51
optimisticky,249,2,-116.09
optimisticky,249,3,252.27
optimisticky,249,4,652.79
optimisticky,249,5,651.13
optimisticky,249,6,953.77
optimisticky,249,7,-48.08
optimisticky,249,8,1559.09
optimisticky,249,9,647.5
optimisticky,249,10,836.52
optimisticky,249,11,1552.36
optimisticky,249,12,1605.65
optimisticky,250,1,-287.08
optimisticky,250,2,281.78
optimisticky,250,3,394.55
optimisticky,250,4,20.67
optimisticky,250,5,329.33
optimisticky,250,6,1595.0
optimisticky,250,7,931.96
optimisticky,250,8,646.44
optimisticky,250,9,1423.16
optimisticky,250,10,592.12
optimisticky,250,11,848.2
optimisticky,250,12,1931.1
optimisticky,251,1,-291.09
optimisticky,251,2,507.39
optimisticky,251,3,567.0
optimisticky,251,4,796.42
optimisticky,251,5,1190.17
optimisticky,251,6,2333.49
optimisticky,251,7,630.39
optimisticky,251,8,1451.7
optimisticky,251,9,1557.58
optimisticky,251,10,624.07
optimisticky,251,11,1671.2
optimisticky,251,12,484.57
optimisticky,252,1,-281.07
optimisticky,252,2,45.36
optimisticky,252,3,-30.53
optimisticky,252,4,682.81
optimisticky,252,5,708.98
optimisticky,252,6,1649.6
optimisticky,252,7,283.36
optimisticky,252,8,1429.21
optimisticky,252,9,1772.84
optimisticky,252,10,1525.62
optimisticky,252,11,1742.9
optimisticky,252,12,2501.83
optimisticky,253,1,-400.72
optimisticky,253,2,-420.62
optimisticky,253,3,-10.37
optimisticky,253,4,715.26
optimisticky,253,5,129.8
optimisticky,253,6,1428.63
optimisticky,253,7,871.11
optimisticky,253,8,1326.99
optimisticky,253,9,1302.54
optimisticky,253,10,1006.13
optimisticky,253,11,1136.02
optimisticky,253,12,2463.07
optimisticky,254,1,60.38
optimisticky,254,2,196.11
optimisticky,254,3,549.25
optimisticky,254,4,597.8
optimisticky,254,5,209.95
optimisticky,254,6,1527.28
optimisticky,254,7,1454.26
optimisticky,254,8,1332.58
optimisticky,254,9,1677.75
optimisticky,254,10,335.86
optimisticky,254,11,1037.31
optimisticky,254,12,1899.32
optimisticky,255,1,-158.52
optimisticky,255,2,-40.2
optimisticky,255,3,766.61
optimisticky,255,4,555.31
optimisticky,255,5,758.97
optimisticky,255,6,778.48
optimisticky,255,7,728.63
optimisticky,255,8,756.46
optimisticky,255,9,2447.21
optimisticky,255,10,2812.77
optimisticky,255,11,802.2
optimisticky,255,12,1774.02
optimisticky,256,1,-57.88
optimisticky,256,2,-52.0
optimisticky,256,3,258.49
optimisticky,256,4,456.37
optimisticky,256,5,1272.21
optimisticky,256,6,892.98
optimisticky,256,7,1187.08
optimisticky,256,8,1595.82
optimisticky,256,9,1186.49
optimisticky,256,10,1062.09
optimisticky,256,11,1688.04
optimisticky,256,12,2314.66
optimisticky,257,1,-207.25
optimisticky,257,2,-305.88
optimisticky,257,3,248.14
optimisticky,257,4,735.91
optimisticky,257,5,640.71
optimisticky,257,6,1395.98
optimisticky,257,7,551.29
optimisticky,257,8,356.8
optimisticky,257,9,630.97
optimisticky,257,10,802.91
optimisticky,257,11,93.82
optimisticky,257,12,1866.68
optimisticky,258,1,-397.96
optimisticky,258,2,-142.54
optimisticky,258,3,764.12
optimisticky,258,4,366.0
optimisticky,258,5,544.44
optimisticky,258,6,1144.52
optimisticky,258,7,825.78
optimisticky,258,8,660.71
optimisticky,258,9,1727.28
optimisticky,258,10,1022.15
optimisticky,258,11,1015.8
optimisticky,258,12,996.01
optimisticky,259,1,101.13
optimisticky,259,2,-291.57
optimisticky,259,3,379.51
optimisticky,259,4,794.95
optimisticky,259,5,1300.93
optimisticky,259,6,1182.21
optimisticky,259,7,581.19
optimisticky,259,8,889.34
optimisticky,259,9,1466.48
optimisticky,259,10,1526.81
optimisticky,259,11,1085.73
optimisticky,259,12,1857.82
optimisticky,260,1,-485.39
optimisticky,260,2,111.51
optimisticky,260,3,46.69
optimisticky,260,4,540.79
optimisticky,260,5,696.41
optimisticky,260,6,1462.7
optimisticky,260,7,359.07
optimisticky,260,8,799.52
optimisticky,260,9,1411.29
optimisticky,260,10,2068.32
optimisticky,260,11,1164.86
optimisticky,260,12,1718.04
optimisticky,261,1,-544.71
optimisticky,261,2,334.88
optimisticky,261,3,1135.15
optimisticky,261,4,-236.01
optimisticky,261,5,1472.91
optimisticky,261,6,856.31
optimisticky,261,7,693.98
optimisticky,261,8,1515.38
optimisticky,261,9,1280.16
optimisticky,261,10,2277.42
optimisticky,261,11,1300.41
optimisticky,261,12,2755.42
optimisticky,262,1,-114.29
optimisticky,262,2,-186.93
optimisticky,262,3,643.49
optimisticky,262,4,337.65
optimisticky,262,5,162.91
optimisticky,262,6,1511.63
optimisticky,262,7,932.58
optimisticky,262,8,858.21
optimisticky,262,9,1516.48
optimisticky,262,10,1041.82
optimisticky,262,11,1674.45
optimisticky,262,12,2232.07
optimisticky,263,1,-528.27
optimisticky,263,2,139.02
optimisticky,263,3,149.71
optimisticky,263,4,-260.6
optimisticky,263,5,991.28
optimisticky,263,6,1243.63
optimisticky,263,7,1127.46
optimisticky,263,8,919.89
optimisticky,263,9,1614.76
optimisticky,263,10,2051.52
optimisticky,263,11,1018.64
optimisticky,263,12,1041.66
optimisticky,264,1,-605.29
optimisticky,264,2,60.8
optimisticky,264,3,844.79
optimisticky,264,4,646.89
optimisticky,264,5,280.81
optimisticky,264,6,1403.59
optimisticky,264,7,1002.86
optimisticky,264,8,1497.51
optimisticky,264,9,2117.32
optimisticky,264,10,1014.43
optimisticky,264,11,1012.79
optimisticky,264,12,2007.83
optimisticky,265,1,-128.2
optimisticky,265,2,441.91
optimisticky,265,3,882.57
optimisticky,265,4,39.93
optimisticky,265,5,688.35
optimisticky,265,6,1865.52
optimisticky,265,7,1156.87
optimisticky,265,8,-175.77
optimisticky,265,9,574.96
optimisticky,265,10,1243.44
optimisticky,265,11,570.86
optimisticky,265,12,2103.24
optimisticky,266,1,-238.62
optimisticky,266,2,354.53
optimisticky,266,3,313.51
optimisticky,266,4,864.45
optimisticky,266,5,527.61
optimisticky,266,6,1093.14
optimisticky,266,7,856.87
optimisticky,266,8,656.77
optimisticky,266,9,732.82
optimisticky,266,10,972.35
optimisticky,266,11,1667.04
optimisticky,266,12,1713.6
optimisticky,267,1,-543.31
optimisticky,267,2,-58.54
optimisticky,267,3,662.73
optimisticky,267,4,579.21
optimisticky,267,5,819.54
optimisticky,267,6,984.59
optimisticky,267,7,1092.0
optimisticky,267,8,535.88
optimisticky,267,9,1875.48
optimisticky,267,10,1300.31
optimisticky,267,11,468.61
optimisticky,267,12,1966.78
optimisticky,268,1,-364.14
optimisticky,268,2,-290.81
optimisticky,268,3,62.78
optimisticky,268,4,1014.86
optimisticky,268,5,861.03
optimisticky,268,6,1678.81
optimisticky,268,7,976.2
optimisticky,268,8,1166.02
optimisticky,268,9,1688.81
optimisticky,268,10,1305.0
optimisticky,268,11,1236.6
optimisticky,268,12,1348.54
optimisticky,269,1,-307.87
optimisticky,269,2,29.3
optimisticky,269,3,761.98
optimisticky,269,4,121.26
optimisticky,269,5,1519.23
optimisticky,269,6,1589.83
optimisticky,269,7,655.21
optimisticky,269,8,1208.03
optimisticky,269,9,1872.23
optimisticky,269,10,1838.29
optimisticky,269,11,1214.77
optimisticky,269,12,1914.56
optimisticky,270,1,-501.84
optimisticky,270,2,-380.04
optimisticky,270,3,25.91
optimisticky,270,4,464.4
optimisticky,270,5,1180.38
optimisticky,270,6,919.26
optimisticky,270,7,1395.65
optimisticky,270,8,708.1
optimisticky,270,9,1348.74
optimisticky,270,10,1234.69
optimisticky,270,11,1450.49
optimisticky,270,12,588.32
optimisticky,271,1,-512.85
optimisticky,271,2,201.46
optimisticky,271,3,762.18
optimisticky,271,4,410.29
optimisticky,271,5,688.82
optimisticky,271,6,905.92
optimisticky,271,7,1004.93
optimisticky,271,8,561.6
optimisticky,271,9,1972.98
optimisticky,271,10,1772.53
optimisticky,271,11,1046.94
optimisticky,271,12,1739.17
optimisticky,272,1,-776.18
optimisticky,272,2,173.63
optimisticky,272,3,1360.67
optimisticky,272,4,637.86
optimisticky,272,5,1270.56
optimisticky,272,6,1320.41
optimisticky,272,7,1424.05
optimisticky,272,8,1555.46
optimisticky,272,9,1890.16
optimisticky,272,10,986.8
optimisticky,272,11,1915.61
optimisticky,272,12,2877.12
optimisticky,273,1,-546.99
optimisticky,273,2,113.93
optimisticky,273,3,327.32
optimisticky,273,4,992.25
optimisticky,273,5,1085.26
optimisticky,273,6,1223.15
optimisticky,273,7,951.98
optimisticky,273,8,1033.2
optimisticky,273,9,2019.73
optimisticky,273,10,1133.47
optimisticky,273,11,1136.95
optimisticky,273,12,2834.11
optimisticky,274,1,-254.12
optimisticky,274,2,-187.44
optimisticky,274,3,546.9
optimisticky,274,4,310.12
optimisticky,274,5,676.59
optimisticky,274,6,1137.6
optimisticky,274,7,1437.82
optimisticky,274,8,691.04
optimisticky,274,9,2074.45
optimisticky,274,10,1050.01
optimisticky,274,11,957.96
optimisticky,274,12,2007.79
optimisticky,275,1,-245.67
optimisticky,275,2,-512.4
optimisticky,275,3,1350.14
optimisticky,275,4,79.89
optimisticky,275,5,16.37
optimisticky,275,6,869.04
optimisticky,275,7,153.05
optimisticky,275,8,1645.56
optimisticky,275,9,902.45
optimisticky,275,10,2146.72
optimisticky,275,11,1878.69
optimisticky,275,12,1370.39
optimisticky,276,1,-455.54
optimisticky,276,2,231.27
optimisticky,276,3,1105.38
optimisticky,276,4,179.85
optimisticky,276,5,494.79
optimisticky,276,6,1028.58
optimisticky,276,7,480.97
optimisticky,276,8,670.29
optimisticky,276,9,141.2
optimisticky,276,10,1612.2
optimisticky,276,11,465.36
optimisticky,276,12,1620.23
optimisticky,277,1,-460.59
optimisticky,277,2,-47.59
optimisticky,277,3,-63.98
optimisticky,277,4,621.53
optimisticky,277,5,221.15
optimisticky,277,6,910.66
optimisticky,277,7,365.39
optimisticky,277,8,635.66
optimisticky,277,9,1521.48
optimisticky,277,10,693.62
optimisticky,277,11,1259.51
optimisticky,277,12,1094.03
optimisticky,278,1,-464.88
optimisticky,278,2,780.2
optimisticky,278,3,900.85
optimisticky,278,4,1139.05
optimisticky,278,5,775.02
optimisticky,278,6,1130.41
optimisticky,278,7,1171.97
optimisticky,278,8,850.87
optimisticky,278,9,2952.15
optimisticky,278,10,1223.65
optimisticky,278,11,1039.48
optimisticky,278,12,1582.67
optimisticky,279,1,-255.29
optimisticky,279,2,587.35
optimisticky,279,3,516.64
optimisticky,279,4,428.85
optimisticky,279,5,367.57
optimisticky,279,6,1092.72
optimisticky,279,7,1174.82
optimisticky,279,8,2235.4
optimisticky,279,9,1734.56
optimisticky,279,10,720.16
optimisticky,279,11,1410.29
optimisticky,279,12,1425.27
optimisticky,280,1,-95.5
optimisticky,280,2,-584.98
optimisticky,280,3,479.58
optimisticky,280,4,969.88
optimisticky,280,5,297.98
optimisticky,280,6,1400.45
optimisticky,280,7,1476.64
optimisticky,280,8,1517.21
optimisticky,280,9,1107.6
optimisticky,280,10,490.94
optimisticky,280,11,1059.48
optimisticky,280,12,2374.53
optimisticky,281,1,-705.66
optimisticky,281,2,169.76
optimisticky,281,3,424.45
optimisticky,281,4,54.95
optimisticky,281,5,329.19
optimisticky,281,6,1943.58
optimisticky,281,7,547.89
optimisticky,281,8,1241.43
optimisticky,281,9,823.8
optimisticky,281,10,1029.95
optimisticky,281,11,1855.27
optimisticky,281,12,1567.47
optimisticky,282,1,-199.45
optimisticky,282,2,52.26
optimisticky,282,3,854.91
optimisticky,282,4,848.06
optimisticky,282,5,38.69
optimisticky,282,6,1076.32
optimisticky,282,7,1233.74
optimisticky,282,8,1850.8
optimisticky,282,9,807.78
optimisticky,282,10,1630.98
optimisticky,282,11,2293.55
optimisticky,282,12,1371.69
optimisticky,283,1,-414.5
optimisticky,283,2,84.0
optimisticky,283,3,335.0
optimisticky,283,4,1001.62
optimisticky,283,5,1378.28
optimisticky,283,6,38.17
optimisticky,283,7,457.94
optimisticky,283,8,540.62
optimisticky,283,9,1365.53
optimisticky,283,10,1440.57
optimisticky,283,11,1039.44
optimisticky,283,12,1593.82
optimisticky,284,1,-461.58
optimisticky,284,2,386.12
optimisticky,284,3,314.39
optimisticky,284,4,342.7
optimisticky,284,5,175.66
optimisticky,284,6,1055.92
optimisticky,284,7,-86.55
optimisticky,284,8,1302.84
optimisticky,284,9,1571.97
optimisticky,284,10,2100.8
optimisticky,284,11,1773.28
optimisticky,284,12,951.61
optimisticky,285,1,-412.73
optimisticky,285,2,-17.99
optimisticky,285,3,399.2
optimisticky,285,4,720.42
optimisticky,285,5,756.22
optimisticky,285,6,1232.22
optimisticky,285,7,834.98
optimisticky,285,8,1161.87
optimisticky,285,9,2154.76
optimisticky,285,10,686.27
optimisticky,285,11,1305.63
optimisticky,285,12,1853.31
optimisticky,286,1,-593.32
optimisticky,286,2,-362.29
optimisticky,286,3,1099.8
optimisticky,286,4,842.36
optimisticky,286,5,576.51
optimisticky,286,6,1019.42
optimisticky,286,7,398.75
optimisticky,286,8,993.84
optimisticky,286,9,1255.51
optimisticky,286,10,715.94
optimisticky,286,11,1421.46
optimisticky,286,12,2396.42
optimisticky,287,1,-144.79
optimisticky,287,2,229.49
optimisticky,287,3,-15.72
optimisticky,287,4,602.68
optimisticky,287,5,1034.36
optimisticky,287,6,1765.77
optimisticky,287,7,132.31
optimisticky,287,8,643.24
optimisticky,287,9,1011.31
optimisticky,287,10,1679.04
optimisticky,287,11,1512.12
optimisticky,287,12,1714.8
optimisticky,288,1,-462.42
optimisticky,288,2,580.77
optimisticky,288,3,885.42
optimisticky,288,4,-214.52
optimisticky,288,5,1325.8
optimisticky,288,6,1252.86
optimisticky,288,7,678.6
optimisticky,288,8,1534.11
optimisticky,288,9,2567.03
optimisticky,288,10,667.91
optimisticky,288,11,1517.03
optimisticky,288,12,1644.49
optimisticky,289,1,-391.41
optimisticky,289,2,-176.5
optimisticky,289,3,162.45
optimisticky,289,4,997.61
optimisticky,289,5,444.89
optimisticky,289,6,472.65
optimisticky,289,7,428.66
optimisticky,289,8,1251.63
optimisticky,289,9,2462.3
optimisticky,289,10,944.52
optimisticky,289,11,763.37
optimisticky,289,12,353.75
optimisticky,290,1,-331.18
optimisticky,290,2,173.19
optimisticky,290,3,105.92
optimisticky,290,4,552.43
optimisticky,290,5,804.26
optimisticky,290,6,990.48
optimisticky,290,7,1263.15
optimisticky,290,8,1188.33
optimisticky,290,9,1669.99
optimisticky,290,10,1867.11
optimisticky,290,11,877.68
optimisticky,290,12,1474.6
optimisticky,291,1,-482.64
optimisticky,291,2,355.64
optimisticky,291,3,938.42
optimisticky,291,4,1200.43
optimisticky,291,5,1115.45
optimisticky,291,6,1044.68
optimisticky,291,7,862.25
optimisticky,291,8,996.53
optimisticky,291,9,2001.64
optimisticky,291,10,1171.49
optimisticky,291,11,1400.64
optimisticky,291,12,1166.85
optimisticky,292,1,-78.97
optimisticky,292,2,-394.61
optimisticky,292,3,318.2
optimisticky,292,4,352.84
optimisticky,292,5,361.93
optimisticky,292,6,1678.51
optimisticky,292,7,1572.67
optimisticky,292,8,1623.13
optimisticky,292,9,948.36
optimisticky,292,10,1559.24
optimisticky,292,11,825.71
optimisticky,292,12,1669.87
optimisticky,293,1,-395.33
optimisticky,293,2,-52.73
optimisticky,293,3,742.24
optimisticky,293,4,602.85
optimisticky,293,5,1779.52
optimisticky,293,6,1918.64
optimisticky,293,7,491.96
optimisticky,293,8,714.27
optimisticky,293,9,1295.45
optimisticky,293,10,1249.51
optimisticky,293,11,768.06
optimisticky,293,12,2627.32
optimisticky,294,1,-445.3
optimisticky,294,2,559.85
optimisticky,294,3,854.51
optimisticky,294,4,681.65
optimisticky,294,5,1483.15
optimisticky,294,6,1682.08
optimisticky,294,7,1370.34
optimisticky,294,8,2371.47
optimisticky,294,9,2154.2
optimisticky,294,10,2092.88
optimisticky,294,11,1592.54
optimisticky,294,12,1119.11
optimisticky,295,1,409.46
optimisticky,295,2,132.01
optimisticky,295,3,363.22
optimisticky,295,4,233.8
optimisticky,295,5,1582.6
optimisticky,295,6,1673.86
optimisticky,295,7,1575.47
optimisticky,295,8,1064.02
optimisticky,295,9,1596.73
optimisticky,295,10,1659.53
optimisticky,295,11,1741.51
optimisticky,295,12,1404.5
optimisticky,296,1,-474.54
optimisticky,296,2,-29.61
optimisticky,296,3,537.05
optimisticky,296,4,548.39
optimisticky,296,5,1067.54
optimisticky,296,6,1389.51
optimisticky,296,7,507.53
optimisticky,296,8,1200.82
optimisticky,296,9,2203.55
optimisticky,296,10,887.64
optimisticky,296,11,1162.61
optimisticky,296,12,2225.47
optimisticky,297,1,-363.03
optimisticky,297,2,-210.91
optimisticky,297,3,349.32
optimisticky,297,4,-195.16
optimisticky,297,5,21.67
optimisticky,297,6,723.6
optimisticky,297,7,1646.54
optimisticky,297,8,755.77
optimisticky,297,9,2296.62
optimisticky,297,10,874.48
optimisticky,297,11,72.72
optimisticky,297,12,2073.27
optimisticky,298,1,-3.34
optimisticky,298,2,-96.77
optimisticky,298,3,829.03
optimisticky,298,4,1510.45
optimisticky,298,5,1786.03
optimisticky,298,6,1243.07
optimisticky,298,7,1057.3
optimisticky,298,8,1843.89
optimisticky,298,9,1384.73
optimisticky,298,10,1289.77
optimisticky,298,11,2014.32
optimisticky,298,12,1719.59
optimisticky,299,1,-721.17
optimisticky,299,2,177.9
optimisticky,299,3,539.88
optimisticky,299,4,193.96
optimisticky,299,5,1273.99
optimisticky,299,6,1314.29
optimisticky,299,7,876.95
optimisticky,299,8,1257.97
optimisticky,299,9,2010.36
optimisticky,299,10,1602.92
optimisticky,299,11,1174.69
optimisticky,299,12,1979.45
optimisticky,300,1,-48.85
optimisticky,300,2,-408.55
optimisticky,300,3,537.87
optimisticky,300,4,749.65
optimisticky,300,5,773.58
optimisticky,300,6,879.15
optimisticky,300,7,251.59
optimisticky,300,8,682.3
optimisticky,300,9,1727.27
optimisticky,300,10,940.3
optimisticky,300,11,598.22
optimisticky,300,12,2678.18
optimisticky,301,1,-229.15
optimisticky,301,2,231.61
optimisticky,301,3,822.63
optimisticky,301,4,378.81
optimisticky,301,5,494.4
optimisticky,301,6,1609.13
optimisticky,301,7,1218.18
optimisticky,301,8,949.58
optimisticky,301,9,1418.29
optimisticky,301,10,1695.06
optimisticky,301,11,1018.01
optimisticky,301,12,823.74
optimisticky,302,1,29.21
optimisticky,302,2,252.37
optimisticky,302,3,630.7
optimisticky,302,4,288.42
optimisticky,302,5,748.82
optimisticky,302,6,964.96
optimisticky,302,7,909.84
optimisticky,302,8,121.95
optimisticky,302,9,1025.53
optimisticky,302,10,2532.05
optimisticky,302,11,571.55
optimisticky,302,12,2301.35
optimisticky,303,1,-388.91
optimisticky,303,2,172.22
optimisticky,303,3,622.13
optimisticky,303,4,829.91
optimisticky,303,5,303.04
optimisticky,303,6,977.34
optimisticky,303,7,431.28
optimisticky,303,8,1587.98
optimisticky,303,9,1214.9
optimisticky,303,10,1419.22
optimisticky,303,11,1540.72
optimisticky,303,12,1028.39
optimisticky,304,1,1.36
optimisticky,304,2,-652.68
optimisticky,304,3,451.23
optimisticky,304,4,476.18
optimisticky,304,5,246.55
optimisticky,304,6,1695.07
optimisticky,304,7,1690.97
optimisticky,304,8,1442.96
optimisticky,304,9,1290.27
optimisticky,304,10,961.18
optimisticky,304,11,1982.9
optimisticky,304,12,1750.17
optimisticky,305,1,-386.03
optimisticky,305,2,-31.98
optimisticky,305,3,316.19
optimisticky,305,4,938.37
optimisticky,305,5,1069.77
optimisticky,305,6,1024.34
optimisticky,305,7,1038.23
optimisticky,305,8,1999.35
optimisticky,305,9,1670.66
optimisticky,305,10,1686.19
optimisticky,305,11,2145.39
optimisticky,305,12,1501.55
optimisticky,306,1,380.38
optimisticky,306,2,-296.2
optimisticky,306,3,868.36
optimisticky,306,4,797.83
optimisticky,306,5,1350.86
optimisticky,306,6,1329.98
optimisticky,306,7,1268.43
optimisticky,306,8,815.62
optimisticky,306,9,414.86
optimisticky,306,10,637.46
optimisticky,306,11,1127.97
optimisticky,306,12,2091.29
optimisticky,307,1,-360.55
optimisticky,307,2,146.92
optimisticky,307,3,512.3
optimisticky,307,4,791.33
optimisticky,307,5,556.26
optimisticky,307,6,275.85
optimisticky,307,7,952.41
optimisticky,307,8,967.3
optimisticky,307,9,1676.03
optimisticky,307,10,1320.93
optimisticky,307,11,579.9
optimisticky,307,12,1415.41
optimisticky,308,1,-495.56
optimisticky,308,2,-131.05
optimisticky,308,3,268.73
optimisticky,308,4,248.26
optimisticky,308,5,858.71
optimisticky,308,6,1210.96
optimisticky,308,7,965.56
optimisticky,308,8,1126.51
optimisticky,308,9,1160.41
optimisticky,308,10,883.91
optimisticky,308,11,894.29
optimisticky,308,12,1315.15
optimisticky,309,1,-416.39
optimisticky,309,2,75.95
optimisticky,309,3,918.51
optimisticky,309,4,-319.0
optimisticky,309,5,709.87
optimisticky,309,6,1379.11
optimisticky,309,7,1764.42
optimisticky,309,8,1598.7
optimisticky,309,9,2409.38
optimisticky,309,10,1491.12
optimisticky,309,11,1298.54
optimisticky,309,12,2413.52
optimisticky,310,1,-133.12
optimisticky,310,2,418.7
optimisticky,310,3,583.89
optimisticky,310,4,77.3
optimisticky,310,5,601.96
optimisticky,310,6,1348.63
optimisticky,310,7,821.32
optimisticky,310,8,633.3
optimisticky,310,9,1636.4
optimisticky,310,10,1065.33
optimisticky,310,11,1399.02
optimisticky,310,12,1293.39
optimisticky,311,1,-311.56
optimisticky,311,2,-174.71
optimisticky,311,3,540.45
optimisticky,311,4,223.36
optimisticky,311,5,1047.64
optimisticky,311,6,244.44
optimisticky,311,7,713.7
optimisticky,311,8,1806.59
optimisticky,311,9,2466.9
optimisticky,311,10,834.05
optimisticky,311,11,1109.64
optimisticky,311,12,2814.84
optimisticky,312,1,-253.92
optimisticky,312,2,427.4
optimisticky,312,3,365.88
optimisticky,312,4,-128.89
optimisticky,312,5,164.19
optimisticky,312,6,1318.15
optimisticky,312,7,1057.4
optimisticky,312,8,1381.72
optimisticky,312,9,1665.48
optimisticky,312,10,691.29
optimisticky,312,11,2043.17
optimisticky,312,12,1734.89
optimisticky,313,1,-211.03
optimisticky,313,2,463.06
optimisticky,313,3,257.4
optimisticky,313,4,344.12
optimisticky,313,5,781.55
optimisticky,313,6,1757.7
optimisticky,313,7,1165.11
optimisticky,313,8,791.55
optimisticky,313,9,1567.98
optimisticky,313,10,505.09
optimisticky,313,11,1767.5
optimisticky,313,12,1122.35
optimisticky,314,1,-220.69
optimisticky,314,2,45.83
optimisticky,314,3,32.46
optimisticky,314,4,21.58
optimisticky,314,5,232.04
optimisticky,314,6,1992.27
optimisticky,314,7,1243.0
optimisticky,314,8,286.87
optimisticky,314,9,931.2
optimisticky,314,10,1129.85
optimisticky,314,11,1040.84
optimisticky,314,12,1684.22
optimisticky,315,1,-337.38
optimisticky,315,2,369.94
optimisticky,315,3,588.77
optimisticky,315,4,38.19
optimisticky,315,5,706.13
optimisticky,315,6,1282.74
optimisticky,315,7,1171.28
optimisticky,315,8,1852.74
optimisticky,315,9,1102.01
optimisticky,315,10,1239.41
optimisticky,315,11,1243.82
optimisticky,315,12,2009.46
optimisticky,316,1,-359.22
optimisticky,316,2,656.36
optimisticky,316,3,780.45
optimisticky,316,4,1634.17
optimisticky,316,5,731.69
optimisticky,316,6,1279.26
optimisticky,316,7,1452.33
optimisticky,316,8,868.11
optimisticky,316,9,2099.06
optimisticky,316,10,1295.87
optimisticky,316,11,458.14
optimisticky,316,12,1012.26
optimisticky,317,1,-384.11
optimisticky,317,2,568.43
optimisticky,317,3,83.61
optimisticky,317,4,-475.75
optimisticky,317,5,391.7
optimisticky,317,6,1299.23
optimisticky,317,7,913.96
optimisticky,317,8,1417.52
optimisticky,317,9,1861.35
optimisticky,317,10,206.96
optimisticky,317,11,1064.1
optimisticky,317,12,1802.12
optimisticky,318,1,141.56
optimisticky,318,2,449.01
optimisticky,318,3,178.46
optimisticky,318,4,952.2
optimisticky,318,5,654.85
optimisticky,318,6,1145.5
optimisticky,318,7,1313.9
optimisticky,318,8,970.1
optimisticky,318,9,991.05
optimisticky,318,10,1169.61
optimisticky,318,11,1345.55
optimisticky,318,12,2036.72
optimisticky,319,1,-364.6
optimisticky,319,2,489.09
optimisticky,319,3,1426.9
optimisticky,319,4,855.91
optimisticky,319,5,1265.88
optimisticky,319,6,1518.79
optimisticky,319,7,992.32
optimisticky,319,8,786.52
optimisticky,319,9,1233.23
optimisticky,319,10,892.16
optimisticky,319,11,1411.76
optimisticky,319,12,1305.21
optimisticky,320,1,-430.03
optimisticky,320,2,124.51
optimisticky,320,3,581.81
optimisticky,320,4,169.36
optimisticky,320,5,365.6
optimisticky,320,6,980.3
optimisticky,320,7,1136.53
optimisticky,320,8,741.1
optimisticky,320,9,2336.24
optimisticky,320,10,870.5
optimisticky,320,11,957.66
optimisticky,320,12,761.37
optimisticky,321,1,-753.89
optimisticky,321,2,-51.76
optimisticky,321,3,489.17
optimisticky,321,4,583.53
optimisticky,321,5,522.5
optimisticky,321,6,1330.16
optimisticky,321,7,759.02
optimisticky,321,8,1293.04
optimisticky,321,9,1301.87
optimisticky,321,10,1056.27
optimisticky,321,11,1525.02
optimisticky,321,12,1319.37
optimisticky,322,1,431.11
optimisticky,322,2,-30.54
optimisticky,322,3,1140.03
optimisticky,322,4,1064.35
optimisticky,322,5,455.4
optimisticky,322,6,1999.86
optimisticky,322,7,-77.77
optimisticky,322,8,1291.32
optimisticky,322,9,1416.47
optimisticky,322,10,997.66
optimisticky,322,11,1629.6
optimisticky,322,12,2023.41
optimisticky,323,1,-641.79
optimisticky,323,2,-289.9
optimisticky,323,3,321.4
optimisticky,323,4,497.68
optimisticky,323,5,1000.97
optimisticky,323,6,1783.34
optimisticky,323,7,2074.57
optimisticky,323,8,843.11
optimisticky,323,9,1247.65
optimisticky,323,10,1288.5
optimisticky,323,11,383.16
optimisticky,323,12,1745.6
optimisticky,324,1,236.99
optimisticky,324,2,559.26
optimisticky,324,3,396.17
optimisticky,324,4,631.47
optimisticky,324,5,267.03
optimisticky,324,6,917.69
optimisticky,324,7,926.07
optimisticky,324,8,906.63
optimisticky,324,9,1758.27
optimisticky,324,10,1192.64
optimisticky,324,11,1359.94
optimisticky,324,12,2391.58
optimisticky,325,1,-536.47
optimisticky,325,2,25.0
optimisticky,325,3,150.79
optimisticky,325,4,259.33
optimisticky,325,5,454.98
optimisticky,325,6,848.79
optimisticky,325,7,843.83
optimisticky,325,8,849.36
optimisticky,325,9,1723.08
optimisticky,325,10,497.29
optimisticky,325,11,1379.17
optimisticky,325,12,1596.64
optimisticky,326,1,-753.5
optimisticky,326,2,-419.26
optimisticky,326,3,65.35
optimisticky,326,4,-56.69
optimisticky,326,5,491.92
optimisticky,326,6,2021.44
optimisticky,326,7,1743.31
optimisticky,326,8,1112.95
optimisticky,326,9,1675.75
optimisticky,326,10,2033.32
optimisticky,326,11,1326.51
optimisticky,326,12,1326.14
optimisticky,327,1,-310.62
optimisticky,327,2,-174.73
optimisticky,327,3,1061.03
optimisticky,327,4,847.17
optimisticky,327,5,747.04
optimisticky,327,6,1875.27
optimisticky,327,7,584.66
optimisticky,327,8,1028.9
optimisticky,327,9,1567.94
optimisticky,327,10,1185.73
optimisticky,327,11,1198.0
optimisticky,327,12,1253.11
optimisticky,328,1,-511.76
optimisticky,328,2,184.08
optimisticky,328,3,1160.07
optimisticky,328,4,58.86
optimisticky,328,5,320.71
optimisticky,328,6,1603.93
optimisticky,328,7,1368.72
optimisticky,328,8,1315.27
optimisticky,328,9,1631.69
optimisticky,328,10,1199.39
optimisticky,328,11,1296.96
optimisticky,328,12,1058.16
optimisticky,329,1,-435.32
optimisticky,329,2,234.69
optimisticky,329,3,839.48
optimisticky,329,4,283.5
optimisticky,329,5,1168.4
optimisticky,329,6,671.49
optimisticky,329,7,646.36
optimisticky,329,8,715.54
optimisticky,329,9,1819.38
optimisticky,329,10,1284.64
optimisticky,329,11,964.66
optimisticky,329,12,1712.94
optimisticky,330,1,27.04
optimisticky,330,2,546.94
optimisticky,330,3,691.65
optimisticky,330,4,47.58
optimisticky,330,5,756.19
optimisticky,330,6,1216.78
optimisticky,330,7,1453.24
optimisticky,330,8,1378.55
optimisticky,330,9,2544.67
optimisticky,330,10,92.83
optimisticky,330,11,1535.49
optimisticky,330,12,1470.16
optimisticky,331,1,-286.93
optimisticky,331,2,158.54
optimisticky,331,3,236.42
optimisticky,331,4,190.3
optimisticky,331,5,646.12
optimisticky,331,6,1064.68
optimisticky,331,7,1041.46
optimisticky,331,8,756.99
optimisticky,331,9,1393.41
optimisticky,331,10,1251.74
optimisticky,331,11,1031.79
optimisticky,331,12,1515.06
optimisticky,332,1,-596.87
optimisticky,332,2,-30.06
optimisticky,332,3,238.12
optimisticky,332,4,245.22
optimisticky,332,5,415.92
optimisticky,332,6,1706.45
optimisticky,332,7,1234.43
optimisticky,332,8,1538.74
optimisticky,332,9,1661.3
optimisticky,332,10,1030.29
optimisticky,332,11,1695.88
optimisticky,332,12,1238.82
optimisticky,333,1,-64.69
optimisticky,333,2,-167.48
optimisticky,333,3,223.77
optimisticky,333,4,79.69
optimisticky,333,5,630.66
optimisticky,333,6,2073.4
optimisticky,333,7,1198.24
optimisticky,333,8,1985.87
optimisticky,333,9,1842.53
optimisticky,333,10,593.91
optimisticky,333,11,1479.59
optimisticky,333,12,1224.06
optimisticky,334,1,-445.37
optimisticky,334,2,197.09
optimisticky,334,3,256.3
optimisticky,334,4,-54.31
optimisticky,334,5,208.15
optimisticky,334,6,1535.24
optimisticky,334,7,563.9
optimisticky,334,8,1208.77
optimisticky,334,9,1902.36
optimisticky,334,10,580.25
optimisticky,334,11,1062.62
optimisticky,334,12,1961.87
optimisticky,335,1,-700.86
optimisticky,335,2,-476.8
optimisticky,335,3,828.42
optimisticky,335,4,-10.16
optimisticky,335,5,1505.15
optimisticky,335,6,1383.66
optimisticky,335,7,1476.59
optimisticky,335,8,746.31
optimisticky,335,9,2827.55
optimisticky,335,10,1559.4
optimisticky,335,11,1256.86
optimisticky,335,12,702.63
optimisticky,336,1,-172.82
optimisticky,336,2,-126.51
optimisticky,336,3,-87.25
optimisticky,336,4,907.08
optimisticky,336,5,1370.93
optimisticky,336,6,1044.31
optimisticky,336,7,1425.41
optimisticky,336,8,764.23
optimisticky,336,9,1722.01
optimisticky,336,10,1843.64
optimisticky,336,11,2025.69
optimisticky,336,12,1884.84
optimisticky,337,1,-235.73
optimisticky,337,2,-434.0
optimisticky,337,3,1029.97
optimisticky,337,4,849.11
optimisticky,337,5,310.39
optimisticky,337,6,2258.19
optimisticky,337,7,910.21
optimisticky,337,8,1838.71
optimisticky,337,9,1447.14
optimisticky,337,10,2047.34
optimisticky,337,11,636.92
optimisticky,337,12,1264.1
optimisticky,338,1,-265.04
optimisticky,338,2,-149.14
optimisticky,338,3,255.95
optimisticky,338,4,239.92
optimisticky,338,5,404.36
optimisticky,338,6,2073.83
optimisticky,338,7,1444.59
optimisticky,338,8,351.87
optimisticky,338,9,2134.51
optimisticky,338,10,1579.81
optimisticky,338,11,843.13
optimisticky,338,12,1365.64
optimisticky,339,1,-599.85
optimisticky,339,2,49.32
optimisticky,339,3,176.3
optimisticky,339,4,658.49
optimisticky,339,5,1133.3
optimisticky,339,6,1404.26
optimisticky,339,7,1148.52
optimisticky,339,8,458.39
optimisticky,339,9,910.85
optimisticky,339,10,1780.13
optimisticky,339,11,1806.63
optimisticky,339,12,1667.53
optimisticky,340,1,-270.63
optimisticky,340,2,496.18
optimisticky,340,3,1240.52
optimisticky,340,4,439.88
optimisticky,340,5,929.59
optimisticky,340,6,1692.78
optimisticky,340,7,1441.14
optimisticky,340,8,1316.65
optimisticky,340,9,1836.07
optimisticky,340,10,812.98
optimisticky,340,11,586.19
optimisticky,340,12,1717.38
optimisticky,341,1,-347.18
optimisticky,341,2,-88.49
optimisticky,341,3,1105.04
optimisticky,341,4,560.81
optimisticky,341,5,934.11
optimisticky,341,6,2482.22
optimisticky,341,7,1719.03
optimisticky,341,8,137.94
optimisticky,341,9,1689.71
optimisticky,341,10,2489.86
optimisticky,341,11,1332.2
optimisticky,341,12,1850.02
optimisticky,342,1,-76.9
optimisticky,342,2,-420.59
optimisticky,342,3,969.93
optimisticky,342,4,119.97
optimisticky,342,5,-98.12
optimisticky,342,6,1724.65
optimisticky,342,7,713.17
optimisticky,342,8,1559.85
optimisticky,342,9,2894.62
optimisticky,342,10,1293.54
optimisticky,342,11,1139.53
optimisticky,342,12,1521.68
optimisticky,343,1,81.42
optimisticky,343,2,464.97
optimisticky,343,3,747.56
optimisticky,343,4,721.56
optimisticky,343,5,483.29
optimisticky,343,6,1573.56
optimisticky,343,7,87.22
optimisticky,343,8,1654.38
optimisticky,343,9,1537.83
optimisticky,343,10,940.12
optimisticky,343,11,880.32
optimisticky,343,12,1825.61
optimisticky,344,1,-494.62
optimisticky,344,2,6.64
optimisticky,344,3,838.41
optimisticky,344,4,463.87
optimisticky,344,5,299.04
optimisticky,344,6,837.48
optimisticky,344,7,319.88
optimisticky,344,8,639.27
optimisticky,344,9,1285.9
optimisticky,344,10,1690.81
optimisticky,344,11,1042.25
optimisticky,344,12,1719.45
optimisticky,345,1,-327.62
optimisticky,345,2,-19.07
optimisticky,345,3,857.01
optimisticky,345,4,1097.76
optimisticky,345,5,665.61
optimisticky,345,6,1522.06
optimisticky,345,7,955.12
optimisticky,345,8,-33.16
optimisticky,345,9,2437.72
optimisticky,345,10,1034.48
optimisticky,345,11,1563.16
optimisticky,345,12,1356.97
optimisticky,346,1,-322.49
optimisticky,346,2,469.37
optimisticky,346,3,1473.57
optimisticky,346,4,-92.21
optimisticky,346,5,562.28
optimisticky,346,6,1121.82
optimisticky,346,7,901.95
optimisticky,346,8,999.85
optimisticky,346,9,1746.18
optimisticky,346,10,866.16
optimisticky,346,11,1098.62
optimisticky,346,12,1373.53
optimisticky,347,1,-275.97
optimisticky,347,2,2.72
optimisticky,347,3,325.69
optimisticky,347,4,-196.97
optimisticky,347,5,601.0
optimisticky,347,6,1529.81
optimisticky,347,7,1489.82
optimisticky,347,8,2522.76
optimisticky,347,9,1207.23
optimisticky,347,10,599.45
optimisticky,347,11,1373.78
optimisticky,347,12,1120.55
optimisticky,348,1,-564.89
optimisticky,348,2,300.03
optimisticky,348,3,329.68
optimisticky,348,4,1366.09
optimisticky,348,5,912.64
optimisticky,348,6,801.67
optimisticky,348,7,1676.67
optimisticky,348,8,1119.35
optimisticky,348,9,1374.59
optimisticky,348,10,912.4
optimisticky,348,11,1066.62
optimisticky,348,12,2743.88
optimisticky,349,1,-200.07
optimisticky,349,2,-44.75
optimisticky,349,3,536.28
optimisticky,349,4,741.34
optimisticky,349,5,987.98
optimisticky,349,6,994.46
optimisticky,349,7,763.27
optimisticky,349,8,989.33
optimisticky,349,9,2202.01
optimisticky,349,10,1276.19
optimisticky,349,11,2079.96
optimisticky,349,12,1416.51
optimisticky,350,1,-34.84
optimisticky,350,2,-212.14
optimisticky,350,3,304.45
optimisticky,350,4,559.24
optimisticky,350,5,651.73
optimisticky,350,6,1292.97
optimisticky,350,7,737.36
optimisticky,350,8,1207.05
optimisticky,350,9,1765.8
optimisticky,350,10,1051.52
optimisticky,350,11,1232.36
optimisticky,350,12,1857.97
optimisticky,351,1,-29.72
optimisticky,351,2,-97.11
optimisticky,351,3,214.93
optimisticky,351,4,141.56
optimisticky,351,5,-15.22
optimisticky,351,6,2570.4
optimisticky,351,7,993.41
optimisticky,351,8,1000.49
optimisticky,351,9,904.43
optimisticky,351,10,1009.14
optimisticky,351,11,375.54
optimisticky,351,12,1198.96
optimisticky,352,1,-182.41
optimisticky,352,2,1222.4
optimisticky,352,3,690.35
optimisticky,352,4,1819.99
optimisticky,352,5,436.0
optimisticky,352,6,1177.86
optimisticky,352,7,1009.6
optimisticky,352,8,917.46
optimisticky,352,9,1371.76
optimisticky,352,10,1474.09
optimisticky,352,11,305.44
optimisticky,352,12,1196.63
optimisticky,353,1,-100.54
optimisticky,353,2,475.4
optimisticky,353,3,-633.58
optimisticky,353,4,550.07
optimisticky,353,5,1018.51
optimisticky,353,6,1229.19
optimisticky,353,7,447.04
optimisticky,353,8,1235.55
optimisticky,353,9,1351.69
optimisticky,353,10,936.02
optimisticky,353,11,1905.07
optimisticky,353,12,1770.91
optimisticky,354,1,-478.79
optimisticky,354,2,-128.29
optimisticky,354,3,299.11
optimisticky,354,4,917.61
optimisticky,354,5,397.53
optimisticky,354,6,1112.15
optimisticky,354,7,775.89
optimisticky,354,8,1938.5
optimisticky,354,9,1735.08
optimisticky,354,10,599.33
optimisticky,354,11,1961.08
optimisticky,354,12,2762.39
optimisticky,355,1,-472.74
optimisticky,355,2,651.35
optimisticky,355,3,572.97
optimisticky,355,4,436.77
optimisticky,355,5,100.49
optimisticky,355,6,580.95
optimisticky,355,7,1144.55
optimisticky,355,8,1269.81
optimisticky,355,9,2661.42
optimisticky,355,10,614.8
optimisticky,355,11,1650.31
optimisticky,355,12,1587.15
optimisticky,356,1,-272.03
optimisticky,356,2,268.07
optimisticky,356,3,907.77
optimisticky,356,4,-38.05
optimisticky,356,5,532.73
optimisticky,356,6,238.82
optimisticky,356,7,697.5
optimisticky,356,8,702.03
optimisticky,356,9,1281.64
optimisticky,356,10,1154.41
optimisticky,356,11,1184.17
optimisticky,356,12,1104.71
optimisticky,357,1,-540.05
optimisticky,357,2,-113.52
optimisticky,357,3,476.57
optimisticky,357,4,84.53
optimisticky,357,5,523.74
optimisticky,357,6,838.02
optimisticky,357,7,619.99
optimisticky,357,8,1005.03
optimisticky,357,9,1650.22
optimisticky,357,10,1111.91
optimisticky,357,11,822.13
optimisticky,357,12,1528.6
optimisticky,358,1,-351.41
optimisticky,358,2,192.85
optimisticky,358,3,340.34
optimisticky,358,4,505.8
optimisticky,358,5,1063.63
optimisticky,358,6,1027.89
optimisticky,358,7,1088.47
optimisticky,358,8,1760.15
optimisticky,358,9,2189.57
optimisticky,358,10,1997.34
optimisticky,358,11,2076.5
optimisticky,358,12,2341.26
optimisticky,359,1,108.88
optimisticky,359,2,27.42
optimisticky,359,3,567.5
optimisticky,359,4,452.27
optimisticky,359,5,467.58
optimisticky,359,6,567.04
optimisticky,359,7,833.02
optimisticky,359,8,396.23
optimisticky,359,9,2456.89
optimisticky,359,10,1423.43
optimisticky,359,11,886.07
optimisticky,359,12,1108.26
optimisticky,360,1,-117.52
optimisticky,360,2,-162.75
optimisticky,360,3,883.02
optimisticky,360,4,27.78
optimisticky,360,5,939.3
optimisticky,360,6,2085.78
optimisticky,360,7,738.16
optimisticky,360,8,1439.25
optimisticky,360,9,1055.26
optimisticky,360,10,616.05
optimisticky,360,11,748.85
optimisticky,360,12,1427.72
optimisticky,361,1,-614.59
optimisticky,361,2,-437.9
optimisticky,361,3,472.77
optimisticky,361,4,1345.86
optimisticky,361,5,876.71
optimisticky,361,6,1655.09
optimisticky,361,7,554.24
optimisticky,361,8,753.02
optimisticky,361,9,1491.27
optimisticky,361,10,1821.04
optimisticky,361,11,950.34
optimisticky,361,12,1656.75
optimisticky,362,1,-666.72
optimisticky,362,2,-103.15
optimisticky,362,3,327.46
optimisticky,362,4,1439.42
optimisticky,362,5,163.36
optimisticky,362,6,2013.19
optimisticky,362,7,1013.98
optimisticky,362,8,1523.03
optimisticky,362,9,987.45
optimisticky,362,10,2147.97
optimisticky,362,11,1022.47
optimisticky,362,12,1433.28
optimisticky,363,1,-39.9
optimisticky,363,2,473.2
optimisticky,363,3,294.15
optimisticky,363,4,438.8
optimisticky,363,5,961.22
optimisticky,363,6,1084.91
optimisticky,363,7,676.03
optimisticky,363,8,1913.15
optimisticky,363,9,1549.62
optimisticky,363,10,640.46
optimisticky,363,11,943.26
optimisticky,363,12,1745.47
optimisticky,364,1,-315.67
optimisticky,364,2,134.96
optimisticky,364,3,595.95
optimisticky,364,4,615.39
optimisticky,364,5,456.03
optimisticky,364,6,1567.32
optimisticky,364,7,1056.65
optimisticky,364,8,1671.65
optimisticky,364,9,1539.91
optimisticky,364,10,1010.0
optimisticky,364,11,1381.23
optimisticky,364,12,1868.99
optimisticky,365,1,-677.63
optimisticky,365,2,337.29
optimisticky,365,3,438.31
optimisticky,365,4,377.78
optimisticky,365,5,692.87
optimisticky,365,6,1565.61
optimisticky,365,7,2266.9
optimisticky,365,8,1253.08
optimisticky,365,9,862.63
optimisticky,365,10,1264.95
optimisticky,365,11,1054.36
optimisticky,365,12,1162.39
optimisticky,366,1,-416.5
optimisticky,366,2,23.84
optimisticky,366,3,604.65
optimisticky,366,4,487.5
optimisticky,366,5,772.58
optimisticky,366,6,1013.21
optimisticky,366,7,627.56
optimisticky,366,8,1045.38
optimisticky,366,9,1163.89
optimisticky,366,10,1152.29
optimisticky,366,11,984.71
optimisticky,366,12,2112.22
optimisticky,367,1,-301.17
optimisticky,367,2,50.08
optimisticky,367,3,573.42
optimisticky,367,4,575.3
optimisticky,367,5,750.65
optimisticky,367,6,1767.22
optimisticky,367,7,149.41
optimisticky,367,8,1305.89
optimisticky,367,9,1391.37
optimisticky,367,10,1711.13
optimisticky,367,11,997.97
optimisticky,367,12,2512.76
optimisticky,368,1,-657.23
optimisticky,368,2,111.75
optimisticky,368,3,-214.25
optimisticky,368,4,1111.73
optimisticky,368,5,16.83
optimisticky,368,6,1186.61
optimisticky,368,7,701.07
optimisticky,368,8,1984.43
optimisticky,368,9,2897.82
optimisticky,368,10,639.97
optimisticky,368,11,1040.73
optimisticky,368,12,2186.77
optimisticky,369,1,44.19
optimisticky,369,2,-1.94
optimisticky,369,3,478.7
optimisticky,369,4,1512.05
optimisticky,369,5,345.05
optimisticky,369,6,407.44
optimisticky,369,7,1455.64
optimisticky,369,8,187.2
optimisticky,369,9,1660.49
optimisticky,369,10,2103.38
optimisticky,369,11,1074.98
optimisticky,369,12,1623.29
optimisticky,370,1,-401.58
optimisticky,370,2,94.08
optimisticky,370,3,1173.88
optimisticky,370,4,493.37
optimisticky,370,5,114.32
optimisticky,370,6,1581.78
optimisticky,370,7,2209.28
optimisticky,370,8,1394.8
optimisticky,370,9,1350.73
optimisticky,370,10,890.74
optimisticky,370,11,1077.65
optimisticky,370,12,3374.23
optimisticky,371,1,-774.57
optimisticky,371,2,-428.21
optimisticky,371,3,396.77
optimisticky,371,4,297.02
optimisticky,371,5,1296.01
optimisticky,371,6,1205.67
optimisticky,371,7,420.81
optimisticky,371,8,1865.7
optimisticky,371,9,771.61
optimisticky,371,10,1245.23
optimisticky,371,11,1088.88
optimisticky,371,12,2441.85
optimisticky,372,1,-578.28
optimisticky,372,2,141.12
optimisticky,372,3,450.7
optimisticky,372,4,550.83
optimisticky,372,5,855.68
optimisticky,372,6,905.53
optimisticky,372,7,1055.13
optimisticky,372,8,1582.94
optimisticky,372,9,1668.69
optimisticky,372,10,1258.45
optimisticky,372,11,1104.21
optimisticky,372,12,2388.1
optimisticky,373,1,-211.27
optimisticky,373,2,242.72
optimisticky,373,3,451.82
optimisticky,373,4,964.95
optimisticky,373,5,648.45
optimisticky,373,6,1153.66
optimisticky,373,7,998.92
optimisticky,373,8,1098.04
optimisticky,373,9,1400.03
optimisticky,373,10,601.67
optimisticky,373,11,1125.71
optimisticky,373,12,1720.74
optimisticky,374,1,-98.78
optimisticky,374,2,-141.3
optimisticky,374,3,354.41
optimisticky,374,4,190.92
optimisticky,374,5,697.76
optimisticky,374,6,1455.54
optimisticky,374,7,1093.5
optimisticky,374,8,809.19
optimisticky,374,9,1293.05
optimisticky,374,10,1247.22
optimisticky,374,11,1481.86
optimisticky,374,12,2162.72
optimisticky,375,1,-265.62
optimisticky,375,2,515.54
optimisticky,375,3,462.11
optimisticky,375,4,-110.62
optimisticky,375,5,669.99
optimisticky,375,6,1931.89
optimisticky,375,7,585.18
optimisticky,375,8,1331.13
optimisticky,375,9,1194.44
optimisticky,375,10,1464.07
optimisticky,375,11,1858.73
optimisticky,375,12,1602.6
optimisticky,376,1,-432.47
optimisticky,376,2,-129.97
optimisticky,376,3,-27.3
optimisticky,376,4,1205.46
optimisticky,376,5,-209.03
optimisticky,376,6,926.88
optimisticky,376,7,1384.52
optimisticky,376,8,1995.77
optimisticky,376,9,1433.29
optimisticky,376,10,1809.87
optimisticky,376,11,1255.19
optimisticky,376,12,1149.15
optimisticky,377,1,-80.99
optimisticky,377,2,-190.02
optimisticky,377,3,370.35
optimisticky,377,4,564.18
optimisticky,377,5,612.4
optimisticky,377,6,1731.77
optimisticky,377,7,997.32
optimisticky,377,8,1917.23
optimisticky,377,9,1949.57
optimisticky,377,10,1078.68
optimisticky,377,11,1265.8
optimisticky,377,12,2077.23
optimisticky,378,1,-188.03
optimisticky,378,2,-7.1
optimisticky,378,3,616.91
optimisticky,378,4,1453.05
optimisticky,378,5,428.95
optimisticky,378,6,1034.4
optimisticky,378,7,1400.96
optimisticky,378,8,970.02
optimisticky,378,9,1293.21
optimisticky,378,10,810.73
optimisticky,378,11,1310.66
optimisticky,378,12,1173.76
optimisticky,379,1,-475.8
optimisticky,379,2,-422.04
optimisticky,379,3,-249.01
optimisticky,379,4,155.04
optimisticky,379,5,647.29
optimisticky,379,6,1380.61
optimisticky,379,7,608.35
optimisticky,379,8,1524.56
optimisticky,379,9,1602.65
optimisticky,379,10,1892.57
optimisticky,379,11,1016.69
optimisticky,379,12,1868.21
optimisticky,380,1,-474.75
optimisticky,380,2,-33.68
optimisticky,380,3,187.31
optimisticky,380,4,963.59
optimisticky,380,5,466.84
optimisticky,380,6,2055.73
optimisticky,380,7,910.74
optimisticky,380,8,1017.58
optimisticky,380,9,823.83
optimisticky,380,10,1349.42
optimisticky,380,11,1175.47
optimisticky,380,12,2456.48
optimisticky,381,1,-256.28
optimisticky,381,2,-241.57
optimisticky,381,3,529.03
optimisticky,381,4,108.48
optimisticky,381,5,1054.86
optimisticky,381,6,1273.33
optimisticky,381,7,1075.97
optimisticky,381,8,1333.4
optimisticky,381,9,1426.64
optimisticky,381,10,1804.68
optimisticky,381,11,1750.68
optimisticky,381,12,1475.43
optimisticky,382,1,-537.7
optimisticky,382,2,-128.35
optimisticky,382,3,289.55
optimisticky,382,4,447.05
optimisticky,382,5,260.91
optimisticky,382,6,2753.84
optimisticky,382,7,389.11
optimisticky,382,8,995.09
optimisticky,382,9,1729.17
optimisticky,382,10,1521.5
optimisticky,382,11,2780.81
optimisticky,382,12,1449.96
optimisticky,383,1,-655.67
optimisticky,383,2,-228.4
optimisticky,383,3,942.5
optimisticky,383,4,-122.23
optimisticky,383,5,1279.58
optimisticky,383,6,848.79
optimisticky,383,7,1036.0
optimisticky,383,8,777.16
optimisticky,383,9,1559.34
optimisticky,383,10,711.94
optimisticky,383,11,1162.59
optimisticky,383,12,1925.69
optimisticky,384,1,-136.77
optimisticky,384,2,66.04
optimisticky,384,3,153.28
optimisticky,384,4,1032.27
optimisticky,384,5,744.06
optimisticky,384,6,1207.56
optimisticky,384,7,950.43
optimisticky,384,8,1328.27
optimisticky,384,9,2651.95
optimisticky,384,10,1449.72
optimisticky,384,11,1532.88
optimisticky,384,12,1543.48
optimisticky,385,1,-328.65
optimisticky,385,2,148.77
optimisticky,385,3,1221.17
optimisticky,385,4,776.27
optimisticky,385,5,685.24
optimisticky,385,6,1092.18
optimisticky,385,7,1030.41
optimisticky,385,8,809.21
optimisticky,385,9,1565.48
optimisticky,385,10,1354.5
optimisticky,385,11,1201.86
optimisticky,385,12,930.49
optimisticky,386,1,-406.74
optimisticky,386,2,-480.9
optimisticky,386,3,536.59
optimisticky,386,4,723.76
optimisticky,386,5,611.95
optimisticky,386,6,1548.15
optimisticky,386,7,1578.44
optimisticky,386,8,545.1
optimisticky,386,9,1988.08
optimisticky,386,10,1111.04
optimisticky,386,11,1345.03
optimisticky,386,12,1570.97
optimisticky,387,1,74.01
optimisticky,387,2,556.08
optimisticky,387,3,767.44
optimisticky,387,4,415.46
optimisticky,387,5,217.53
optimisticky,387,6,1318.93
optimisticky,387,7,1602.56
optimisticky,387,8,1117.6
optimisticky,387,9,1551.22
optimisticky,387,10,686.88
optimisticky,387,11,837.04
optimisticky,387,12,1268.99
optimisticky,388,1,-732.37
optimisticky,388,2,-232.43
optimisticky,388,3,1376.77
optimisticky,388,4,371.82
optimisticky,388,5,274.71
optimisticky,388,6,1320.91
optimisticky,388,7,-42.2
optimisticky,388,8,578.86
optimisticky,388,9,2096.11
optimisticky,388,10,1423.41
optimisticky,388,11,1189.4
optimisticky,388,12,2065.48
optimisticky,389,1,-418.79
optimisticky,389,2,-13.51
optimisticky,389,3,627.14
optimisticky,389,4,1086.32
optimisticky,389,5,664.71
optimisticky,389,6,1006.98
optimisticky,389,7,1665.83
optimisticky,389,8,1083.12
optimisticky,389,9,1356.21
optimisticky,389,10,594.99
optimisticky,389,11,1582.12
optimisticky,389,12,1396.64
optimisticky,390,1,-446.64
optimisticky,390,2,511.96
optimisticky,390,3,1295.57
optimisticky,390,4,-404.97
optimisticky,390,5,878.41
optimisticky,390,6,1541.17
optimisticky,390,7,690.32
optimisticky,390,8,692.24
optimisticky,390,9,1633.03
optimisticky,390,10,1233.94
optimisticky,390,11,1697.09
optimisticky,390,12,1934.09
optimisticky,391,1,-463.11
optimisticky,391,2,260.44
optimisticky,391,3,45.37
optimisticky,391,4,138.24
optimisticky,391,5,171.92
optimisticky,391,6,663.57
optimisticky,391,7,680.41
optimisticky,391,8,1520.53
optimisticky,391,9,1126.87
optimisticky,391,10,1694.68
optimisticky,391,11,874.1
optimisticky,391,12,1171.06
optimisticky,392,1,-188.41
optimisticky,392,2,-119.22
optimisticky,392,3,865.42
optimisticky,392,4,477.96
optimisticky,392,5,1022.09
optimisticky,392,6,915.01
optimisticky,392,7,988.09
optimisticky,392,8,480.29
optimisticky,392,9,1148.52
optimisticky,392,10,1225.08
optimisticky,392,11,1061.57
optimisticky,392,12,2020.51
optimisticky,393,1,-481.31
optimisticky,393,2,-134.68
optimisticky,393,3,65.16
optimisticky,393,4,492.32
optimisticky,393,5,-72.2
optimisticky,393,6,1795.93
optimisticky,393,7,1500.6
optimisticky,393,8,953.14
optimisticky,393,9,2264.43
optimisticky,393,10,955.25
optimisticky,393,11,1677.63
optimisticky,393,12,1538.24
optimisticky,394,1,-181.03
optimisticky,394,2,101.63
optimisticky,394,3,795.23
optimisticky,394,4,429.23
optimisticky,394,5,876.09
optimisticky,394,6,1456.98
optimisticky,394,7,1093.17
optimisticky,394,8,382.97
optimisticky,394,9,2013.08
optimisticky,394,10,888.8
optimisticky,394,11,568.53
optimisticky,394,12,1659.35
optimisticky,395,1,83.58
optimisticky,395,2,495.3
optimisticky,395,3,1389.41
optimisticky,395,4,334.58
optimisticky,395,5,162.53
optimisticky,395,6,968.11
optimisticky,395,7,798.97
optimisticky,395,8,904.78
optimisticky,395,9,1698.01
optimisticky,395,10,1170.01
optimisticky,395,11,1342.49
optimisticky,395,12,1649.92
optimisticky,396,1,-437.01
optimisticky,396,2,168.22
optimisticky,396,3,433.62
optimisticky,396,4,612.03
optimisticky,396,5,1468.87
optimisticky,396,6,1229.96
optimisticky,396,7,428.75
optimisticky,396,8,1620.57
optimisticky,396,9,1922.74
optimisticky,396,10,1168.84
optimisticky,396,11,1629.84
optimisticky,396,12,2918.96
optimisticky,397,1,-22.83
optimisticky,397,2,-234.93
optimisticky,397,3,153.23
optimisticky,397,4,273.78
optimisticky,397,5,122.64
optimisticky,397,6,647.06
optimisticky,397,7,1402.6
optimisticky,397,8,944.77
optimisticky,397,9,1767.36
optimisticky,397,10,398.91
optimisticky,397,11,1399.69
optimisticky,397,12,1676.56
optimisticky,398,1,-269.5
optimisticky,398,2,-597.99
optimisticky,398,3,325.94
optimisticky,398,4,461.8
optimisticky,398,5,759.7
optimisticky,398,6,1600.29
optimisticky,398,7,990.47
optimisticky,398,8,638.67
optimisticky,398,9,1839.13
optimisticky,398,10,375.59
optimisticky,398,11,214.71
optimisticky,398,12,2130.71
optimisticky,399,1,-306.78
optimisticky,399,2,-155.84
optimisticky,399,3,1334.19
optimisticky,399,4,989.91
optimisticky,399,5,316.32
optimisticky,399,6,1114.72
optimisticky,399,7,361.31
optimisticky,399,8,998.91
optimisticky,399,9,1409.97
optimisticky,399,10,2261.58
optimisticky,399,11,1491.69
optimisticky,399,12,1923.33
optimisticky,400,1,-643.49
optimisticky,400,2,-31.8
optimisticky,400,3,177.64
optimisticky,400,4,886.5
optimisticky,400,5,330.11
optimisticky,400,6,907.79
optimisticky,400,7,1082.74
optimisticky,400,8,1448.52
optimisticky,400,9,1260.79
optimisticky,400,10,1103.34
optimisticky,400,11,885.96
optimisticky,400,12,2197.1
optimisticky,401,1,-95.78
optimisticky,401,2,2.17
optimisticky,401,3,854.33
optimisticky,401,4,908.45
optimisticky,401,5,670.32
optimisticky,401,6,1364.2
optimisticky,401,7,533.23
optimisticky,401,8,276.78
optimisticky,401,9,1439.96
optimisticky,401,10,1123.71
optimisticky,401,11,1744.49
optimisticky,401,12,1930.24
optimisticky,402,1,-534.98
optimisticky,402,2,329.28
optimisticky,402,3,1057.1
optimisticky,402,4,629.43
optimisticky,402,5,437.85
optimisticky,402,6,1259.91
optimisticky,402,7,175.26
optimisticky,402,8,1221.51
optimisticky,402,9,1332.03
optimisticky,402,10,1422.32
optimisticky,402,11,1107.89
optimisticky,402,12,288.04
optimisticky,403,1,-391.7
optimisticky,403,2,-299.67
optimisticky,403,3,641.04
optimisticky,403,4,734.33
optimisticky,403,5,-47.16
optimisticky,403,6,920.99
optimisticky,403,7,755.99
optimisticky,403,8,1749.91
optimisticky,403,9,1638.68
optimisticky,403,10,1110.47
optimisticky,403,11,650.21
optimisticky,403,12,1853.37
optimisticky,404,1,-628.83
optimisticky,404,2,-134.95
optimisticky,404,3,790.61
optimisticky,404,4,282.98
optimisticky,404,5,241.69
optimisticky,404,6,1010.58
optimisticky,404,7,1567.54
optimisticky,404,8,1087.82
optimisticky,404,9,1193.52
optimisticky,404,10,1972.62
optimisticky,404,11,637.29
optimisticky,404,12,1408.57
optimisticky,405,1,-600.13
optimisticky,405,2,821.59
optimisticky,405,3,344.74
optimisticky,405,4,29.91
optimisticky,405,5,1007.13
optimisticky,405,6,1166.72
optimisticky,405,7,1292.12
optimisticky,405,8,199.71
optimisticky,405,9,1857.18
optimisticky,405,10,1409.51
optimisticky,405,11,1111.48
optimisticky,405,12,487.91
optimisticky,406,1,-511.19
optimisticky,406,2,-290.08
optimisticky,406,3,1021.84
optimisticky,406,4,-126.22
optimisticky,406,5,470.08
optimisticky,406,6,1757.13
optimisticky,406,7,530.78
optimisticky,406,8,437.62
optimisticky,406,9,801.88
optimisticky,406,10,573.24
optimisticky,406,11,933.29
optimisticky,406,12,2276.33
optimisticky,407,1,-195.13
optimisticky,407,2,672.54
optimisticky,407,3,1104.17
optimisticky,407,4,42.1
optimisticky,407,5,1225.83
optimisticky,407,6,434.4
optimisticky,407,7,650.91
optimisticky,407,8,639.59
optimisticky,407,9,860.22
optimisticky,407,10,1148.59
optimisticky,407,11,1222.71
optimisticky,407,12,2267.85
optimisticky,408,1,-367.92
optimisticky,408,2,508.27
optimisticky,408,3,-88.54
optimisticky,408,4,555.08
optimisticky,408,5,798.8
optimisticky,408,6,1075.74
optimisticky,408,7,-283.12
optimisticky,408,8,1280.47
optimisticky,408,9,1604.46
optimisticky,408,10,920.15
optimisticky,408,11,1417.03
optimisticky,408,12,2190.02
optimisticky,409,1,-539.8
optimisticky,409,2,-683.11
optimisticky,409,3,652.98
optimisticky,409,4,403.86
optimisticky,409,5,1048.47
optimisticky,409,6,988.66
optimisticky,409,7,1310.01
optimisticky,409,8,894.58
optimisticky,409,9,1354.04
optimisticky,409,10,1658.89
optimisticky,409,11,822.1
optimisticky,409,12,1594.47
optimisticky,410,1,-391.33
optimisticky,410,2,-168.67
optimisticky,410,3,42.91
optimisticky,410,4,1178.2
optimisticky,410,5,726.91
optimisticky,410,6,421.32
optimisticky,410,7,587.96
optimisticky,410,8,465.16
optimisticky,410,9,1063.05
optimisticky,410,10,1648.23
optimisticky,410,11,1311.1
optimisticky,410,12,1449.79
optimisticky,411,1,-460.19
optimisticky,411,2,154.76
optimisticky,411,3,1469.03
optimisticky,411,4,79.69
optimisticky,411,5,1142.66
optimisticky,411,6,1557.19
optimisticky,411,7,1137.92
optimisticky,411,8,78.8
optimisticky,411,9,1112.45
optimisticky,411,10,570.16
optimisticky,411,11,1029.51
optimisticky,411,12,1982.04
optimisticky,412,1,-462.08
optimisticky,412,2,-177.65
optimisticky,412,3,444.37
optimisticky,412,4,819.8
optimisticky,412,5,1076.06
optimisticky,412,6,2160.59
optimisticky,412,7,955.15
optimisticky,412,8,628.05
optimisticky,412,9,1402.5
optimisticky,412,10,711.7
optimisticky,412,11,1658.19
optimisticky,412,12,1326.95
optimisticky,413,1,150.58
optimisticky,413,2,191.79
optimisticky,413,3,910.06
optimisticky,413,4,613.8
optimisticky,413,5,785.67
optimisticky,413,6,1414.78
optimisticky,413,7,606.75
optimisticky,413,8,2166.16
optimisticky,413,9,1619.96
optimisticky,413,10,915.14
optimisticky,413,11,1213.88
optimisticky,413,12,2093.43
optimisticky,414,1,-275.84
optimisticky,414,2,192.74
optimisticky,414,3,910.02
optimisticky,414,4,672.5
optimisticky,414,5,648.19
optimisticky,414,6,999.14
optimisticky,414,7,868.93
optimisticky,414,8,1266.49
optimisticky,414,9,1839.31
optimisticky,414,10,1434.41
optimisticky,414,11,973.52
optimisticky,414,12,2801.05
optimisticky,415,1,-848.7
optimisticky,415,2,399.69
optimisticky,415,3,945.19
optimisticky,415,4,906.01
optimisticky,415,5,259.65
optimisticky,415,6,442.67
optimisticky,415,7,1687.24
optimisticky,415,8,1009.86
optimisticky,415,9,1474.98
optimisticky,415,10,1310.34
optimisticky,415,11,474.15
optimisticky,415,12,1424.35
optimisticky,416,1,-181.11
optimisticky,416,2,154.04
optimisticky,416,3,332.04
optimisticky,416,4,921.4
optimisticky,416,5,722.87
optimisticky,416,6,1974.62
optimisticky,416,7,566.6
optimisticky,416,8,809.69
optimisticky,416,9,1569.89
optimisticky,416,10,792.1
optimisticky,416,11,713.03
optimisticky,416,12,1749.66
optimisticky,417,1,-149.45
optimisticky,417,2,-265.14
optimisticky,417,3,1069.59
optimisticky,417,4,86.41
optimisticky,417,5,516.63
optimisticky,417,6,1427.3
optimisticky,417,7,229.55
optimisticky,417,8,1217.01
optimisticky,417,9,1514.28
optimisticky,417,10,701.37
optimisticky,417,11,1014.3
optimisticky,417,12,946.86
optimisticky,418,1,-594.93
optimisticky,418,2,-199.09
optimisticky,418,3,422.22
optimisticky,418,4,1015.53
optimisticky,418,5,53.15
optimisticky,418,6,492.89
optimisticky,418,7,1096.63
optimisticky,418,8,802.96
optimisticky,418,9,2732.47
optimisticky,418,10,1192.0
optimisticky,418,11,391.88
optimisticky,418,12,2210.61
optimisticky,419,1,-402.52
optimisticky,419,2,482.72
optimisticky,419,3,785.82
optimisticky,419,4,361.85
optimisticky,419,5,-149.16
optimisticky,419,6,919.37
optimisticky,419,7,1398.21
optimisticky,419,8,382.18
optimisticky,419,9,1150.3
optimisticky,419,10,842.1
optimisticky,419,11,1354.31
optimisticky,419,12,1770.84
optimisticky,420,1,-409.64
optimisticky,420,2,159.81
optimisticky,420,3,1191.44
optimisticky,420,4,315.69
optimisticky,420,5,1087.7
optimisticky,420,6,453.88
optimisticky,420,7,972.26
optimisticky,420,8,379.86
optimisticky,420,9,1941.37
optimisticky,420,10,370.25
optimisticky,420,11,559.51
optimisticky,420,12,1396.89
optimisticky,421,1,-415.37
optimisticky,421,2,-166.58
optimisticky,421,3,1398.24
optimisticky,421,4,383.92
optimisticky,421,5,540.79
optimisticky,421,6,1400.17
optimisticky,421,7,882.57
optimisticky,421,8,640.72
optimisticky,421,9,1984.18
optimisticky,421,10,1566.39
optimisticky,421,11,1710.22
optimisticky,421,12,1255.92
optimisticky,422,1,-330.33
optimisticky,422,2,-261.9
optimisticky,422,3,1645.16
optimisticky,422,4,664.84
optimisticky,422,5,550.49
optimisticky,422,6,993.97
optimisticky,422,7,786.06
optimisticky,422,8,1224.63
optimisticky,422,9,1409.58
optimisticky,422,10,408.24
optimisticky,422,11,1522.06
optimisticky,422,12,2039.12
optimisticky,423,1,6.48
optimisticky,423,2,337.1
optimisticky,423,3,1386.69
optimisticky,423,4,1268.15
optimisticky,423,5,597.0
optimisticky,423,6,448.93
optimisticky,423,7,1553.1
optimisticky,423,8,729.74
optimisticky,423,9,1903.84
optimisticky,423,10,1017.3
optimisticky,423,11,1319.66
optimisticky,423,12,1208.58
optimisticky,424,1,-279.72
optimisticky,424,2,-49.76
optimisticky,424,3,949.9
optimisticky,424,4,-307.68
optimisticky,424,5,289.53
optimisticky,424,6,1398.86
optimisticky,424,7,1052.18
optimisticky,424,8,403.55
optimisticky,424,9,1485.7
optimisticky,424,10,1711.64
optimisticky,424,11,762.45
optimisticky,424,12,2022.53
optimisticky,425,1,-515.71
optimisticky,425,2,-96.75
optimisticky,425,3,332.45
optimisticky,425,4,440.49
optimisticky,425,5,950.6
optimisticky,425,6,1424.11
optimisticky,425,7,819.74
optimisticky,425,8,1183.59
optimisticky,425,9,1276.75
optimisticky,425,10,1416.18
optimisticky,425,11,1593.62
optimisticky,425,12,1019.89
optimisticky,426,1,-252.98
optimisticky,426,2,-174.64
optimisticky,426,3,740.93
optimisticky,426,4,902.55
optimisticky,426,5,733.09
optimisticky,426,6,1439.83
optimisticky,426,7,1067.32
optimisticky,426,8,290.66
optimisticky,426,9,2131.92
optimisticky,426,10,1202.48
optimisticky,426,11,830.26
optimisticky,426,12,1127.68
optimisticky,427,1,-252.23
optimisticky,427,2,242.29
optimisticky,427,3,266.02
optimisticky,427,4,1095.0
optimisticky,427,5,756.91
optimisticky,427,6,1627.99
optimisticky,427,7,1170.32
optimisticky,427,8,1080.66
optimisticky,427,9,1050.14
optimisticky,427,10,1914.61
optimisticky,427,11,873.35
optimisticky,427,12,1219.29
optimisticky,428,1,-487.85
optimisticky,428,2,-53.42
optimisticky,428,3,512.86
optimisticky,428,4,-21.32
optimisticky,428,5,396.42
optimisticky,428,6,1017.96
optimisticky,428,7,1925.75
optimisticky,428,8,2308.64
optimisticky,428,9,747.3
optimisticky,428,10,1638.46
optimisticky,428,11,710.71
optimisticky,428,12,1252.42
optimisticky,429,1,-473.48
optimisticky,429,2,263.2
optimisticky,429,3,645.39
optimisticky,429,4,385.35
optimisticky,429,5,738.99
optimisticky,429,6,1476.78
optimisticky,429,7,478.78
optimisticky,429,8,1399.88
optimisticky,429,9,1933.34
optimisticky,429,10,957.89
optimisticky,429,11,887.63
optimisticky,429,12,1772.01
optimisticky,430,1,-222.56
optimisticky,430,2,-349.01
optimisticky,430,3,1172.18
optimisticky,430,4,126.76
optimisticky,430,5,843.53
optimisticky,430,6,1372.94
optimisticky,430,7,1436.7
optimisticky,430,8,858.87
optimisticky,430,9,1405.2
optimisticky,430,10,1640.08
optimisticky,430,11,849.22
optimisticky,430,12,1620.59
optimisticky,431,1,-312.14
optimisticky,431,2,216.1
optimisticky,431,3,924.33
optimisticky,431,4,1071.65
optimisticky,431,5,1090.99
optimisticky,431,6,1609.33
optimisticky,431,7,496.16
optimisticky,431,8,620.21
optimisticky,431,9,1312.22
optimisticky,431,10,864.4
optimisticky,431,11,1393.3
optimisticky,431,12,960.47
optimisticky,432,1,-226.73
optimisticky,432,2,-205.61
optimisticky,432,3,635.24
optimisticky,432,4,730.29
optimisticky,432,5,680.14
optimisticky,432,6,1033.37
optimisticky,432,7,1327.37
optimisticky,432,8,595.42
optimisticky,432,9,681.67
optimisticky,432,10,483.71
optimisticky,432,11,1768.11
optimisticky,432,12,1134.86
optimisticky,433,1,221.65
optimisticky,433,2,-326.69
optimisticky,433,3,286.93
optimisticky,433,4,1102.26
optimisticky,433,5,746.23
optimisticky,433,6,1656.07
optimisticky,433,7,895.96
optimisticky,433,8,1197.56
optimisticky,433,9,1694.42
optimisticky,433,10,1178.75
optimisticky,433,11,915.62
optimisticky,433,12,1724.7
optimisticky,434,1,-192.82
optimisticky,434,2,223.98
optimisticky,434,3,500.04
optimisticky,434,4,461.96
optimisticky,434,5,1076.0
optimisticky,434,6,1401.57
optimisticky,434,7,1276.05
optimisticky,434,8,206.08
optimisticky,434,9,2165.68
optimisticky,434,10,1004.58
optimisticky,434,11,989.47
optimisticky,434,12,1661.81
optimisticky,435,1,-548.86
optimisticky,435,2,261.89
optimisticky,435,3,-28.56
optimisticky,435,4,586.98
optimisticky,435,5,434.56
optimisticky,435,6,1120.99
optimisticky,435,7,1677.2
optimisticky,435,8,368.2
optimisticky,435,9,2359.45
optimisticky,435,10,1945.61
optimisticky,435,11,1659.49
optimisticky,435,12,1823.56
optimisticky,436,1,-74.44
optimisticky,436,2,8.35
optimisticky,436,3,244.64
optimisticky,436,4,1843.79
optimisticky,436,5,655.72
optimisticky,436,6,633.88
optimisticky,436,7,1209.05
optimisticky,436,8,404.09
optimisticky,436,9,1806.3
optimisticky,436,10,1248.78
optimisticky,436,11,475.34
optimisticky,436,12,2611.55
optimisticky,437,1,-738.71
optimisticky,437,2,583.84
optimisticky,437,3,508.7
optimisticky,437,4,111.13
optimisticky,437,5,1090.34
optimisticky,437,6,487.18
optimisticky,437,7,635.51
optimisticky,437,8,515.0
optimisticky,437,9,1964.02
optimisticky,437,10,995.74
optimisticky,437,11,1475.89
optimisticky,437,12,1463.8
optimisticky,438,1,-348.01
optimisticky,438,2,460.75
optimisticky,438,3,-426.49
optimisticky,438,4,467.02
optimisticky,438,5,936.16
optimisticky,438,6,1336.48
optimisticky,438,7,893.4
optimisticky,438,8,698.55
optimisticky,438,9,1432.05
optimisticky,438,10,1410.98
optimisticky,438,11,1504.23
optimisticky,438,12,1150.76
optimisticky,439,1,-269.7
optimisticky,439,2,-249.12
optimisticky,439,3,1383.84
optimisticky,439,4,243.18
optimisticky,439,5,850.61
optimisticky,439,6,891.77
optimisticky,439,7,733.34
optimisticky,439,8,1367.9
optimisticky,439,9,2143.39
optimisticky,439,10,249.46
optimisticky,439,11,1189.83
optimisticky,439,12,792.8
optimisticky,440,1,-363.34
optimisticky,440,2,-66.77
optimisticky,440,3,257.25
optimisticky,440,4,-259.17
optimisticky,440,5,788.96
optimisticky,440,6,1574.49
optimisticky,440,7,467.73
optimisticky,440,8,839.03
optimisticky,440,9,1297.6
optimisticky,440,10,1264.92
optimisticky,440,11,340.78
optimisticky,440,12,2493.56
optimisticky,441,1,-310.86
optimisticky,441,2,500.16
optimisticky,441,3,960.55
optimisticky,441,4,281.73
optimisticky,441,5,531.59
optimisticky,441,6,1062.51
optimisticky,441,7,56.87
optimisticky,441,8,540.2
optimisticky,441,9,1382.98
optimisticky,441,10,987.95
optimisticky,441,11,994.49
optimisticky,441,12,904.76
optimisticky,442,1,-473.56
optimisticky,442,2,329.88
optimisticky,442,3,456.16
optimisticky,442,4,333.61
optimisticky,442,5,205.69
optimisticky,442,6,493.23
optimisticky,442,7,984.5
optimisticky,442,8,1093.22
optimisticky,442,9,1054.4
optimisticky,442,10,1218.16
optimisticky,442,11,2422.01
optimisticky,442,12,2085.91
optimisticky,443,1,-111.35
optimisticky,443,2,-480.37
optimisticky,443,3,710.09
optimisticky,443,4,1077.95
optimisticky,443,5,484.48
optimisticky,443,6,625.18
optimisticky,443,7,1510.42
optimisticky,443,8,2381.97
optimisticky,443,9,1145.09
optimisticky,443,10,1376.66
optimisticky,443,11,846.79
optimisticky,443,12,1722.1
optimisticky,444,1,-214.57
optimisticky,444,2,276.64
optimisticky,444,3,427.65
optimisticky,444,4,508.0
optimisticky,444,5,1316.25
optimisticky,444,6,341.0
optimisticky,444,7,1654.16
optimisticky,444,8,1179.68
optimisticky,444,9,1549.45
optimisticky,444,10,1258.61
optimisticky,444,11,1201.39
optimisticky,444,12,2057.04
optimisticky,445,1,-356.16
optimisticky,445,2,-311.75
optimisticky,445,3,869.11
optimisticky,445,4,557.08
optimisticky,445,5,411.21
optimisticky,445,6,1270.64
optimisticky,445,7,820.16
optimisticky,445,8,841.56
optimisticky,445,9,1347.91
optimisticky,445,10,1354.76
optimisticky,445,11,1243.25
optimisticky,445,12,1877.17
optimisticky,446,1,-95.9
optimisticky,446,2,-258.74
optimisticky,446,3,1006.12
optimisticky,446,4,432.12
optimisticky,446,5,814.42
optimisticky,446,6,774.93
optimisticky,446,7,-156.08
optimisticky,446,8,1115.03
optimisticky,446,9,1505.98
optimisticky,446,10,81.67
optimisticky,446,11,633.68
optimisticky,446,12,1527.01
optimisticky,447,1,-269.53
optimisticky,447,2,141.35
optimisticky,447,3,674.71
optimisticky,447,4,931.16
optimisticky,447,5,1555.71
optimisticky,447,6,1147.49
optimisticky,447,7,748.23
optimisticky,447,8,1127.18
optimisticky,447,9,2012.39
optimisticky,447,10,1200.19
optimisticky,447,11,1629.05
optimisticky,447,12,2399.59
optimisticky,448,1,-47.98
optimisticky,448,2,514.38
optimisticky,448,3,358.66
optimisticky,448,4,108.91
optimisticky,448,5,796.12
optimisticky,448,6,595.06
optimisticky,448,7,785.57
optimisticky,448,8,1619.27
optimisticky,448,9,2012.37
optimisticky,448,10,1749.66
optimisticky,448,11,1270.87
optimisticky,448,12,1226.71
optimisticky,449,1,-77.66
optimisticky,449,2,-149.77
optimisticky,449,3,736.35
optimisticky,449,4,999.43
optimisticky,449,5,1360.68
optimisticky,449,6,1750.46
optimisticky,449,7,754.55
optimisticky,449,8,875.87
optimisticky,449,9,2615.77
optimisticky,449,10,1256.96
optimisticky,449,11,1991.61
optimisticky,449,12,1856.67
optimisticky,450,1,-518.2
optimisticky,450,2,170.53
optimisticky,450,3,939.8
optimisticky,450,4,288.04
optimisticky,450,5,1604.05
optimisticky,450,6,1192.77
optimisticky,450,7,847.91
optimisticky,450,8,1093.15
optimisticky,450,9,1714.24
optimisticky,450,10,1616.92
optimisticky,450,11,1021.86
optimisticky,450,12,1877.18
optimisticky,451,1,-330.76
optimisticky,451,2,247.99
optimisticky,451,3,999.25
optimisticky,451,4,531.89
optimisticky,451,5,1464.25
optimisticky,451,6,1389.75
optimisticky,451,7,1457.18
optimisticky,451,8,1011.25
optimisticky,451,9,1149.84
optimisticky,451,10,1185.25
optimisticky,451,11,1049.25
optimisticky,451,12,1337.32
optimisticky,452,1,-754.49
optimisticky,452,2,116.87
optimisticky,452,3,763.99
optimisticky,452,4,184.08
optimisticky,452,5,440.38
optimisticky,452,6,1042.19
optimisticky,452,7,1460.22
optimisticky,452,8,2124.23
optimisticky,452,9,1703.07
optimisticky,452,10,1061.88
optimisticky,452,11,1225.14
optimisticky,452,12,1997.97
optimisticky,453,1,-310.17
optimisticky,453,2,-353.4
optimisticky,453,3,354.37
optimisticky,453,4,458.01
optimisticky,453,5,196.66
optimisticky,453,6,1995.34
optimisticky,453,7,1305.1
optimisticky,453,8,1072.12
optimisticky,453,9,1118.43
optimisticky,453,10,813.67
optimisticky,453,11,1658.78
optimisticky,453,12,2819.27
optimisticky,454,1,-291.3
optimisticky,454,2,710.69
optimisticky,454,3,400.23
optimisticky,454,4,883.26
optimisticky,454,5,1250.28
optimisticky,454,6,1309.62
optimisticky,454,7,810.87
optimisticky,454,8,1430.87
optimisticky,454,9,1760.2
optimisticky,454,10,1466.83
optimisticky,454,11,777.92
optimisticky,454,12,2632.89
optimisticky,455,1,-56.89
optimisticky,455,2,301.33
optimisticky,455,3,555.89
optimisticky,455,4,304.18
optimisticky,455,5,544.33
optimisticky,455,6,2017.63
optimisticky,455,7,1139.99
optimisticky,455,8,1014.35
optimisticky,455,9,1814.89
optimisticky,455,10,953.59
optimisticky,455,11,815.15
optimisticky,455,12,1578.56
optimisticky,456,1,-451.58
optimisticky,456,2,-287.03
optimisticky,456,3,840.2
optimisticky,456,4,376.71
optimisticky,456,5,224.44
optimisticky,456,6,765.03
optimisticky,456,7,555.11
optimisticky,456,8,1337.55
optimisticky,456,9,1107.59
optimisticky,456,10,766.56
optimisticky,456,11,1504.32
optimisticky,456,12,1607.49
optimisticky,457,1,-543.01
optimisticky,457,2,-565.97
optimisticky,457,3,-262.14
optimisticky,457,4,547.24
optimisticky,457,5,1025.61
optimisticky,457,6,542.93
optimisticky,457,7,1307.35
optimisticky,457,8,1762.72
optimisticky,457,9,629.62
optimisticky,457,10,657.55
optimisticky,457,11,1818.07
optimisticky,457,12,1334.97
optimisticky,458,1,-102.71
optimisticky,458,2,194.18
optimisticky,458,3,678.75
optimisticky,458,4,465.22
optimisticky,458,5,302.62
optimisticky,458,6,525.77
optimisticky,458,7,112.89
optimisticky,458,8,1585.27
optimisticky,458,9,1833.32
optimisticky,458,10,969.49
optimisticky,458,11,982.5
optimisticky,458,12,1974.63
optimisticky,459,1,-282.48
optimisticky,459,2,-85.68
optimisticky,459,3,402.39
optimisticky,459,4,679.61
optimisticky,459,5,916.44
optimisticky,459,6,693.53
optimisticky,459,7,963.92
optimisticky,459,8,212.99
optimisticky,459,9,1170.63
optimisticky,459,10,1763.46
optimisticky,459,11,790.44
optimisticky,459,12,2201.66
optimisticky,460,1,-594.63
optimisticky,460,2,-80.41
optimisticky,460,3,1280.37
optimisticky,460,4,1071.51
optimisticky,460,5,842.94
optimisticky,460,6,993.6
optimisticky,460,7,662.24
optimisticky,460,8,941.76
optimisticky,460,9,1645.49
optimisticky,460,10,1005.93
optimisticky,460,11,1242.54
optimisticky,460,12,1435.86
optimisticky,461,1,-132.9
optimisticky,461,2,-264.86
optimisticky,461,3,1205.47
optimisticky,461,4,912.85
optimisticky,461,5,965.91
optimisticky,461,6,616.01
optimisticky,461,7,1174.18
optimisticky,461,8,1292.62
optimisticky,461,9,1243.4
optimisticky,461,10,1213.53
optimisticky,461,11,622.8
optimisticky,461,12,1867.65
optimisticky,462,1,178.35
optimisticky,462,2,126.02
optimisticky,462,3,-22.32
optimisticky,462,4,1024.37
optimisticky,462,5,734.36
optimisticky,462,6,1810.32
optimisticky,462,7,1244.15
optimisticky,462,8,1613.03
optimisticky,462,9,1666.07
optimisticky,462,10,363.04
optimisticky,462,11,1268.3
optimisticky,462,12,1766.09
optimisticky,463,1,-404.25
optimisticky,463,2,-173.22
optimisticky,463,3,730.58
optimisticky,463,4,-95.82
optimisticky,463,5,858.61
optimisticky,463,6,1094.5
optimisticky,463,7,1039.27
optimisticky,463,8,1339.04
optimisticky,463,9,1051.43
optimisticky,463,10,797.56
optimisticky,463,11,695.28
optimisticky,463,12,1915.43
optimisticky,464,1,-591.19
optimisticky,464,2,-374.31
optimisticky,464,3,1441.38
optimisticky,464,4,297.74
optimisticky,464,5,130.05
optimisticky,464,6,506.52
optimisticky,464,7,1009.86
optimisticky,464,8,764.71
optimisticky,464,9,1773.47
optimisticky,464,10,2073.49
optimisticky,464,11,814.38
optimisticky,464,12,2036.94
optimisticky,465,1,-327.42
optimisticky,465,2,-192.94
optimisticky,465,3,623.31
optimisticky,465,4,1357.98
optimisticky,465,5,989.13
optimisticky,465,6,671.56
optimisticky,465,7,1088.78
optimisticky,465,8,987.11
optimisticky,465,9,1465.35
optimisticky,465,10,1528.71
optimisticky,465,11,287.15
optimisticky,465,12,2835.07
optimisticky,466,1,-586.87
optimisticky,466,2,-279.97
optimisticky,466,3,539.47
optimisticky,466,4,118.49
optimisticky,466,5,1033.32
optimisticky,466,6,1019.13
optimisticky,466,7,1382.87
optimisticky,466,8,1535.77
optimisticky,466,9,1739.83
optimisticky,466,10,1395.14
optimisticky,466,11,795.14
optimisticky,466,12,1599.93
optimisticky,467,1,-66.68
optimisticky,467,2,379.87
optimisticky,467,3,247.39
optimisticky,467,4,597.3
optimisticky,467,5,748.82
optimisticky,467,6,1598.02
optimisticky,467,7,641.83
optimisticky,467,8,1138.56
optimisticky,467,9,1559.89
optimisticky,467,10,1704.47
optimisticky,467,11,2561.12
optimisticky,467,12,2360.1
optimisticky,468,1,-599.19
optimisticky,468,2,294.53
optimisticky,468,3,957.77
optimisticky,468,4,456.95
optimisticky,468,5,229.37
optimisticky,468,6,565.47
optimisticky,468,7,1091.62
optimisticky,468,8,1136.86
optimisticky,468,9,1092.38
optimisticky,468,10,1420.16
optimisticky,468,11,1373.84
optimisticky,468,12,1375.87
optimisticky,469,1,-735.38
optimisticky,469,2,-170.39
optimisticky,469,3,745.76
optimisticky,469,4,783.76
optimisticky,469,5,947.51
optimisticky,469,6,1186.72
optimisticky,469,7,1035.2
optimisticky,469,8,1795.73
optimisticky,469,9,1974.77
optimisticky,469,10,984.61
optimisticky,469,11,1426.3
optimisticky,469,12,1675.15
optimisticky,470,1,-393.72
optimisticky,470,2,537.18
optimisticky,470,3,451.84
optimisticky,470,4,803.34
optimisticky,470,5,557.2
optimisticky,470,6,1464.3
optimisticky,470,7,637.32
optimisticky,470,8,1526.06
optimisticky,470,9,657.93
optimisticky,470,10,365.94
optimisticky,470,11,677.99
optimisticky,470,12,1926.84
optimisticky,471,1,-179.49
optimisticky,471,2,293.39
optimisticky,471,3,448.66
optimisticky,471,4,803.13
optimisticky,471,5,1617.34
optimisticky,471,6,1204.13
optimisticky,471,7,551.24
optimisticky,471,8,1633.78
optimisticky,471,9,1829.38
optimisticky,471,10,602.93
optimisticky,471,11,1546.89
optimisticky,471,12,1897.35
optimisticky,472,1,-476.65
optimisticky,472,2,-51.88
optimisticky,472,3,956.38
optimisticky,472,4,1098.48
optimisticky,472,5,629.32
optimisticky,472,6,990.59
optimisticky,472,7,1174.65
optimisticky,472,8,1353.58
optimisticky,472,9,2971.01
optimisticky,472,10,2368.34
optimisticky,472,11,1432.98
optimisticky,472,12,1581.34
optimisticky,473,1,-166.24
optimisticky,473,2,-257.62
optimisticky,473,3,299.75
optimisticky,473,4,863.06
optimisticky,473,5,-25.64
optimisticky,473,6,1858.04
optimisticky,473,7,1317.76
optimisticky,473,8,674.8
optimisticky,473,9,882.05
optimisticky,473,10,821.0
optimisticky,473,11,728.31
optimisticky,473,12,2367.93
optimisticky,474,1,358.32
optimisticky,474,2,-210.28
optimisticky,474,3,-67.84
optimisticky,474,4,575.98
optimisticky,474,5,385.9
optimisticky,474,6,1309.22
optimisticky,474,7,1141.33
optimisticky,474,8,430.46
optimisticky,474,9,2179.19
optimisticky,474,10,984.16
optimisticky,474,11,569.47
optimisticky,474,12,1762.32
optimisticky,475,1,23.67
optimisticky,475,2,395.57
optimisticky,475,3,465.35
optimisticky,475,4,448.23
optimisticky,475,5,1275.13
optimisticky,475,6,670.77
optimisticky,475,7,1613.59
optimisticky,475,8,386.43
optimisticky,475,9,1962.34
optimisticky,475,10,1236.97
optimisticky,475,11,107.82
optimisticky,475,12,1271.44
optimisticky,476,1,-489.24
optimisticky,476,2,-78.86
optimisticky,476,3,373.12
optimisticky,476,4,735.19
optimisticky,476,5,1095.63
optimisticky,476,6,1979.18
optimisticky,476,7,907.61
optimisticky,476,8,769.27
optimisticky,476,9,2153.22
optimisticky,476,10,536.81
optimisticky,476,11,604.4
optimisticky,476,12,1787.15
optimisticky,477,1,-361.73
optimisticky,477,2,203.98
optimisticky,477,3,1077.12
optimisticky,477,4,564.02
optimisticky,477,5,430.82
optimisticky,477,6,1014.22
optimisticky,477,7,1740.16
optimisticky,477,8,383.92
optimisticky,477,9,1075.11
optimisticky,477,10,1153.47
optimisticky,477,11,950.01
optimisticky,477,12,1254.75
optimisticky,478,1,-131.02
optimisticky,478,2,173.57
optimisticky,478,3,864.06
optimisticky,478,4,616.18
optimisticky,478,5,363.82
optimisticky,478,6,2218.91
optimisticky,478,7,788.44
optimisticky,478,8,1504.47
optimisticky,478,9,1773.71
optimisticky,478,10,1084.24
optimisticky,478,11,910.95
optimisticky,478,12,1549.65
optimisticky,479,1,-439.89
optimisticky,479,2,-324.21
optimisticky,479,3,360.75
optimisticky,479,4,379.53
optimisticky,479,5,1266.61
optimisticky,479,6,1335.22
optimisticky,479,7,446.4
optimisticky,479,8,663.85
optimisticky,479,9,2661.07
optimisticky,479,10,1218.94
optimisticky,479,11,936.7
optimisticky,479,12,907.18
optimisticky,480,1,-246.24
optimisticky,480,2,459.42
optimisticky,480,3,788.97
optimisticky,480,4,755.8
optimisticky,480,5,585.83
optimisticky,480,6,1070.6
optimisticky,480,7,790.08
optimisticky,480,8,1389.26
optimisticky,480,9,998.95
optimisticky,480,10,1309.19
optimisticky,480,11,1252.63
optimisticky,480,12,847.65
optimisticky,481,1,-433.53
optimisticky,481,2,-561.43
optimisticky,481,3,85.79
optimisticky,481,4,1052.89
optimisticky,481,5,700.67
optimisticky,481,6,957.83
optimisticky,481,7,944.17
optimisticky,481,8,1000.18
optimisticky,481,9,1512.55
optimisticky,481,10,1683.47
optimisticky,481,11,1621.36
optimisticky,481,12,2016.84
optimisticky,482,1,-308.05
optimisticky,482,2,92.43
optimisticky,482,3,259.39
optimisticky,482,4,564.29
optimisticky,482,5,999.29
optimisticky,482,6,931.84
optimisticky,482,7,228.87
optimisticky,482,8,768.48
optimisticky,482,9,1697.22
optimisticky,482,10,697.0
optimisticky,482,11,297.23
optimisticky,482,12,905.74
optimisticky,483,1,-604.84
optimisticky,483,2,136.92
optimisticky,483,3,522.31
optimisticky,483,4,992.24
optimisticky,483,5,139.95
optimisticky,483,6,1371.41
optimisticky,483,7,1331.09
optimisticky,483,8,453.44
optimisticky,483,9,635.12
optimisticky,483,10,1154.97
optimisticky,483,11,620.78
optimisticky,483,12,1878.69
optimisticky,484,1,-277.57
optimisticky,484,2,208.58
optimisticky,484,3,469.87
optimisticky,484,4,99.36
optimisticky,484,5,1384.34
optimisticky,484,6,2388.0
optimisticky,484,7,723.49
optimisticky,484,8,1664.75
optimisticky,484,9,1022.68
optimisticky,484,10,1275.13
optimisticky,484,11,1711.67
optimisticky,484,12,2244.47
optimisticky,485,1,-49.15
optimisticky,485,2,93.31
optimisticky,485,3,1042.34
optimisticky,485,4,330.43
optimisticky,485,5,1172.0
optimisticky,485,6,2244.23
optimisticky,485,7,1066.59
optimisticky,485,8,841.03
optimisticky,485,9,1265.55
optimisticky,485,10,1209.5
optimisticky,485,11,1061.77
optimisticky,485,12,640.75
optimisticky,486,1,-62.95
optimisticky,486,2,210.3
optimisticky,486,3,707.82
optimisticky,486,4,1095.71
optimisticky,486,5,1542.43
optimisticky,486,6,1964.44
optimisticky,486,7,1641.9
optimisticky,486,8,1304.34
optimisticky,486,9,2708.28
optimisticky,486,10,1063.97
optimisticky,486,11,398.72
optimisticky,486,12,946.23
optimisticky,487,1,-583.77
optimisticky,487,2,-139.62
optimisticky,487,3,-126.22
optimisticky,487,4,183.72
optimisticky,487,5,580.7
optimisticky,487,6,1169.45
optimisticky,487,7,1095.0
optimisticky,487,8,1000.77
optimisticky,487,9,3009.43
optimisticky,487,10,749.74
optimisticky,487,11,1131.57
optimisticky,487,12,1772.47
optimisticky,488,1,37.03
optimisticky,488,2,333.55
optimisticky,488,3,197.67
optimisticky,488,4,1130.97
optimisticky,488,5,515.9
optimisticky,488,6,1974.89
optimisticky,488,7,1118.61
optimisticky,488,8,1309.8
optimisticky,488,9,1365.73
optimisticky,488,10,910.29
optimisticky,488,11,1452.84
optimisticky,488,12,1564.03
optimisticky,489,1,-438.58
optimisticky,489,2,13.53
optimisticky,489,3,514.8
optimisticky,489,4,456.81
optimisticky,489,5,452.16
optimisticky,489,6,1158.24
optimisticky,489,7,514.67
optimisticky,489,8,778.86
optimisticky,489,9,1472.08
optimisticky,489,10,1936.22
optimisticky,489,11,682.86
optimisticky,489,12,1966.89
optimisticky,490,1,-385.0
optimisticky,490,2,155.87
optimisticky,490,3,781.62
optimisticky,490,4,911.66
optimisticky,490,5,738.16
optimisticky,490,6,127.64
optimisticky,490,7,1205.79
optimisticky,490,8,213.42
optimisticky,490,9,1139.34
optimisticky,490,10,573.2
optimisticky,490,11,1635.19
optimisticky,490,12,1420.82
optimisticky,491,1,-208.3
optimisticky,491,2,412.57
optimisticky,491,3,636.41
optimisticky,491,4,-113.0
optimisticky,491,5,-456.67
optimisticky,491,6,1644.07
optimisticky,491,7,678.23
optimisticky,491,8,1007.3
optimisticky,491,9,1417.55
optimisticky,491,10,1295.2
optimisticky,491,11,1766.05
optimisticky,491,12,909.24
optimisticky,492,1,-754.36
optimisticky,492,2,-528.72
optimisticky,492,3,1056.67
optimisticky,492,4,239.37
optimisticky,492,5,788.25
optimisticky,492,6,759.88
optimisticky,492,7,1531.66
optimisticky,492,8,1337.15
optimisticky,492,9,1499.76
optimisticky,492,10,1068.42
optimisticky,492,11,1022.19
optimisticky,492,12,1566.53
optimisticky,493,1,-668.31
optimisticky,493,2,-10.99
optimisticky,493,3,1322.81
optimisticky,493,4,-77.16
optimisticky,493,5,582.04
optimisticky,493,6,870.01
optimisticky,493,7,671.79
optimisticky,493,8,713.44
optimisticky,493,9,2335.02
optimisticky,493,10,1486.38
optimisticky,493,11,1379.97
optimisticky,493,12,1514.01
optimisticky,494,1,-75.62
optimisticky,494,2,134.45
optimisticky,494,3,214.63
optimisticky,494,4,91.83
optimisticky,494,5,891.17
optimisticky,494,6,1300.1
optimisticky,494,7,810.51
optimisticky,494,8,1481.19
optimisticky,494,9,1787.9
optimisticky,494,10,1022.15
optimisticky,494,11,1108.77
optimisticky,494,12,2384.43
optimisticky,495,1,-377.25
optimisticky,495,2,172.84
optimisticky,495,3,499.85
optimisticky,495,4,206.35
optimisticky,495,5,1001.32
optimisticky,495,6,1577.32
optimisticky,495,7,166.06
optimisticky,495,8,942.25
optimisticky,495,9,1199.17
optimisticky,495,10,1148.88
optimisticky,495,11,808.22
optimisticky,495,12,1451.87
optimisticky,496,1,-379.65
optimisticky,496,2,291.14
optimisticky,496,3,114.02
optimisticky,496,4,695.62
optimisticky,496,5,913.75
optimisticky,496,6,1235.23
optimisticky,496,7,1244.5
optimisticky,496,8,355.63
optimisticky,496,9,879.37
optimisticky,496,10,1075.14
optimisticky,496,11,1400.99
optimisticky,496,12,837.74
optimisticky,497,1,-511.68
optimisticky,497,2,346.89
optimisticky,497,3,775.48
optimisticky,497,4,1339.26
optimisticky,497,5,646.32
optimisticky,497,6,640.88
optimisticky,497,7,722.03
optimisticky,497,8,896.4
optimisticky,497,9,2353.58
optimisticky,497,10,1247.55
optimisticky,497,11,1731.84
optimisticky,497,12,2784.89
optimisticky,498,1,-490.57
optimisticky,498,2,491.81
optimisticky,498,3,389.28
optimisticky,498,4,1044.48
optimisticky,498,5,1176.38
optimisticky,498,6,1367.05
optimisticky,498,7,1720.52
optimisticky,498,8,1742.18
optimisticky,498,9,861.59
optimisticky,498,10,1504.19
optimisticky,498,11,1143.61
optimisticky,498,12,1455.33
optimisticky,499,1,-665.01
optimisticky,499,2,-82.51
optimisticky,499,3,1453.98
optimisticky,499,4,701.02
optimisticky,499,5,1077.37
optimisticky,499,6,886.62
optimisticky,499,7,865.13
optimisticky,499,8,1106.98
optimisticky,499,9,1831.77
optimisticky,499,10,1514.47
optimisticky,499,11,1183.67
optimisticky,499,12,1501.61
