{
"type": "FeatureCollection",
"name": "bary-hospody_167",
"crs": { "type": "name", "properties": { "name": "urn:ogc:def:crs:OGC:1.3:CRS84" } },
"features": [
{ "type": "Feature", "properties": { "full_id": "n365684416", "osm_id": "365684416", "osm_type": "node", "min_age": null, "payment:qerko": null, "diet:vegetarian": null, "cuisine": null, "food": null, "sport": null, "fee": null, "access": null, "takeaway": null, "delivery": null, "alt_name": null, "old_name": null, "leisure": null, "toilets:gender_segregated": null, "toilets": null, "tents": null, "shared_kitchen": null, "power_supply": null, "kitchen": null, "camp_site": null, "cabins": null, "payment:cash": null, "check_date:opening_hours": null, "addr:streetnumber": null, "payment:onchain": null, "payment:lightning_contactless": null, "payment:lightning:requires_companion_app": null, "payment:lightning:companion_app_url": null, "payment:lightning": null, "outdoor_seating": null, "indoor_seating": null, "description": null, "currency:XBT": null, "check_date:currency:XBT": null, "check_date": null, "addr:city": null, "loc_name": null, "addr:street": null, "beer_garden": null, "ref:ruian:addr": null, "addr:country": null, "addr:conscriptionnumber": null, "contact:facebook": null, "operator": null, "microbrewery": null, "contact:website": null, "contact:phone": null, "contact:email": null, "wikidata": null, "website": null, "brewery": null, "gambling": null, "phone": null, "name:cs": null, "internet_access": null, "email": null, "addr:postcode": null, "addr:place": null, "addr:housenumber": null, "smoking": null, "opening_hours": null, "wheelchair": "limited", "name": "Racek", "amenity": "pub" }, "geometry": { "type": "Point", "coordinates": [ 18.2228869, 49.7813515 ] } },
{ "type": "Feature", "properties": { "full_id": "n373335822", "osm_id": "373335822", "osm_type": "node", "min_age": null, "payment:qerko": null, "diet:vegetarian": null, "cuisine": null, "food": null, "sport": null, "fee": null, "access": null, "takeaway": null, "delivery": null, "alt_name": null, "old_name": null, "leisure": null, "toilets:gender_segregated": null, "toilets": null, "tents": null, "shared_kitchen": null, "power_supply": null, "kitchen": null, "camp_site": null, "cabins": null, "payment:cash": null, "check_date:opening_hours": null, "addr:streetnumber": null, "payment:onchain": null, "payment:lightning_contactless": null, "payment:lightning:requires_companion_app": null, "payment:lightning:companion_app_url": null, "payment:lightning": null, "outdoor_seating": null, "indoor_seating": null, "description": null, "currency:XBT": null, "check_date:currency:XBT": null, "check_date": null, "addr:city": null, "loc_name": null, "addr:street": null, "beer_garden": null, "ref:ruian:addr": null, "addr:country": null, "addr:conscriptionnumber": null, "contact:facebook": null, "operator": null, "microbrewery": null, "contact:website": null, "contact:phone": null, "contact:email": null, "wikidata": null, "website": null, "brewery": null, "gambling": null, "phone": null, "name:cs": null, "internet_access": null, "email": null, "addr:postcode": null, "addr:place": null, "addr:housenumber": null, "smoking": "no", "opening_hours": "Mo-Su 09:00-22:00; We off", "wheelchair": null, "name": "U Friedlů", "amenity": "pub" }, "geometry": { "type": "Point", "coordinates": [ 18.1622581, 49.7886801 ] } },
{ "type": "Feature", "properties": { "full_id": "n373335829", "osm_id": "373335829", "osm_type": "node", "min_age": null, "payment:qerko": null, "diet:vegetarian": null, "cuisine": null, "food": null, "sport": null, "fee": null, "access": null, "takeaway": null, "delivery": null, "alt_name": null, "old_name": null, "leisure": null, "toilets:gender_segregated": null, "toilets": null, "tents": null, "shared_kitchen": null, "power_supply": null, "kitchen": null, "camp_site": null, "cabins": null, "payment:cash": null, "check_date:opening_hours": null, "addr:streetnumber": null, "payment:onchain": null, "payment:lightning_contactless": null, "payment:lightning:requires_companion_app": null, "payment:lightning:companion_app_url": null, "payment:lightning": null, "outdoor_seating": null, "indoor_seating": null, "description": null, "currency:XBT": null, "check_date:currency:XBT": null, "check_date": null, "addr:city": null, "loc_name": null, "addr:street": null, "beer_garden": null, "ref:ruian:addr": null, "addr:country": null, "addr:conscriptionnumber": null, "contact:facebook": null, "operator": null, "microbrewery": null, "contact:website": null, "contact:phone": null, "contact:email": null, "wikidata": null, "website": null, "brewery": null, "gambling": null, "phone": null, "name:cs": null, "internet_access": null, "email": null, "addr:postcode": null, "addr:place": null, "addr:housenumber": null, "smoking": null, "opening_hours": null, "wheelchair": null, "name": "U Dluhoše", "amenity": "pub" }, "geometry": { "type": "Point", "coordinates": [ 18.1599173, 49.7863062 ] } },
{ "type": "Feature", "properties": { "full_id": "n373335859", "osm_id": "373335859", "osm_type": "node", "min_age": null, "payment:qerko": null, "diet:vegetarian": null, "cuisine": null, "food": null, "sport": null, "fee": null, "access": null, "takeaway": null, "delivery": null, "alt_name": null, "old_name": null, "leisure": null, "toilets:gender_segregated": null, "toilets": null, "tents": null, "shared_kitchen": null, "power_supply": null, "kitchen": null, "camp_site": null, "cabins": null, "payment:cash": null, "check_date:opening_hours": null, "addr:streetnumber": null, "payment:onchain": null, "payment:lightning_contactless": null, "payment:lightning:requires_companion_app": null, "payment:lightning:companion_app_url": null, "payment:lightning": null, "outdoor_seating": null, "indoor_seating": null, "description": null, "currency:XBT": null, "check_date:currency:XBT": null, "check_date": null, "addr:city": null, "loc_name": null, "addr:street": null, "beer_garden": null, "ref:ruian:addr": null, "addr:country": null, "addr:conscriptionnumber": null, "contact:facebook": null, "operator": null, "microbrewery": null, "contact:website": null, "contact:phone": null, "contact:email": null, "wikidata": null, "website": null, "brewery": null, "gambling": null, "phone": null, "name:cs": null, "internet_access": null, "email": null, "addr:postcode": null, "addr:place": null, "addr:housenumber": null, "smoking": null, "opening_hours": null, "wheelchair": null, "name": "Dělnický dům", "amenity": "pub" }, "geometry": { "type": "Point", "coordinates": [ 18.1702337, 49.77751 ] } },
{ "type": "Feature", "properties": { "full_id": "n438079491", "osm_id": "438079491", "osm_type": "node", "min_age": null, "payment:qerko": null, "diet:vegetarian": null, "cuisine": null, "food": null, "sport": null, "fee": null, "access": null, "takeaway": null, "delivery": null, "alt_name": null, "old_name": null, "leisure": null, "toilets:gender_segregated": null, "toilets": null, "tents": null, "shared_kitchen": null, "power_supply": null, "kitchen": null, "camp_site": null, "cabins": null, "payment:cash": null, "check_date:opening_hours": null, "addr:streetnumber": null, "payment:onchain": null, "payment:lightning_contactless": null, "payment:lightning:requires_companion_app": null, "payment:lightning:companion_app_url": null, "payment:lightning": null, "outdoor_seating": null, "indoor_seating": null, "description": null, "currency:XBT": null, "check_date:currency:XBT": null, "check_date": null, "addr:city": null, "loc_name": null, "addr:street": null, "beer_garden": null, "ref:ruian:addr": null, "addr:country": null, "addr:conscriptionnumber": null, "contact:facebook": null, "operator": null, "microbrewery": null, "contact:website": null, "contact:phone": null, "contact:email": null, "wikidata": null, "website": null, "brewery": null, "gambling": null, "phone": "+420 731 427 477", "name:cs": "CykloRest Lučina", "internet_access": "wlan", "email": "cyklorest@seznam.cz", "addr:postcode": "73939", "addr:place": "Lučina", "addr:housenumber": "387", "smoking": null, "opening_hours": "Su-Th 11:00-22:00, Fr-Sa 11:00-23:00", "wheelchair": null, "name": "Lučina Cyklorest", "amenity": "pub" }, "geometry": { "type": "Point", "coordinates": [ 18.449288, 49.7140283 ] } },
{ "type": "Feature", "properties": { "full_id": "n603659560", "osm_id": "603659560", "osm_type": "node", "min_age": null, "payment:qerko": null, "diet:vegetarian": null, "cuisine": null, "food": null, "sport": null, "fee": null, "access": null, "takeaway": null, "delivery": null, "alt_name": null, "old_name": null, "leisure": null, "toilets:gender_segregated": null, "toilets": null, "tents": null, "shared_kitchen": null, "power_supply": null, "kitchen": null, "camp_site": null, "cabins": null, "payment:cash": null, "check_date:opening_hours": null, "addr:streetnumber": null, "payment:onchain": null, "payment:lightning_contactless": null, "payment:lightning:requires_companion_app": null, "payment:lightning:companion_app_url": null, "payment:lightning": null, "outdoor_seating": null, "indoor_seating": null, "description": null, "currency:XBT": null, "check_date:currency:XBT": null, "check_date": null, "addr:city": null, "loc_name": null, "addr:street": null, "beer_garden": null, "ref:ruian:addr": null, "addr:country": null, "addr:conscriptionnumber": null, "contact:facebook": null, "operator": null, "microbrewery": null, "contact:website": null, "contact:phone": null, "contact:email": null, "wikidata": null, "website": null, "brewery": null, "gambling": "yes", "phone": null, "name:cs": null, "internet_access": null, "email": null, "addr:postcode": null, "addr:place": null, "addr:housenumber": null, "smoking": null, "opening_hours": null, "wheelchair": null, "name": null, "amenity": "bar" }, "geometry": { "type": "Point", "coordinates": [ 18.339298, 49.6813673 ] } },
{ "type": "Feature", "properties": { "full_id": "n603927512", "osm_id": "603927512", "osm_type": "node", "min_age": null, "payment:qerko": null, "diet:vegetarian": null, "cuisine": null, "food": null, "sport": null, "fee": null, "access": null, "takeaway": null, "delivery": null, "alt_name": null, "old_name": null, "leisure": null, "toilets:gender_segregated": null, "toilets": null, "tents": null, "shared_kitchen": null, "power_supply": null, "kitchen": null, "camp_site": null, "cabins": null, "payment:cash": null, "check_date:opening_hours": null, "addr:streetnumber": null, "payment:onchain": null, "payment:lightning_contactless": null, "payment:lightning:requires_companion_app": null, "payment:lightning:companion_app_url": null, "payment:lightning": null, "outdoor_seating": null, "indoor_seating": null, "description": null, "currency:XBT": null, "check_date:currency:XBT": null, "check_date": null, "addr:city": null, "loc_name": null, "addr:street": null, "beer_garden": null, "ref:ruian:addr": null, "addr:country": null, "addr:conscriptionnumber": null, "contact:facebook": null, "operator": null, "microbrewery": null, "contact:website": null, "contact:phone": null, "contact:email": null, "wikidata": null, "website": null, "brewery": null, "gambling": null, "phone": null, "name:cs": null, "internet_access": null, "email": null, "addr:postcode": null, "addr:place": null, "addr:housenumber": null, "smoking": null, "opening_hours": null, "wheelchair": null, "name": "Ponorka", "amenity": "pub" }, "geometry": { "type": "Point", "coordinates": [ 18.3428495, 49.6792088 ] } },
{ "type": "Feature", "properties": { "full_id": "n603927517", "osm_id": "603927517", "osm_type": "node", "min_age": null, "payment:qerko": null, "diet:vegetarian": null, "cuisine": null, "food": null, "sport": null, "fee": null, "access": null, "takeaway": null, "delivery": null, "alt_name": null, "old_name": null, "leisure": null, "toilets:gender_segregated": null, "toilets": null, "tents": null, "shared_kitchen": null, "power_supply": null, "kitchen": null, "camp_site": null, "cabins": null, "payment:cash": null, "check_date:opening_hours": null, "addr:streetnumber": null, "payment:onchain": null, "payment:lightning_contactless": null, "payment:lightning:requires_companion_app": null, "payment:lightning:companion_app_url": null, "payment:lightning": null, "outdoor_seating": null, "indoor_seating": null, "description": null, "currency:XBT": null, "check_date:currency:XBT": null, "check_date": null, "addr:city": null, "loc_name": null, "addr:street": null, "beer_garden": null, "ref:ruian:addr": null, "addr:country": null, "addr:conscriptionnumber": null, "contact:facebook": null, "operator": null, "microbrewery": null, "contact:website": null, "contact:phone": null, "contact:email": null, "wikidata": null, "website": null, "brewery": "Koníček;Radegast", "gambling": null, "phone": null, "name:cs": null, "internet_access": null, "email": null, "addr:postcode": null, "addr:place": null, "addr:housenumber": null, "smoking": null, "opening_hours": null, "wheelchair": null, "name": "U Černého kocoura", "amenity": "pub" }, "geometry": { "type": "Point", "coordinates": [ 18.3418069, 49.6803563 ] } },
{ "type": "Feature", "properties": { "full_id": "n603927520", "osm_id": "603927520", "osm_type": "node", "min_age": null, "payment:qerko": null, "diet:vegetarian": null, "cuisine": null, "food": null, "sport": null, "fee": null, "access": null, "takeaway": null, "delivery": null, "alt_name": null, "old_name": null, "leisure": null, "toilets:gender_segregated": null, "toilets": null, "tents": null, "shared_kitchen": null, "power_supply": null, "kitchen": null, "camp_site": null, "cabins": null, "payment:cash": null, "check_date:opening_hours": null, "addr:streetnumber": null, "payment:onchain": null, "payment:lightning_contactless": null, "payment:lightning:requires_companion_app": null, "payment:lightning:companion_app_url": null, "payment:lightning": null, "outdoor_seating": null, "indoor_seating": null, "description": null, "currency:XBT": null, "check_date:currency:XBT": null, "check_date": null, "addr:city": null, "loc_name": null, "addr:street": null, "beer_garden": null, "ref:ruian:addr": null, "addr:country": null, "addr:conscriptionnumber": null, "contact:facebook": null, "operator": null, "microbrewery": null, "contact:website": null, "contact:phone": null, "contact:email": null, "wikidata": null, "website": null, "brewery": null, "gambling": null, "phone": null, "name:cs": null, "internet_access": null, "email": null, "addr:postcode": null, "addr:place": null, "addr:housenumber": null, "smoking": null, "opening_hours": null, "wheelchair": null, "name": "Billiard Bar Koloredo", "amenity": "bar" }, "geometry": { "type": "Point", "coordinates": [ 18.3429718, 49.6798601 ] } },
{ "type": "Feature", "properties": { "full_id": "n603940407", "osm_id": "603940407", "osm_type": "node", "min_age": null, "payment:qerko": null, "diet:vegetarian": null, "cuisine": null, "food": null, "sport": null, "fee": null, "access": null, "takeaway": null, "delivery": null, "alt_name": null, "old_name": null, "leisure": null, "toilets:gender_segregated": null, "toilets": null, "tents": null, "shared_kitchen": null, "power_supply": null, "kitchen": null, "camp_site": null, "cabins": null, "payment:cash": null, "check_date:opening_hours": null, "addr:streetnumber": null, "payment:onchain": null, "payment:lightning_contactless": null, "payment:lightning:requires_companion_app": null, "payment:lightning:companion_app_url": null, "payment:lightning": null, "outdoor_seating": null, "indoor_seating": null, "description": null, "currency:XBT": null, "check_date:currency:XBT": null, "check_date": null, "addr:city": null, "loc_name": null, "addr:street": null, "beer_garden": null, "ref:ruian:addr": null, "addr:country": null, "addr:conscriptionnumber": null, "contact:facebook": null, "operator": null, "microbrewery": null, "contact:website": null, "contact:phone": null, "contact:email": null, "wikidata": null, "website": null, "brewery": null, "gambling": null, "phone": null, "name:cs": null, "internet_access": null, "email": null, "addr:postcode": null, "addr:place": null, "addr:housenumber": null, "smoking": null, "opening_hours": null, "wheelchair": null, "name": "Metaxa", "amenity": "bar" }, "geometry": { "type": "Point", "coordinates": [ 18.3427065, 49.6798487 ] } },
{ "type": "Feature", "properties": { "full_id": "n603978383", "osm_id": "603978383", "osm_type": "node", "min_age": null, "payment:qerko": null, "diet:vegetarian": null, "cuisine": null, "food": null, "sport": null, "fee": null, "access": null, "takeaway": null, "delivery": null, "alt_name": null, "old_name": null, "leisure": null, "toilets:gender_segregated": null, "toilets": null, "tents": null, "shared_kitchen": null, "power_supply": null, "kitchen": null, "camp_site": null, "cabins": null, "payment:cash": null, "check_date:opening_hours": null, "addr:streetnumber": null, "payment:onchain": null, "payment:lightning_contactless": null, "payment:lightning:requires_companion_app": null, "payment:lightning:companion_app_url": null, "payment:lightning": null, "outdoor_seating": null, "indoor_seating": null, "description": null, "currency:XBT": null, "check_date:currency:XBT": null, "check_date": null, "addr:city": null, "loc_name": null, "addr:street": null, "beer_garden": null, "ref:ruian:addr": null, "addr:country": null, "addr:conscriptionnumber": null, "contact:facebook": null, "operator": null, "microbrewery": null, "contact:website": null, "contact:phone": null, "contact:email": null, "wikidata": null, "website": null, "brewery": null, "gambling": null, "phone": null, "name:cs": null, "internet_access": null, "email": null, "addr:postcode": null, "addr:place": null, "addr:housenumber": null, "smoking": null, "opening_hours": null, "wheelchair": null, "name": "Bar Krokodýl", "amenity": "pub" }, "geometry": { "type": "Point", "coordinates": [ 18.3400574, 49.6790361 ] } },
{ "type": "Feature", "properties": { "full_id": "n603978394", "osm_id": "603978394", "osm_type": "node", "min_age": null, "payment:qerko": null, "diet:vegetarian": null, "cuisine": null, "food": null, "sport": null, "fee": null, "access": null, "takeaway": null, "delivery": null, "alt_name": null, "old_name": null, "leisure": null, "toilets:gender_segregated": null, "toilets": null, "tents": null, "shared_kitchen": null, "power_supply": null, "kitchen": null, "camp_site": null, "cabins": null, "payment:cash": null, "check_date:opening_hours": null, "addr:streetnumber": null, "payment:onchain": null, "payment:lightning_contactless": null, "payment:lightning:requires_companion_app": null, "payment:lightning:companion_app_url": null, "payment:lightning": null, "outdoor_seating": null, "indoor_seating": null, "description": null, "currency:XBT": null, "check_date:currency:XBT": null, "check_date": null, "addr:city": null, "loc_name": null, "addr:street": null, "beer_garden": null, "ref:ruian:addr": null, "addr:country": null, "addr:conscriptionnumber": null, "contact:facebook": null, "operator": null, "microbrewery": null, "contact:website": null, "contact:phone": null, "contact:email": null, "wikidata": null, "website": null, "brewery": null, "gambling": null, "phone": null, "name:cs": null, "internet_access": null, "email": null, "addr:postcode": null, "addr:place": null, "addr:housenumber": null, "smoking": null, "opening_hours": null, "wheelchair": null, "name": "Restaurace Lékárna", "amenity": "pub" }, "geometry": { "type": "Point", "coordinates": [ 18.3402687, 49.6790374 ] } },
{ "type": "Feature", "properties": { "full_id": "n604583669", "osm_id": "604583669", "osm_type": "node", "min_age": null, "payment:qerko": null, "diet:vegetarian": null, "cuisine": null, "food": null, "sport": null, "fee": null, "access": null, "takeaway": null, "delivery": null, "alt_name": null, "old_name": null, "leisure": null, "toilets:gender_segregated": null, "toilets": null, "tents": null, "shared_kitchen": null, "power_supply": null, "kitchen": null, "camp_site": null, "cabins": null, "payment:cash": null, "check_date:opening_hours": null, "addr:streetnumber": null, "payment:onchain": null, "payment:lightning_contactless": null, "payment:lightning:requires_companion_app": null, "payment:lightning:companion_app_url": null, "payment:lightning": null, "outdoor_seating": null, "indoor_seating": null, "description": null, "currency:XBT": null, "check_date:currency:XBT": null, "check_date": null, "addr:city": null, "loc_name": null, "addr:street": null, "beer_garden": null, "ref:ruian:addr": null, "addr:country": null, "addr:conscriptionnumber": null, "contact:facebook": null, "operator": null, "microbrewery": null, "contact:website": null, "contact:phone": null, "contact:email": null, "wikidata": null, "website": null, "brewery": null, "gambling": null, "phone": null, "name:cs": null, "internet_access": null, "email": null, "addr:postcode": null, "addr:place": null, "addr:housenumber": null, "smoking": null, "opening_hours": null, "wheelchair": null, "name": null, "amenity": "pub" }, "geometry": { "type": "Point", "coordinates": [ 18.3402982, 49.676622 ] } },
{ "type": "Feature", "properties": { "full_id": "n604583697", "osm_id": "604583697", "osm_type": "node", "min_age": null, "payment:qerko": null, "diet:vegetarian": null, "cuisine": null, "food": null, "sport": null, "fee": null, "access": null, "takeaway": null, "delivery": null, "alt_name": null, "old_name": null, "leisure": null, "toilets:gender_segregated": null, "toilets": null, "tents": null, "shared_kitchen": null, "power_supply": null, "kitchen": null, "camp_site": null, "cabins": null, "payment:cash": null, "check_date:opening_hours": null, "addr:streetnumber": null, "payment:onchain": null, "payment:lightning_contactless": null, "payment:lightning:requires_companion_app": null, "payment:lightning:companion_app_url": null, "payment:lightning": null, "outdoor_seating": null, "indoor_seating": null, "description": null, "currency:XBT": null, "check_date:currency:XBT": null, "check_date": null, "addr:city": null, "loc_name": null, "addr:street": null, "beer_garden": null, "ref:ruian:addr": null, "addr:country": null, "addr:conscriptionnumber": null, "contact:facebook": null, "operator": null, "microbrewery": null, "contact:website": null, "contact:phone": null, "contact:email": null, "wikidata": null, "website": null, "brewery": null, "gambling": null, "phone": null, "name:cs": null, "internet_access": null, "email": null, "addr:postcode": null, "addr:place": null, "addr:housenumber": null, "smoking": null, "opening_hours": null, "wheelchair": null, "name": "San Marco", "amenity": "bar" }, "geometry": { "type": "Point", "coordinates": [ 18.3402807, 49.6764414 ] } },
{ "type": "Feature", "properties": { "full_id": "n604583718", "osm_id": "604583718", "osm_type": "node", "min_age": null, "payment:qerko": null, "diet:vegetarian": null, "cuisine": null, "food": null, "sport": null, "fee": null, "access": null, "takeaway": null, "delivery": null, "alt_name": null, "old_name": null, "leisure": null, "toilets:gender_segregated": null, "toilets": null, "tents": null, "shared_kitchen": null, "power_supply": null, "kitchen": null, "camp_site": null, "cabins": null, "payment:cash": null, "check_date:opening_hours": null, "addr:streetnumber": null, "payment:onchain": null, "payment:lightning_contactless": null, "payment:lightning:requires_companion_app": null, "payment:lightning:companion_app_url": null, "payment:lightning": null, "outdoor_seating": null, "indoor_seating": null, "description": null, "currency:XBT": null, "check_date:currency:XBT": null, "check_date": null, "addr:city": null, "loc_name": null, "addr:street": null, "beer_garden": null, "ref:ruian:addr": null, "addr:country": null, "addr:conscriptionnumber": null, "contact:facebook": null, "operator": null, "microbrewery": null, "contact:website": null, "contact:phone": null, "contact:email": null, "wikidata": null, "website": "http://www.ustareherty.cz/", "brewery": null, "gambling": null, "phone": null, "name:cs": null, "internet_access": null, "email": "ustareherty@email.cz", "addr:postcode": null, "addr:place": null, "addr:housenumber": null, "smoking": null, "opening_hours": "Mo-Th 17:00-23:00; Fr 17:00-24:00; Sa 18:00-24:00", "wheelchair": null, "name": "vinárna U Staré Herty", "amenity": "bar" }, "geometry": { "type": "Point", "coordinates": [ 18.3402988, 49.6755625 ] } },
{ "type": "Feature", "properties": { "full_id": "n604594683", "osm_id": "604594683", "osm_type": "node", "min_age": null, "payment:qerko": null, "diet:vegetarian": null, "cuisine": null, "food": null, "sport": null, "fee": null, "access": null, "takeaway": null, "delivery": null, "alt_name": null, "old_name": null, "leisure": null, "toilets:gender_segregated": null, "toilets": null, "tents": null, "shared_kitchen": null, "power_supply": null, "kitchen": null, "camp_site": null, "cabins": null, "payment:cash": null, "check_date:opening_hours": null, "addr:streetnumber": null, "payment:onchain": null, "payment:lightning_contactless": null, "payment:lightning:requires_companion_app": null, "payment:lightning:companion_app_url": null, "payment:lightning": null, "outdoor_seating": null, "indoor_seating": null, "description": null, "currency:XBT": null, "check_date:currency:XBT": null, "check_date": null, "addr:city": null, "loc_name": null, "addr:street": null, "beer_garden": null, "ref:ruian:addr": null, "addr:country": null, "addr:conscriptionnumber": null, "contact:facebook": null, "operator": null, "microbrewery": null, "contact:website": null, "contact:phone": null, "contact:email": null, "wikidata": null, "website": null, "brewery": null, "gambling": null, "phone": null, "name:cs": null, "internet_access": null, "email": null, "addr:postcode": null, "addr:place": null, "addr:housenumber": null, "smoking": null, "opening_hours": null, "wheelchair": null, "name": "Hospoda ve dvoře", "amenity": "pub" }, "geometry": { "type": "Point", "coordinates": [ 18.3416234, 49.6748172 ] } },
{ "type": "Feature", "properties": { "full_id": "n604594695", "osm_id": "604594695", "osm_type": "node", "min_age": null, "payment:qerko": null, "diet:vegetarian": null, "cuisine": null, "food": null, "sport": null, "fee": null, "access": null, "takeaway": null, "delivery": null, "alt_name": null, "old_name": null, "leisure": null, "toilets:gender_segregated": null, "toilets": null, "tents": null, "shared_kitchen": null, "power_supply": null, "kitchen": null, "camp_site": null, "cabins": null, "payment:cash": null, "check_date:opening_hours": null, "addr:streetnumber": null, "payment:onchain": null, "payment:lightning_contactless": null, "payment:lightning:requires_companion_app": null, "payment:lightning:companion_app_url": null, "payment:lightning": null, "outdoor_seating": null, "indoor_seating": null, "description": null, "currency:XBT": null, "check_date:currency:XBT": null, "check_date": null, "addr:city": null, "loc_name": null, "addr:street": null, "beer_garden": null, "ref:ruian:addr": null, "addr:country": null, "addr:conscriptionnumber": null, "contact:facebook": null, "operator": null, "microbrewery": null, "contact:website": null, "contact:phone": null, "contact:email": null, "wikidata": null, "website": null, "brewery": null, "gambling": null, "phone": null, "name:cs": null, "internet_access": null, "email": null, "addr:postcode": null, "addr:place": null, "addr:housenumber": null, "smoking": null, "opening_hours": null, "wheelchair": null, "name": null, "amenity": "pub" }, "geometry": { "type": "Point", "coordinates": [ 18.3416205, 49.674664 ] } },
{ "type": "Feature", "properties": { "full_id": "n604598134", "osm_id": "604598134", "osm_type": "node", "min_age": null, "payment:qerko": null, "diet:vegetarian": null, "cuisine": null, "food": null, "sport": null, "fee": null, "access": null, "takeaway": null, "delivery": null, "alt_name": null, "old_name": null, "leisure": null, "toilets:gender_segregated": null, "toilets": null, "tents": null, "shared_kitchen": null, "power_supply": null, "kitchen": null, "camp_site": null, "cabins": null, "payment:cash": null, "check_date:opening_hours": null, "addr:streetnumber": null, "payment:onchain": null, "payment:lightning_contactless": null, "payment:lightning:requires_companion_app": null, "payment:lightning:companion_app_url": null, "payment:lightning": null, "outdoor_seating": null, "indoor_seating": null, "description": null, "currency:XBT": null, "check_date:currency:XBT": null, "check_date": null, "addr:city": null, "loc_name": null, "addr:street": null, "beer_garden": null, "ref:ruian:addr": null, "addr:country": null, "addr:conscriptionnumber": null, "contact:facebook": null, "operator": null, "microbrewery": null, "contact:website": null, "contact:phone": null, "contact:email": null, "wikidata": null, "website": null, "brewery": null, "gambling": null, "phone": null, "name:cs": null, "internet_access": null, "email": null, "addr:postcode": null, "addr:place": null, "addr:housenumber": null, "smoking": null, "opening_hours": null, "wheelchair": null, "name": "Bašta", "amenity": "pub" }, "geometry": { "type": "Point", "coordinates": [ 18.3432063, 49.6763683 ] } },
{ "type": "Feature", "properties": { "full_id": "n607970190", "osm_id": "607970190", "osm_type": "node", "min_age": null, "payment:qerko": null, "diet:vegetarian": null, "cuisine": null, "food": null, "sport": null, "fee": null, "access": null, "takeaway": null, "delivery": null, "alt_name": null, "old_name": null, "leisure": null, "toilets:gender_segregated": null, "toilets": null, "tents": null, "shared_kitchen": null, "power_supply": null, "kitchen": null, "camp_site": null, "cabins": null, "payment:cash": null, "check_date:opening_hours": null, "addr:streetnumber": null, "payment:onchain": null, "payment:lightning_contactless": null, "payment:lightning:requires_companion_app": null, "payment:lightning:companion_app_url": null, "payment:lightning": null, "outdoor_seating": null, "indoor_seating": null, "description": null, "currency:XBT": null, "check_date:currency:XBT": null, "check_date": null, "addr:city": null, "loc_name": null, "addr:street": null, "beer_garden": null, "ref:ruian:addr": null, "addr:country": null, "addr:conscriptionnumber": null, "contact:facebook": null, "operator": null, "microbrewery": null, "contact:website": null, "contact:phone": null, "contact:email": null, "wikidata": "Q18042804", "website": "https://pivovarekmorava.cz/", "brewery": "Morava", "gambling": null, "phone": null, "name:cs": null, "internet_access": null, "email": null, "addr:postcode": null, "addr:place": null, "addr:housenumber": null, "smoking": null, "opening_hours": null, "wheelchair": null, "name": "Pivovárek Morava", "amenity": "pub" }, "geometry": { "type": "Point", "coordinates": [ 18.3331641, 49.6768976 ] } },
{ "type": "Feature", "properties": { "full_id": "n620043482", "osm_id": "620043482", "osm_type": "node", "min_age": null, "payment:qerko": null, "diet:vegetarian": null, "cuisine": null, "food": null, "sport": null, "fee": null, "access": null, "takeaway": null, "delivery": null, "alt_name": null, "old_name": null, "leisure": null, "toilets:gender_segregated": null, "toilets": null, "tents": null, "shared_kitchen": null, "power_supply": null, "kitchen": null, "camp_site": null, "cabins": null, "payment:cash": null, "check_date:opening_hours": null, "addr:streetnumber": null, "payment:onchain": null, "payment:lightning_contactless": null, "payment:lightning:requires_companion_app": null, "payment:lightning:companion_app_url": null, "payment:lightning": null, "outdoor_seating": null, "indoor_seating": null, "description": null, "currency:XBT": null, "check_date:currency:XBT": null, "check_date": null, "addr:city": null, "loc_name": null, "addr:street": null, "beer_garden": null, "ref:ruian:addr": null, "addr:country": null, "addr:conscriptionnumber": null, "contact:facebook": null, "operator": "fa Mr. Sládek s.r.o.", "microbrewery": "yes", "contact:website": "https://www.pivovar-senov.cz/", "contact:phone": "774 249 570", "contact:email": "info@mr-sladek.cz", "wikidata": null, "website": null, "brewery": "Pivovar Šenov", "gambling": null, "phone": null, "name:cs": null, "internet_access": null, "email": null, "addr:postcode": null, "addr:place": null, "addr:housenumber": null, "smoking": null, "opening_hours": null, "wheelchair": null, "name": "Pohostinství Pod Zámkem - Pivovar Šenov", "amenity": "pub" }, "geometry": { "type": "Point", "coordinates": [ 18.3738529, 49.7839027 ] } },
{ "type": "Feature", "properties": { "full_id": "n660775970", "osm_id": "660775970", "osm_type": "node", "min_age": null, "payment:qerko": null, "diet:vegetarian": null, "cuisine": null, "food": null, "sport": null, "fee": null, "access": null, "takeaway": null, "delivery": null, "alt_name": null, "old_name": null, "leisure": null, "toilets:gender_segregated": null, "toilets": null, "tents": null, "shared_kitchen": null, "power_supply": null, "kitchen": null, "camp_site": null, "cabins": null, "payment:cash": null, "check_date:opening_hours": null, "addr:streetnumber": null, "payment:onchain": null, "payment:lightning_contactless": null, "payment:lightning:requires_companion_app": null, "payment:lightning:companion_app_url": null, "payment:lightning": null, "outdoor_seating": null, "indoor_seating": null, "description": null, "currency:XBT": null, "check_date:currency:XBT": null, "check_date": null, "addr:city": null, "loc_name": null, "addr:street": null, "beer_garden": null, "ref:ruian:addr": null, "addr:country": null, "addr:conscriptionnumber": null, "contact:facebook": null, "operator": null, "microbrewery": null, "contact:website": null, "contact:phone": null, "contact:email": null, "wikidata": null, "website": null, "brewery": null, "gambling": null, "phone": null, "name:cs": null, "internet_access": null, "email": null, "addr:postcode": null, "addr:place": null, "addr:housenumber": null, "smoking": null, "opening_hours": null, "wheelchair": null, "name": "U Patrika", "amenity": "pub" }, "geometry": { "type": "Point", "coordinates": [ 18.3218395, 49.7689086 ] } },
{ "type": "Feature", "properties": { "full_id": "n671791587", "osm_id": "671791587", "osm_type": "node", "min_age": null, "payment:qerko": null, "diet:vegetarian": null, "cuisine": null, "food": null, "sport": null, "fee": null, "access": null, "takeaway": null, "delivery": null, "alt_name": null, "old_name": null, "leisure": null, "toilets:gender_segregated": null, "toilets": null, "tents": null, "shared_kitchen": null, "power_supply": null, "kitchen": null, "camp_site": null, "cabins": null, "payment:cash": null, "check_date:opening_hours": null, "addr:streetnumber": null, "payment:onchain": null, "payment:lightning_contactless": null, "payment:lightning:requires_companion_app": null, "payment:lightning:companion_app_url": null, "payment:lightning": null, "outdoor_seating": null, "indoor_seating": null, "description": null, "currency:XBT": null, "check_date:currency:XBT": null, "check_date": null, "addr:city": null, "loc_name": null, "addr:street": null, "beer_garden": null, "ref:ruian:addr": null, "addr:country": null, "addr:conscriptionnumber": null, "contact:facebook": "https://www.facebook.com/MusicClubCafe", "operator": null, "microbrewery": null, "contact:website": null, "contact:phone": null, "contact:email": null, "wikidata": null, "website": null, "brewery": null, "gambling": null, "phone": null, "name:cs": null, "internet_access": null, "email": null, "addr:postcode": null, "addr:place": null, "addr:housenumber": null, "smoking": null, "opening_hours": null, "wheelchair": null, "name": "Music", "amenity": "bar" }, "geometry": { "type": "Point", "coordinates": [ 18.3179875, 49.7716006 ] } },
{ "type": "Feature", "properties": { "full_id": "n824561265", "osm_id": "824561265", "osm_type": "node", "min_age": null, "payment:qerko": null, "diet:vegetarian": null, "cuisine": null, "food": null, "sport": null, "fee": null, "access": null, "takeaway": null, "delivery": null, "alt_name": null, "old_name": null, "leisure": null, "toilets:gender_segregated": null, "toilets": null, "tents": null, "shared_kitchen": null, "power_supply": null, "kitchen": null, "camp_site": null, "cabins": null, "payment:cash": null, "check_date:opening_hours": null, "addr:streetnumber": null, "payment:onchain": null, "payment:lightning_contactless": null, "payment:lightning:requires_companion_app": null, "payment:lightning:companion_app_url": null, "payment:lightning": null, "outdoor_seating": null, "indoor_seating": null, "description": null, "currency:XBT": null, "check_date:currency:XBT": null, "check_date": null, "addr:city": null, "loc_name": null, "addr:street": null, "beer_garden": null, "ref:ruian:addr": null, "addr:country": null, "addr:conscriptionnumber": null, "contact:facebook": null, "operator": null, "microbrewery": null, "contact:website": null, "contact:phone": null, "contact:email": null, "wikidata": null, "website": null, "brewery": null, "gambling": null, "phone": null, "name:cs": null, "internet_access": null, "email": null, "addr:postcode": null, "addr:place": null, "addr:housenumber": null, "smoking": null, "opening_hours": null, "wheelchair": null, "name": "Hvězda", "amenity": "bar" }, "geometry": { "type": "Point", "coordinates": [ 18.3640548, 49.6773771 ] } },
{ "type": "Feature", "properties": { "full_id": "n904323279", "osm_id": "904323279", "osm_type": "node", "min_age": null, "payment:qerko": null, "diet:vegetarian": null, "cuisine": null, "food": null, "sport": null, "fee": null, "access": null, "takeaway": null, "delivery": null, "alt_name": null, "old_name": null, "leisure": null, "toilets:gender_segregated": null, "toilets": null, "tents": null, "shared_kitchen": null, "power_supply": null, "kitchen": null, "camp_site": null, "cabins": null, "payment:cash": null, "check_date:opening_hours": null, "addr:streetnumber": null, "payment:onchain": null, "payment:lightning_contactless": null, "payment:lightning:requires_companion_app": null, "payment:lightning:companion_app_url": null, "payment:lightning": null, "outdoor_seating": null, "indoor_seating": null, "description": null, "currency:XBT": null, "check_date:currency:XBT": null, "check_date": null, "addr:city": null, "loc_name": null, "addr:street": null, "beer_garden": null, "ref:ruian:addr": null, "addr:country": null, "addr:conscriptionnumber": null, "contact:facebook": null, "operator": null, "microbrewery": null, "contact:website": null, "contact:phone": null, "contact:email": null, "wikidata": null, "website": null, "brewery": null, "gambling": null, "phone": null, "name:cs": null, "internet_access": null, "email": null, "addr:postcode": null, "addr:place": null, "addr:housenumber": null, "smoking": null, "opening_hours": null, "wheelchair": null, "name": null, "amenity": "pub" }, "geometry": { "type": "Point", "coordinates": [ 18.2254896, 49.7900258 ] } },
{ "type": "Feature", "properties": { "full_id": "n904323303", "osm_id": "904323303", "osm_type": "node", "min_age": null, "payment:qerko": null, "diet:vegetarian": null, "cuisine": null, "food": null, "sport": null, "fee": null, "access": null, "takeaway": null, "delivery": null, "alt_name": null, "old_name": null, "leisure": null, "toilets:gender_segregated": null, "toilets": null, "tents": null, "shared_kitchen": null, "power_supply": null, "kitchen": null, "camp_site": null, "cabins": null, "payment:cash": null, "check_date:opening_hours": null, "addr:streetnumber": null, "payment:onchain": null, "payment:lightning_contactless": null, "payment:lightning:requires_companion_app": null, "payment:lightning:companion_app_url": null, "payment:lightning": null, "outdoor_seating": null, "indoor_seating": null, "description": null, "currency:XBT": null, "check_date:currency:XBT": null, "check_date": null, "addr:city": null, "loc_name": null, "addr:street": null, "beer_garden": null, "ref:ruian:addr": null, "addr:country": null, "addr:conscriptionnumber": null, "contact:facebook": null, "operator": null, "microbrewery": null, "contact:website": null, "contact:phone": null, "contact:email": null, "wikidata": null, "website": null, "brewery": null, "gambling": null, "phone": null, "name:cs": null, "internet_access": null, "email": null, "addr:postcode": null, "addr:place": null, "addr:housenumber": null, "smoking": null, "opening_hours": null, "wheelchair": null, "name": null, "amenity": "pub" }, "geometry": { "type": "Point", "coordinates": [ 18.2291329, 49.7918474 ] } },
{ "type": "Feature", "properties": { "full_id": "n904323309", "osm_id": "904323309", "osm_type": "node", "min_age": null, "payment:qerko": null, "diet:vegetarian": null, "cuisine": null, "food": null, "sport": null, "fee": null, "access": null, "takeaway": null, "delivery": null, "alt_name": null, "old_name": null, "leisure": null, "toilets:gender_segregated": null, "toilets": null, "tents": null, "shared_kitchen": null, "power_supply": null, "kitchen": null, "camp_site": null, "cabins": null, "payment:cash": null, "check_date:opening_hours": null, "addr:streetnumber": null, "payment:onchain": null, "payment:lightning_contactless": null, "payment:lightning:requires_companion_app": null, "payment:lightning:companion_app_url": null, "payment:lightning": null, "outdoor_seating": null, "indoor_seating": null, "description": null, "currency:XBT": null, "check_date:currency:XBT": null, "check_date": null, "addr:city": null, "loc_name": null, "addr:street": null, "beer_garden": null, "ref:ruian:addr": null, "addr:country": null, "addr:conscriptionnumber": null, "contact:facebook": null, "operator": null, "microbrewery": null, "contact:website": null, "contact:phone": null, "contact:email": null, "wikidata": null, "website": null, "brewery": null, "gambling": null, "phone": null, "name:cs": null, "internet_access": null, "email": null, "addr:postcode": null, "addr:place": null, "addr:housenumber": null, "smoking": null, "opening_hours": null, "wheelchair": null, "name": null, "amenity": "pub" }, "geometry": { "type": "Point", "coordinates": [ 18.2245731, 49.7904968 ] } },
{ "type": "Feature", "properties": { "full_id": "n979559373", "osm_id": "979559373", "osm_type": "node", "min_age": null, "payment:qerko": null, "diet:vegetarian": null, "cuisine": null, "food": null, "sport": null, "fee": null, "access": null, "takeaway": null, "delivery": null, "alt_name": null, "old_name": null, "leisure": null, "toilets:gender_segregated": null, "toilets": null, "tents": null, "shared_kitchen": null, "power_supply": null, "kitchen": null, "camp_site": null, "cabins": null, "payment:cash": null, "check_date:opening_hours": null, "addr:streetnumber": null, "payment:onchain": null, "payment:lightning_contactless": null, "payment:lightning:requires_companion_app": null, "payment:lightning:companion_app_url": null, "payment:lightning": null, "outdoor_seating": null, "indoor_seating": null, "description": null, "currency:XBT": null, "check_date:currency:XBT": null, "check_date": null, "addr:city": null, "loc_name": null, "addr:street": null, "beer_garden": null, "ref:ruian:addr": null, "addr:country": null, "addr:conscriptionnumber": null, "contact:facebook": null, "operator": null, "microbrewery": null, "contact:website": null, "contact:phone": null, "contact:email": null, "wikidata": null, "website": null, "brewery": null, "gambling": null, "phone": null, "name:cs": null, "internet_access": null, "email": null, "addr:postcode": null, "addr:place": null, "addr:housenumber": null, "smoking": null, "opening_hours": null, "wheelchair": null, "name": "El Pancho", "amenity": "bar" }, "geometry": { "type": "Point", "coordinates": [ 18.3627654, 49.677091 ] } },
{ "type": "Feature", "properties": { "full_id": "n979559392", "osm_id": "979559392", "osm_type": "node", "min_age": null, "payment:qerko": null, "diet:vegetarian": null, "cuisine": null, "food": null, "sport": null, "fee": null, "access": null, "takeaway": null, "delivery": null, "alt_name": null, "old_name": null, "leisure": null, "toilets:gender_segregated": null, "toilets": null, "tents": null, "shared_kitchen": null, "power_supply": null, "kitchen": null, "camp_site": null, "cabins": null, "payment:cash": null, "check_date:opening_hours": null, "addr:streetnumber": null, "payment:onchain": null, "payment:lightning_contactless": null, "payment:lightning:requires_companion_app": null, "payment:lightning:companion_app_url": null, "payment:lightning": null, "outdoor_seating": null, "indoor_seating": null, "description": null, "currency:XBT": null, "check_date:currency:XBT": null, "check_date": null, "addr:city": null, "loc_name": null, "addr:street": null, "beer_garden": null, "ref:ruian:addr": null, "addr:country": null, "addr:conscriptionnumber": null, "contact:facebook": null, "operator": null, "microbrewery": null, "contact:website": null, "contact:phone": null, "contact:email": null, "wikidata": null, "website": null, "brewery": null, "gambling": null, "phone": null, "name:cs": null, "internet_access": null, "email": null, "addr:postcode": null, "addr:place": null, "addr:housenumber": null, "smoking": null, "opening_hours": null, "wheelchair": null, "name": "Motor", "amenity": "bar" }, "geometry": { "type": "Point", "coordinates": [ 18.3653832, 49.676848 ] } },
{ "type": "Feature", "properties": { "full_id": "n1143789288", "osm_id": "1143789288", "osm_type": "node", "min_age": null, "payment:qerko": null, "diet:vegetarian": null, "cuisine": null, "food": null, "sport": null, "fee": null, "access": null, "takeaway": null, "delivery": null, "alt_name": null, "old_name": null, "leisure": null, "toilets:gender_segregated": null, "toilets": null, "tents": null, "shared_kitchen": null, "power_supply": null, "kitchen": null, "camp_site": null, "cabins": null, "payment:cash": null, "check_date:opening_hours": null, "addr:streetnumber": null, "payment:onchain": null, "payment:lightning_contactless": null, "payment:lightning:requires_companion_app": null, "payment:lightning:companion_app_url": null, "payment:lightning": null, "outdoor_seating": null, "indoor_seating": null, "description": null, "currency:XBT": null, "check_date:currency:XBT": null, "check_date": null, "addr:city": null, "loc_name": null, "addr:street": null, "beer_garden": null, "ref:ruian:addr": null, "addr:country": null, "addr:conscriptionnumber": null, "contact:facebook": null, "operator": null, "microbrewery": null, "contact:website": null, "contact:phone": null, "contact:email": null, "wikidata": null, "website": null, "brewery": null, "gambling": null, "phone": null, "name:cs": null, "internet_access": null, "email": null, "addr:postcode": null, "addr:place": null, "addr:housenumber": null, "smoking": null, "opening_hours": null, "wheelchair": null, "name": null, "amenity": "pub" }, "geometry": { "type": "Point", "coordinates": [ 18.3583995, 49.6892625 ] } },
{ "type": "Feature", "properties": { "full_id": "n1143789294", "osm_id": "1143789294", "osm_type": "node", "min_age": null, "payment:qerko": null, "diet:vegetarian": null, "cuisine": null, "food": null, "sport": null, "fee": null, "access": null, "takeaway": null, "delivery": null, "alt_name": null, "old_name": null, "leisure": null, "toilets:gender_segregated": null, "toilets": null, "tents": null, "shared_kitchen": null, "power_supply": null, "kitchen": null, "camp_site": null, "cabins": null, "payment:cash": null, "check_date:opening_hours": null, "addr:streetnumber": null, "payment:onchain": null, "payment:lightning_contactless": null, "payment:lightning:requires_companion_app": null, "payment:lightning:companion_app_url": null, "payment:lightning": null, "outdoor_seating": null, "indoor_seating": null, "description": null, "currency:XBT": null, "check_date:currency:XBT": null, "check_date": null, "addr:city": null, "loc_name": null, "addr:street": null, "beer_garden": null, "ref:ruian:addr": null, "addr:country": null, "addr:conscriptionnumber": null, "contact:facebook": null, "operator": null, "microbrewery": null, "contact:website": null, "contact:phone": null, "contact:email": null, "wikidata": null, "website": null, "brewery": "Radegast;Ostravar", "gambling": null, "phone": null, "name:cs": null, "internet_access": null, "email": null, "addr:postcode": null, "addr:place": null, "addr:housenumber": null, "smoking": null, "opening_hours": null, "wheelchair": null, "name": "U lesa", "amenity": "pub" }, "geometry": { "type": "Point", "coordinates": [ 18.3571818, 49.6930416 ] } },
{ "type": "Feature", "properties": { "full_id": "n1143789307", "osm_id": "1143789307", "osm_type": "node", "min_age": null, "payment:qerko": null, "diet:vegetarian": null, "cuisine": null, "food": null, "sport": null, "fee": null, "access": null, "takeaway": null, "delivery": null, "alt_name": null, "old_name": null, "leisure": null, "toilets:gender_segregated": null, "toilets": null, "tents": null, "shared_kitchen": null, "power_supply": null, "kitchen": null, "camp_site": null, "cabins": null, "payment:cash": null, "check_date:opening_hours": null, "addr:streetnumber": null, "payment:onchain": null, "payment:lightning_contactless": null, "payment:lightning:requires_companion_app": null, "payment:lightning:companion_app_url": null, "payment:lightning": null, "outdoor_seating": null, "indoor_seating": null, "description": null, "currency:XBT": null, "check_date:currency:XBT": null, "check_date": null, "addr:city": null, "loc_name": null, "addr:street": null, "beer_garden": null, "ref:ruian:addr": null, "addr:country": null, "addr:conscriptionnumber": null, "contact:facebook": null, "operator": null, "microbrewery": null, "contact:website": null, "contact:phone": null, "contact:email": null, "wikidata": null, "website": null, "brewery": null, "gambling": null, "phone": null, "name:cs": null, "internet_access": null, "email": null, "addr:postcode": null, "addr:place": null, "addr:housenumber": null, "smoking": null, "opening_hours": null, "wheelchair": null, "name": "Mexiko", "amenity": "pub" }, "geometry": { "type": "Point", "coordinates": [ 18.3561886, 49.6887245 ] } },
{ "type": "Feature", "properties": { "full_id": "n1143789311", "osm_id": "1143789311", "osm_type": "node", "min_age": null, "payment:qerko": null, "diet:vegetarian": null, "cuisine": null, "food": null, "sport": null, "fee": null, "access": null, "takeaway": null, "delivery": null, "alt_name": null, "old_name": null, "leisure": null, "toilets:gender_segregated": null, "toilets": null, "tents": null, "shared_kitchen": null, "power_supply": null, "kitchen": null, "camp_site": null, "cabins": null, "payment:cash": null, "check_date:opening_hours": null, "addr:streetnumber": null, "payment:onchain": null, "payment:lightning_contactless": null, "payment:lightning:requires_companion_app": null, "payment:lightning:companion_app_url": null, "payment:lightning": null, "outdoor_seating": null, "indoor_seating": null, "description": null, "currency:XBT": null, "check_date:currency:XBT": null, "check_date": null, "addr:city": null, "loc_name": null, "addr:street": null, "beer_garden": null, "ref:ruian:addr": null, "addr:country": null, "addr:conscriptionnumber": null, "contact:facebook": null, "operator": null, "microbrewery": null, "contact:website": null, "contact:phone": null, "contact:email": null, "wikidata": null, "website": null, "brewery": null, "gambling": null, "phone": null, "name:cs": null, "internet_access": null, "email": null, "addr:postcode": null, "addr:place": null, "addr:housenumber": null, "smoking": null, "opening_hours": null, "wheelchair": null, "name": null, "amenity": "pub" }, "geometry": { "type": "Point", "coordinates": [ 18.3568055, 49.688322 ] } },
{ "type": "Feature", "properties": { "full_id": "n1143795679", "osm_id": "1143795679", "osm_type": "node", "min_age": null, "payment:qerko": null, "diet:vegetarian": null, "cuisine": null, "food": null, "sport": null, "fee": null, "access": null, "takeaway": null, "delivery": null, "alt_name": null, "old_name": null, "leisure": null, "toilets:gender_segregated": null, "toilets": null, "tents": null, "shared_kitchen": null, "power_supply": null, "kitchen": null, "camp_site": null, "cabins": null, "payment:cash": null, "check_date:opening_hours": null, "addr:streetnumber": null, "payment:onchain": null, "payment:lightning_contactless": null, "payment:lightning:requires_companion_app": null, "payment:lightning:companion_app_url": null, "payment:lightning": null, "outdoor_seating": null, "indoor_seating": null, "description": null, "currency:XBT": null, "check_date:currency:XBT": null, "check_date": null, "addr:city": null, "loc_name": null, "addr:street": null, "beer_garden": null, "ref:ruian:addr": null, "addr:country": null, "addr:conscriptionnumber": null, "contact:facebook": null, "operator": null, "microbrewery": null, "contact:website": null, "contact:phone": null, "contact:email": null, "wikidata": null, "website": null, "brewery": null, "gambling": null, "phone": null, "name:cs": null, "internet_access": null, "email": null, "addr:postcode": null, "addr:place": null, "addr:housenumber": null, "smoking": null, "opening_hours": null, "wheelchair": null, "name": "Bar Omega", "amenity": "pub" }, "geometry": { "type": "Point", "coordinates": [ 18.3599463, 49.6882126 ] } },
{ "type": "Feature", "properties": { "full_id": "n1177220268", "osm_id": "1177220268", "osm_type": "node", "min_age": null, "payment:qerko": null, "diet:vegetarian": null, "cuisine": null, "food": null, "sport": null, "fee": null, "access": null, "takeaway": null, "delivery": null, "alt_name": null, "old_name": null, "leisure": null, "toilets:gender_segregated": null, "toilets": null, "tents": null, "shared_kitchen": null, "power_supply": null, "kitchen": null, "camp_site": null, "cabins": null, "payment:cash": null, "check_date:opening_hours": null, "addr:streetnumber": null, "payment:onchain": null, "payment:lightning_contactless": null, "payment:lightning:requires_companion_app": null, "payment:lightning:companion_app_url": null, "payment:lightning": null, "outdoor_seating": null, "indoor_seating": null, "description": null, "currency:XBT": null, "check_date:currency:XBT": null, "check_date": null, "addr:city": null, "loc_name": null, "addr:street": null, "beer_garden": null, "ref:ruian:addr": "27011305", "addr:country": "CZ", "addr:conscriptionnumber": "197", "contact:facebook": null, "operator": null, "microbrewery": null, "contact:website": null, "contact:phone": null, "contact:email": null, "wikidata": null, "website": null, "brewery": null, "gambling": null, "phone": null, "name:cs": null, "internet_access": null, "email": null, "addr:postcode": "74258", "addr:place": "Kateřinice", "addr:housenumber": "197", "smoking": null, "opening_hours": null, "wheelchair": null, "name": null, "amenity": "pub" }, "geometry": { "type": "Point", "coordinates": [ 18.1835472, 49.6749085 ] } },
{ "type": "Feature", "properties": { "full_id": "n1336929192", "osm_id": "1336929192", "osm_type": "node", "min_age": null, "payment:qerko": null, "diet:vegetarian": null, "cuisine": null, "food": null, "sport": null, "fee": null, "access": null, "takeaway": null, "delivery": null, "alt_name": null, "old_name": null, "leisure": null, "toilets:gender_segregated": null, "toilets": null, "tents": null, "shared_kitchen": null, "power_supply": null, "kitchen": null, "camp_site": null, "cabins": null, "payment:cash": null, "check_date:opening_hours": null, "addr:streetnumber": null, "payment:onchain": null, "payment:lightning_contactless": null, "payment:lightning:requires_companion_app": null, "payment:lightning:companion_app_url": null, "payment:lightning": null, "outdoor_seating": null, "indoor_seating": null, "description": null, "currency:XBT": null, "check_date:currency:XBT": null, "check_date": null, "addr:city": null, "loc_name": null, "addr:street": null, "beer_garden": "yes", "ref:ruian:addr": null, "addr:country": null, "addr:conscriptionnumber": null, "contact:facebook": null, "operator": null, "microbrewery": null, "contact:website": null, "contact:phone": null, "contact:email": null, "wikidata": null, "website": null, "brewery": null, "gambling": null, "phone": null, "name:cs": null, "internet_access": null, "email": null, "addr:postcode": null, "addr:place": null, "addr:housenumber": null, "smoking": null, "opening_hours": null, "wheelchair": null, "name": "Pivnice Školka", "amenity": "pub" }, "geometry": { "type": "Point", "coordinates": [ 18.2598993, 49.7829187 ] } },
{ "type": "Feature", "properties": { "full_id": "n1414770616", "osm_id": "1414770616", "osm_type": "node", "min_age": null, "payment:qerko": null, "diet:vegetarian": null, "cuisine": null, "food": null, "sport": null, "fee": null, "access": null, "takeaway": null, "delivery": null, "alt_name": null, "old_name": null, "leisure": null, "toilets:gender_segregated": null, "toilets": null, "tents": null, "shared_kitchen": null, "power_supply": null, "kitchen": null, "camp_site": null, "cabins": null, "payment:cash": null, "check_date:opening_hours": null, "addr:streetnumber": null, "payment:onchain": null, "payment:lightning_contactless": null, "payment:lightning:requires_companion_app": null, "payment:lightning:companion_app_url": null, "payment:lightning": null, "outdoor_seating": null, "indoor_seating": null, "description": null, "currency:XBT": null, "check_date:currency:XBT": null, "check_date": null, "addr:city": null, "loc_name": null, "addr:street": "Brušperská", "beer_garden": null, "ref:ruian:addr": "14148021", "addr:country": "CZ", "addr:conscriptionnumber": "22", "contact:facebook": null, "operator": null, "microbrewery": "yes", "contact:website": null, "contact:phone": null, "contact:email": null, "wikidata": null, "website": null, "brewery": null, "gambling": null, "phone": null, "name:cs": null, "internet_access": null, "email": null, "addr:postcode": "73924", "addr:place": "Krmelín", "addr:housenumber": "22", "smoking": null, "opening_hours": null, "wheelchair": null, "name": "Minipivovar Krmelín a Hospoda u Hodže", "amenity": "pub" }, "geometry": { "type": "Point", "coordinates": [ 18.2359999, 49.7292531 ] } },
{ "type": "Feature", "properties": { "full_id": "n1495618067", "osm_id": "1495618067", "osm_type": "node", "min_age": null, "payment:qerko": null, "diet:vegetarian": null, "cuisine": null, "food": null, "sport": null, "fee": null, "access": null, "takeaway": null, "delivery": null, "alt_name": null, "old_name": null, "leisure": null, "toilets:gender_segregated": null, "toilets": null, "tents": null, "shared_kitchen": null, "power_supply": null, "kitchen": null, "camp_site": null, "cabins": null, "payment:cash": null, "check_date:opening_hours": null, "addr:streetnumber": null, "payment:onchain": null, "payment:lightning_contactless": null, "payment:lightning:requires_companion_app": null, "payment:lightning:companion_app_url": null, "payment:lightning": null, "outdoor_seating": null, "indoor_seating": null, "description": null, "currency:XBT": null, "check_date:currency:XBT": null, "check_date": null, "addr:city": null, "loc_name": null, "addr:street": null, "beer_garden": null, "ref:ruian:addr": null, "addr:country": null, "addr:conscriptionnumber": null, "contact:facebook": null, "operator": null, "microbrewery": null, "contact:website": null, "contact:phone": null, "contact:email": null, "wikidata": null, "website": null, "brewery": null, "gambling": null, "phone": null, "name:cs": null, "internet_access": null, "email": null, "addr:postcode": null, "addr:place": null, "addr:housenumber": null, "smoking": "no", "opening_hours": null, "wheelchair": null, "name": "Hostinec Katolický dům", "amenity": "pub" }, "geometry": { "type": "Point", "coordinates": [ 18.1703651, 49.6177805 ] } },
{ "type": "Feature", "properties": { "full_id": "n1645850278", "osm_id": "1645850278", "osm_type": "node", "min_age": null, "payment:qerko": null, "diet:vegetarian": null, "cuisine": null, "food": null, "sport": null, "fee": null, "access": null, "takeaway": null, "delivery": null, "alt_name": null, "old_name": null, "leisure": null, "toilets:gender_segregated": null, "toilets": null, "tents": null, "shared_kitchen": null, "power_supply": null, "kitchen": null, "camp_site": null, "cabins": null, "payment:cash": null, "check_date:opening_hours": null, "addr:streetnumber": null, "payment:onchain": null, "payment:lightning_contactless": null, "payment:lightning:requires_companion_app": null, "payment:lightning:companion_app_url": null, "payment:lightning": null, "outdoor_seating": null, "indoor_seating": null, "description": null, "currency:XBT": null, "check_date:currency:XBT": null, "check_date": null, "addr:city": null, "loc_name": "Na Stadionu", "addr:street": null, "beer_garden": null, "ref:ruian:addr": null, "addr:country": null, "addr:conscriptionnumber": null, "contact:facebook": null, "operator": null, "microbrewery": null, "contact:website": null, "contact:phone": null, "contact:email": null, "wikidata": null, "website": "https://cs-cz.facebook.com/www.micani.cz", "brewery": null, "gambling": null, "phone": null, "name:cs": null, "internet_access": null, "email": null, "addr:postcode": null, "addr:place": null, "addr:housenumber": null, "smoking": null, "opening_hours": null, "wheelchair": null, "name": "U Micanu", "amenity": "pub" }, "geometry": { "type": "Point", "coordinates": [ 18.2072017, 49.5523269 ] } },
{ "type": "Feature", "properties": { "full_id": "n1743467161", "osm_id": "1743467161", "osm_type": "node", "min_age": null, "payment:qerko": null, "diet:vegetarian": null, "cuisine": null, "food": null, "sport": null, "fee": null, "access": null, "takeaway": null, "delivery": null, "alt_name": null, "old_name": null, "leisure": null, "toilets:gender_segregated": null, "toilets": null, "tents": null, "shared_kitchen": null, "power_supply": null, "kitchen": null, "camp_site": null, "cabins": null, "payment:cash": null, "check_date:opening_hours": null, "addr:streetnumber": null, "payment:onchain": null, "payment:lightning_contactless": null, "payment:lightning:requires_companion_app": null, "payment:lightning:companion_app_url": null, "payment:lightning": null, "outdoor_seating": null, "indoor_seating": null, "description": null, "currency:XBT": null, "check_date:currency:XBT": null, "check_date": null, "addr:city": null, "loc_name": null, "addr:street": null, "beer_garden": null, "ref:ruian:addr": null, "addr:country": null, "addr:conscriptionnumber": null, "contact:facebook": null, "operator": null, "microbrewery": null, "contact:website": null, "contact:phone": null, "contact:email": null, "wikidata": null, "website": null, "brewery": null, "gambling": null, "phone": null, "name:cs": null, "internet_access": null, "email": null, "addr:postcode": null, "addr:place": null, "addr:housenumber": null, "smoking": null, "opening_hours": null, "wheelchair": null, "name": null, "amenity": "pub" }, "geometry": { "type": "Point", "coordinates": [ 18.368215, 49.6863996 ] } },
{ "type": "Feature", "properties": { "full_id": "n1777913889", "osm_id": "1777913889", "osm_type": "node", "min_age": null, "payment:qerko": null, "diet:vegetarian": null, "cuisine": null, "food": null, "sport": null, "fee": null, "access": null, "takeaway": null, "delivery": null, "alt_name": null, "old_name": null, "leisure": null, "toilets:gender_segregated": null, "toilets": null, "tents": null, "shared_kitchen": null, "power_supply": null, "kitchen": null, "camp_site": null, "cabins": null, "payment:cash": null, "check_date:opening_hours": null, "addr:streetnumber": null, "payment:onchain": "no", "payment:lightning_contactless": "no", "payment:lightning:requires_companion_app": "yes", "payment:lightning:companion_app_url": "https://www.qerko.com", "payment:lightning": "no", "outdoor_seating": "yes", "indoor_seating": "yes", "description": "3rd party app Qerko required for bitcoin payment, Qerko is available only on 6 tables.", "currency:XBT": "yes", "check_date:currency:XBT": "2024-04-12", "check_date": "2023-07-12", "addr:city": "Ostrava", "loc_name": null, "addr:street": "Svornosti", "beer_garden": null, "ref:ruian:addr": null, "addr:country": null, "addr:conscriptionnumber": null, "contact:facebook": null, "operator": null, "microbrewery": null, "contact:website": null, "contact:phone": null, "contact:email": null, "wikidata": null, "website": "https://sbkoliba.cz/", "brewery": null, "gambling": null, "phone": "+420 770 162 047", "name:cs": null, "internet_access": null, "email": "info@sbkoliba.cz", "addr:postcode": "70030", "addr:place": null, "addr:housenumber": "737/100", "smoking": null, "opening_hours": "Mo-Th 11:00-22:00; Fr-Sa 11:00-0:00; Su 11:00-21:00", "wheelchair": null, "name": "Starobělská Koliba", "amenity": "pub" }, "geometry": { "type": "Point", "coordinates": [ 18.2324101, 49.7809323 ] } },
{ "type": "Feature", "properties": { "full_id": "n1806843201", "osm_id": "1806843201", "osm_type": "node", "min_age": null, "payment:qerko": null, "diet:vegetarian": null, "cuisine": null, "food": null, "sport": null, "fee": null, "access": null, "takeaway": null, "delivery": null, "alt_name": null, "old_name": null, "leisure": null, "toilets:gender_segregated": null, "toilets": null, "tents": null, "shared_kitchen": null, "power_supply": null, "kitchen": null, "camp_site": null, "cabins": null, "payment:cash": null, "check_date:opening_hours": null, "addr:streetnumber": null, "payment:onchain": null, "payment:lightning_contactless": null, "payment:lightning:requires_companion_app": null, "payment:lightning:companion_app_url": null, "payment:lightning": null, "outdoor_seating": null, "indoor_seating": null, "description": null, "currency:XBT": null, "check_date:currency:XBT": null, "check_date": null, "addr:city": null, "loc_name": null, "addr:street": null, "beer_garden": null, "ref:ruian:addr": null, "addr:country": null, "addr:conscriptionnumber": null, "contact:facebook": null, "operator": null, "microbrewery": null, "contact:website": null, "contact:phone": null, "contact:email": null, "wikidata": null, "website": null, "brewery": null, "gambling": null, "phone": null, "name:cs": null, "internet_access": null, "email": null, "addr:postcode": null, "addr:place": null, "addr:housenumber": null, "smoking": null, "opening_hours": null, "wheelchair": null, "name": "Zátiší", "amenity": "pub" }, "geometry": { "type": "Point", "coordinates": [ 18.3620534, 49.6984431 ] } },
{ "type": "Feature", "properties": { "full_id": "n1821452990", "osm_id": "1821452990", "osm_type": "node", "min_age": null, "payment:qerko": null, "diet:vegetarian": null, "cuisine": null, "food": null, "sport": null, "fee": null, "access": null, "takeaway": null, "delivery": null, "alt_name": null, "old_name": null, "leisure": null, "toilets:gender_segregated": null, "toilets": null, "tents": null, "shared_kitchen": null, "power_supply": null, "kitchen": null, "camp_site": null, "cabins": null, "payment:cash": null, "check_date:opening_hours": null, "addr:streetnumber": null, "payment:onchain": null, "payment:lightning_contactless": null, "payment:lightning:requires_companion_app": null, "payment:lightning:companion_app_url": null, "payment:lightning": null, "outdoor_seating": null, "indoor_seating": null, "description": null, "currency:XBT": null, "check_date:currency:XBT": null, "check_date": null, "addr:city": null, "loc_name": null, "addr:street": null, "beer_garden": null, "ref:ruian:addr": null, "addr:country": null, "addr:conscriptionnumber": null, "contact:facebook": null, "operator": null, "microbrewery": null, "contact:website": null, "contact:phone": null, "contact:email": null, "wikidata": null, "website": null, "brewery": null, "gambling": null, "phone": null, "name:cs": null, "internet_access": null, "email": null, "addr:postcode": null, "addr:place": null, "addr:housenumber": null, "smoking": null, "opening_hours": "Mo-Th 11:00-23:30, Fr,Sa 11:00-01:00, Su 11:00-22:00", "wheelchair": null, "name": "Restaurace Eliáš", "amenity": "pub" }, "geometry": { "type": "Point", "coordinates": [ 18.2590278, 49.7992916 ] } },
{ "type": "Feature", "properties": { "full_id": "n1863601102", "osm_id": "1863601102", "osm_type": "node", "min_age": null, "payment:qerko": null, "diet:vegetarian": null, "cuisine": null, "food": null, "sport": null, "fee": null, "access": null, "takeaway": null, "delivery": null, "alt_name": null, "old_name": null, "leisure": null, "toilets:gender_segregated": null, "toilets": null, "tents": null, "shared_kitchen": null, "power_supply": null, "kitchen": null, "camp_site": null, "cabins": null, "payment:cash": null, "check_date:opening_hours": null, "addr:streetnumber": null, "payment:onchain": null, "payment:lightning_contactless": null, "payment:lightning:requires_companion_app": null, "payment:lightning:companion_app_url": null, "payment:lightning": null, "outdoor_seating": null, "indoor_seating": null, "description": null, "currency:XBT": null, "check_date:currency:XBT": null, "check_date": null, "addr:city": null, "loc_name": null, "addr:street": null, "beer_garden": null, "ref:ruian:addr": null, "addr:country": null, "addr:conscriptionnumber": null, "contact:facebook": null, "operator": null, "microbrewery": null, "contact:website": null, "contact:phone": null, "contact:email": null, "wikidata": null, "website": null, "brewery": "Radegast", "gambling": null, "phone": null, "name:cs": null, "internet_access": null, "email": null, "addr:postcode": null, "addr:place": null, "addr:housenumber": null, "smoking": null, "opening_hours": null, "wheelchair": null, "name": "Hostinec Ve dvoře", "amenity": "pub" }, "geometry": { "type": "Point", "coordinates": [ 18.2567201, 49.603557 ] } },
{ "type": "Feature", "properties": { "full_id": "n1863998183", "osm_id": "1863998183", "osm_type": "node", "min_age": null, "payment:qerko": null, "diet:vegetarian": null, "cuisine": null, "food": null, "sport": null, "fee": null, "access": null, "takeaway": null, "delivery": null, "alt_name": null, "old_name": null, "leisure": null, "toilets:gender_segregated": null, "toilets": null, "tents": null, "shared_kitchen": null, "power_supply": null, "kitchen": null, "camp_site": null, "cabins": null, "payment:cash": null, "check_date:opening_hours": null, "addr:streetnumber": null, "payment:onchain": null, "payment:lightning_contactless": null, "payment:lightning:requires_companion_app": null, "payment:lightning:companion_app_url": null, "payment:lightning": null, "outdoor_seating": null, "indoor_seating": null, "description": null, "currency:XBT": null, "check_date:currency:XBT": null, "check_date": null, "addr:city": null, "loc_name": null, "addr:street": null, "beer_garden": null, "ref:ruian:addr": null, "addr:country": null, "addr:conscriptionnumber": null, "contact:facebook": null, "operator": null, "microbrewery": null, "contact:website": null, "contact:phone": null, "contact:email": null, "wikidata": null, "website": null, "brewery": null, "gambling": null, "phone": null, "name:cs": null, "internet_access": null, "email": null, "addr:postcode": null, "addr:place": null, "addr:housenumber": null, "smoking": null, "opening_hours": null, "wheelchair": null, "name": "Bosňa", "amenity": "pub" }, "geometry": { "type": "Point", "coordinates": [ 18.2110993, 49.6211064 ] } },
{ "type": "Feature", "properties": { "full_id": "n2061382228", "osm_id": "2061382228", "osm_type": "node", "min_age": null, "payment:qerko": null, "diet:vegetarian": null, "cuisine": null, "food": null, "sport": null, "fee": null, "access": null, "takeaway": null, "delivery": null, "alt_name": null, "old_name": null, "leisure": null, "toilets:gender_segregated": null, "toilets": null, "tents": null, "shared_kitchen": null, "power_supply": null, "kitchen": null, "camp_site": null, "cabins": null, "payment:cash": null, "check_date:opening_hours": null, "addr:streetnumber": null, "payment:onchain": null, "payment:lightning_contactless": null, "payment:lightning:requires_companion_app": null, "payment:lightning:companion_app_url": null, "payment:lightning": null, "outdoor_seating": null, "indoor_seating": null, "description": null, "currency:XBT": null, "check_date:currency:XBT": null, "check_date": null, "addr:city": null, "loc_name": null, "addr:street": null, "beer_garden": null, "ref:ruian:addr": null, "addr:country": null, "addr:conscriptionnumber": null, "contact:facebook": null, "operator": null, "microbrewery": null, "contact:website": null, "contact:phone": null, "contact:email": null, "wikidata": null, "website": null, "brewery": null, "gambling": null, "phone": null, "name:cs": null, "internet_access": null, "email": null, "addr:postcode": null, "addr:place": null, "addr:housenumber": null, "smoking": null, "opening_hours": null, "wheelchair": null, "name": "Kaufland", "amenity": "pub" }, "geometry": { "type": "Point", "coordinates": [ 18.1501088, 49.7077867 ] } },
{ "type": "Feature", "properties": { "full_id": "n2097688558", "osm_id": "2097688558", "osm_type": "node", "min_age": null, "payment:qerko": null, "diet:vegetarian": null, "cuisine": null, "food": null, "sport": null, "fee": null, "access": null, "takeaway": null, "delivery": null, "alt_name": null, "old_name": null, "leisure": null, "toilets:gender_segregated": null, "toilets": null, "tents": null, "shared_kitchen": null, "power_supply": null, "kitchen": null, "camp_site": null, "cabins": null, "payment:cash": null, "check_date:opening_hours": null, "addr:streetnumber": null, "payment:onchain": null, "payment:lightning_contactless": null, "payment:lightning:requires_companion_app": null, "payment:lightning:companion_app_url": null, "payment:lightning": null, "outdoor_seating": null, "indoor_seating": null, "description": null, "currency:XBT": null, "check_date:currency:XBT": null, "check_date": null, "addr:city": null, "loc_name": null, "addr:street": null, "beer_garden": null, "ref:ruian:addr": null, "addr:country": null, "addr:conscriptionnumber": null, "contact:facebook": null, "operator": null, "microbrewery": null, "contact:website": null, "contact:phone": null, "contact:email": null, "wikidata": null, "website": null, "brewery": null, "gambling": null, "phone": null, "name:cs": null, "internet_access": null, "email": null, "addr:postcode": null, "addr:place": null, "addr:housenumber": null, "smoking": null, "opening_hours": null, "wheelchair": null, "name": "U Arnošta", "amenity": "pub" }, "geometry": { "type": "Point", "coordinates": [ 18.3525016, 49.6828773 ] } },
{ "type": "Feature", "properties": { "full_id": "n2098799314", "osm_id": "2098799314", "osm_type": "node", "min_age": null, "payment:qerko": null, "diet:vegetarian": null, "cuisine": null, "food": null, "sport": null, "fee": null, "access": null, "takeaway": null, "delivery": null, "alt_name": null, "old_name": null, "leisure": null, "toilets:gender_segregated": null, "toilets": null, "tents": null, "shared_kitchen": null, "power_supply": null, "kitchen": null, "camp_site": null, "cabins": null, "payment:cash": null, "check_date:opening_hours": null, "addr:streetnumber": null, "payment:onchain": null, "payment:lightning_contactless": null, "payment:lightning:requires_companion_app": null, "payment:lightning:companion_app_url": null, "payment:lightning": null, "outdoor_seating": null, "indoor_seating": null, "description": null, "currency:XBT": null, "check_date:currency:XBT": null, "check_date": null, "addr:city": null, "loc_name": null, "addr:street": null, "beer_garden": null, "ref:ruian:addr": null, "addr:country": null, "addr:conscriptionnumber": null, "contact:facebook": null, "operator": null, "microbrewery": null, "contact:website": null, "contact:phone": null, "contact:email": null, "wikidata": null, "website": "https://vagonbar.cz/", "brewery": null, "gambling": null, "phone": "+420737413002", "name:cs": null, "internet_access": null, "email": "info@vagonbar.cz", "addr:postcode": null, "addr:place": null, "addr:housenumber": null, "smoking": null, "opening_hours": null, "wheelchair": null, "name": "Vagón cafe bar", "amenity": "bar" }, "geometry": { "type": "Point", "coordinates": [ 18.3562445, 49.6697584 ] } },
{ "type": "Feature", "properties": { "full_id": "n2101010235", "osm_id": "2101010235", "osm_type": "node", "min_age": null, "payment:qerko": null, "diet:vegetarian": null, "cuisine": null, "food": null, "sport": null, "fee": null, "access": null, "takeaway": null, "delivery": null, "alt_name": null, "old_name": null, "leisure": null, "toilets:gender_segregated": null, "toilets": null, "tents": null, "shared_kitchen": null, "power_supply": null, "kitchen": null, "camp_site": null, "cabins": null, "payment:cash": null, "check_date:opening_hours": null, "addr:streetnumber": null, "payment:onchain": null, "payment:lightning_contactless": null, "payment:lightning:requires_companion_app": null, "payment:lightning:companion_app_url": null, "payment:lightning": null, "outdoor_seating": null, "indoor_seating": null, "description": null, "currency:XBT": null, "check_date:currency:XBT": null, "check_date": null, "addr:city": null, "loc_name": null, "addr:street": null, "beer_garden": null, "ref:ruian:addr": null, "addr:country": null, "addr:conscriptionnumber": null, "contact:facebook": null, "operator": null, "microbrewery": null, "contact:website": null, "contact:phone": null, "contact:email": null, "wikidata": null, "website": null, "brewery": "Radegast", "gambling": null, "phone": null, "name:cs": null, "internet_access": null, "email": null, "addr:postcode": null, "addr:place": null, "addr:housenumber": null, "smoking": null, "opening_hours": null, "wheelchair": "no", "name": "Pivní pohotovost", "amenity": "pub" }, "geometry": { "type": "Point", "coordinates": [ 18.3477743, 49.6710781 ] } },
{ "type": "Feature", "properties": { "full_id": "n2107214109", "osm_id": "2107214109", "osm_type": "node", "min_age": null, "payment:qerko": null, "diet:vegetarian": null, "cuisine": null, "food": null, "sport": null, "fee": null, "access": null, "takeaway": null, "delivery": null, "alt_name": null, "old_name": null, "leisure": null, "toilets:gender_segregated": null, "toilets": null, "tents": null, "shared_kitchen": null, "power_supply": null, "kitchen": null, "camp_site": null, "cabins": null, "payment:cash": null, "check_date:opening_hours": "2021-08-20", "addr:streetnumber": "1a", "payment:onchain": null, "payment:lightning_contactless": null, "payment:lightning:requires_companion_app": null, "payment:lightning:companion_app_url": null, "payment:lightning": null, "outdoor_seating": null, "indoor_seating": null, "description": null, "currency:XBT": null, "check_date:currency:XBT": null, "check_date": null, "addr:city": null, "loc_name": null, "addr:street": "Oráčova", "beer_garden": null, "ref:ruian:addr": null, "addr:country": "CZ", "addr:conscriptionnumber": "1013", "contact:facebook": null, "operator": null, "microbrewery": null, "contact:website": null, "contact:phone": null, "contact:email": null, "wikidata": null, "website": null, "brewery": null, "gambling": null, "phone": null, "name:cs": null, "internet_access": null, "email": null, "addr:postcode": "70030", "addr:place": "Hrabůvka", "addr:housenumber": "1013/1a", "smoking": null, "opening_hours": "Mo-Fr 14:30-23:00; Sa 16:00-23:00", "wheelchair": null, "name": "Hospůdka u Oráče", "amenity": "pub" }, "geometry": { "type": "Point", "coordinates": [ 18.269557, 49.7822738 ] } },
{ "type": "Feature", "properties": { "full_id": "n2107215822", "osm_id": "2107215822", "osm_type": "node", "min_age": null, "payment:qerko": null, "diet:vegetarian": null, "cuisine": null, "food": null, "sport": null, "fee": null, "access": null, "takeaway": null, "delivery": null, "alt_name": null, "old_name": null, "leisure": null, "toilets:gender_segregated": null, "toilets": null, "tents": null, "shared_kitchen": null, "power_supply": null, "kitchen": null, "camp_site": null, "cabins": null, "payment:cash": null, "check_date:opening_hours": null, "addr:streetnumber": "3b", "payment:onchain": null, "payment:lightning_contactless": null, "payment:lightning:requires_companion_app": null, "payment:lightning:companion_app_url": null, "payment:lightning": null, "outdoor_seating": "yes", "indoor_seating": null, "description": null, "currency:XBT": null, "check_date:currency:XBT": null, "check_date": null, "addr:city": "Ostrava", "loc_name": null, "addr:street": "Cholevova", "beer_garden": null, "ref:ruian:addr": null, "addr:country": "CZ", "addr:conscriptionnumber": "1585", "contact:facebook": null, "operator": null, "microbrewery": null, "contact:website": null, "contact:phone": null, "contact:email": null, "wikidata": null, "website": "https://www.satlava.info/ostrava-hrabuvka-cholevova/", "brewery": "yes", "gambling": null, "phone": null, "name:cs": null, "internet_access": null, "email": null, "addr:postcode": "70030", "addr:place": "Hrabůvka", "addr:housenumber": "1585/3b", "smoking": null, "opening_hours": null, "wheelchair": null, "name": "Šatlava", "amenity": "pub" }, "geometry": { "type": "Point", "coordinates": [ 18.2498964, 49.7840684 ] } },
{ "type": "Feature", "properties": { "full_id": "n2107477417", "osm_id": "2107477417", "osm_type": "node", "min_age": null, "payment:qerko": null, "diet:vegetarian": null, "cuisine": null, "food": null, "sport": null, "fee": null, "access": null, "takeaway": null, "delivery": null, "alt_name": null, "old_name": null, "leisure": null, "toilets:gender_segregated": null, "toilets": null, "tents": null, "shared_kitchen": null, "power_supply": null, "kitchen": null, "camp_site": null, "cabins": null, "payment:cash": null, "check_date:opening_hours": null, "addr:streetnumber": null, "payment:onchain": null, "payment:lightning_contactless": null, "payment:lightning:requires_companion_app": null, "payment:lightning:companion_app_url": null, "payment:lightning": null, "outdoor_seating": null, "indoor_seating": null, "description": null, "currency:XBT": null, "check_date:currency:XBT": null, "check_date": null, "addr:city": null, "loc_name": null, "addr:street": null, "beer_garden": null, "ref:ruian:addr": null, "addr:country": null, "addr:conscriptionnumber": null, "contact:facebook": null, "operator": null, "microbrewery": null, "contact:website": null, "contact:phone": null, "contact:email": null, "wikidata": null, "website": null, "brewery": null, "gambling": null, "phone": null, "name:cs": null, "internet_access": null, "email": null, "addr:postcode": null, "addr:place": null, "addr:housenumber": null, "smoking": null, "opening_hours": null, "wheelchair": null, "name": null, "amenity": "pub" }, "geometry": { "type": "Point", "coordinates": [ 18.288145, 49.6608366 ] } },
{ "type": "Feature", "properties": { "full_id": "n2138925476", "osm_id": "2138925476", "osm_type": "node", "min_age": null, "payment:qerko": null, "diet:vegetarian": null, "cuisine": null, "food": null, "sport": null, "fee": null, "access": null, "takeaway": null, "delivery": null, "alt_name": null, "old_name": null, "leisure": null, "toilets:gender_segregated": null, "toilets": null, "tents": null, "shared_kitchen": null, "power_supply": null, "kitchen": null, "camp_site": null, "cabins": null, "payment:cash": null, "check_date:opening_hours": null, "addr:streetnumber": null, "payment:onchain": null, "payment:lightning_contactless": null, "payment:lightning:requires_companion_app": null, "payment:lightning:companion_app_url": null, "payment:lightning": null, "outdoor_seating": null, "indoor_seating": null, "description": null, "currency:XBT": null, "check_date:currency:XBT": null, "check_date": null, "addr:city": null, "loc_name": null, "addr:street": null, "beer_garden": null, "ref:ruian:addr": null, "addr:country": null, "addr:conscriptionnumber": null, "contact:facebook": null, "operator": null, "microbrewery": null, "contact:website": "http://bar.ustareposty.cz/", "contact:phone": null, "contact:email": null, "wikidata": null, "website": null, "brewery": null, "gambling": null, "phone": null, "name:cs": null, "internet_access": null, "email": null, "addr:postcode": null, "addr:place": null, "addr:housenumber": null, "smoking": null, "opening_hours": null, "wheelchair": null, "name": "Music bar Stará pošta", "amenity": "bar" }, "geometry": { "type": "Point", "coordinates": [ 18.3406239, 49.6765328 ] } },
{ "type": "Feature", "properties": { "full_id": "n2138925479", "osm_id": "2138925479", "osm_type": "node", "min_age": null, "payment:qerko": null, "diet:vegetarian": null, "cuisine": null, "food": null, "sport": null, "fee": null, "access": null, "takeaway": null, "delivery": null, "alt_name": null, "old_name": null, "leisure": null, "toilets:gender_segregated": null, "toilets": null, "tents": null, "shared_kitchen": null, "power_supply": null, "kitchen": null, "camp_site": null, "cabins": null, "payment:cash": null, "check_date:opening_hours": null, "addr:streetnumber": null, "payment:onchain": null, "payment:lightning_contactless": null, "payment:lightning:requires_companion_app": null, "payment:lightning:companion_app_url": null, "payment:lightning": null, "outdoor_seating": null, "indoor_seating": null, "description": null, "currency:XBT": null, "check_date:currency:XBT": null, "check_date": null, "addr:city": null, "loc_name": null, "addr:street": null, "beer_garden": null, "ref:ruian:addr": null, "addr:country": null, "addr:conscriptionnumber": null, "contact:facebook": null, "operator": null, "microbrewery": null, "contact:website": null, "contact:phone": null, "contact:email": null, "wikidata": null, "website": null, "brewery": null, "gambling": null, "phone": null, "name:cs": null, "internet_access": null, "email": null, "addr:postcode": null, "addr:place": null, "addr:housenumber": null, "smoking": null, "opening_hours": null, "wheelchair": null, "name": "Sport bar", "amenity": "bar" }, "geometry": { "type": "Point", "coordinates": [ 18.3407165, 49.6765162 ] } },
{ "type": "Feature", "properties": { "full_id": "n2165835465", "osm_id": "2165835465", "osm_type": "node", "min_age": null, "payment:qerko": null, "diet:vegetarian": null, "cuisine": null, "food": null, "sport": null, "fee": null, "access": null, "takeaway": null, "delivery": null, "alt_name": null, "old_name": null, "leisure": null, "toilets:gender_segregated": null, "toilets": null, "tents": null, "shared_kitchen": null, "power_supply": null, "kitchen": null, "camp_site": null, "cabins": null, "payment:cash": null, "check_date:opening_hours": null, "addr:streetnumber": null, "payment:onchain": null, "payment:lightning_contactless": null, "payment:lightning:requires_companion_app": null, "payment:lightning:companion_app_url": null, "payment:lightning": null, "outdoor_seating": null, "indoor_seating": null, "description": null, "currency:XBT": null, "check_date:currency:XBT": null, "check_date": null, "addr:city": null, "loc_name": null, "addr:street": null, "beer_garden": null, "ref:ruian:addr": null, "addr:country": null, "addr:conscriptionnumber": null, "contact:facebook": null, "operator": null, "microbrewery": null, "contact:website": null, "contact:phone": null, "contact:email": null, "wikidata": null, "website": null, "brewery": null, "gambling": null, "phone": null, "name:cs": null, "internet_access": null, "email": null, "addr:postcode": null, "addr:place": null, "addr:housenumber": null, "smoking": null, "opening_hours": null, "wheelchair": null, "name": null, "amenity": "pub" }, "geometry": { "type": "Point", "coordinates": [ 18.4898175, 49.751043 ] } },
{ "type": "Feature", "properties": { "full_id": "n2212069590", "osm_id": "2212069590", "osm_type": "node", "min_age": null, "payment:qerko": null, "diet:vegetarian": null, "cuisine": null, "food": null, "sport": null, "fee": null, "access": null, "takeaway": null, "delivery": null, "alt_name": null, "old_name": null, "leisure": null, "toilets:gender_segregated": null, "toilets": null, "tents": null, "shared_kitchen": null, "power_supply": null, "kitchen": null, "camp_site": null, "cabins": null, "payment:cash": "yes", "check_date:opening_hours": null, "addr:streetnumber": null, "payment:onchain": null, "payment:lightning_contactless": null, "payment:lightning:requires_companion_app": null, "payment:lightning:companion_app_url": null, "payment:lightning": null, "outdoor_seating": "yes", "indoor_seating": null, "description": null, "currency:XBT": null, "check_date:currency:XBT": null, "check_date": "2024-01-20", "addr:city": null, "loc_name": null, "addr:street": "Smetanova", "beer_garden": null, "ref:ruian:addr": null, "addr:country": null, "addr:conscriptionnumber": null, "contact:facebook": null, "operator": null, "microbrewery": null, "contact:website": null, "contact:phone": null, "contact:email": null, "wikidata": null, "website": null, "brewery": "yes", "gambling": null, "phone": null, "name:cs": null, "internet_access": null, "email": null, "addr:postcode": null, "addr:place": null, "addr:housenumber": "656", "smoking": "isolated", "opening_hours": "Mo-Fr 12:00-23:00; Sa-Su 12:00-01:00", "wheelchair": null, "name": "U kuřátek", "amenity": "pub" }, "geometry": { "type": "Point", "coordinates": [ 18.358106, 49.6856865 ] } },
{ "type": "Feature", "properties": { "full_id": "n2234158648", "osm_id": "2234158648", "osm_type": "node", "min_age": null, "payment:qerko": null, "diet:vegetarian": null, "cuisine": null, "food": null, "sport": null, "fee": null, "access": null, "takeaway": null, "delivery": null, "alt_name": null, "old_name": null, "leisure": null, "toilets:gender_segregated": null, "toilets": null, "tents": null, "shared_kitchen": null, "power_supply": null, "kitchen": null, "camp_site": null, "cabins": null, "payment:cash": null, "check_date:opening_hours": null, "addr:streetnumber": null, "payment:onchain": null, "payment:lightning_contactless": null, "payment:lightning:requires_companion_app": null, "payment:lightning:companion_app_url": null, "payment:lightning": null, "outdoor_seating": null, "indoor_seating": null, "description": null, "currency:XBT": null, "check_date:currency:XBT": null, "check_date": null, "addr:city": null, "loc_name": null, "addr:street": null, "beer_garden": null, "ref:ruian:addr": null, "addr:country": null, "addr:conscriptionnumber": null, "contact:facebook": null, "operator": null, "microbrewery": null, "contact:website": null, "contact:phone": null, "contact:email": null, "wikidata": null, "website": null, "brewery": null, "gambling": null, "phone": null, "name:cs": null, "internet_access": null, "email": null, "addr:postcode": null, "addr:place": null, "addr:housenumber": null, "smoking": null, "opening_hours": null, "wheelchair": null, "name": "U Růženky", "amenity": "pub" }, "geometry": { "type": "Point", "coordinates": [ 18.3710639, 49.79272 ] } },
{ "type": "Feature", "properties": { "full_id": "n2283903565", "osm_id": "2283903565", "osm_type": "node", "min_age": null, "payment:qerko": null, "diet:vegetarian": null, "cuisine": null, "food": null, "sport": null, "fee": null, "access": null, "takeaway": null, "delivery": null, "alt_name": null, "old_name": null, "leisure": null, "toilets:gender_segregated": null, "toilets": null, "tents": null, "shared_kitchen": null, "power_supply": null, "kitchen": null, "camp_site": null, "cabins": null, "payment:cash": null, "check_date:opening_hours": null, "addr:streetnumber": null, "payment:onchain": null, "payment:lightning_contactless": null, "payment:lightning:requires_companion_app": null, "payment:lightning:companion_app_url": null, "payment:lightning": null, "outdoor_seating": null, "indoor_seating": null, "description": null, "currency:XBT": null, "check_date:currency:XBT": null, "check_date": null, "addr:city": null, "loc_name": null, "addr:street": null, "beer_garden": null, "ref:ruian:addr": null, "addr:country": null, "addr:conscriptionnumber": null, "contact:facebook": null, "operator": null, "microbrewery": null, "contact:website": null, "contact:phone": null, "contact:email": null, "wikidata": null, "website": null, "brewery": null, "gambling": null, "phone": null, "name:cs": null, "internet_access": null, "email": null, "addr:postcode": null, "addr:place": null, "addr:housenumber": null, "smoking": null, "opening_hours": null, "wheelchair": null, "name": "U Ramsese", "amenity": "pub" }, "geometry": { "type": "Point", "coordinates": [ 18.3555291, 49.798073 ] } },
{ "type": "Feature", "properties": { "full_id": "n2306947239", "osm_id": "2306947239", "osm_type": "node", "min_age": null, "payment:qerko": null, "diet:vegetarian": null, "cuisine": null, "food": null, "sport": null, "fee": null, "access": null, "takeaway": null, "delivery": null, "alt_name": null, "old_name": null, "leisure": null, "toilets:gender_segregated": null, "toilets": null, "tents": null, "shared_kitchen": null, "power_supply": null, "kitchen": null, "camp_site": null, "cabins": null, "payment:cash": null, "check_date:opening_hours": null, "addr:streetnumber": null, "payment:onchain": null, "payment:lightning_contactless": null, "payment:lightning:requires_companion_app": null, "payment:lightning:companion_app_url": null, "payment:lightning": null, "outdoor_seating": null, "indoor_seating": null, "description": null, "currency:XBT": null, "check_date:currency:XBT": null, "check_date": null, "addr:city": null, "loc_name": null, "addr:street": null, "beer_garden": null, "ref:ruian:addr": null, "addr:country": null, "addr:conscriptionnumber": null, "contact:facebook": null, "operator": null, "microbrewery": null, "contact:website": null, "contact:phone": null, "contact:email": null, "wikidata": null, "website": null, "brewery": null, "gambling": null, "phone": null, "name:cs": null, "internet_access": null, "email": null, "addr:postcode": null, "addr:place": null, "addr:housenumber": null, "smoking": null, "opening_hours": null, "wheelchair": null, "name": "No. 101", "amenity": "bar" }, "geometry": { "type": "Point", "coordinates": [ 18.3578024, 49.679706 ] } },
{ "type": "Feature", "properties": { "full_id": "n2332717033", "osm_id": "2332717033", "osm_type": "node", "min_age": null, "payment:qerko": null, "diet:vegetarian": null, "cuisine": null, "food": null, "sport": null, "fee": null, "access": null, "takeaway": null, "delivery": null, "alt_name": null, "old_name": null, "leisure": null, "toilets:gender_segregated": null, "toilets": null, "tents": null, "shared_kitchen": null, "power_supply": null, "kitchen": null, "camp_site": null, "cabins": null, "payment:cash": null, "check_date:opening_hours": null, "addr:streetnumber": null, "payment:onchain": null, "payment:lightning_contactless": null, "payment:lightning:requires_companion_app": null, "payment:lightning:companion_app_url": null, "payment:lightning": null, "outdoor_seating": null, "indoor_seating": null, "description": null, "currency:XBT": null, "check_date:currency:XBT": null, "check_date": null, "addr:city": null, "loc_name": null, "addr:street": null, "beer_garden": null, "ref:ruian:addr": null, "addr:country": null, "addr:conscriptionnumber": null, "contact:facebook": null, "operator": null, "microbrewery": null, "contact:website": null, "contact:phone": null, "contact:email": null, "wikidata": null, "website": null, "brewery": "Radegast", "gambling": null, "phone": null, "name:cs": null, "internet_access": null, "email": null, "addr:postcode": null, "addr:place": null, "addr:housenumber": null, "smoking": null, "opening_hours": "Mo-Fr 14:00-22:00; Sa,Su 11:00-22:00", "wheelchair": null, "name": "U Tomaša", "amenity": "pub" }, "geometry": { "type": "Point", "coordinates": [ 18.3738647, 49.7854284 ] } },
{ "type": "Feature", "properties": { "full_id": "n2333133281", "osm_id": "2333133281", "osm_type": "node", "min_age": null, "payment:qerko": null, "diet:vegetarian": null, "cuisine": null, "food": null, "sport": null, "fee": null, "access": null, "takeaway": null, "delivery": null, "alt_name": null, "old_name": null, "leisure": null, "toilets:gender_segregated": "yes", "toilets": "yes", "tents": "yes", "shared_kitchen": "yes", "power_supply": "yes", "kitchen": "yes", "camp_site": "standard", "cabins": "yes", "payment:cash": null, "check_date:opening_hours": null, "addr:streetnumber": null, "payment:onchain": null, "payment:lightning_contactless": null, "payment:lightning:requires_companion_app": null, "payment:lightning:companion_app_url": null, "payment:lightning": null, "outdoor_seating": null, "indoor_seating": null, "description": "Recreational facility with cabins, tent pitches and shared sanitary facilities near Těrlická reservoir", "currency:XBT": null, "check_date:currency:XBT": null, "check_date": null, "addr:city": null, "loc_name": null, "addr:street": null, "beer_garden": null, "ref:ruian:addr": null, "addr:country": null, "addr:conscriptionnumber": null, "contact:facebook": null, "operator": null, "microbrewery": null, "contact:website": null, "contact:phone": null, "contact:email": null, "wikidata": null, "website": null, "brewery": null, "gambling": null, "phone": "+420 603 364 032", "name:cs": null, "internet_access": null, "email": null, "addr:postcode": null, "addr:place": null, "addr:housenumber": null, "smoking": null, "opening_hours": null, "wheelchair": null, "name": "Na vyhlídce", "amenity": "pub" }, "geometry": { "type": "Point", "coordinates": [ 18.4920309, 49.75982 ] } },
{ "type": "Feature", "properties": { "full_id": "n2337513901", "osm_id": "2337513901", "osm_type": "node", "min_age": null, "payment:qerko": null, "diet:vegetarian": null, "cuisine": null, "food": null, "sport": null, "fee": null, "access": null, "takeaway": null, "delivery": null, "alt_name": null, "old_name": null, "leisure": null, "toilets:gender_segregated": null, "toilets": null, "tents": null, "shared_kitchen": null, "power_supply": null, "kitchen": null, "camp_site": null, "cabins": null, "payment:cash": null, "check_date:opening_hours": null, "addr:streetnumber": null, "payment:onchain": null, "payment:lightning_contactless": null, "payment:lightning:requires_companion_app": null, "payment:lightning:companion_app_url": null, "payment:lightning": null, "outdoor_seating": null, "indoor_seating": null, "description": null, "currency:XBT": null, "check_date:currency:XBT": null, "check_date": null, "addr:city": null, "loc_name": null, "addr:street": null, "beer_garden": null, "ref:ruian:addr": null, "addr:country": null, "addr:conscriptionnumber": null, "contact:facebook": null, "operator": null, "microbrewery": null, "contact:website": null, "contact:phone": null, "contact:email": null, "wikidata": null, "website": null, "brewery": "Radegast", "gambling": null, "phone": null, "name:cs": null, "internet_access": null, "email": null, "addr:postcode": null, "addr:place": null, "addr:housenumber": null, "smoking": null, "opening_hours": null, "wheelchair": null, "name": "beach bar", "amenity": "bar" }, "geometry": { "type": "Point", "coordinates": [ 18.3093414, 49.6633653 ] } },
{ "type": "Feature", "properties": { "full_id": "n2395312455", "osm_id": "2395312455", "osm_type": "node", "min_age": null, "payment:qerko": null, "diet:vegetarian": null, "cuisine": null, "food": null, "sport": null, "fee": null, "access": null, "takeaway": null, "delivery": null, "alt_name": null, "old_name": "Rebel", "leisure": "adult_gaming_centre", "toilets:gender_segregated": null, "toilets": null, "tents": null, "shared_kitchen": null, "power_supply": null, "kitchen": null, "camp_site": null, "cabins": null, "payment:cash": null, "check_date:opening_hours": null, "addr:streetnumber": null, "payment:onchain": null, "payment:lightning_contactless": null, "payment:lightning:requires_companion_app": null, "payment:lightning:companion_app_url": null, "payment:lightning": null, "outdoor_seating": "yes", "indoor_seating": null, "description": null, "currency:XBT": null, "check_date:currency:XBT": null, "check_date": null, "addr:city": null, "loc_name": null, "addr:street": null, "beer_garden": null, "ref:ruian:addr": null, "addr:country": null, "addr:conscriptionnumber": null, "contact:facebook": null, "operator": null, "microbrewery": null, "contact:website": null, "contact:phone": null, "contact:email": null, "wikidata": null, "website": null, "brewery": null, "gambling": null, "phone": null, "name:cs": null, "internet_access": null, "email": null, "addr:postcode": null, "addr:place": null, "addr:housenumber": null, "smoking": "no", "opening_hours": "24/7", "wheelchair": "no", "name": "Kovárna pub", "amenity": "pub" }, "geometry": { "type": "Point", "coordinates": [ 18.1506892, 49.6417843 ] } },
{ "type": "Feature", "properties": { "full_id": "n2423286999", "osm_id": "2423286999", "osm_type": "node", "min_age": null, "payment:qerko": null, "diet:vegetarian": null, "cuisine": null, "food": null, "sport": null, "fee": null, "access": null, "takeaway": null, "delivery": null, "alt_name": null, "old_name": null, "leisure": null, "toilets:gender_segregated": null, "toilets": null, "tents": null, "shared_kitchen": null, "power_supply": null, "kitchen": null, "camp_site": null, "cabins": null, "payment:cash": null, "check_date:opening_hours": null, "addr:streetnumber": null, "payment:onchain": null, "payment:lightning_contactless": null, "payment:lightning:requires_companion_app": null, "payment:lightning:companion_app_url": null, "payment:lightning": null, "outdoor_seating": null, "indoor_seating": null, "description": null, "currency:XBT": null, "check_date:currency:XBT": null, "check_date": null, "addr:city": null, "loc_name": null, "addr:street": null, "beer_garden": null, "ref:ruian:addr": null, "addr:country": null, "addr:conscriptionnumber": null, "contact:facebook": null, "operator": null, "microbrewery": null, "contact:website": null, "contact:phone": null, "contact:email": null, "wikidata": null, "website": null, "brewery": null, "gambling": null, "phone": null, "name:cs": null, "internet_access": null, "email": null, "addr:postcode": null, "addr:place": null, "addr:housenumber": null, "smoking": null, "opening_hours": null, "wheelchair": null, "name": "Orlovna", "amenity": "pub" }, "geometry": { "type": "Point", "coordinates": [ 18.2913787, 49.7305121 ] } },
{ "type": "Feature", "properties": { "full_id": "n2423287042", "osm_id": "2423287042", "osm_type": "node", "min_age": null, "payment:qerko": null, "diet:vegetarian": null, "cuisine": null, "food": null, "sport": null, "fee": null, "access": null, "takeaway": null, "delivery": null, "alt_name": null, "old_name": null, "leisure": null, "toilets:gender_segregated": null, "toilets": null, "tents": null, "shared_kitchen": null, "power_supply": null, "kitchen": null, "camp_site": null, "cabins": null, "payment:cash": null, "check_date:opening_hours": null, "addr:streetnumber": null, "payment:onchain": null, "payment:lightning_contactless": null, "payment:lightning:requires_companion_app": null, "payment:lightning:companion_app_url": null, "payment:lightning": null, "outdoor_seating": null, "indoor_seating": null, "description": null, "currency:XBT": null, "check_date:currency:XBT": null, "check_date": null, "addr:city": null, "loc_name": null, "addr:street": null, "beer_garden": null, "ref:ruian:addr": null, "addr:country": null, "addr:conscriptionnumber": null, "contact:facebook": null, "operator": null, "microbrewery": null, "contact:website": null, "contact:phone": null, "contact:email": null, "wikidata": null, "website": null, "brewery": null, "gambling": null, "phone": null, "name:cs": null, "internet_access": null, "email": null, "addr:postcode": null, "addr:place": null, "addr:housenumber": null, "smoking": null, "opening_hours": null, "wheelchair": null, "name": "U Floriána", "amenity": "pub" }, "geometry": { "type": "Point", "coordinates": [ 18.2911453, 49.7338858 ] } },
{ "type": "Feature", "properties": { "full_id": "n2423287234", "osm_id": "2423287234", "osm_type": "node", "min_age": null, "payment:qerko": null, "diet:vegetarian": null, "cuisine": null, "food": null, "sport": null, "fee": null, "access": null, "takeaway": null, "delivery": null, "alt_name": null, "old_name": null, "leisure": null, "toilets:gender_segregated": null, "toilets": null, "tents": null, "shared_kitchen": null, "power_supply": null, "kitchen": null, "camp_site": null, "cabins": null, "payment:cash": null, "check_date:opening_hours": null, "addr:streetnumber": null, "payment:onchain": null, "payment:lightning_contactless": null, "payment:lightning:requires_companion_app": null, "payment:lightning:companion_app_url": null, "payment:lightning": null, "outdoor_seating": null, "indoor_seating": null, "description": null, "currency:XBT": null, "check_date:currency:XBT": null, "check_date": null, "addr:city": null, "loc_name": null, "addr:street": null, "beer_garden": null, "ref:ruian:addr": null, "addr:country": null, "addr:conscriptionnumber": null, "contact:facebook": null, "operator": null, "microbrewery": null, "contact:website": null, "contact:phone": null, "contact:email": null, "wikidata": null, "website": null, "brewery": null, "gambling": null, "phone": null, "name:cs": null, "internet_access": null, "email": null, "addr:postcode": null, "addr:place": null, "addr:housenumber": null, "smoking": null, "opening_hours": null, "wheelchair": null, "name": "Sport bar U kašny", "amenity": "bar" }, "geometry": { "type": "Point", "coordinates": [ 18.2911373, 49.7339656 ] } },
{ "type": "Feature", "properties": { "full_id": "n2454507382", "osm_id": "2454507382", "osm_type": "node", "min_age": null, "payment:qerko": null, "diet:vegetarian": null, "cuisine": null, "food": null, "sport": null, "fee": null, "access": null, "takeaway": null, "delivery": null, "alt_name": null, "old_name": null, "leisure": null, "toilets:gender_segregated": null, "toilets": null, "tents": null, "shared_kitchen": null, "power_supply": null, "kitchen": null, "camp_site": null, "cabins": null, "payment:cash": null, "check_date:opening_hours": null, "addr:streetnumber": null, "payment:onchain": null, "payment:lightning_contactless": null, "payment:lightning:requires_companion_app": null, "payment:lightning:companion_app_url": null, "payment:lightning": null, "outdoor_seating": "yes", "indoor_seating": null, "description": null, "currency:XBT": null, "check_date:currency:XBT": null, "check_date": null, "addr:city": null, "loc_name": null, "addr:street": null, "beer_garden": null, "ref:ruian:addr": null, "addr:country": null, "addr:conscriptionnumber": null, "contact:facebook": null, "operator": null, "microbrewery": null, "contact:website": null, "contact:phone": null, "contact:email": null, "wikidata": null, "website": null, "brewery": null, "gambling": null, "phone": null, "name:cs": null, "internet_access": "no", "email": null, "addr:postcode": null, "addr:place": null, "addr:housenumber": null, "smoking": "no", "opening_hours": null, "wheelchair": "no", "name": "Občerstvení Orinoko", "amenity": "pub" }, "geometry": { "type": "Point", "coordinates": [ 18.1526556, 49.6270985 ] } },
{ "type": "Feature", "properties": { "full_id": "n2458511212", "osm_id": "2458511212", "osm_type": "node", "min_age": null, "payment:qerko": null, "diet:vegetarian": null, "cuisine": null, "food": null, "sport": null, "fee": null, "access": null, "takeaway": null, "delivery": null, "alt_name": null, "old_name": null, "leisure": null, "toilets:gender_segregated": null, "toilets": null, "tents": null, "shared_kitchen": null, "power_supply": null, "kitchen": null, "camp_site": null, "cabins": null, "payment:cash": null, "check_date:opening_hours": null, "addr:streetnumber": null, "payment:onchain": null, "payment:lightning_contactless": null, "payment:lightning:requires_companion_app": null, "payment:lightning:companion_app_url": null, "payment:lightning": null, "outdoor_seating": null, "indoor_seating": null, "description": null, "currency:XBT": null, "check_date:currency:XBT": null, "check_date": null, "addr:city": null, "loc_name": null, "addr:street": null, "beer_garden": null, "ref:ruian:addr": null, "addr:country": null, "addr:conscriptionnumber": null, "contact:facebook": null, "operator": null, "microbrewery": null, "contact:website": null, "contact:phone": null, "contact:email": null, "wikidata": null, "website": null, "brewery": null, "gambling": null, "phone": null, "name:cs": null, "internet_access": null, "email": null, "addr:postcode": null, "addr:place": null, "addr:housenumber": null, "smoking": "no", "opening_hours": null, "wheelchair": null, "name": "Hostinec Hájov", "amenity": "pub" }, "geometry": { "type": "Point", "coordinates": [ 18.1903563, 49.6360475 ] } },
{ "type": "Feature", "properties": { "full_id": "n2475339680", "osm_id": "2475339680", "osm_type": "node", "min_age": null, "payment:qerko": null, "diet:vegetarian": null, "cuisine": null, "food": null, "sport": null, "fee": null, "access": null, "takeaway": null, "delivery": null, "alt_name": null, "old_name": null, "leisure": null, "toilets:gender_segregated": null, "toilets": null, "tents": null, "shared_kitchen": null, "power_supply": null, "kitchen": null, "camp_site": null, "cabins": null, "payment:cash": null, "check_date:opening_hours": null, "addr:streetnumber": null, "payment:onchain": null, "payment:lightning_contactless": null, "payment:lightning:requires_companion_app": null, "payment:lightning:companion_app_url": null, "payment:lightning": null, "outdoor_seating": null, "indoor_seating": null, "description": null, "currency:XBT": null, "check_date:currency:XBT": null, "check_date": null, "addr:city": null, "loc_name": null, "addr:street": null, "beer_garden": null, "ref:ruian:addr": null, "addr:country": null, "addr:conscriptionnumber": null, "contact:facebook": null, "operator": null, "microbrewery": null, "contact:website": null, "contact:phone": null, "contact:email": null, "wikidata": null, "website": null, "brewery": null, "gambling": null, "phone": null, "name:cs": null, "internet_access": null, "email": null, "addr:postcode": null, "addr:place": null, "addr:housenumber": null, "smoking": null, "opening_hours": null, "wheelchair": null, "name": "Hostinec Pod Ořechem", "amenity": "pub" }, "geometry": { "type": "Point", "coordinates": [ 18.2940448, 49.5979447 ] } },
{ "type": "Feature", "properties": { "full_id": "n2475339716", "osm_id": "2475339716", "osm_type": "node", "min_age": null, "payment:qerko": null, "diet:vegetarian": null, "cuisine": null, "food": null, "sport": null, "fee": null, "access": null, "takeaway": null, "delivery": null, "alt_name": null, "old_name": null, "leisure": null, "toilets:gender_segregated": null, "toilets": null, "tents": null, "shared_kitchen": null, "power_supply": null, "kitchen": null, "camp_site": null, "cabins": null, "payment:cash": null, "check_date:opening_hours": null, "addr:streetnumber": null, "payment:onchain": null, "payment:lightning_contactless": null, "payment:lightning:requires_companion_app": null, "payment:lightning:companion_app_url": null, "payment:lightning": null, "outdoor_seating": null, "indoor_seating": null, "description": null, "currency:XBT": null, "check_date:currency:XBT": null, "check_date": null, "addr:city": null, "loc_name": null, "addr:street": null, "beer_garden": null, "ref:ruian:addr": null, "addr:country": null, "addr:conscriptionnumber": null, "contact:facebook": null, "operator": null, "microbrewery": null, "contact:website": null, "contact:phone": null, "contact:email": null, "wikidata": null, "website": null, "brewery": "Koníček", "gambling": null, "phone": null, "name:cs": null, "internet_access": null, "email": null, "addr:postcode": null, "addr:place": null, "addr:housenumber": null, "smoking": null, "opening_hours": null, "wheelchair": null, "name": "pohostinství Obecník", "amenity": "pub" }, "geometry": { "type": "Point", "coordinates": [ 18.2980248, 49.5969157 ] } },
{ "type": "Feature", "properties": { "full_id": "n2542722675", "osm_id": "2542722675", "osm_type": "node", "min_age": null, "payment:qerko": null, "diet:vegetarian": null, "cuisine": null, "food": null, "sport": null, "fee": null, "access": null, "takeaway": null, "delivery": null, "alt_name": null, "old_name": null, "leisure": null, "toilets:gender_segregated": null, "toilets": null, "tents": null, "shared_kitchen": null, "power_supply": null, "kitchen": null, "camp_site": null, "cabins": null, "payment:cash": null, "check_date:opening_hours": null, "addr:streetnumber": null, "payment:onchain": null, "payment:lightning_contactless": null, "payment:lightning:requires_companion_app": null, "payment:lightning:companion_app_url": null, "payment:lightning": null, "outdoor_seating": null, "indoor_seating": null, "description": null, "currency:XBT": null, "check_date:currency:XBT": null, "check_date": null, "addr:city": null, "loc_name": null, "addr:street": null, "beer_garden": null, "ref:ruian:addr": null, "addr:country": null, "addr:conscriptionnumber": null, "contact:facebook": null, "operator": null, "microbrewery": null, "contact:website": null, "contact:phone": null, "contact:email": null, "wikidata": null, "website": null, "brewery": null, "gambling": null, "phone": null, "name:cs": null, "internet_access": null, "email": null, "addr:postcode": null, "addr:place": null, "addr:housenumber": null, "smoking": null, "opening_hours": null, "wheelchair": null, "name": "Hospůdka AM", "amenity": "pub" }, "geometry": { "type": "Point", "coordinates": [ 18.3626877, 49.6167469 ] } },
{ "type": "Feature", "properties": { "full_id": "n2603001832", "osm_id": "2603001832", "osm_type": "node", "min_age": null, "payment:qerko": null, "diet:vegetarian": null, "cuisine": null, "food": null, "sport": null, "fee": null, "access": null, "takeaway": null, "delivery": null, "alt_name": null, "old_name": null, "leisure": null, "toilets:gender_segregated": null, "toilets": null, "tents": null, "shared_kitchen": null, "power_supply": null, "kitchen": null, "camp_site": null, "cabins": null, "payment:cash": null, "check_date:opening_hours": null, "addr:streetnumber": null, "payment:onchain": null, "payment:lightning_contactless": null, "payment:lightning:requires_companion_app": null, "payment:lightning:companion_app_url": null, "payment:lightning": null, "outdoor_seating": null, "indoor_seating": null, "description": null, "currency:XBT": null, "check_date:currency:XBT": null, "check_date": null, "addr:city": null, "loc_name": null, "addr:street": null, "beer_garden": null, "ref:ruian:addr": null, "addr:country": null, "addr:conscriptionnumber": null, "contact:facebook": null, "operator": null, "microbrewery": null, "contact:website": null, "contact:phone": null, "contact:email": null, "wikidata": null, "website": null, "brewery": null, "gambling": null, "phone": null, "name:cs": null, "internet_access": null, "email": null, "addr:postcode": null, "addr:place": null, "addr:housenumber": null, "smoking": null, "opening_hours": null, "wheelchair": null, "name": "Sport", "amenity": "pub" }, "geometry": { "type": "Point", "coordinates": [ 18.2225878, 49.7813264 ] } },
{ "type": "Feature", "properties": { "full_id": "n2605960156", "osm_id": "2605960156", "osm_type": "node", "min_age": null, "payment:qerko": null, "diet:vegetarian": null, "cuisine": null, "food": null, "sport": null, "fee": null, "access": null, "takeaway": null, "delivery": null, "alt_name": null, "old_name": null, "leisure": null, "toilets:gender_segregated": null, "toilets": null, "tents": null, "shared_kitchen": null, "power_supply": null, "kitchen": null, "camp_site": null, "cabins": null, "payment:cash": null, "check_date:opening_hours": null, "addr:streetnumber": null, "payment:onchain": null, "payment:lightning_contactless": null, "payment:lightning:requires_companion_app": null, "payment:lightning:companion_app_url": null, "payment:lightning": null, "outdoor_seating": null, "indoor_seating": null, "description": null, "currency:XBT": null, "check_date:currency:XBT": null, "check_date": null, "addr:city": null, "loc_name": null, "addr:street": null, "beer_garden": null, "ref:ruian:addr": null, "addr:country": null, "addr:conscriptionnumber": null, "contact:facebook": null, "operator": null, "microbrewery": null, "contact:website": null, "contact:phone": null, "contact:email": null, "wikidata": null, "website": null, "brewery": null, "gambling": null, "phone": null, "name:cs": null, "internet_access": null, "email": null, "addr:postcode": null, "addr:place": null, "addr:housenumber": null, "smoking": null, "opening_hours": "Su-Th 08:00-24:00, Fr,Sa 08:00-01:00", "wheelchair": null, "name": "Tipsport", "amenity": "pub" }, "geometry": { "type": "Point", "coordinates": [ 18.4294274, 49.7798596 ] } },
{ "type": "Feature", "properties": { "full_id": "n2791133998", "osm_id": "2791133998", "osm_type": "node", "min_age": null, "payment:qerko": null, "diet:vegetarian": null, "cuisine": null, "food": null, "sport": null, "fee": null, "access": null, "takeaway": null, "delivery": null, "alt_name": null, "old_name": null, "leisure": null, "toilets:gender_segregated": null, "toilets": null, "tents": null, "shared_kitchen": null, "power_supply": null, "kitchen": null, "camp_site": null, "cabins": null, "payment:cash": null, "check_date:opening_hours": null, "addr:streetnumber": null, "payment:onchain": null, "payment:lightning_contactless": null, "payment:lightning:requires_companion_app": null, "payment:lightning:companion_app_url": null, "payment:lightning": null, "outdoor_seating": null, "indoor_seating": null, "description": null, "currency:XBT": null, "check_date:currency:XBT": null, "check_date": null, "addr:city": null, "loc_name": null, "addr:street": null, "beer_garden": null, "ref:ruian:addr": null, "addr:country": null, "addr:conscriptionnumber": "243", "contact:facebook": null, "operator": null, "microbrewery": null, "contact:website": null, "contact:phone": null, "contact:email": null, "wikidata": null, "website": null, "brewery": null, "gambling": null, "phone": null, "name:cs": null, "internet_access": null, "email": null, "addr:postcode": "73938", "addr:place": "Soběšovice", "addr:housenumber": "243", "smoking": null, "opening_hours": "Oct-Aug off", "wheelchair": null, "name": "STORM bar", "amenity": "bar" }, "geometry": { "type": "Point", "coordinates": [ 18.455094, 49.7272832 ] } },
{ "type": "Feature", "properties": { "full_id": "n2836511506", "osm_id": "2836511506", "osm_type": "node", "min_age": null, "payment:qerko": null, "diet:vegetarian": null, "cuisine": null, "food": null, "sport": null, "fee": null, "access": null, "takeaway": null, "delivery": null, "alt_name": null, "old_name": null, "leisure": null, "toilets:gender_segregated": null, "toilets": null, "tents": null, "shared_kitchen": null, "power_supply": null, "kitchen": null, "camp_site": null, "cabins": null, "payment:cash": null, "check_date:opening_hours": null, "addr:streetnumber": null, "payment:onchain": null, "payment:lightning_contactless": null, "payment:lightning:requires_companion_app": null, "payment:lightning:companion_app_url": null, "payment:lightning": null, "outdoor_seating": null, "indoor_seating": null, "description": null, "currency:XBT": null, "check_date:currency:XBT": null, "check_date": null, "addr:city": null, "loc_name": null, "addr:street": null, "beer_garden": null, "ref:ruian:addr": null, "addr:country": null, "addr:conscriptionnumber": null, "contact:facebook": null, "operator": null, "microbrewery": null, "contact:website": null, "contact:phone": null, "contact:email": null, "wikidata": null, "website": null, "brewery": null, "gambling": null, "phone": null, "name:cs": null, "internet_access": null, "email": null, "addr:postcode": null, "addr:place": null, "addr:housenumber": null, "smoking": null, "opening_hours": null, "wheelchair": null, "name": "U Kubalů", "amenity": "pub" }, "geometry": { "type": "Point", "coordinates": [ 18.3183073, 49.6369286 ] } },
{ "type": "Feature", "properties": { "full_id": "n2880738309", "osm_id": "2880738309", "osm_type": "node", "min_age": null, "payment:qerko": null, "diet:vegetarian": null, "cuisine": null, "food": null, "sport": null, "fee": null, "access": null, "takeaway": null, "delivery": null, "alt_name": null, "old_name": null, "leisure": null, "toilets:gender_segregated": null, "toilets": null, "tents": null, "shared_kitchen": null, "power_supply": null, "kitchen": null, "camp_site": null, "cabins": null, "payment:cash": null, "check_date:opening_hours": null, "addr:streetnumber": null, "payment:onchain": null, "payment:lightning_contactless": null, "payment:lightning:requires_companion_app": null, "payment:lightning:companion_app_url": null, "payment:lightning": null, "outdoor_seating": null, "indoor_seating": null, "description": null, "currency:XBT": null, "check_date:currency:XBT": null, "check_date": null, "addr:city": null, "loc_name": null, "addr:street": null, "beer_garden": null, "ref:ruian:addr": null, "addr:country": null, "addr:conscriptionnumber": null, "contact:facebook": null, "operator": null, "microbrewery": null, "contact:website": null, "contact:phone": null, "contact:email": null, "wikidata": null, "website": null, "brewery": "Koníček", "gambling": null, "phone": null, "name:cs": null, "internet_access": null, "email": null, "addr:postcode": null, "addr:place": null, "addr:housenumber": null, "smoking": null, "opening_hours": null, "wheelchair": null, "name": "U Čendy", "amenity": "pub" }, "geometry": { "type": "Point", "coordinates": [ 18.353984, 49.6350663 ] } },
{ "type": "Feature", "properties": { "full_id": "n2916498114", "osm_id": "2916498114", "osm_type": "node", "min_age": null, "payment:qerko": null, "diet:vegetarian": null, "cuisine": null, "food": null, "sport": null, "fee": null, "access": null, "takeaway": null, "delivery": null, "alt_name": null, "old_name": null, "leisure": null, "toilets:gender_segregated": null, "toilets": null, "tents": null, "shared_kitchen": null, "power_supply": null, "kitchen": null, "camp_site": null, "cabins": null, "payment:cash": null, "check_date:opening_hours": null, "addr:streetnumber": null, "payment:onchain": null, "payment:lightning_contactless": null, "payment:lightning:requires_companion_app": null, "payment:lightning:companion_app_url": null, "payment:lightning": null, "outdoor_seating": null, "indoor_seating": null, "description": null, "currency:XBT": null, "check_date:currency:XBT": null, "check_date": null, "addr:city": null, "loc_name": null, "addr:street": null, "beer_garden": null, "ref:ruian:addr": null, "addr:country": null, "addr:conscriptionnumber": null, "contact:facebook": null, "operator": null, "microbrewery": null, "contact:website": null, "contact:phone": null, "contact:email": null, "wikidata": null, "website": "http://www.uplaze.cz/", "brewery": "Radegast;Pilsner Urquell;Primátor;Kozel;Paulaner;Hoegaarden;Leffe;Stella Artois", "gambling": null, "phone": null, "name:cs": null, "internet_access": null, "email": null, "addr:postcode": null, "addr:place": null, "addr:housenumber": null, "smoking": null, "opening_hours": null, "wheelchair": null, "name": "U pláže", "amenity": "pub" }, "geometry": { "type": "Point", "coordinates": [ 18.3825432, 49.6484453 ] } },
{ "type": "Feature", "properties": { "full_id": "n2963243559", "osm_id": "2963243559", "osm_type": "node", "min_age": null, "payment:qerko": null, "diet:vegetarian": null, "cuisine": null, "food": null, "sport": null, "fee": null, "access": null, "takeaway": "no", "delivery": "no", "alt_name": "Hukvaldský pivovar", "old_name": "Hospoda u Vajta", "leisure": null, "toilets:gender_segregated": null, "toilets": null, "tents": null, "shared_kitchen": null, "power_supply": null, "kitchen": null, "camp_site": null, "cabins": null, "payment:cash": null, "check_date:opening_hours": null, "addr:streetnumber": null, "payment:onchain": null, "payment:lightning_contactless": null, "payment:lightning:requires_companion_app": null, "payment:lightning:companion_app_url": null, "payment:lightning": null, "outdoor_seating": "yes", "indoor_seating": null, "description": null, "currency:XBT": null, "check_date:currency:XBT": null, "check_date": null, "addr:city": null, "loc_name": null, "addr:street": null, "beer_garden": null, "ref:ruian:addr": null, "addr:country": null, "addr:conscriptionnumber": null, "contact:facebook": null, "operator": null, "microbrewery": "yes", "contact:website": null, "contact:phone": null, "contact:email": null, "wikidata": "Q12037721", "website": "http://www.pivovar-hukvaldy.cz/", "brewery": "Hukvaldské pivo", "gambling": null, "phone": null, "name:cs": null, "internet_access": null, "email": "pivovar.hukvaldy@atlas.cz", "addr:postcode": null, "addr:place": null, "addr:housenumber": null, "smoking": "no", "opening_hours": "Mo-Th 10:00-22:00; Fr 10:00-24:00; Sa 10:00-23:00; Su 10:00-21:00", "wheelchair": null, "name": "Hostinec a minipivovar U Štamgastů", "amenity": "pub" }, "geometry": { "type": "Point", "coordinates": [ 18.2166206, 49.6342136 ] } },
{ "type": "Feature", "properties": { "full_id": "n3040046568", "osm_id": "3040046568", "osm_type": "node", "min_age": null, "payment:qerko": null, "diet:vegetarian": null, "cuisine": null, "food": null, "sport": null, "fee": null, "access": null, "takeaway": null, "delivery": null, "alt_name": null, "old_name": null, "leisure": null, "toilets:gender_segregated": null, "toilets": null, "tents": null, "shared_kitchen": null, "power_supply": null, "kitchen": null, "camp_site": null, "cabins": null, "payment:cash": null, "check_date:opening_hours": null, "addr:streetnumber": null, "payment:onchain": null, "payment:lightning_contactless": null, "payment:lightning:requires_companion_app": null, "payment:lightning:companion_app_url": null, "payment:lightning": null, "outdoor_seating": null, "indoor_seating": null, "description": null, "currency:XBT": null, "check_date:currency:XBT": null, "check_date": null, "addr:city": null, "loc_name": null, "addr:street": null, "beer_garden": null, "ref:ruian:addr": null, "addr:country": null, "addr:conscriptionnumber": null, "contact:facebook": null, "operator": null, "microbrewery": null, "contact:website": null, "contact:phone": null, "contact:email": null, "wikidata": null, "website": "https://www.stoun.cz/", "brewery": "Radegast", "gambling": null, "phone": "+420 597 431 888", "name:cs": null, "internet_access": null, "email": "stoun@applet.cz", "addr:postcode": null, "addr:place": null, "addr:housenumber": null, "smoking": null, "opening_hours": null, "wheelchair": null, "name": "Hudební klub Stoun", "amenity": "bar" }, "geometry": { "type": "Point", "coordinates": [ 18.3632677, 49.6810375 ] } },
{ "type": "Feature", "properties": { "full_id": "n3040051076", "osm_id": "3040051076", "osm_type": "node", "min_age": null, "payment:qerko": null, "diet:vegetarian": null, "cuisine": null, "food": null, "sport": null, "fee": null, "access": null, "takeaway": null, "delivery": null, "alt_name": null, "old_name": null, "leisure": null, "toilets:gender_segregated": null, "toilets": null, "tents": null, "shared_kitchen": null, "power_supply": null, "kitchen": null, "camp_site": null, "cabins": null, "payment:cash": null, "check_date:opening_hours": null, "addr:streetnumber": null, "payment:onchain": null, "payment:lightning_contactless": null, "payment:lightning:requires_companion_app": null, "payment:lightning:companion_app_url": null, "payment:lightning": null, "outdoor_seating": null, "indoor_seating": null, "description": null, "currency:XBT": null, "check_date:currency:XBT": null, "check_date": null, "addr:city": null, "loc_name": null, "addr:street": null, "beer_garden": null, "ref:ruian:addr": null, "addr:country": null, "addr:conscriptionnumber": null, "contact:facebook": null, "operator": null, "microbrewery": null, "contact:website": null, "contact:phone": null, "contact:email": null, "wikidata": null, "website": null, "brewery": null, "gambling": null, "phone": null, "name:cs": null, "internet_access": null, "email": null, "addr:postcode": null, "addr:place": null, "addr:housenumber": null, "smoking": null, "opening_hours": null, "wheelchair": null, "name": null, "amenity": "bar" }, "geometry": { "type": "Point", "coordinates": [ 18.3653333, 49.6771403 ] } },
{ "type": "Feature", "properties": { "full_id": "n3112491894", "osm_id": "3112491894", "osm_type": "node", "min_age": null, "payment:qerko": null, "diet:vegetarian": null, "cuisine": null, "food": null, "sport": null, "fee": null, "access": null, "takeaway": null, "delivery": null, "alt_name": null, "old_name": null, "leisure": null, "toilets:gender_segregated": null, "toilets": null, "tents": null, "shared_kitchen": null, "power_supply": null, "kitchen": null, "camp_site": null, "cabins": null, "payment:cash": null, "check_date:opening_hours": null, "addr:streetnumber": null, "payment:onchain": null, "payment:lightning_contactless": null, "payment:lightning:requires_companion_app": null, "payment:lightning:companion_app_url": null, "payment:lightning": null, "outdoor_seating": null, "indoor_seating": null, "description": null, "currency:XBT": null, "check_date:currency:XBT": null, "check_date": null, "addr:city": null, "loc_name": null, "addr:street": null, "beer_garden": null, "ref:ruian:addr": null, "addr:country": null, "addr:conscriptionnumber": null, "contact:facebook": null, "operator": null, "microbrewery": null, "contact:website": null, "contact:phone": null, "contact:email": null, "wikidata": null, "website": null, "brewery": null, "gambling": null, "phone": null, "name:cs": null, "internet_access": null, "email": null, "addr:postcode": null, "addr:place": null, "addr:housenumber": null, "smoking": null, "opening_hours": null, "wheelchair": null, "name": "U Dědy", "amenity": "pub" }, "geometry": { "type": "Point", "coordinates": [ 18.4129415, 49.7994683 ] } },
{ "type": "Feature", "properties": { "full_id": "n3152832757", "osm_id": "3152832757", "osm_type": "node", "min_age": null, "payment:qerko": null, "diet:vegetarian": null, "cuisine": null, "food": null, "sport": null, "fee": null, "access": null, "takeaway": null, "delivery": null, "alt_name": null, "old_name": null, "leisure": null, "toilets:gender_segregated": null, "toilets": null, "tents": null, "shared_kitchen": null, "power_supply": null, "kitchen": null, "camp_site": null, "cabins": null, "payment:cash": null, "check_date:opening_hours": null, "addr:streetnumber": null, "payment:onchain": null, "payment:lightning_contactless": null, "payment:lightning:requires_companion_app": null, "payment:lightning:companion_app_url": null, "payment:lightning": null, "outdoor_seating": null, "indoor_seating": null, "description": null, "currency:XBT": null, "check_date:currency:XBT": null, "check_date": null, "addr:city": null, "loc_name": null, "addr:street": "K Sokolovně", "beer_garden": null, "ref:ruian:addr": null, "addr:country": null, "addr:conscriptionnumber": null, "contact:facebook": null, "operator": null, "microbrewery": "yes", "contact:website": "http://www.hostinecvedvore.cz/", "contact:phone": null, "contact:email": "hostinecvedvore@seznam.cz", "wikidata": null, "website": null, "brewery": "Brabčák", "gambling": null, "phone": null, "name:cs": null, "internet_access": null, "email": null, "addr:postcode": "73932", "addr:place": null, "addr:housenumber": "135/1", "smoking": null, "opening_hours": "Tu-Th 14:00-22:00; Fr-Sa 12:00-23:00; Su 12:00-22:00", "wheelchair": null, "name": "Hostinec Ve Dvoře", "amenity": "pub" }, "geometry": { "type": "Point", "coordinates": [ 18.30657, 49.7727476 ] } },
{ "type": "Feature", "properties": { "full_id": "n3353647786", "osm_id": "3353647786", "osm_type": "node", "min_age": null, "payment:qerko": null, "diet:vegetarian": null, "cuisine": null, "food": null, "sport": null, "fee": null, "access": null, "takeaway": null, "delivery": null, "alt_name": null, "old_name": null, "leisure": null, "toilets:gender_segregated": null, "toilets": null, "tents": null, "shared_kitchen": null, "power_supply": null, "kitchen": null, "camp_site": null, "cabins": null, "payment:cash": null, "check_date:opening_hours": null, "addr:streetnumber": null, "payment:onchain": null, "payment:lightning_contactless": null, "payment:lightning:requires_companion_app": null, "payment:lightning:companion_app_url": null, "payment:lightning": null, "outdoor_seating": null, "indoor_seating": null, "description": null, "currency:XBT": null, "check_date:currency:XBT": null, "check_date": null, "addr:city": null, "loc_name": null, "addr:street": null, "beer_garden": null, "ref:ruian:addr": null, "addr:country": null, "addr:conscriptionnumber": null, "contact:facebook": null, "operator": null, "microbrewery": null, "contact:website": null, "contact:phone": null, "contact:email": null, "wikidata": null, "website": null, "brewery": "Radegast", "gambling": null, "phone": null, "name:cs": null, "internet_access": null, "email": null, "addr:postcode": null, "addr:place": null, "addr:housenumber": null, "smoking": "separated", "opening_hours": null, "wheelchair": null, "name": "U Kovačka", "amenity": "pub" }, "geometry": { "type": "Point", "coordinates": [ 18.2715506, 49.573931 ] } },
{ "type": "Feature", "properties": { "full_id": "n3475715042", "osm_id": "3475715042", "osm_type": "node", "min_age": null, "payment:qerko": null, "diet:vegetarian": null, "cuisine": null, "food": null, "sport": null, "fee": null, "access": null, "takeaway": null, "delivery": null, "alt_name": null, "old_name": null, "leisure": null, "toilets:gender_segregated": null, "toilets": null, "tents": null, "shared_kitchen": null, "power_supply": null, "kitchen": null, "camp_site": null, "cabins": null, "payment:cash": null, "check_date:opening_hours": null, "addr:streetnumber": null, "payment:onchain": null, "payment:lightning_contactless": null, "payment:lightning:requires_companion_app": null, "payment:lightning:companion_app_url": null, "payment:lightning": null, "outdoor_seating": null, "indoor_seating": null, "description": null, "currency:XBT": null, "check_date:currency:XBT": null, "check_date": null, "addr:city": null, "loc_name": null, "addr:street": null, "beer_garden": null, "ref:ruian:addr": null, "addr:country": null, "addr:conscriptionnumber": null, "contact:facebook": null, "operator": null, "microbrewery": null, "contact:website": null, "contact:phone": null, "contact:email": null, "wikidata": null, "website": "http://www.restaurace-riviera.cz/sport-bar", "brewery": null, "gambling": null, "phone": null, "name:cs": null, "internet_access": null, "email": null, "addr:postcode": null, "addr:place": null, "addr:housenumber": null, "smoking": null, "opening_hours": "Mo-Th 11:00-23:00; Fr,Sa 11:00-24:00; Su 11:00-22:00", "wheelchair": null, "name": "Sport bar Riviera", "amenity": "bar" }, "geometry": { "type": "Point", "coordinates": [ 18.3471669, 49.6712914 ] } },
{ "type": "Feature", "properties": { "full_id": "n3619694569", "osm_id": "3619694569", "osm_type": "node", "min_age": null, "payment:qerko": null, "diet:vegetarian": null, "cuisine": null, "food": null, "sport": null, "fee": null, "access": null, "takeaway": null, "delivery": null, "alt_name": null, "old_name": null, "leisure": null, "toilets:gender_segregated": null, "toilets": null, "tents": null, "shared_kitchen": null, "power_supply": null, "kitchen": null, "camp_site": null, "cabins": null, "payment:cash": null, "check_date:opening_hours": null, "addr:streetnumber": null, "payment:onchain": null, "payment:lightning_contactless": null, "payment:lightning:requires_companion_app": null, "payment:lightning:companion_app_url": null, "payment:lightning": null, "outdoor_seating": null, "indoor_seating": null, "description": null, "currency:XBT": null, "check_date:currency:XBT": null, "check_date": null, "addr:city": null, "loc_name": null, "addr:street": null, "beer_garden": null, "ref:ruian:addr": null, "addr:country": null, "addr:conscriptionnumber": null, "contact:facebook": null, "operator": null, "microbrewery": null, "contact:website": null, "contact:phone": null, "contact:email": null, "wikidata": null, "website": null, "brewery": null, "gambling": null, "phone": null, "name:cs": null, "internet_access": null, "email": null, "addr:postcode": null, "addr:place": null, "addr:housenumber": null, "smoking": null, "opening_hours": null, "wheelchair": null, "name": "Srub", "amenity": "pub" }, "geometry": { "type": "Point", "coordinates": [ 18.2539166, 49.7770561 ] } },
{ "type": "Feature", "properties": { "full_id": "n3619694570", "osm_id": "3619694570", "osm_type": "node", "min_age": null, "payment:qerko": null, "diet:vegetarian": null, "cuisine": null, "food": null, "sport": null, "fee": null, "access": null, "takeaway": null, "delivery": null, "alt_name": null, "old_name": null, "leisure": null, "toilets:gender_segregated": null, "toilets": null, "tents": null, "shared_kitchen": null, "power_supply": null, "kitchen": null, "camp_site": null, "cabins": null, "payment:cash": null, "check_date:opening_hours": null, "addr:streetnumber": null, "payment:onchain": null, "payment:lightning_contactless": null, "payment:lightning:requires_companion_app": null, "payment:lightning:companion_app_url": null, "payment:lightning": null, "outdoor_seating": null, "indoor_seating": null, "description": null, "currency:XBT": null, "check_date:currency:XBT": null, "check_date": null, "addr:city": null, "loc_name": null, "addr:street": null, "beer_garden": null, "ref:ruian:addr": null, "addr:country": null, "addr:conscriptionnumber": null, "contact:facebook": null, "operator": null, "microbrewery": null, "contact:website": null, "contact:phone": null, "contact:email": null, "wikidata": null, "website": null, "brewery": null, "gambling": null, "phone": null, "name:cs": null, "internet_access": null, "email": null, "addr:postcode": null, "addr:place": null, "addr:housenumber": null, "smoking": null, "opening_hours": null, "wheelchair": "yes", "name": "Hajcman", "amenity": "pub" }, "geometry": { "type": "Point", "coordinates": [ 18.2527843, 49.7789654 ] } },
{ "type": "Feature", "properties": { "full_id": "n3631907265", "osm_id": "3631907265", "osm_type": "node", "min_age": null, "payment:qerko": null, "diet:vegetarian": null, "cuisine": null, "food": null, "sport": null, "fee": null, "access": null, "takeaway": null, "delivery": null, "alt_name": null, "old_name": null, "leisure": null, "toilets:gender_segregated": null, "toilets": null, "tents": null, "shared_kitchen": null, "power_supply": null, "kitchen": null, "camp_site": null, "cabins": null, "payment:cash": null, "check_date:opening_hours": null, "addr:streetnumber": null, "payment:onchain": null, "payment:lightning_contactless": null, "payment:lightning:requires_companion_app": null, "payment:lightning:companion_app_url": null, "payment:lightning": null, "outdoor_seating": null, "indoor_seating": null, "description": null, "currency:XBT": null, "check_date:currency:XBT": null, "check_date": null, "addr:city": null, "loc_name": null, "addr:street": null, "beer_garden": null, "ref:ruian:addr": null, "addr:country": null, "addr:conscriptionnumber": null, "contact:facebook": null, "operator": null, "microbrewery": null, "contact:website": null, "contact:phone": null, "contact:email": null, "wikidata": null, "website": null, "brewery": null, "gambling": null, "phone": null, "name:cs": null, "internet_access": null, "email": null, "addr:postcode": null, "addr:place": null, "addr:housenumber": null, "smoking": null, "opening_hours": null, "wheelchair": null, "name": "HOSPUDKA U ŠILLERU", "amenity": "pub" }, "geometry": { "type": "Point", "coordinates": [ 18.3558407, 49.7611005 ] } },
{ "type": "Feature", "properties": { "full_id": "n3635029015", "osm_id": "3635029015", "osm_type": "node", "min_age": null, "payment:qerko": null, "diet:vegetarian": null, "cuisine": null, "food": null, "sport": null, "fee": null, "access": null, "takeaway": null, "delivery": null, "alt_name": null, "old_name": null, "leisure": null, "toilets:gender_segregated": null, "toilets": null, "tents": null, "shared_kitchen": null, "power_supply": null, "kitchen": null, "camp_site": null, "cabins": null, "payment:cash": null, "check_date:opening_hours": null, "addr:streetnumber": null, "payment:onchain": null, "payment:lightning_contactless": null, "payment:lightning:requires_companion_app": null, "payment:lightning:companion_app_url": null, "payment:lightning": null, "outdoor_seating": null, "indoor_seating": null, "description": null, "currency:XBT": null, "check_date:currency:XBT": null, "check_date": null, "addr:city": null, "loc_name": null, "addr:street": null, "beer_garden": null, "ref:ruian:addr": null, "addr:country": null, "addr:conscriptionnumber": null, "contact:facebook": null, "operator": null, "microbrewery": null, "contact:website": null, "contact:phone": null, "contact:email": null, "wikidata": null, "website": null, "brewery": null, "gambling": null, "phone": null, "name:cs": null, "internet_access": null, "email": null, "addr:postcode": null, "addr:place": null, "addr:housenumber": null, "smoking": null, "opening_hours": null, "wheelchair": null, "name": "Clubar", "amenity": "bar" }, "geometry": { "type": "Point", "coordinates": [ 18.3504719, 49.6696192 ] } },
{ "type": "Feature", "properties": { "full_id": "n3635029056", "osm_id": "3635029056", "osm_type": "node", "min_age": null, "payment:qerko": null, "diet:vegetarian": null, "cuisine": null, "food": null, "sport": null, "fee": null, "access": null, "takeaway": null, "delivery": null, "alt_name": null, "old_name": null, "leisure": null, "toilets:gender_segregated": null, "toilets": null, "tents": null, "shared_kitchen": null, "power_supply": null, "kitchen": null, "camp_site": null, "cabins": null, "payment:cash": null, "check_date:opening_hours": null, "addr:streetnumber": null, "payment:onchain": null, "payment:lightning_contactless": null, "payment:lightning:requires_companion_app": null, "payment:lightning:companion_app_url": null, "payment:lightning": null, "outdoor_seating": "yes", "indoor_seating": null, "description": null, "currency:XBT": null, "check_date:currency:XBT": null, "check_date": null, "addr:city": null, "loc_name": null, "addr:street": null, "beer_garden": null, "ref:ruian:addr": null, "addr:country": null, "addr:conscriptionnumber": null, "contact:facebook": null, "operator": null, "microbrewery": null, "contact:website": null, "contact:phone": null, "contact:email": null, "wikidata": null, "website": "http://www.restauracejadran.cz/pivnice", "brewery": null, "gambling": null, "phone": null, "name:cs": null, "internet_access": null, "email": null, "addr:postcode": null, "addr:place": null, "addr:housenumber": null, "smoking": null, "opening_hours": null, "wheelchair": "yes", "name": "pivnice Jadran", "amenity": "pub" }, "geometry": { "type": "Point", "coordinates": [ 18.3514381, 49.6693145 ] } },
{ "type": "Feature", "properties": { "full_id": "n3684747511", "osm_id": "3684747511", "osm_type": "node", "min_age": null, "payment:qerko": null, "diet:vegetarian": null, "cuisine": null, "food": null, "sport": null, "fee": null, "access": null, "takeaway": null, "delivery": null, "alt_name": null, "old_name": null, "leisure": null, "toilets:gender_segregated": null, "toilets": null, "tents": null, "shared_kitchen": null, "power_supply": null, "kitchen": null, "camp_site": null, "cabins": null, "payment:cash": null, "check_date:opening_hours": null, "addr:streetnumber": null, "payment:onchain": null, "payment:lightning_contactless": null, "payment:lightning:requires_companion_app": null, "payment:lightning:companion_app_url": null, "payment:lightning": null, "outdoor_seating": null, "indoor_seating": null, "description": null, "currency:XBT": null, "check_date:currency:XBT": null, "check_date": null, "addr:city": null, "loc_name": null, "addr:street": null, "beer_garden": null, "ref:ruian:addr": null, "addr:country": null, "addr:conscriptionnumber": null, "contact:facebook": null, "operator": null, "microbrewery": null, "contact:website": null, "contact:phone": null, "contact:email": null, "wikidata": null, "website": null, "brewery": null, "gambling": null, "phone": null, "name:cs": null, "internet_access": null, "email": null, "addr:postcode": null, "addr:place": null, "addr:housenumber": null, "smoking": null, "opening_hours": null, "wheelchair": "yes", "name": "Hospůdka Krabice", "amenity": "pub" }, "geometry": { "type": "Point", "coordinates": [ 18.4145659, 49.7989454 ] } },
{ "type": "Feature", "properties": { "full_id": "n3687703057", "osm_id": "3687703057", "osm_type": "node", "min_age": null, "payment:qerko": null, "diet:vegetarian": null, "cuisine": null, "food": null, "sport": null, "fee": null, "access": null, "takeaway": null, "delivery": null, "alt_name": null, "old_name": null, "leisure": null, "toilets:gender_segregated": null, "toilets": null, "tents": null, "shared_kitchen": null, "power_supply": null, "kitchen": null, "camp_site": null, "cabins": null, "payment:cash": null, "check_date:opening_hours": null, "addr:streetnumber": null, "payment:onchain": null, "payment:lightning_contactless": null, "payment:lightning:requires_companion_app": null, "payment:lightning:companion_app_url": null, "payment:lightning": null, "outdoor_seating": "yes", "indoor_seating": null, "description": null, "currency:XBT": null, "check_date:currency:XBT": null, "check_date": null, "addr:city": null, "loc_name": null, "addr:street": null, "beer_garden": null, "ref:ruian:addr": null, "addr:country": null, "addr:conscriptionnumber": null, "contact:facebook": null, "operator": null, "microbrewery": null, "contact:website": null, "contact:phone": null, "contact:email": null, "wikidata": null, "website": "https://obecnidum-hornidomaslavice.webnode.cz/hospoda-u-splavu/", "brewery": null, "gambling": null, "phone": null, "name:cs": null, "internet_access": "no", "email": "obecnidum.hornidomaslavice@seznam.cz", "addr:postcode": null, "addr:place": null, "addr:housenumber": null, "smoking": "yes", "opening_hours": "Mo,Tu 16:30-21:00; We,Th 15:00-21:00; Fr 15:00-23:00; Sa 12:00-23:00; Su 12:00-21:00", "wheelchair": null, "name": "U splavu", "amenity": "pub" }, "geometry": { "type": "Point", "coordinates": [ 18.4652086, 49.695027 ] } },
{ "type": "Feature", "properties": { "full_id": "n3749771925", "osm_id": "3749771925", "osm_type": "node", "min_age": null, "payment:qerko": null, "diet:vegetarian": null, "cuisine": null, "food": null, "sport": null, "fee": null, "access": null, "takeaway": null, "delivery": null, "alt_name": null, "old_name": null, "leisure": null, "toilets:gender_segregated": null, "toilets": null, "tents": null, "shared_kitchen": null, "power_supply": null, "kitchen": null, "camp_site": null, "cabins": null, "payment:cash": null, "check_date:opening_hours": null, "addr:streetnumber": null, "payment:onchain": null, "payment:lightning_contactless": null, "payment:lightning:requires_companion_app": null, "payment:lightning:companion_app_url": null, "payment:lightning": null, "outdoor_seating": null, "indoor_seating": null, "description": null, "currency:XBT": null, "check_date:currency:XBT": null, "check_date": null, "addr:city": null, "loc_name": null, "addr:street": null, "beer_garden": null, "ref:ruian:addr": null, "addr:country": null, "addr:conscriptionnumber": null, "contact:facebook": null, "operator": null, "microbrewery": null, "contact:website": null, "contact:phone": null, "contact:email": null, "wikidata": null, "website": null, "brewery": null, "gambling": null, "phone": null, "name:cs": null, "internet_access": null, "email": null, "addr:postcode": null, "addr:place": null, "addr:housenumber": null, "smoking": null, "opening_hours": null, "wheelchair": null, "name": null, "amenity": "bar" }, "geometry": { "type": "Point", "coordinates": [ 18.3450575, 49.6771587 ] } },
{ "type": "Feature", "properties": { "full_id": "n3754779725", "osm_id": "3754779725", "osm_type": "node", "min_age": null, "payment:qerko": null, "diet:vegetarian": null, "cuisine": null, "food": null, "sport": null, "fee": null, "access": null, "takeaway": null, "delivery": null, "alt_name": null, "old_name": null, "leisure": null, "toilets:gender_segregated": null, "toilets": null, "tents": null, "shared_kitchen": null, "power_supply": null, "kitchen": null, "camp_site": null, "cabins": null, "payment:cash": null, "check_date:opening_hours": null, "addr:streetnumber": null, "payment:onchain": null, "payment:lightning_contactless": null, "payment:lightning:requires_companion_app": null, "payment:lightning:companion_app_url": null, "payment:lightning": null, "outdoor_seating": null, "indoor_seating": null, "description": null, "currency:XBT": null, "check_date:currency:XBT": null, "check_date": null, "addr:city": null, "loc_name": null, "addr:street": null, "beer_garden": null, "ref:ruian:addr": null, "addr:country": null, "addr:conscriptionnumber": null, "contact:facebook": null, "operator": null, "microbrewery": null, "contact:website": null, "contact:phone": null, "contact:email": null, "wikidata": null, "website": "https://www.monfi.cz/cyklobar.php", "brewery": null, "gambling": null, "phone": null, "name:cs": null, "internet_access": null, "email": "monfi.eu@seznam.cz", "addr:postcode": null, "addr:place": null, "addr:housenumber": null, "smoking": null, "opening_hours": "Mo-Fr 15:00-21:00; Sa,Su 11:00-21:00", "wheelchair": null, "name": "Cyklobar", "amenity": "bar" }, "geometry": { "type": "Point", "coordinates": [ 18.3817731, 49.625291 ] } },
{ "type": "Feature", "properties": { "full_id": "n3823492544", "osm_id": "3823492544", "osm_type": "node", "min_age": null, "payment:qerko": null, "diet:vegetarian": null, "cuisine": null, "food": null, "sport": null, "fee": null, "access": null, "takeaway": null, "delivery": null, "alt_name": null, "old_name": null, "leisure": null, "toilets:gender_segregated": null, "toilets": null, "tents": null, "shared_kitchen": null, "power_supply": null, "kitchen": null, "camp_site": null, "cabins": null, "payment:cash": null, "check_date:opening_hours": null, "addr:streetnumber": null, "payment:onchain": null, "payment:lightning_contactless": null, "payment:lightning:requires_companion_app": null, "payment:lightning:companion_app_url": null, "payment:lightning": null, "outdoor_seating": null, "indoor_seating": null, "description": null, "currency:XBT": null, "check_date:currency:XBT": null, "check_date": null, "addr:city": null, "loc_name": null, "addr:street": null, "beer_garden": null, "ref:ruian:addr": null, "addr:country": null, "addr:conscriptionnumber": null, "contact:facebook": null, "operator": null, "microbrewery": null, "contact:website": null, "contact:phone": null, "contact:email": null, "wikidata": null, "website": null, "brewery": null, "gambling": null, "phone": null, "name:cs": null, "internet_access": null, "email": null, "addr:postcode": null, "addr:place": null, "addr:housenumber": null, "smoking": null, "opening_hours": null, "wheelchair": null, "name": "U Tochy", "amenity": "pub" }, "geometry": { "type": "Point", "coordinates": [ 18.2248676, 49.6993483 ] } },
{ "type": "Feature", "properties": { "full_id": "n3838018158", "osm_id": "3838018158", "osm_type": "node", "min_age": null, "payment:qerko": null, "diet:vegetarian": null, "cuisine": null, "food": null, "sport": null, "fee": null, "access": null, "takeaway": null, "delivery": null, "alt_name": null, "old_name": null, "leisure": null, "toilets:gender_segregated": null, "toilets": null, "tents": null, "shared_kitchen": null, "power_supply": null, "kitchen": null, "camp_site": null, "cabins": null, "payment:cash": null, "check_date:opening_hours": null, "addr:streetnumber": null, "payment:onchain": null, "payment:lightning_contactless": null, "payment:lightning:requires_companion_app": null, "payment:lightning:companion_app_url": null, "payment:lightning": null, "outdoor_seating": "yes", "indoor_seating": null, "description": null, "currency:XBT": null, "check_date:currency:XBT": null, "check_date": null, "addr:city": null, "loc_name": null, "addr:street": null, "beer_garden": null, "ref:ruian:addr": null, "addr:country": null, "addr:conscriptionnumber": null, "contact:facebook": null, "operator": null, "microbrewery": null, "contact:website": null, "contact:phone": null, "contact:email": null, "wikidata": null, "website": null, "brewery": null, "gambling": null, "phone": null, "name:cs": null, "internet_access": null, "email": null, "addr:postcode": null, "addr:place": null, "addr:housenumber": null, "smoking": "no", "opening_hours": "Mo-Sa 14:00-22:00; Su 14:00-20:00", "wheelchair": "limited", "name": "Hospůdka JAAL", "amenity": "pub" }, "geometry": { "type": "Point", "coordinates": [ 18.1513848, 49.6436756 ] } },
{ "type": "Feature", "properties": { "full_id": "n3922144351", "osm_id": "3922144351", "osm_type": "node", "min_age": null, "payment:qerko": null, "diet:vegetarian": null, "cuisine": null, "food": null, "sport": null, "fee": null, "access": null, "takeaway": null, "delivery": null, "alt_name": null, "old_name": null, "leisure": null, "toilets:gender_segregated": null, "toilets": null, "tents": null, "shared_kitchen": null, "power_supply": null, "kitchen": null, "camp_site": null, "cabins": null, "payment:cash": null, "check_date:opening_hours": null, "addr:streetnumber": null, "payment:onchain": null, "payment:lightning_contactless": null, "payment:lightning:requires_companion_app": null, "payment:lightning:companion_app_url": null, "payment:lightning": null, "outdoor_seating": null, "indoor_seating": null, "description": null, "currency:XBT": null, "check_date:currency:XBT": null, "check_date": null, "addr:city": null, "loc_name": null, "addr:street": null, "beer_garden": null, "ref:ruian:addr": null, "addr:country": null, "addr:conscriptionnumber": null, "contact:facebook": null, "operator": null, "microbrewery": null, "contact:website": null, "contact:phone": null, "contact:email": null, "wikidata": null, "website": "https://cs-cz.facebook.com/koupakhukvaldy/", "brewery": null, "gambling": null, "phone": null, "name:cs": null, "internet_access": null, "email": null, "addr:postcode": null, "addr:place": null, "addr:housenumber": null, "smoking": null, "opening_hours": null, "wheelchair": null, "name": "Hospůdka na Koupališti", "amenity": "pub" }, "geometry": { "type": "Point", "coordinates": [ 18.2276726, 49.629146 ] } },
{ "type": "Feature", "properties": { "full_id": "n3966804651", "osm_id": "3966804651", "osm_type": "node", "min_age": null, "payment:qerko": null, "diet:vegetarian": null, "cuisine": null, "food": null, "sport": null, "fee": null, "access": null, "takeaway": null, "delivery": null, "alt_name": null, "old_name": null, "leisure": null, "toilets:gender_segregated": null, "toilets": null, "tents": null, "shared_kitchen": null, "power_supply": null, "kitchen": null, "camp_site": null, "cabins": null, "payment:cash": null, "check_date:opening_hours": null, "addr:streetnumber": null, "payment:onchain": null, "payment:lightning_contactless": null, "payment:lightning:requires_companion_app": null, "payment:lightning:companion_app_url": null, "payment:lightning": null, "outdoor_seating": null, "indoor_seating": null, "description": null, "currency:XBT": null, "check_date:currency:XBT": null, "check_date": null, "addr:city": null, "loc_name": null, "addr:street": null, "beer_garden": null, "ref:ruian:addr": null, "addr:country": null, "addr:conscriptionnumber": null, "contact:facebook": null, "operator": null, "microbrewery": null, "contact:website": null, "contact:phone": null, "contact:email": null, "wikidata": null, "website": null, "brewery": null, "gambling": null, "phone": null, "name:cs": null, "internet_access": null, "email": null, "addr:postcode": null, "addr:place": null, "addr:housenumber": null, "smoking": null, "opening_hours": null, "wheelchair": null, "name": "Happy", "amenity": "bar" }, "geometry": { "type": "Point", "coordinates": [ 18.3584484, 49.5922336 ] } },
{ "type": "Feature", "properties": { "full_id": "n3966806662", "osm_id": "3966806662", "osm_type": "node", "min_age": null, "payment:qerko": null, "diet:vegetarian": null, "cuisine": null, "food": null, "sport": null, "fee": null, "access": null, "takeaway": null, "delivery": null, "alt_name": null, "old_name": null, "leisure": null, "toilets:gender_segregated": null, "toilets": null, "tents": null, "shared_kitchen": null, "power_supply": null, "kitchen": null, "camp_site": null, "cabins": null, "payment:cash": null, "check_date:opening_hours": null, "addr:streetnumber": null, "payment:onchain": null, "payment:lightning_contactless": null, "payment:lightning:requires_companion_app": null, "payment:lightning:companion_app_url": null, "payment:lightning": null, "outdoor_seating": null, "indoor_seating": null, "description": null, "currency:XBT": null, "check_date:currency:XBT": null, "check_date": null, "addr:city": null, "loc_name": null, "addr:street": null, "beer_garden": null, "ref:ruian:addr": null, "addr:country": null, "addr:conscriptionnumber": null, "contact:facebook": null, "operator": null, "microbrewery": null, "contact:website": null, "contact:phone": null, "contact:email": null, "wikidata": null, "website": null, "brewery": null, "gambling": null, "phone": null, "name:cs": null, "internet_access": null, "email": null, "addr:postcode": null, "addr:place": null, "addr:housenumber": null, "smoking": null, "opening_hours": null, "wheelchair": null, "name": "Sport bar Synot", "amenity": "pub" }, "geometry": { "type": "Point", "coordinates": [ 18.3584907, 49.5911846 ] } },
{ "type": "Feature", "properties": { "full_id": "n4006193176", "osm_id": "4006193176", "osm_type": "node", "min_age": null, "payment:qerko": null, "diet:vegetarian": null, "cuisine": null, "food": null, "sport": null, "fee": null, "access": null, "takeaway": null, "delivery": null, "alt_name": null, "old_name": null, "leisure": null, "toilets:gender_segregated": null, "toilets": null, "tents": null, "shared_kitchen": null, "power_supply": null, "kitchen": null, "camp_site": null, "cabins": null, "payment:cash": null, "check_date:opening_hours": null, "addr:streetnumber": null, "payment:onchain": null, "payment:lightning_contactless": null, "payment:lightning:requires_companion_app": null, "payment:lightning:companion_app_url": null, "payment:lightning": null, "outdoor_seating": "yes", "indoor_seating": null, "description": null, "currency:XBT": null, "check_date:currency:XBT": null, "check_date": null, "addr:city": null, "loc_name": null, "addr:street": null, "beer_garden": null, "ref:ruian:addr": null, "addr:country": null, "addr:conscriptionnumber": null, "contact:facebook": null, "operator": null, "microbrewery": null, "contact:website": null, "contact:phone": null, "contact:email": null, "wikidata": null, "website": null, "brewery": null, "gambling": null, "phone": null, "name:cs": null, "internet_access": null, "email": null, "addr:postcode": null, "addr:place": null, "addr:housenumber": null, "smoking": null, "opening_hours": null, "wheelchair": null, "name": "Hospůdka Na Kamenci", "amenity": "pub" }, "geometry": { "type": "Point", "coordinates": [ 18.3601656, 49.6254627 ] } },
{ "type": "Feature", "properties": { "full_id": "n4058218787", "osm_id": "4058218787", "osm_type": "node", "min_age": null, "payment:qerko": null, "diet:vegetarian": null, "cuisine": null, "food": null, "sport": "swimming", "fee": "yes", "access": "yes", "takeaway": null, "delivery": null, "alt_name": null, "old_name": null, "leisure": "swimming_pool", "toilets:gender_segregated": null, "toilets": null, "tents": null, "shared_kitchen": null, "power_supply": null, "kitchen": null, "camp_site": null, "cabins": null, "payment:cash": null, "check_date:opening_hours": null, "addr:streetnumber": null, "payment:onchain": null, "payment:lightning_contactless": null, "payment:lightning:requires_companion_app": null, "payment:lightning:companion_app_url": null, "payment:lightning": null, "outdoor_seating": null, "indoor_seating": null, "description": null, "currency:XBT": null, "check_date:currency:XBT": null, "check_date": null, "addr:city": null, "loc_name": null, "addr:street": null, "beer_garden": null, "ref:ruian:addr": null, "addr:country": null, "addr:conscriptionnumber": null, "contact:facebook": null, "operator": null, "microbrewery": null, "contact:website": null, "contact:phone": null, "contact:email": null, "wikidata": null, "website": "https://www.bazen-palkovice.cz/", "brewery": null, "gambling": null, "phone": null, "name:cs": null, "internet_access": null, "email": null, "addr:postcode": null, "addr:place": null, "addr:housenumber": null, "smoking": null, "opening_hours": "Mo-Sa 08:00-19:00", "wheelchair": "yes", "name": "Rodinné relaxační centrum Narcis", "amenity": "bar" }, "geometry": { "type": "Point", "coordinates": [ 18.3169763, 49.6373068 ] } },
{ "type": "Feature", "properties": { "full_id": "n4058218788", "osm_id": "4058218788", "osm_type": "node", "min_age": null, "payment:qerko": null, "diet:vegetarian": null, "cuisine": null, "food": null, "sport": null, "fee": null, "access": null, "takeaway": null, "delivery": null, "alt_name": null, "old_name": null, "leisure": null, "toilets:gender_segregated": null, "toilets": null, "tents": null, "shared_kitchen": null, "power_supply": null, "kitchen": null, "camp_site": null, "cabins": null, "payment:cash": null, "check_date:opening_hours": null, "addr:streetnumber": null, "payment:onchain": null, "payment:lightning_contactless": null, "payment:lightning:requires_companion_app": null, "payment:lightning:companion_app_url": null, "payment:lightning": null, "outdoor_seating": "yes", "indoor_seating": null, "description": null, "currency:XBT": null, "check_date:currency:XBT": null, "check_date": null, "addr:city": null, "loc_name": null, "addr:street": null, "beer_garden": null, "ref:ruian:addr": null, "addr:country": null, "addr:conscriptionnumber": null, "contact:facebook": null, "operator": null, "microbrewery": null, "contact:website": null, "contact:phone": null, "contact:email": null, "wikidata": null, "website": null, "brewery": null, "gambling": null, "phone": null, "name:cs": null, "internet_access": null, "email": null, "addr:postcode": null, "addr:place": null, "addr:housenumber": null, "smoking": null, "opening_hours": null, "wheelchair": null, "name": "U Myšáka", "amenity": "pub" }, "geometry": { "type": "Point", "coordinates": [ 18.3173773, 49.6372782 ] } },
{ "type": "Feature", "properties": { "full_id": "n4064069257", "osm_id": "4064069257", "osm_type": "node", "min_age": null, "payment:qerko": null, "diet:vegetarian": null, "cuisine": null, "food": "yes", "sport": null, "fee": null, "access": null, "takeaway": null, "delivery": null, "alt_name": null, "old_name": null, "leisure": null, "toilets:gender_segregated": null, "toilets": null, "tents": null, "shared_kitchen": null, "power_supply": null, "kitchen": null, "camp_site": null, "cabins": null, "payment:cash": null, "check_date:opening_hours": null, "addr:streetnumber": null, "payment:onchain": null, "payment:lightning_contactless": null, "payment:lightning:requires_companion_app": null, "payment:lightning:companion_app_url": null, "payment:lightning": null, "outdoor_seating": "yes", "indoor_seating": null, "description": null, "currency:XBT": null, "check_date:currency:XBT": null, "check_date": null, "addr:city": null, "loc_name": null, "addr:street": null, "beer_garden": null, "ref:ruian:addr": null, "addr:country": null, "addr:conscriptionnumber": null, "contact:facebook": null, "operator": null, "microbrewery": null, "contact:website": null, "contact:phone": null, "contact:email": null, "wikidata": null, "website": "https://www.jizdarna-malenovice.cz/aktuality.html", "brewery": null, "gambling": null, "phone": null, "name:cs": null, "internet_access": null, "email": null, "addr:postcode": null, "addr:place": null, "addr:housenumber": null, "smoking": null, "opening_hours": null, "wheelchair": null, "name": "Občerstvení", "amenity": "pub" }, "geometry": { "type": "Point", "coordinates": [ 18.4265341, 49.5612681 ] } },
{ "type": "Feature", "properties": { "full_id": "n4079806181", "osm_id": "4079806181", "osm_type": "node", "min_age": null, "payment:qerko": null, "diet:vegetarian": null, "cuisine": null, "food": null, "sport": null, "fee": null, "access": null, "takeaway": null, "delivery": null, "alt_name": null, "old_name": null, "leisure": null, "toilets:gender_segregated": null, "toilets": null, "tents": null, "shared_kitchen": null, "power_supply": null, "kitchen": null, "camp_site": null, "cabins": null, "payment:cash": null, "check_date:opening_hours": null, "addr:streetnumber": null, "payment:onchain": null, "payment:lightning_contactless": null, "payment:lightning:requires_companion_app": null, "payment:lightning:companion_app_url": null, "payment:lightning": null, "outdoor_seating": "yes", "indoor_seating": null, "description": null, "currency:XBT": null, "check_date:currency:XBT": null, "check_date": null, "addr:city": null, "loc_name": null, "addr:street": null, "beer_garden": null, "ref:ruian:addr": null, "addr:country": null, "addr:conscriptionnumber": null, "contact:facebook": null, "operator": null, "microbrewery": null, "contact:website": null, "contact:phone": null, "contact:email": null, "wikidata": null, "website": null, "brewery": "Svijany", "gambling": null, "phone": null, "name:cs": null, "internet_access": null, "email": null, "addr:postcode": null, "addr:place": null, "addr:housenumber": null, "smoking": null, "opening_hours": "Jun 16-Aug 31 10:00-22:00; Sep 01-Jun 15 Mo-Th 12:00-21:00; Sep 01-Jun 15 Fr 12:00-22:00; Sep 01-Jun 15 Su 10:00-21:00", "wheelchair": "yes", "name": "U Pacošů", "amenity": "pub" }, "geometry": { "type": "Point", "coordinates": [ 18.4148308, 49.5832778 ] } },
{ "type": "Feature", "properties": { "full_id": "n4173088589", "osm_id": "4173088589", "osm_type": "node", "min_age": null, "payment:qerko": null, "diet:vegetarian": null, "cuisine": null, "food": null, "sport": null, "fee": null, "access": null, "takeaway": null, "delivery": null, "alt_name": null, "old_name": null, "leisure": null, "toilets:gender_segregated": null, "toilets": null, "tents": null, "shared_kitchen": null, "power_supply": null, "kitchen": null, "camp_site": null, "cabins": null, "payment:cash": null, "check_date:opening_hours": null, "addr:streetnumber": null, "payment:onchain": null, "payment:lightning_contactless": null, "payment:lightning:requires_companion_app": null, "payment:lightning:companion_app_url": null, "payment:lightning": null, "outdoor_seating": null, "indoor_seating": null, "description": null, "currency:XBT": null, "check_date:currency:XBT": null, "check_date": null, "addr:city": null, "loc_name": null, "addr:street": null, "beer_garden": null, "ref:ruian:addr": null, "addr:country": null, "addr:conscriptionnumber": null, "contact:facebook": null, "operator": null, "microbrewery": null, "contact:website": null, "contact:phone": null, "contact:email": null, "wikidata": null, "website": null, "brewery": null, "gambling": null, "phone": null, "name:cs": null, "internet_access": null, "email": null, "addr:postcode": null, "addr:place": null, "addr:housenumber": null, "smoking": null, "opening_hours": null, "wheelchair": null, "name": "Rebel", "amenity": "pub" }, "geometry": { "type": "Point", "coordinates": [ 18.258442, 49.7792692 ] } },
{ "type": "Feature", "properties": { "full_id": "n4190023608", "osm_id": "4190023608", "osm_type": "node", "min_age": null, "payment:qerko": null, "diet:vegetarian": null, "cuisine": null, "food": null, "sport": null, "fee": null, "access": null, "takeaway": null, "delivery": null, "alt_name": null, "old_name": null, "leisure": null, "toilets:gender_segregated": null, "toilets": null, "tents": null, "shared_kitchen": null, "power_supply": null, "kitchen": null, "camp_site": null, "cabins": null, "payment:cash": null, "check_date:opening_hours": null, "addr:streetnumber": null, "payment:onchain": null, "payment:lightning_contactless": null, "payment:lightning:requires_companion_app": null, "payment:lightning:companion_app_url": null, "payment:lightning": null, "outdoor_seating": null, "indoor_seating": null, "description": null, "currency:XBT": null, "check_date:currency:XBT": null, "check_date": null, "addr:city": null, "loc_name": null, "addr:street": null, "beer_garden": null, "ref:ruian:addr": null, "addr:country": null, "addr:conscriptionnumber": null, "contact:facebook": null, "operator": null, "microbrewery": null, "contact:website": null, "contact:phone": null, "contact:email": null, "wikidata": null, "website": null, "brewery": null, "gambling": null, "phone": null, "name:cs": null, "internet_access": null, "email": null, "addr:postcode": null, "addr:place": null, "addr:housenumber": null, "smoking": null, "opening_hours": null, "wheelchair": null, "name": "Rebel", "amenity": "pub" }, "geometry": { "type": "Point", "coordinates": [ 18.2584593, 49.7792665 ] } },
{ "type": "Feature", "properties": { "full_id": "n4235445131", "osm_id": "4235445131", "osm_type": "node", "min_age": null, "payment:qerko": null, "diet:vegetarian": null, "cuisine": null, "food": null, "sport": null, "fee": null, "access": null, "takeaway": null, "delivery": null, "alt_name": null, "old_name": null, "leisure": null, "toilets:gender_segregated": null, "toilets": null, "tents": null, "shared_kitchen": null, "power_supply": null, "kitchen": null, "camp_site": null, "cabins": null, "payment:cash": null, "check_date:opening_hours": null, "addr:streetnumber": null, "payment:onchain": null, "payment:lightning_contactless": null, "payment:lightning:requires_companion_app": null, "payment:lightning:companion_app_url": null, "payment:lightning": null, "outdoor_seating": null, "indoor_seating": null, "description": null, "currency:XBT": null, "check_date:currency:XBT": null, "check_date": null, "addr:city": null, "loc_name": null, "addr:street": null, "beer_garden": null, "ref:ruian:addr": null, "addr:country": null, "addr:conscriptionnumber": null, "contact:facebook": null, "operator": null, "microbrewery": null, "contact:website": null, "contact:phone": null, "contact:email": null, "wikidata": null, "website": null, "brewery": null, "gambling": null, "phone": null, "name:cs": null, "internet_access": null, "email": null, "addr:postcode": null, "addr:place": null, "addr:housenumber": null, "smoking": null, "opening_hours": null, "wheelchair": null, "name": "Hero", "amenity": "pub" }, "geometry": { "type": "Point", "coordinates": [ 18.2641816, 49.7891249 ] } },
{ "type": "Feature", "properties": { "full_id": "n4290956089", "osm_id": "4290956089", "osm_type": "node", "min_age": null, "payment:qerko": null, "diet:vegetarian": null, "cuisine": null, "food": null, "sport": null, "fee": null, "access": null, "takeaway": null, "delivery": null, "alt_name": null, "old_name": null, "leisure": null, "toilets:gender_segregated": null, "toilets": null, "tents": null, "shared_kitchen": null, "power_supply": null, "kitchen": null, "camp_site": null, "cabins": null, "payment:cash": null, "check_date:opening_hours": null, "addr:streetnumber": null, "payment:onchain": null, "payment:lightning_contactless": null, "payment:lightning:requires_companion_app": null, "payment:lightning:companion_app_url": null, "payment:lightning": null, "outdoor_seating": null, "indoor_seating": null, "description": null, "currency:XBT": null, "check_date:currency:XBT": null, "check_date": null, "addr:city": null, "loc_name": null, "addr:street": "Fryčovická", "beer_garden": null, "ref:ruian:addr": null, "addr:country": null, "addr:conscriptionnumber": null, "contact:facebook": null, "operator": null, "microbrewery": null, "contact:website": null, "contact:phone": null, "contact:email": null, "wikidata": null, "website": null, "brewery": null, "gambling": null, "phone": null, "name:cs": null, "internet_access": null, "email": "svacekjaroslav@seznam.cz", "addr:postcode": "739 44", "addr:place": null, "addr:housenumber": "234", "smoking": null, "opening_hours": null, "wheelchair": null, "name": "Na Růžku", "amenity": "pub" }, "geometry": { "type": "Point", "coordinates": [ 18.2222033, 49.700406 ] } },
{ "type": "Feature", "properties": { "full_id": "n4305967882", "osm_id": "4305967882", "osm_type": "node", "min_age": null, "payment:qerko": null, "diet:vegetarian": null, "cuisine": null, "food": null, "sport": null, "fee": null, "access": null, "takeaway": null, "delivery": null, "alt_name": null, "old_name": null, "leisure": null, "toilets:gender_segregated": null, "toilets": null, "tents": null, "shared_kitchen": null, "power_supply": null, "kitchen": null, "camp_site": null, "cabins": null, "payment:cash": null, "check_date:opening_hours": null, "addr:streetnumber": null, "payment:onchain": null, "payment:lightning_contactless": null, "payment:lightning:requires_companion_app": null, "payment:lightning:companion_app_url": null, "payment:lightning": null, "outdoor_seating": null, "indoor_seating": null, "description": null, "currency:XBT": null, "check_date:currency:XBT": null, "check_date": null, "addr:city": null, "loc_name": null, "addr:street": null, "beer_garden": null, "ref:ruian:addr": null, "addr:country": null, "addr:conscriptionnumber": null, "contact:facebook": null, "operator": null, "microbrewery": null, "contact:website": null, "contact:phone": null, "contact:email": null, "wikidata": null, "website": "https://www.facebook.com/AlexandriaLodOv", "brewery": null, "gambling": null, "phone": null, "name:cs": null, "internet_access": null, "email": null, "addr:postcode": null, "addr:place": null, "addr:housenumber": null, "smoking": null, "opening_hours": "Fr 20:00-24:00; Sa 00:00-05:30,20:00-24:00; Su 00:00-05:30", "wheelchair": null, "name": "Alexandria Loď", "amenity": "nightclub" }, "geometry": { "type": "Point", "coordinates": [ 18.2252025, 49.7886275 ] } },
{ "type": "Feature", "properties": { "full_id": "n4305967883", "osm_id": "4305967883", "osm_type": "node", "min_age": null, "payment:qerko": null, "diet:vegetarian": null, "cuisine": null, "food": null, "sport": null, "fee": null, "access": null, "takeaway": null, "delivery": null, "alt_name": null, "old_name": null, "leisure": null, "toilets:gender_segregated": null, "toilets": null, "tents": null, "shared_kitchen": null, "power_supply": null, "kitchen": null, "camp_site": null, "cabins": null, "payment:cash": null, "check_date:opening_hours": null, "addr:streetnumber": null, "payment:onchain": null, "payment:lightning_contactless": null, "payment:lightning:requires_companion_app": null, "payment:lightning:companion_app_url": null, "payment:lightning": null, "outdoor_seating": "yes", "indoor_seating": null, "description": null, "currency:XBT": null, "check_date:currency:XBT": null, "check_date": null, "addr:city": null, "loc_name": null, "addr:street": null, "beer_garden": null, "ref:ruian:addr": null, "addr:country": null, "addr:conscriptionnumber": null, "contact:facebook": null, "operator": null, "microbrewery": null, "contact:website": null, "contact:phone": null, "contact:email": null, "wikidata": null, "website": null, "brewery": null, "gambling": null, "phone": null, "name:cs": null, "internet_access": null, "email": null, "addr:postcode": null, "addr:place": null, "addr:housenumber": null, "smoking": null, "opening_hours": null, "wheelchair": null, "name": "Pivnice Pivrnec", "amenity": "pub" }, "geometry": { "type": "Point", "coordinates": [ 18.2251149, 49.7887646 ] } },
{ "type": "Feature", "properties": { "full_id": "n4305967884", "osm_id": "4305967884", "osm_type": "node", "min_age": null, "payment:qerko": null, "diet:vegetarian": null, "cuisine": null, "food": null, "sport": null, "fee": null, "access": null, "takeaway": null, "delivery": null, "alt_name": null, "old_name": null, "leisure": null, "toilets:gender_segregated": null, "toilets": null, "tents": null, "shared_kitchen": null, "power_supply": null, "kitchen": null, "camp_site": null, "cabins": null, "payment:cash": null, "check_date:opening_hours": null, "addr:streetnumber": null, "payment:onchain": null, "payment:lightning_contactless": null, "payment:lightning:requires_companion_app": null, "payment:lightning:companion_app_url": null, "payment:lightning": null, "outdoor_seating": null, "indoor_seating": null, "description": null, "currency:XBT": null, "check_date:currency:XBT": null, "check_date": null, "addr:city": null, "loc_name": null, "addr:street": null, "beer_garden": null, "ref:ruian:addr": null, "addr:country": null, "addr:conscriptionnumber": null, "contact:facebook": null, "operator": null, "microbrewery": null, "contact:website": null, "contact:phone": null, "contact:email": null, "wikidata": null, "website": null, "brewery": null, "gambling": null, "phone": null, "name:cs": null, "internet_access": null, "email": null, "addr:postcode": null, "addr:place": null, "addr:housenumber": null, "smoking": null, "opening_hours": null, "wheelchair": null, "name": "Pivnice Čičák", "amenity": "pub" }, "geometry": { "type": "Point", "coordinates": [ 18.2248813, 49.7886693 ] } },
{ "type": "Feature", "properties": { "full_id": "n4556215746", "osm_id": "4556215746", "osm_type": "node", "min_age": null, "payment:qerko": null, "diet:vegetarian": null, "cuisine": null, "food": null, "sport": null, "fee": null, "access": null, "takeaway": null, "delivery": null, "alt_name": null, "old_name": null, "leisure": null, "toilets:gender_segregated": null, "toilets": null, "tents": null, "shared_kitchen": null, "power_supply": null, "kitchen": null, "camp_site": null, "cabins": null, "payment:cash": null, "check_date:opening_hours": null, "addr:streetnumber": null, "payment:onchain": null, "payment:lightning_contactless": null, "payment:lightning:requires_companion_app": null, "payment:lightning:companion_app_url": null, "payment:lightning": null, "outdoor_seating": null, "indoor_seating": null, "description": null, "currency:XBT": null, "check_date:currency:XBT": null, "check_date": null, "addr:city": null, "loc_name": null, "addr:street": null, "beer_garden": null, "ref:ruian:addr": null, "addr:country": null, "addr:conscriptionnumber": null, "contact:facebook": null, "operator": null, "microbrewery": null, "contact:website": null, "contact:phone": null, "contact:email": null, "wikidata": null, "website": null, "brewery": "Radegast", "gambling": null, "phone": null, "name:cs": null, "internet_access": null, "email": null, "addr:postcode": null, "addr:place": null, "addr:housenumber": null, "smoking": null, "opening_hours": null, "wheelchair": null, "name": "Bernard", "amenity": "pub" }, "geometry": { "type": "Point", "coordinates": [ 18.3557127, 49.6809926 ] } },
{ "type": "Feature", "properties": { "full_id": "n4791114054", "osm_id": "4791114054", "osm_type": "node", "min_age": null, "payment:qerko": null, "diet:vegetarian": null, "cuisine": null, "food": null, "sport": null, "fee": null, "access": null, "takeaway": null, "delivery": null, "alt_name": null, "old_name": null, "leisure": null, "toilets:gender_segregated": null, "toilets": null, "tents": null, "shared_kitchen": null, "power_supply": null, "kitchen": null, "camp_site": null, "cabins": null, "payment:cash": null, "check_date:opening_hours": null, "addr:streetnumber": null, "payment:onchain": null, "payment:lightning_contactless": null, "payment:lightning:requires_companion_app": null, "payment:lightning:companion_app_url": null, "payment:lightning": null, "outdoor_seating": "yes", "indoor_seating": null, "description": null, "currency:XBT": null, "check_date:currency:XBT": null, "check_date": null, "addr:city": null, "loc_name": null, "addr:street": null, "beer_garden": null, "ref:ruian:addr": null, "addr:country": null, "addr:conscriptionnumber": null, "contact:facebook": null, "operator": null, "microbrewery": null, "contact:website": null, "contact:phone": null, "contact:email": null, "wikidata": null, "website": null, "brewery": "Polička;Svijany;Brabčák;Radegast;Litovel", "gambling": null, "phone": null, "name:cs": null, "internet_access": "yes", "email": null, "addr:postcode": null, "addr:place": null, "addr:housenumber": null, "smoking": null, "opening_hours": "Mo-Su 11:00-23:00", "wheelchair": null, "name": "Hospoda Pod Šimlem", "amenity": "pub" }, "geometry": { "type": "Point", "coordinates": [ 18.3207994, 49.6958176 ] } },
{ "type": "Feature", "properties": { "full_id": "n4791114055", "osm_id": "4791114055", "osm_type": "node", "min_age": null, "payment:qerko": null, "diet:vegetarian": null, "cuisine": null, "food": null, "sport": null, "fee": null, "access": null, "takeaway": null, "delivery": null, "alt_name": null, "old_name": null, "leisure": null, "toilets:gender_segregated": null, "toilets": null, "tents": null, "shared_kitchen": null, "power_supply": null, "kitchen": null, "camp_site": null, "cabins": null, "payment:cash": null, "check_date:opening_hours": null, "addr:streetnumber": null, "payment:onchain": null, "payment:lightning_contactless": null, "payment:lightning:requires_companion_app": null, "payment:lightning:companion_app_url": null, "payment:lightning": null, "outdoor_seating": null, "indoor_seating": null, "description": null, "currency:XBT": null, "check_date:currency:XBT": null, "check_date": null, "addr:city": null, "loc_name": null, "addr:street": null, "beer_garden": null, "ref:ruian:addr": null, "addr:country": null, "addr:conscriptionnumber": null, "contact:facebook": null, "operator": null, "microbrewery": null, "contact:website": null, "contact:phone": null, "contact:email": null, "wikidata": null, "website": null, "brewery": "Radegast", "gambling": null, "phone": null, "name:cs": null, "internet_access": null, "email": null, "addr:postcode": null, "addr:place": null, "addr:housenumber": null, "smoking": null, "opening_hours": null, "wheelchair": null, "name": "Bistro Na Husinci", "amenity": "pub" }, "geometry": { "type": "Point", "coordinates": [ 18.3270717, 49.6894036 ] } },
{ "type": "Feature", "properties": { "full_id": "n4971313949", "osm_id": "4971313949", "osm_type": "node", "min_age": null, "payment:qerko": null, "diet:vegetarian": null, "cuisine": null, "food": null, "sport": null, "fee": null, "access": null, "takeaway": null, "delivery": null, "alt_name": null, "old_name": null, "leisure": null, "toilets:gender_segregated": null, "toilets": null, "tents": null, "shared_kitchen": null, "power_supply": null, "kitchen": null, "camp_site": null, "cabins": null, "payment:cash": null, "check_date:opening_hours": null, "addr:streetnumber": null, "payment:onchain": null, "payment:lightning_contactless": null, "payment:lightning:requires_companion_app": null, "payment:lightning:companion_app_url": null, "payment:lightning": null, "outdoor_seating": null, "indoor_seating": null, "description": null, "currency:XBT": null, "check_date:currency:XBT": null, "check_date": null, "addr:city": null, "loc_name": null, "addr:street": null, "beer_garden": null, "ref:ruian:addr": null, "addr:country": null, "addr:conscriptionnumber": null, "contact:facebook": null, "operator": null, "microbrewery": null, "contact:website": null, "contact:phone": null, "contact:email": null, "wikidata": null, "website": null, "brewery": null, "gambling": null, "phone": null, "name:cs": null, "internet_access": null, "email": null, "addr:postcode": null, "addr:place": null, "addr:housenumber": null, "smoking": null, "opening_hours": null, "wheelchair": null, "name": null, "amenity": "pub" }, "geometry": { "type": "Point", "coordinates": [ 18.1926016, 49.7487112 ] } },
{ "type": "Feature", "properties": { "full_id": "n4973745779", "osm_id": "4973745779", "osm_type": "node", "min_age": null, "payment:qerko": null, "diet:vegetarian": null, "cuisine": null, "food": null, "sport": null, "fee": null, "access": null, "takeaway": null, "delivery": null, "alt_name": null, "old_name": null, "leisure": null, "toilets:gender_segregated": null, "toilets": null, "tents": null, "shared_kitchen": null, "power_supply": null, "kitchen": null, "camp_site": null, "cabins": null, "payment:cash": null, "check_date:opening_hours": null, "addr:streetnumber": null, "payment:onchain": null, "payment:lightning_contactless": null, "payment:lightning:requires_companion_app": null, "payment:lightning:companion_app_url": null, "payment:lightning": null, "outdoor_seating": "yes", "indoor_seating": null, "description": null, "currency:XBT": null, "check_date:currency:XBT": null, "check_date": null, "addr:city": null, "loc_name": null, "addr:street": null, "beer_garden": null, "ref:ruian:addr": null, "addr:country": null, "addr:conscriptionnumber": null, "contact:facebook": null, "operator": null, "microbrewery": null, "contact:website": null, "contact:phone": null, "contact:email": null, "wikidata": null, "website": null, "brewery": "Radegast", "gambling": null, "phone": null, "name:cs": null, "internet_access": null, "email": null, "addr:postcode": null, "addr:place": null, "addr:housenumber": null, "smoking": null, "opening_hours": "Mo-Sa 12:00-23:00; Su 12:00-22:00", "wheelchair": null, "name": "Gřesanka", "amenity": "pub" }, "geometry": { "type": "Point", "coordinates": [ 18.3355734, 49.6697057 ] } },
{ "type": "Feature", "properties": { "full_id": "n5237804550", "osm_id": "5237804550", "osm_type": "node", "min_age": null, "payment:qerko": null, "diet:vegetarian": null, "cuisine": null, "food": null, "sport": null, "fee": null, "access": null, "takeaway": null, "delivery": null, "alt_name": null, "old_name": null, "leisure": null, "toilets:gender_segregated": null, "toilets": null, "tents": null, "shared_kitchen": null, "power_supply": null, "kitchen": null, "camp_site": null, "cabins": null, "payment:cash": null, "check_date:opening_hours": null, "addr:streetnumber": null, "payment:onchain": null, "payment:lightning_contactless": null, "payment:lightning:requires_companion_app": null, "payment:lightning:companion_app_url": null, "payment:lightning": null, "outdoor_seating": null, "indoor_seating": null, "description": null, "currency:XBT": null, "check_date:currency:XBT": null, "check_date": null, "addr:city": null, "loc_name": null, "addr:street": null, "beer_garden": null, "ref:ruian:addr": null, "addr:country": null, "addr:conscriptionnumber": null, "contact:facebook": null, "operator": null, "microbrewery": null, "contact:website": null, "contact:phone": null, "contact:email": null, "wikidata": null, "website": null, "brewery": null, "gambling": null, "phone": null, "name:cs": null, "internet_access": null, "email": null, "addr:postcode": null, "addr:place": null, "addr:housenumber": null, "smoking": null, "opening_hours": null, "wheelchair": null, "name": "Cafe Bar Kraken", "amenity": "bar" }, "geometry": { "type": "Point", "coordinates": [ 18.2212597, 49.7352922 ] } },
{ "type": "Feature", "properties": { "full_id": "n5260321285", "osm_id": "5260321285", "osm_type": "node", "min_age": null, "payment:qerko": null, "diet:vegetarian": null, "cuisine": null, "food": null, "sport": null, "fee": null, "access": null, "takeaway": null, "delivery": null, "alt_name": null, "old_name": null, "leisure": null, "toilets:gender_segregated": null, "toilets": null, "tents": null, "shared_kitchen": null, "power_supply": null, "kitchen": null, "camp_site": null, "cabins": null, "payment:cash": null, "check_date:opening_hours": null, "addr:streetnumber": null, "payment:onchain": null, "payment:lightning_contactless": null, "payment:lightning:requires_companion_app": null, "payment:lightning:companion_app_url": null, "payment:lightning": null, "outdoor_seating": "yes", "indoor_seating": null, "description": null, "currency:XBT": null, "check_date:currency:XBT": null, "check_date": null, "addr:city": null, "loc_name": null, "addr:street": null, "beer_garden": null, "ref:ruian:addr": null, "addr:country": null, "addr:conscriptionnumber": null, "contact:facebook": null, "operator": null, "microbrewery": null, "contact:website": null, "contact:phone": null, "contact:email": null, "wikidata": null, "website": null, "brewery": null, "gambling": null, "phone": null, "name:cs": null, "internet_access": null, "email": null, "addr:postcode": null, "addr:place": null, "addr:housenumber": null, "smoking": null, "opening_hours": null, "wheelchair": null, "name": "Hospůdka U hřbitova", "amenity": "pub" }, "geometry": { "type": "Point", "coordinates": [ 18.3679765, 49.6638428 ] } },
{ "type": "Feature", "properties": { "full_id": "n5310691977", "osm_id": "5310691977", "osm_type": "node", "min_age": null, "payment:qerko": null, "diet:vegetarian": null, "cuisine": null, "food": null, "sport": null, "fee": null, "access": null, "takeaway": null, "delivery": null, "alt_name": null, "old_name": null, "leisure": null, "toilets:gender_segregated": null, "toilets": null, "tents": null, "shared_kitchen": null, "power_supply": null, "kitchen": null, "camp_site": null, "cabins": null, "payment:cash": null, "check_date:opening_hours": null, "addr:streetnumber": null, "payment:onchain": null, "payment:lightning_contactless": null, "payment:lightning:requires_companion_app": null, "payment:lightning:companion_app_url": null, "payment:lightning": null, "outdoor_seating": null, "indoor_seating": null, "description": null, "currency:XBT": null, "check_date:currency:XBT": null, "check_date": null, "addr:city": null, "loc_name": null, "addr:street": null, "beer_garden": null, "ref:ruian:addr": null, "addr:country": null, "addr:conscriptionnumber": null, "contact:facebook": null, "operator": null, "microbrewery": null, "contact:website": null, "contact:phone": null, "contact:email": null, "wikidata": null, "website": null, "brewery": null, "gambling": null, "phone": null, "name:cs": null, "internet_access": null, "email": null, "addr:postcode": null, "addr:place": null, "addr:housenumber": null, "smoking": null, "opening_hours": null, "wheelchair": null, "name": null, "amenity": "pub" }, "geometry": { "type": "Point", "coordinates": [ 18.2833374, 49.7729865 ] } },
{ "type": "Feature", "properties": { "full_id": "n5310940862", "osm_id": "5310940862", "osm_type": "node", "min_age": null, "payment:qerko": null, "diet:vegetarian": null, "cuisine": null, "food": null, "sport": null, "fee": null, "access": null, "takeaway": null, "delivery": null, "alt_name": null, "old_name": null, "leisure": null, "toilets:gender_segregated": null, "toilets": null, "tents": null, "shared_kitchen": null, "power_supply": null, "kitchen": null, "camp_site": null, "cabins": null, "payment:cash": null, "check_date:opening_hours": null, "addr:streetnumber": null, "payment:onchain": null, "payment:lightning_contactless": null, "payment:lightning:requires_companion_app": null, "payment:lightning:companion_app_url": null, "payment:lightning": null, "outdoor_seating": null, "indoor_seating": null, "description": null, "currency:XBT": null, "check_date:currency:XBT": null, "check_date": null, "addr:city": null, "loc_name": null, "addr:street": null, "beer_garden": null, "ref:ruian:addr": null, "addr:country": null, "addr:conscriptionnumber": null, "contact:facebook": null, "operator": null, "microbrewery": null, "contact:website": null, "contact:phone": null, "contact:email": null, "wikidata": null, "website": null, "brewery": null, "gambling": null, "phone": null, "name:cs": null, "internet_access": null, "email": null, "addr:postcode": null, "addr:place": null, "addr:housenumber": null, "smoking": null, "opening_hours": null, "wheelchair": null, "name": "Letní restaurace", "amenity": "pub" }, "geometry": { "type": "Point", "coordinates": [ 18.2909294, 49.7674951 ] } },
{ "type": "Feature", "properties": { "full_id": "n5484588280", "osm_id": "5484588280", "osm_type": "node", "min_age": null, "payment:qerko": null, "diet:vegetarian": null, "cuisine": null, "food": null, "sport": null, "fee": null, "access": null, "takeaway": null, "delivery": null, "alt_name": null, "old_name": null, "leisure": null, "toilets:gender_segregated": null, "toilets": null, "tents": null, "shared_kitchen": null, "power_supply": null, "kitchen": null, "camp_site": null, "cabins": null, "payment:cash": null, "check_date:opening_hours": null, "addr:streetnumber": null, "payment:onchain": null, "payment:lightning_contactless": null, "payment:lightning:requires_companion_app": null, "payment:lightning:companion_app_url": null, "payment:lightning": null, "outdoor_seating": null, "indoor_seating": null, "description": null, "currency:XBT": null, "check_date:currency:XBT": null, "check_date": null, "addr:city": null, "loc_name": null, "addr:street": null, "beer_garden": null, "ref:ruian:addr": null, "addr:country": null, "addr:conscriptionnumber": null, "contact:facebook": null, "operator": null, "microbrewery": null, "contact:website": null, "contact:phone": null, "contact:email": null, "wikidata": null, "website": null, "brewery": null, "gambling": null, "phone": null, "name:cs": null, "internet_access": null, "email": null, "addr:postcode": null, "addr:place": null, "addr:housenumber": null, "smoking": null, "opening_hours": null, "wheelchair": null, "name": "Grill Bar", "amenity": "pub" }, "geometry": { "type": "Point", "coordinates": [ 18.2473844, 49.7574503 ] } },
{ "type": "Feature", "properties": { "full_id": "n5592782619", "osm_id": "5592782619", "osm_type": "node", "min_age": null, "payment:qerko": null, "diet:vegetarian": null, "cuisine": null, "food": null, "sport": null, "fee": null, "access": null, "takeaway": null, "delivery": null, "alt_name": null, "old_name": null, "leisure": null, "toilets:gender_segregated": null, "toilets": null, "tents": null, "shared_kitchen": null, "power_supply": null, "kitchen": null, "camp_site": null, "cabins": null, "payment:cash": null, "check_date:opening_hours": null, "addr:streetnumber": null, "payment:onchain": null, "payment:lightning_contactless": null, "payment:lightning:requires_companion_app": null, "payment:lightning:companion_app_url": null, "payment:lightning": null, "outdoor_seating": "yes", "indoor_seating": null, "description": null, "currency:XBT": null, "check_date:currency:XBT": null, "check_date": null, "addr:city": null, "loc_name": null, "addr:street": null, "beer_garden": null, "ref:ruian:addr": null, "addr:country": null, "addr:conscriptionnumber": null, "contact:facebook": null, "operator": null, "microbrewery": null, "contact:website": null, "contact:phone": null, "contact:email": null, "wikidata": null, "website": null, "brewery": null, "gambling": null, "phone": null, "name:cs": null, "internet_access": null, "email": null, "addr:postcode": null, "addr:place": null, "addr:housenumber": null, "smoking": null, "opening_hours": null, "wheelchair": "yes", "name": "Bar Domů", "amenity": "bar" }, "geometry": { "type": "Point", "coordinates": [ 18.3447768, 49.6719329 ] } },
{ "type": "Feature", "properties": { "full_id": "n5592782620", "osm_id": "5592782620", "osm_type": "node", "min_age": null, "payment:qerko": null, "diet:vegetarian": null, "cuisine": null, "food": null, "sport": null, "fee": null, "access": null, "takeaway": null, "delivery": null, "alt_name": null, "old_name": null, "leisure": null, "toilets:gender_segregated": null, "toilets": null, "tents": null, "shared_kitchen": null, "power_supply": null, "kitchen": null, "camp_site": null, "cabins": null, "payment:cash": null, "check_date:opening_hours": null, "addr:streetnumber": null, "payment:onchain": null, "payment:lightning_contactless": null, "payment:lightning:requires_companion_app": null, "payment:lightning:companion_app_url": null, "payment:lightning": null, "outdoor_seating": "yes", "indoor_seating": null, "description": null, "currency:XBT": null, "check_date:currency:XBT": null, "check_date": null, "addr:city": null, "loc_name": null, "addr:street": null, "beer_garden": null, "ref:ruian:addr": null, "addr:country": null, "addr:conscriptionnumber": null, "contact:facebook": null, "operator": null, "microbrewery": null, "contact:website": null, "contact:phone": null, "contact:email": null, "wikidata": null, "website": null, "brewery": null, "gambling": null, "phone": null, "name:cs": null, "internet_access": null, "email": null, "addr:postcode": null, "addr:place": null, "addr:housenumber": null, "smoking": null, "opening_hours": null, "wheelchair": null, "name": "Bar Cross", "amenity": "bar" }, "geometry": { "type": "Point", "coordinates": [ 18.3450813, 49.6719461 ] } },
{ "type": "Feature", "properties": { "full_id": "n5600073132", "osm_id": "5600073132", "osm_type": "node", "min_age": null, "payment:qerko": null, "diet:vegetarian": null, "cuisine": null, "food": null, "sport": null, "fee": null, "access": null, "takeaway": null, "delivery": null, "alt_name": null, "old_name": null, "leisure": null, "toilets:gender_segregated": null, "toilets": null, "tents": null, "shared_kitchen": null, "power_supply": null, "kitchen": null, "camp_site": null, "cabins": null, "payment:cash": null, "check_date:opening_hours": null, "addr:streetnumber": null, "payment:onchain": null, "payment:lightning_contactless": null, "payment:lightning:requires_companion_app": null, "payment:lightning:companion_app_url": null, "payment:lightning": null, "outdoor_seating": null, "indoor_seating": null, "description": null, "currency:XBT": null, "check_date:currency:XBT": null, "check_date": null, "addr:city": null, "loc_name": null, "addr:street": null, "beer_garden": null, "ref:ruian:addr": null, "addr:country": null, "addr:conscriptionnumber": null, "contact:facebook": null, "operator": null, "microbrewery": null, "contact:website": null, "contact:phone": null, "contact:email": null, "wikidata": null, "website": null, "brewery": null, "gambling": null, "phone": null, "name:cs": null, "internet_access": null, "email": null, "addr:postcode": null, "addr:place": null, "addr:housenumber": null, "smoking": null, "opening_hours": null, "wheelchair": null, "name": "U Studny", "amenity": "pub" }, "geometry": { "type": "Point", "coordinates": [ 18.3745882, 49.6478045 ] } },
{ "type": "Feature", "properties": { "full_id": "n5611515250", "osm_id": "5611515250", "osm_type": "node", "min_age": null, "payment:qerko": null, "diet:vegetarian": null, "cuisine": null, "food": null, "sport": null, "fee": null, "access": null, "takeaway": null, "delivery": null, "alt_name": null, "old_name": null, "leisure": null, "toilets:gender_segregated": null, "toilets": null, "tents": null, "shared_kitchen": null, "power_supply": null, "kitchen": null, "camp_site": null, "cabins": null, "payment:cash": null, "check_date:opening_hours": null, "addr:streetnumber": null, "payment:onchain": null, "payment:lightning_contactless": null, "payment:lightning:requires_companion_app": null, "payment:lightning:companion_app_url": null, "payment:lightning": null, "outdoor_seating": "yes", "indoor_seating": null, "description": null, "currency:XBT": null, "check_date:currency:XBT": null, "check_date": null, "addr:city": null, "loc_name": null, "addr:street": null, "beer_garden": null, "ref:ruian:addr": null, "addr:country": null, "addr:conscriptionnumber": null, "contact:facebook": null, "operator": null, "microbrewery": null, "contact:website": null, "contact:phone": null, "contact:email": null, "wikidata": null, "website": null, "brewery": "Koníček", "gambling": null, "phone": null, "name:cs": null, "internet_access": null, "email": null, "addr:postcode": null, "addr:place": null, "addr:housenumber": null, "smoking": null, "opening_hours": null, "wheelchair": null, "name": "Koníčkův dvůr", "amenity": "pub" }, "geometry": { "type": "Point", "coordinates": [ 18.4643584, 49.6799791 ] } },
{ "type": "Feature", "properties": { "full_id": "n5614159460", "osm_id": "5614159460", "osm_type": "node", "min_age": null, "payment:qerko": null, "diet:vegetarian": null, "cuisine": null, "food": null, "sport": null, "fee": null, "access": null, "takeaway": null, "delivery": null, "alt_name": null, "old_name": null, "leisure": null, "toilets:gender_segregated": null, "toilets": null, "tents": null, "shared_kitchen": null, "power_supply": null, "kitchen": null, "camp_site": null, "cabins": null, "payment:cash": null, "check_date:opening_hours": null, "addr:streetnumber": null, "payment:onchain": null, "payment:lightning_contactless": null, "payment:lightning:requires_companion_app": null, "payment:lightning:companion_app_url": null, "payment:lightning": null, "outdoor_seating": null, "indoor_seating": null, "description": null, "currency:XBT": null, "check_date:currency:XBT": null, "check_date": null, "addr:city": null, "loc_name": null, "addr:street": null, "beer_garden": null, "ref:ruian:addr": null, "addr:country": null, "addr:conscriptionnumber": null, "contact:facebook": null, "operator": null, "microbrewery": null, "contact:website": null, "contact:phone": null, "contact:email": null, "wikidata": null, "website": null, "brewery": "Radegast", "gambling": null, "phone": null, "name:cs": null, "internet_access": null, "email": null, "addr:postcode": null, "addr:place": null, "addr:housenumber": null, "smoking": null, "opening_hours": null, "wheelchair": null, "name": "Hospůdka u Kabošů", "amenity": "pub" }, "geometry": { "type": "Point", "coordinates": [ 18.3588986, 49.5841568 ] } },
{ "type": "Feature", "properties": { "full_id": "n5626107861", "osm_id": "5626107861", "osm_type": "node", "min_age": null, "payment:qerko": null, "diet:vegetarian": null, "cuisine": null, "food": null, "sport": null, "fee": null, "access": null, "takeaway": null, "delivery": null, "alt_name": null, "old_name": null, "leisure": null, "toilets:gender_segregated": null, "toilets": null, "tents": null, "shared_kitchen": null, "power_supply": null, "kitchen": null, "camp_site": null, "cabins": null, "payment:cash": null, "check_date:opening_hours": null, "addr:streetnumber": null, "payment:onchain": null, "payment:lightning_contactless": null, "payment:lightning:requires_companion_app": null, "payment:lightning:companion_app_url": null, "payment:lightning": null, "outdoor_seating": null, "indoor_seating": null, "description": null, "currency:XBT": null, "check_date:currency:XBT": null, "check_date": null, "addr:city": null, "loc_name": null, "addr:street": null, "beer_garden": null, "ref:ruian:addr": null, "addr:country": null, "addr:conscriptionnumber": null, "contact:facebook": null, "operator": null, "microbrewery": null, "contact:website": null, "contact:phone": null, "contact:email": null, "wikidata": null, "website": null, "brewery": "Radegast;Kozel", "gambling": null, "phone": null, "name:cs": null, "internet_access": null, "email": null, "addr:postcode": null, "addr:place": null, "addr:housenumber": null, "smoking": null, "opening_hours": "Tu-Fr 15:00-22:00; Sa 12:00-23:00; Su 12:00-21:00", "wheelchair": null, "name": "Hospůdka Pohoda", "amenity": "pub" }, "geometry": { "type": "Point", "coordinates": [ 18.3398289, 49.6474574 ] } },
{ "type": "Feature", "properties": { "full_id": "n5634451163", "osm_id": "5634451163", "osm_type": "node", "min_age": null, "payment:qerko": null, "diet:vegetarian": null, "cuisine": null, "food": null, "sport": null, "fee": null, "access": null, "takeaway": null, "delivery": null, "alt_name": null, "old_name": null, "leisure": null, "toilets:gender_segregated": null, "toilets": null, "tents": null, "shared_kitchen": null, "power_supply": null, "kitchen": null, "camp_site": null, "cabins": null, "payment:cash": null, "check_date:opening_hours": null, "addr:streetnumber": null, "payment:onchain": null, "payment:lightning_contactless": null, "payment:lightning:requires_companion_app": null, "payment:lightning:companion_app_url": null, "payment:lightning": null, "outdoor_seating": null, "indoor_seating": null, "description": null, "currency:XBT": null, "check_date:currency:XBT": null, "check_date": null, "addr:city": null, "loc_name": null, "addr:street": null, "beer_garden": null, "ref:ruian:addr": null, "addr:country": null, "addr:conscriptionnumber": null, "contact:facebook": null, "operator": null, "microbrewery": null, "contact:website": null, "contact:phone": null, "contact:email": null, "wikidata": null, "website": null, "brewery": "Radegast", "gambling": null, "phone": null, "name:cs": null, "internet_access": null, "email": null, "addr:postcode": null, "addr:place": null, "addr:housenumber": null, "smoking": null, "opening_hours": null, "wheelchair": null, "name": "Na Zelené", "amenity": "pub" }, "geometry": { "type": "Point", "coordinates": [ 18.339422, 49.6706172 ] } },
{ "type": "Feature", "properties": { "full_id": "n5651535404", "osm_id": "5651535404", "osm_type": "node", "min_age": null, "payment:qerko": null, "diet:vegetarian": null, "cuisine": null, "food": null, "sport": null, "fee": null, "access": null, "takeaway": null, "delivery": null, "alt_name": null, "old_name": null, "leisure": null, "toilets:gender_segregated": null, "toilets": null, "tents": null, "shared_kitchen": null, "power_supply": null, "kitchen": null, "camp_site": null, "cabins": null, "payment:cash": null, "check_date:opening_hours": null, "addr:streetnumber": null, "payment:onchain": null, "payment:lightning_contactless": null, "payment:lightning:requires_companion_app": null, "payment:lightning:companion_app_url": null, "payment:lightning": null, "outdoor_seating": "yes", "indoor_seating": null, "description": null, "currency:XBT": null, "check_date:currency:XBT": null, "check_date": null, "addr:city": null, "loc_name": null, "addr:street": null, "beer_garden": null, "ref:ruian:addr": null, "addr:country": null, "addr:conscriptionnumber": null, "contact:facebook": null, "operator": null, "microbrewery": null, "contact:website": null, "contact:phone": null, "contact:email": null, "wikidata": null, "website": null, "brewery": "Radegast;Kozel", "gambling": null, "phone": null, "name:cs": null, "internet_access": null, "email": null, "addr:postcode": null, "addr:place": null, "addr:housenumber": null, "smoking": null, "opening_hours": "Mo-Th 14:00-21:00; Fr 14:00-22:00; Sa 10:00-22:00; Su 10:00-21:00", "wheelchair": null, "name": "Coolárna", "amenity": "pub" }, "geometry": { "type": "Point", "coordinates": [ 18.3297651, 49.6886066 ] } },
{ "type": "Feature", "properties": { "full_id": "n5673605291", "osm_id": "5673605291", "osm_type": "node", "min_age": null, "payment:qerko": null, "diet:vegetarian": null, "cuisine": null, "food": null, "sport": null, "fee": null, "access": null, "takeaway": null, "delivery": null, "alt_name": null, "old_name": null, "leisure": null, "toilets:gender_segregated": null, "toilets": null, "tents": null, "shared_kitchen": null, "power_supply": null, "kitchen": null, "camp_site": null, "cabins": null, "payment:cash": null, "check_date:opening_hours": null, "addr:streetnumber": null, "payment:onchain": null, "payment:lightning_contactless": null, "payment:lightning:requires_companion_app": null, "payment:lightning:companion_app_url": null, "payment:lightning": null, "outdoor_seating": null, "indoor_seating": null, "description": null, "currency:XBT": null, "check_date:currency:XBT": null, "check_date": null, "addr:city": null, "loc_name": null, "addr:street": null, "beer_garden": null, "ref:ruian:addr": null, "addr:country": null, "addr:conscriptionnumber": null, "contact:facebook": null, "operator": null, "microbrewery": null, "contact:website": null, "contact:phone": null, "contact:email": null, "wikidata": null, "website": null, "brewery": null, "gambling": null, "phone": null, "name:cs": null, "internet_access": null, "email": null, "addr:postcode": null, "addr:place": null, "addr:housenumber": null, "smoking": null, "opening_hours": null, "wheelchair": null, "name": "Hostinec u Koupaliště", "amenity": "pub" }, "geometry": { "type": "Point", "coordinates": [ 18.3726087, 49.7562339 ] } },
{ "type": "Feature", "properties": { "full_id": "n6005828452", "osm_id": "6005828452", "osm_type": "node", "min_age": null, "payment:qerko": null, "diet:vegetarian": null, "cuisine": null, "food": null, "sport": null, "fee": null, "access": null, "takeaway": null, "delivery": null, "alt_name": null, "old_name": null, "leisure": null, "toilets:gender_segregated": null, "toilets": null, "tents": null, "shared_kitchen": null, "power_supply": null, "kitchen": null, "camp_site": null, "cabins": null, "payment:cash": null, "check_date:opening_hours": null, "addr:streetnumber": null, "payment:onchain": null, "payment:lightning_contactless": null, "payment:lightning:requires_companion_app": null, "payment:lightning:companion_app_url": null, "payment:lightning": null, "outdoor_seating": "yes", "indoor_seating": null, "description": null, "currency:XBT": null, "check_date:currency:XBT": null, "check_date": null, "addr:city": null, "loc_name": null, "addr:street": null, "beer_garden": null, "ref:ruian:addr": null, "addr:country": null, "addr:conscriptionnumber": null, "contact:facebook": "https://www.facebook.com/Penzion-Z%C3%A1ti%C5%A1%C3%AD-535023546513946", "operator": null, "microbrewery": null, "contact:website": "http://www.zatisi-penzion.cz", "contact:phone": "+420 725 739 166", "contact:email": "info@zatisi-penzion.cz", "wikidata": null, "website": null, "brewery": null, "gambling": null, "phone": null, "name:cs": null, "internet_access": null, "email": null, "addr:postcode": null, "addr:place": null, "addr:housenumber": null, "smoking": null, "opening_hours": "14:00-22:00", "wheelchair": null, "name": "Pivnice Zátiší", "amenity": "pub" }, "geometry": { "type": "Point", "coordinates": [ 18.5384551, 49.6390738 ] } },
{ "type": "Feature", "properties": { "full_id": "n6029396253", "osm_id": "6029396253", "osm_type": "node", "min_age": null, "payment:qerko": null, "diet:vegetarian": null, "cuisine": null, "food": null, "sport": null, "fee": null, "access": null, "takeaway": null, "delivery": null, "alt_name": null, "old_name": null, "leisure": null, "toilets:gender_segregated": null, "toilets": null, "tents": null, "shared_kitchen": null, "power_supply": null, "kitchen": null, "camp_site": null, "cabins": null, "payment:cash": null, "check_date:opening_hours": null, "addr:streetnumber": null, "payment:onchain": null, "payment:lightning_contactless": null, "payment:lightning:requires_companion_app": null, "payment:lightning:companion_app_url": null, "payment:lightning": null, "outdoor_seating": "yes", "indoor_seating": null, "description": null, "currency:XBT": null, "check_date:currency:XBT": null, "check_date": null, "addr:city": null, "loc_name": null, "addr:street": null, "beer_garden": null, "ref:ruian:addr": null, "addr:country": null, "addr:conscriptionnumber": null, "contact:facebook": null, "operator": null, "microbrewery": null, "contact:website": null, "contact:phone": null, "contact:email": null, "wikidata": null, "website": null, "brewery": "Svijany;Radegast", "gambling": null, "phone": null, "name:cs": null, "internet_access": null, "email": null, "addr:postcode": null, "addr:place": null, "addr:housenumber": null, "smoking": null, "opening_hours": null, "wheelchair": null, "name": "U Mlýna", "amenity": "pub" }, "geometry": { "type": "Point", "coordinates": [ 18.2943989, 49.6907312 ] } },
{ "type": "Feature", "properties": { "full_id": "n6178246884", "osm_id": "6178246884", "osm_type": "node", "min_age": null, "payment:qerko": null, "diet:vegetarian": null, "cuisine": null, "food": null, "sport": null, "fee": null, "access": null, "takeaway": null, "delivery": null, "alt_name": null, "old_name": null, "leisure": null, "toilets:gender_segregated": null, "toilets": null, "tents": null, "shared_kitchen": null, "power_supply": null, "kitchen": null, "camp_site": null, "cabins": null, "payment:cash": null, "check_date:opening_hours": null, "addr:streetnumber": null, "payment:onchain": null, "payment:lightning_contactless": null, "payment:lightning:requires_companion_app": null, "payment:lightning:companion_app_url": null, "payment:lightning": null, "outdoor_seating": "yes", "indoor_seating": null, "description": null, "currency:XBT": null, "check_date:currency:XBT": null, "check_date": null, "addr:city": null, "loc_name": null, "addr:street": null, "beer_garden": null, "ref:ruian:addr": null, "addr:country": null, "addr:conscriptionnumber": null, "contact:facebook": null, "operator": null, "microbrewery": null, "contact:website": null, "contact:phone": null, "contact:email": null, "wikidata": null, "website": "https://simonfm.cz/Sport-bar/", "brewery": "Radegast", "gambling": null, "phone": null, "name:cs": null, "internet_access": null, "email": null, "addr:postcode": null, "addr:place": null, "addr:housenumber": null, "smoking": null, "opening_hours": "Mo-Fr 09:00-24:00; Sa,Su 00:00-02:00,09:00-24:00", "wheelchair": "no", "name": "SportBar Simon", "amenity": "bar" }, "geometry": { "type": "Point", "coordinates": [ 18.3575401, 49.6783472 ] } },
{ "type": "Feature", "properties": { "full_id": "n6270226765", "osm_id": "6270226765", "osm_type": "node", "min_age": null, "payment:qerko": null, "diet:vegetarian": null, "cuisine": null, "food": null, "sport": null, "fee": null, "access": null, "takeaway": null, "delivery": null, "alt_name": null, "old_name": null, "leisure": null, "toilets:gender_segregated": null, "toilets": null, "tents": null, "shared_kitchen": null, "power_supply": null, "kitchen": null, "camp_site": null, "cabins": null, "payment:cash": null, "check_date:opening_hours": null, "addr:streetnumber": null, "payment:onchain": null, "payment:lightning_contactless": null, "payment:lightning:requires_companion_app": null, "payment:lightning:companion_app_url": null, "payment:lightning": null, "outdoor_seating": null, "indoor_seating": null, "description": null, "currency:XBT": null, "check_date:currency:XBT": null, "check_date": null, "addr:city": null, "loc_name": null, "addr:street": null, "beer_garden": null, "ref:ruian:addr": null, "addr:country": null, "addr:conscriptionnumber": null, "contact:facebook": null, "operator": null, "microbrewery": null, "contact:website": null, "contact:phone": null, "contact:email": null, "wikidata": null, "website": null, "brewery": null, "gambling": null, "phone": null, "name:cs": null, "internet_access": null, "email": null, "addr:postcode": null, "addr:place": null, "addr:housenumber": null, "smoking": null, "opening_hours": null, "wheelchair": null, "name": "Krásenka", "amenity": "pub" }, "geometry": { "type": "Point", "coordinates": [ 18.444681, 49.6066246 ] } },
{ "type": "Feature", "properties": { "full_id": "n6458601679", "osm_id": "6458601679", "osm_type": "node", "min_age": null, "payment:qerko": null, "diet:vegetarian": null, "cuisine": null, "food": null, "sport": null, "fee": null, "access": null, "takeaway": null, "delivery": null, "alt_name": null, "old_name": null, "leisure": null, "toilets:gender_segregated": null, "toilets": null, "tents": null, "shared_kitchen": null, "power_supply": null, "kitchen": null, "camp_site": null, "cabins": null, "payment:cash": null, "check_date:opening_hours": null, "addr:streetnumber": null, "payment:onchain": null, "payment:lightning_contactless": null, "payment:lightning:requires_companion_app": null, "payment:lightning:companion_app_url": null, "payment:lightning": null, "outdoor_seating": "yes", "indoor_seating": null, "description": null, "currency:XBT": null, "check_date:currency:XBT": null, "check_date": null, "addr:city": "Havířov", "loc_name": null, "addr:street": "Padlých hrdinů", "beer_garden": null, "ref:ruian:addr": null, "addr:country": null, "addr:conscriptionnumber": null, "contact:facebook": null, "operator": null, "microbrewery": null, "contact:website": null, "contact:phone": null, "contact:email": null, "wikidata": null, "website": "http://hospudkanakopcisweb.webmium.com", "brewery": "yes", "gambling": null, "phone": null, "name:cs": null, "internet_access": null, "email": null, "addr:postcode": "73601", "addr:place": null, "addr:housenumber": "811/1", "smoking": "outside", "opening_hours": null, "wheelchair": null, "name": "Hospůdka na kopci", "amenity": "pub" }, "geometry": { "type": "Point", "coordinates": [ 18.465464, 49.7626083 ] } },
{ "type": "Feature", "properties": { "full_id": "n6469683419", "osm_id": "6469683419", "osm_type": "node", "min_age": null, "payment:qerko": null, "diet:vegetarian": null, "cuisine": null, "food": null, "sport": null, "fee": null, "access": null, "takeaway": null, "delivery": null, "alt_name": null, "old_name": null, "leisure": null, "toilets:gender_segregated": null, "toilets": null, "tents": null, "shared_kitchen": null, "power_supply": null, "kitchen": null, "camp_site": null, "cabins": null, "payment:cash": "yes", "check_date:opening_hours": "2021-11-12", "addr:streetnumber": null, "payment:onchain": null, "payment:lightning_contactless": null, "payment:lightning:requires_companion_app": null, "payment:lightning:companion_app_url": null, "payment:lightning": null, "outdoor_seating": "yes", "indoor_seating": null, "description": null, "currency:XBT": null, "check_date:currency:XBT": null, "check_date": null, "addr:city": "Havířov", "loc_name": null, "addr:street": "Nerudova", "beer_garden": null, "ref:ruian:addr": null, "addr:country": null, "addr:conscriptionnumber": null, "contact:facebook": null, "operator": null, "microbrewery": null, "contact:website": null, "contact:phone": null, "contact:email": null, "wikidata": null, "website": "https://www.facebook.com/U-Mlsn%C3%A9ho-kocoura-792134364301257", "brewery": "Březňák;Krušovice", "gambling": null, "phone": "+420 602 762 460", "name:cs": null, "internet_access": null, "email": "slivka.72@seznam.cz", "addr:postcode": "73601", "addr:place": null, "addr:housenumber": "393/2", "smoking": "outside", "opening_hours": "Mo-Th 14:00-22:00; Fr-Sa 14:00-24:00; Su 14:00-22:00", "wheelchair": null, "name": "U Mlsného kocoura", "amenity": "pub" }, "geometry": { "type": "Point", "coordinates": [ 18.4274469, 49.7824374 ] } },
{ "type": "Feature", "properties": { "full_id": "n8419067813", "osm_id": "8419067813", "osm_type": "node", "min_age": null, "payment:qerko": null, "diet:vegetarian": null, "cuisine": null, "food": null, "sport": null, "fee": null, "access": null, "takeaway": null, "delivery": null, "alt_name": null, "old_name": null, "leisure": null, "toilets:gender_segregated": null, "toilets": null, "tents": null, "shared_kitchen": null, "power_supply": null, "kitchen": null, "camp_site": null, "cabins": null, "payment:cash": null, "check_date:opening_hours": null, "addr:streetnumber": null, "payment:onchain": null, "payment:lightning_contactless": null, "payment:lightning:requires_companion_app": null, "payment:lightning:companion_app_url": null, "payment:lightning": null, "outdoor_seating": null, "indoor_seating": null, "description": null, "currency:XBT": null, "check_date:currency:XBT": null, "check_date": null, "addr:city": null, "loc_name": null, "addr:street": null, "beer_garden": null, "ref:ruian:addr": null, "addr:country": null, "addr:conscriptionnumber": null, "contact:facebook": null, "operator": null, "microbrewery": null, "contact:website": null, "contact:phone": null, "contact:email": null, "wikidata": null, "website": null, "brewery": null, "gambling": null, "phone": null, "name:cs": null, "internet_access": null, "email": null, "addr:postcode": null, "addr:place": null, "addr:housenumber": null, "smoking": null, "opening_hours": null, "wheelchair": null, "name": null, "amenity": "pub" }, "geometry": { "type": "Point", "coordinates": [ 18.2556, 49.7533062 ] } },
{ "type": "Feature", "properties": { "full_id": "n8690835580", "osm_id": "8690835580", "osm_type": "node", "min_age": null, "payment:qerko": null, "diet:vegetarian": null, "cuisine": null, "food": null, "sport": null, "fee": null, "access": null, "takeaway": null, "delivery": null, "alt_name": null, "old_name": null, "leisure": null, "toilets:gender_segregated": null, "toilets": null, "tents": null, "shared_kitchen": null, "power_supply": null, "kitchen": null, "camp_site": null, "cabins": null, "payment:cash": null, "check_date:opening_hours": null, "addr:streetnumber": null, "payment:onchain": null, "payment:lightning_contactless": null, "payment:lightning:requires_companion_app": null, "payment:lightning:companion_app_url": null, "payment:lightning": null, "outdoor_seating": "yes", "indoor_seating": null, "description": null, "currency:XBT": null, "check_date:currency:XBT": null, "check_date": null, "addr:city": null, "loc_name": null, "addr:street": null, "beer_garden": null, "ref:ruian:addr": null, "addr:country": null, "addr:conscriptionnumber": null, "contact:facebook": null, "operator": null, "microbrewery": null, "contact:website": null, "contact:phone": null, "contact:email": null, "wikidata": null, "website": null, "brewery": null, "gambling": null, "phone": null, "name:cs": null, "internet_access": null, "email": null, "addr:postcode": null, "addr:place": null, "addr:housenumber": null, "smoking": null, "opening_hours": null, "wheelchair": null, "name": null, "amenity": "pub" }, "geometry": { "type": "Point", "coordinates": [ 18.3639264, 49.7129102 ] } },
{ "type": "Feature", "properties": { "full_id": "n9008548402", "osm_id": "9008548402", "osm_type": "node", "min_age": null, "payment:qerko": null, "diet:vegetarian": null, "cuisine": null, "food": null, "sport": null, "fee": null, "access": null, "takeaway": null, "delivery": null, "alt_name": null, "old_name": null, "leisure": null, "toilets:gender_segregated": null, "toilets": null, "tents": null, "shared_kitchen": null, "power_supply": null, "kitchen": null, "camp_site": null, "cabins": null, "payment:cash": null, "check_date:opening_hours": null, "addr:streetnumber": null, "payment:onchain": null, "payment:lightning_contactless": null, "payment:lightning:requires_companion_app": null, "payment:lightning:companion_app_url": null, "payment:lightning": null, "outdoor_seating": null, "indoor_seating": null, "description": null, "currency:XBT": null, "check_date:currency:XBT": null, "check_date": null, "addr:city": "Albrechtice", "loc_name": null, "addr:street": "Hlavní", "beer_garden": null, "ref:ruian:addr": null, "addr:country": null, "addr:conscriptionnumber": null, "contact:facebook": null, "operator": null, "microbrewery": null, "contact:website": null, "contact:phone": null, "contact:email": null, "wikidata": null, "website": "https://www.hospudkaudubu.cz/", "brewery": null, "gambling": null, "phone": "+420 774 466 432", "name:cs": null, "internet_access": null, "email": "tomasparik@seznam.cz", "addr:postcode": "73543", "addr:place": null, "addr:housenumber": "8", "smoking": null, "opening_hours": null, "wheelchair": null, "name": "Hospůdka U Dubu", "amenity": "pub" }, "geometry": { "type": "Point", "coordinates": [ 18.5284872, 49.790322 ] } },
{ "type": "Feature", "properties": { "full_id": "n9103645648", "osm_id": "9103645648", "osm_type": "node", "min_age": null, "payment:qerko": null, "diet:vegetarian": null, "cuisine": null, "food": null, "sport": null, "fee": null, "access": null, "takeaway": null, "delivery": null, "alt_name": null, "old_name": null, "leisure": null, "toilets:gender_segregated": null, "toilets": null, "tents": null, "shared_kitchen": null, "power_supply": null, "kitchen": null, "camp_site": null, "cabins": null, "payment:cash": null, "check_date:opening_hours": null, "addr:streetnumber": null, "payment:onchain": null, "payment:lightning_contactless": null, "payment:lightning:requires_companion_app": null, "payment:lightning:companion_app_url": null, "payment:lightning": null, "outdoor_seating": null, "indoor_seating": null, "description": null, "currency:XBT": null, "check_date:currency:XBT": null, "check_date": null, "addr:city": null, "loc_name": null, "addr:street": null, "beer_garden": null, "ref:ruian:addr": null, "addr:country": null, "addr:conscriptionnumber": null, "contact:facebook": null, "operator": null, "microbrewery": null, "contact:website": null, "contact:phone": null, "contact:email": null, "wikidata": null, "website": null, "brewery": null, "gambling": null, "phone": null, "name:cs": null, "internet_access": null, "email": null, "addr:postcode": null, "addr:place": null, "addr:housenumber": null, "smoking": null, "opening_hours": "Oct-Aug off", "wheelchair": null, "name": null, "amenity": "bar" }, "geometry": { "type": "Point", "coordinates": [ 18.4518042, 49.7317674 ] } },
{ "type": "Feature", "properties": { "full_id": "n9103645649", "osm_id": "9103645649", "osm_type": "node", "min_age": null, "payment:qerko": null, "diet:vegetarian": null, "cuisine": null, "food": null, "sport": null, "fee": null, "access": null, "takeaway": null, "delivery": null, "alt_name": null, "old_name": null, "leisure": null, "toilets:gender_segregated": null, "toilets": null, "tents": null, "shared_kitchen": null, "power_supply": null, "kitchen": null, "camp_site": null, "cabins": null, "payment:cash": null, "check_date:opening_hours": null, "addr:streetnumber": null, "payment:onchain": null, "payment:lightning_contactless": null, "payment:lightning:requires_companion_app": null, "payment:lightning:companion_app_url": null, "payment:lightning": null, "outdoor_seating": null, "indoor_seating": null, "description": null, "currency:XBT": null, "check_date:currency:XBT": null, "check_date": null, "addr:city": null, "loc_name": null, "addr:street": null, "beer_garden": null, "ref:ruian:addr": null, "addr:country": null, "addr:conscriptionnumber": null, "contact:facebook": null, "operator": null, "microbrewery": null, "contact:website": null, "contact:phone": null, "contact:email": null, "wikidata": null, "website": null, "brewery": null, "gambling": null, "phone": null, "name:cs": null, "internet_access": null, "email": null, "addr:postcode": null, "addr:place": null, "addr:housenumber": null, "smoking": null, "opening_hours": "Oct-Aug off", "wheelchair": null, "name": "Zátoka", "amenity": "bar" }, "geometry": { "type": "Point", "coordinates": [ 18.4548469, 49.7290755 ] } },
{ "type": "Feature", "properties": { "full_id": "n9103645657", "osm_id": "9103645657", "osm_type": "node", "min_age": null, "payment:qerko": null, "diet:vegetarian": null, "cuisine": null, "food": null, "sport": null, "fee": null, "access": null, "takeaway": null, "delivery": null, "alt_name": null, "old_name": null, "leisure": null, "toilets:gender_segregated": null, "toilets": null, "tents": null, "shared_kitchen": null, "power_supply": null, "kitchen": null, "camp_site": null, "cabins": null, "payment:cash": null, "check_date:opening_hours": null, "addr:streetnumber": null, "payment:onchain": null, "payment:lightning_contactless": null, "payment:lightning:requires_companion_app": null, "payment:lightning:companion_app_url": null, "payment:lightning": null, "outdoor_seating": null, "indoor_seating": null, "description": null, "currency:XBT": null, "check_date:currency:XBT": null, "check_date": null, "addr:city": null, "loc_name": null, "addr:street": null, "beer_garden": null, "ref:ruian:addr": null, "addr:country": null, "addr:conscriptionnumber": null, "contact:facebook": null, "operator": null, "microbrewery": null, "contact:website": null, "contact:phone": null, "contact:email": null, "wikidata": null, "website": null, "brewery": null, "gambling": null, "phone": null, "name:cs": null, "internet_access": null, "email": null, "addr:postcode": null, "addr:place": null, "addr:housenumber": null, "smoking": null, "opening_hours": null, "wheelchair": null, "name": "Hostinec Stará Husarůvka", "amenity": "pub" }, "geometry": { "type": "Point", "coordinates": [ 18.4615141, 49.7291073 ] } },
{ "type": "Feature", "properties": { "full_id": "n9208223313", "osm_id": "9208223313", "osm_type": "node", "min_age": null, "payment:qerko": null, "diet:vegetarian": null, "cuisine": null, "food": null, "sport": null, "fee": null, "access": null, "takeaway": null, "delivery": null, "alt_name": null, "old_name": null, "leisure": null, "toilets:gender_segregated": null, "toilets": null, "tents": null, "shared_kitchen": null, "power_supply": null, "kitchen": null, "camp_site": null, "cabins": null, "payment:cash": null, "check_date:opening_hours": null, "addr:streetnumber": null, "payment:onchain": null, "payment:lightning_contactless": null, "payment:lightning:requires_companion_app": null, "payment:lightning:companion_app_url": null, "payment:lightning": null, "outdoor_seating": null, "indoor_seating": null, "description": null, "currency:XBT": null, "check_date:currency:XBT": null, "check_date": null, "addr:city": null, "loc_name": null, "addr:street": null, "beer_garden": null, "ref:ruian:addr": null, "addr:country": null, "addr:conscriptionnumber": null, "contact:facebook": null, "operator": null, "microbrewery": null, "contact:website": null, "contact:phone": null, "contact:email": null, "wikidata": null, "website": null, "brewery": null, "gambling": null, "phone": null, "name:cs": null, "internet_access": null, "email": null, "addr:postcode": null, "addr:place": null, "addr:housenumber": null, "smoking": null, "opening_hours": null, "wheelchair": null, "name": "Kosmos pub", "amenity": "pub" }, "geometry": { "type": "Point", "coordinates": [ 18.4398322, 49.7783852 ] } },
{ "type": "Feature", "properties": { "full_id": "n10289449868", "osm_id": "10289449868", "osm_type": "node", "min_age": null, "payment:qerko": null, "diet:vegetarian": null, "cuisine": null, "food": null, "sport": null, "fee": null, "access": null, "takeaway": null, "delivery": null, "alt_name": null, "old_name": null, "leisure": null, "toilets:gender_segregated": null, "toilets": null, "tents": null, "shared_kitchen": null, "power_supply": null, "kitchen": null, "camp_site": null, "cabins": null, "payment:cash": null, "check_date:opening_hours": null, "addr:streetnumber": null, "payment:onchain": null, "payment:lightning_contactless": null, "payment:lightning:requires_companion_app": null, "payment:lightning:companion_app_url": null, "payment:lightning": null, "outdoor_seating": null, "indoor_seating": null, "description": null, "currency:XBT": null, "check_date:currency:XBT": null, "check_date": null, "addr:city": null, "loc_name": null, "addr:street": null, "beer_garden": null, "ref:ruian:addr": null, "addr:country": null, "addr:conscriptionnumber": null, "contact:facebook": null, "operator": null, "microbrewery": null, "contact:website": null, "contact:phone": null, "contact:email": null, "wikidata": null, "website": null, "brewery": null, "gambling": null, "phone": null, "name:cs": null, "internet_access": null, "email": null, "addr:postcode": null, "addr:place": null, "addr:housenumber": null, "smoking": null, "opening_hours": null, "wheelchair": null, "name": null, "amenity": "pub" }, "geometry": { "type": "Point", "coordinates": [ 18.2617446, 49.78435 ] } },
{ "type": "Feature", "properties": { "full_id": "n10289514825", "osm_id": "10289514825", "osm_type": "node", "min_age": null, "payment:qerko": null, "diet:vegetarian": null, "cuisine": null, "food": null, "sport": null, "fee": null, "access": null, "takeaway": null, "delivery": null, "alt_name": null, "old_name": null, "leisure": null, "toilets:gender_segregated": null, "toilets": null, "tents": null, "shared_kitchen": null, "power_supply": null, "kitchen": null, "camp_site": null, "cabins": null, "payment:cash": null, "check_date:opening_hours": null, "addr:streetnumber": null, "payment:onchain": null, "payment:lightning_contactless": null, "payment:lightning:requires_companion_app": null, "payment:lightning:companion_app_url": null, "payment:lightning": null, "outdoor_seating": null, "indoor_seating": null, "description": null, "currency:XBT": null, "check_date:currency:XBT": null, "check_date": null, "addr:city": null, "loc_name": null, "addr:street": null, "beer_garden": null, "ref:ruian:addr": null, "addr:country": null, "addr:conscriptionnumber": null, "contact:facebook": null, "operator": null, "microbrewery": null, "contact:website": null, "contact:phone": null, "contact:email": null, "wikidata": null, "website": null, "brewery": "ostravar", "gambling": null, "phone": null, "name:cs": null, "internet_access": null, "email": null, "addr:postcode": null, "addr:place": null, "addr:housenumber": null, "smoking": "outside", "opening_hours": null, "wheelchair": null, "name": "Hospoda u Jestřábů", "amenity": "pub" }, "geometry": { "type": "Point", "coordinates": [ 18.2691188, 49.787746 ] } },
{ "type": "Feature", "properties": { "full_id": "n10290034666", "osm_id": "10290034666", "osm_type": "node", "min_age": null, "payment:qerko": null, "diet:vegetarian": null, "cuisine": null, "food": null, "sport": null, "fee": null, "access": null, "takeaway": null, "delivery": null, "alt_name": null, "old_name": null, "leisure": null, "toilets:gender_segregated": null, "toilets": null, "tents": null, "shared_kitchen": null, "power_supply": null, "kitchen": null, "camp_site": null, "cabins": null, "payment:cash": null, "check_date:opening_hours": null, "addr:streetnumber": null, "payment:onchain": null, "payment:lightning_contactless": null, "payment:lightning:requires_companion_app": null, "payment:lightning:companion_app_url": null, "payment:lightning": null, "outdoor_seating": null, "indoor_seating": null, "description": null, "currency:XBT": null, "check_date:currency:XBT": null, "check_date": null, "addr:city": null, "loc_name": null, "addr:street": null, "beer_garden": null, "ref:ruian:addr": null, "addr:country": null, "addr:conscriptionnumber": null, "contact:facebook": null, "operator": null, "microbrewery": null, "contact:website": null, "contact:phone": null, "contact:email": null, "wikidata": null, "website": null, "brewery": null, "gambling": null, "phone": null, "name:cs": null, "internet_access": null, "email": null, "addr:postcode": null, "addr:place": null, "addr:housenumber": null, "smoking": null, "opening_hours": null, "wheelchair": null, "name": null, "amenity": "pub" }, "geometry": { "type": "Point", "coordinates": [ 18.2594257, 49.7841645 ] } },
{ "type": "Feature", "properties": { "full_id": "n10290060386", "osm_id": "10290060386", "osm_type": "node", "min_age": null, "payment:qerko": null, "diet:vegetarian": null, "cuisine": null, "food": null, "sport": null, "fee": null, "access": null, "takeaway": null, "delivery": null, "alt_name": null, "old_name": null, "leisure": null, "toilets:gender_segregated": null, "toilets": null, "tents": null, "shared_kitchen": null, "power_supply": null, "kitchen": null, "camp_site": null, "cabins": null, "payment:cash": null, "check_date:opening_hours": null, "addr:streetnumber": null, "payment:onchain": null, "payment:lightning_contactless": null, "payment:lightning:requires_companion_app": null, "payment:lightning:companion_app_url": null, "payment:lightning": null, "outdoor_seating": null, "indoor_seating": null, "description": null, "currency:XBT": null, "check_date:currency:XBT": null, "check_date": null, "addr:city": null, "loc_name": null, "addr:street": null, "beer_garden": null, "ref:ruian:addr": null, "addr:country": null, "addr:conscriptionnumber": null, "contact:facebook": null, "operator": null, "microbrewery": null, "contact:website": null, "contact:phone": null, "contact:email": null, "wikidata": null, "website": null, "brewery": null, "gambling": null, "phone": null, "name:cs": null, "internet_access": null, "email": null, "addr:postcode": null, "addr:place": null, "addr:housenumber": null, "smoking": null, "opening_hours": null, "wheelchair": null, "name": null, "amenity": "pub" }, "geometry": { "type": "Point", "coordinates": [ 18.2434308, 49.7783599 ] } },
{ "type": "Feature", "properties": { "full_id": "n10983681272", "osm_id": "10983681272", "osm_type": "node", "min_age": null, "payment:qerko": null, "diet:vegetarian": null, "cuisine": null, "food": null, "sport": null, "fee": null, "access": null, "takeaway": null, "delivery": null, "alt_name": null, "old_name": null, "leisure": null, "toilets:gender_segregated": null, "toilets": null, "tents": null, "shared_kitchen": null, "power_supply": null, "kitchen": null, "camp_site": null, "cabins": null, "payment:cash": null, "check_date:opening_hours": null, "addr:streetnumber": null, "payment:onchain": null, "payment:lightning_contactless": null, "payment:lightning:requires_companion_app": null, "payment:lightning:companion_app_url": null, "payment:lightning": null, "outdoor_seating": null, "indoor_seating": null, "description": null, "currency:XBT": null, "check_date:currency:XBT": null, "check_date": null, "addr:city": null, "loc_name": null, "addr:street": null, "beer_garden": null, "ref:ruian:addr": null, "addr:country": null, "addr:conscriptionnumber": null, "contact:facebook": null, "operator": null, "microbrewery": null, "contact:website": null, "contact:phone": null, "contact:email": null, "wikidata": null, "website": null, "brewery": null, "gambling": null, "phone": null, "name:cs": null, "internet_access": null, "email": null, "addr:postcode": null, "addr:place": null, "addr:housenumber": null, "smoking": null, "opening_hours": null, "wheelchair": null, "name": "U dvou písařů", "amenity": "pub" }, "geometry": { "type": "Point", "coordinates": [ 18.4950301, 49.7690559 ] } },
{ "type": "Feature", "properties": { "full_id": "n11037482185", "osm_id": "11037482185", "osm_type": "node", "min_age": null, "payment:qerko": null, "diet:vegetarian": "yes", "cuisine": "burger;coffee_shop;friture;japanese;mexican;tea", "food": null, "sport": null, "fee": null, "access": null, "takeaway": null, "delivery": null, "alt_name": null, "old_name": null, "leisure": null, "toilets:gender_segregated": null, "toilets": null, "tents": null, "shared_kitchen": null, "power_supply": null, "kitchen": null, "camp_site": null, "cabins": null, "payment:cash": null, "check_date:opening_hours": null, "addr:streetnumber": null, "payment:onchain": null, "payment:lightning_contactless": null, "payment:lightning:requires_companion_app": "yes", "payment:lightning:companion_app_url": "https://www.qerko.com", "payment:lightning": null, "outdoor_seating": null, "indoor_seating": null, "description": null, "currency:XBT": "yes", "check_date:currency:XBT": "2025-05-09", "check_date": null, "addr:city": null, "loc_name": null, "addr:street": null, "beer_garden": null, "ref:ruian:addr": null, "addr:country": null, "addr:conscriptionnumber": null, "contact:facebook": null, "operator": null, "microbrewery": null, "contact:website": null, "contact:phone": null, "contact:email": null, "wikidata": null, "website": null, "brewery": null, "gambling": null, "phone": null, "name:cs": null, "internet_access": null, "email": null, "addr:postcode": null, "addr:place": null, "addr:housenumber": null, "smoking": null, "opening_hours": null, "wheelchair": null, "name": "Jazz Club Havířov", "amenity": "bar" }, "geometry": { "type": "Point", "coordinates": [ 18.4516991, 49.7749938 ] } },
{ "type": "Feature", "properties": { "full_id": "n11037819048", "osm_id": "11037819048", "osm_type": "node", "min_age": null, "payment:qerko": "yes", "diet:vegetarian": null, "cuisine": null, "food": null, "sport": null, "fee": null, "access": null, "takeaway": null, "delivery": null, "alt_name": null, "old_name": null, "leisure": null, "toilets:gender_segregated": null, "toilets": null, "tents": null, "shared_kitchen": null, "power_supply": null, "kitchen": null, "camp_site": null, "cabins": null, "payment:cash": null, "check_date:opening_hours": null, "addr:streetnumber": null, "payment:onchain": null, "payment:lightning_contactless": null, "payment:lightning:requires_companion_app": null, "payment:lightning:companion_app_url": null, "payment:lightning": null, "outdoor_seating": null, "indoor_seating": null, "description": null, "currency:XBT": null, "check_date:currency:XBT": "2025-05-14", "check_date": "2023-10-17", "addr:city": null, "loc_name": null, "addr:street": null, "beer_garden": null, "ref:ruian:addr": null, "addr:country": null, "addr:conscriptionnumber": null, "contact:facebook": null, "operator": null, "microbrewery": null, "contact:website": null, "contact:phone": null, "contact:email": null, "wikidata": null, "website": null, "brewery": null, "gambling": null, "phone": null, "name:cs": null, "internet_access": null, "email": null, "addr:postcode": null, "addr:place": null, "addr:housenumber": null, "smoking": null, "opening_hours": null, "wheelchair": null, "name": "Rybízák", "amenity": "bar" }, "geometry": { "type": "Point", "coordinates": [ 18.3469302, 49.6714828 ] } },
{ "type": "Feature", "properties": { "full_id": "n11221054315", "osm_id": "11221054315", "osm_type": "node", "min_age": null, "payment:qerko": null, "diet:vegetarian": null, "cuisine": null, "food": null, "sport": null, "fee": null, "access": null, "takeaway": null, "delivery": null, "alt_name": null, "old_name": null, "leisure": null, "toilets:gender_segregated": null, "toilets": null, "tents": null, "shared_kitchen": null, "power_supply": null, "kitchen": null, "camp_site": null, "cabins": null, "payment:cash": null, "check_date:opening_hours": null, "addr:streetnumber": null, "payment:onchain": null, "payment:lightning_contactless": null, "payment:lightning:requires_companion_app": null, "payment:lightning:companion_app_url": null, "payment:lightning": null, "outdoor_seating": null, "indoor_seating": null, "description": null, "currency:XBT": null, "check_date:currency:XBT": null, "check_date": null, "addr:city": null, "loc_name": null, "addr:street": null, "beer_garden": null, "ref:ruian:addr": null, "addr:country": null, "addr:conscriptionnumber": null, "contact:facebook": null, "operator": null, "microbrewery": null, "contact:website": null, "contact:phone": null, "contact:email": null, "wikidata": null, "website": null, "brewery": null, "gambling": null, "phone": null, "name:cs": null, "internet_access": null, "email": null, "addr:postcode": null, "addr:place": null, "addr:housenumber": null, "smoking": null, "opening_hours": null, "wheelchair": null, "name": "Cyklobar Morávka", "amenity": "pub" }, "geometry": { "type": "Point", "coordinates": [ 18.5125791, 49.6030779 ] } },
{ "type": "Feature", "properties": { "full_id": "n11415205087", "osm_id": "11415205087", "osm_type": "node", "min_age": null, "payment:qerko": null, "diet:vegetarian": null, "cuisine": null, "food": null, "sport": null, "fee": null, "access": null, "takeaway": null, "delivery": null, "alt_name": null, "old_name": null, "leisure": null, "toilets:gender_segregated": null, "toilets": null, "tents": null, "shared_kitchen": null, "power_supply": null, "kitchen": null, "camp_site": null, "cabins": null, "payment:cash": null, "check_date:opening_hours": null, "addr:streetnumber": null, "payment:onchain": null, "payment:lightning_contactless": null, "payment:lightning:requires_companion_app": null, "payment:lightning:companion_app_url": null, "payment:lightning": null, "outdoor_seating": null, "indoor_seating": null, "description": null, "currency:XBT": null, "check_date:currency:XBT": null, "check_date": null, "addr:city": null, "loc_name": null, "addr:street": null, "beer_garden": null, "ref:ruian:addr": null, "addr:country": null, "addr:conscriptionnumber": null, "contact:facebook": null, "operator": null, "microbrewery": null, "contact:website": null, "contact:phone": null, "contact:email": null, "wikidata": null, "website": null, "brewery": null, "gambling": null, "phone": null, "name:cs": null, "internet_access": null, "email": null, "addr:postcode": null, "addr:place": null, "addr:housenumber": null, "smoking": null, "opening_hours": null, "wheelchair": null, "name": null, "amenity": "pub" }, "geometry": { "type": "Point", "coordinates": [ 18.2781896, 49.6578003 ] } },
{ "type": "Feature", "properties": { "full_id": "n11490213039", "osm_id": "11490213039", "osm_type": "node", "min_age": null, "payment:qerko": null, "diet:vegetarian": null, "cuisine": null, "food": null, "sport": null, "fee": null, "access": null, "takeaway": null, "delivery": null, "alt_name": null, "old_name": null, "leisure": null, "toilets:gender_segregated": null, "toilets": null, "tents": null, "shared_kitchen": null, "power_supply": null, "kitchen": null, "camp_site": null, "cabins": null, "payment:cash": null, "check_date:opening_hours": null, "addr:streetnumber": null, "payment:onchain": null, "payment:lightning_contactless": null, "payment:lightning:requires_companion_app": null, "payment:lightning:companion_app_url": null, "payment:lightning": null, "outdoor_seating": null, "indoor_seating": null, "description": "ÁČKO - Luxury Music Club", "currency:XBT": null, "check_date:currency:XBT": null, "check_date": null, "addr:city": null, "loc_name": null, "addr:street": null, "beer_garden": null, "ref:ruian:addr": null, "addr:country": null, "addr:conscriptionnumber": null, "contact:facebook": null, "operator": null, "microbrewery": null, "contact:website": null, "contact:phone": null, "contact:email": null, "wikidata": null, "website": "https://www.facebook.com/luxuryACKO", "brewery": null, "gambling": null, "phone": null, "name:cs": null, "internet_access": null, "email": null, "addr:postcode": null, "addr:place": null, "addr:housenumber": null, "smoking": null, "opening_hours": null, "wheelchair": null, "name": "ÁČKO", "amenity": "nightclub" }, "geometry": { "type": "Point", "coordinates": [ 18.2569521, 49.7759432 ] } },
{ "type": "Feature", "properties": { "full_id": "n11612192346", "osm_id": "11612192346", "osm_type": "node", "min_age": null, "payment:qerko": null, "diet:vegetarian": null, "cuisine": null, "food": null, "sport": null, "fee": null, "access": null, "takeaway": null, "delivery": null, "alt_name": null, "old_name": null, "leisure": null, "toilets:gender_segregated": null, "toilets": null, "tents": null, "shared_kitchen": null, "power_supply": null, "kitchen": null, "camp_site": null, "cabins": null, "payment:cash": null, "check_date:opening_hours": null, "addr:streetnumber": null, "payment:onchain": null, "payment:lightning_contactless": null, "payment:lightning:requires_companion_app": null, "payment:lightning:companion_app_url": null, "payment:lightning": null, "outdoor_seating": null, "indoor_seating": null, "description": null, "currency:XBT": null, "check_date:currency:XBT": null, "check_date": null, "addr:city": null, "loc_name": null, "addr:street": null, "beer_garden": null, "ref:ruian:addr": null, "addr:country": null, "addr:conscriptionnumber": null, "contact:facebook": null, "operator": null, "microbrewery": null, "contact:website": null, "contact:phone": null, "contact:email": null, "wikidata": null, "website": null, "brewery": null, "gambling": null, "phone": null, "name:cs": null, "internet_access": null, "email": null, "addr:postcode": null, "addr:place": null, "addr:housenumber": null, "smoking": null, "opening_hours": null, "wheelchair": null, "name": null, "amenity": "pub" }, "geometry": { "type": "Point", "coordinates": [ 18.2219228, 49.7785317 ] } },
{ "type": "Feature", "properties": { "full_id": "n11841519982", "osm_id": "11841519982", "osm_type": "node", "min_age": null, "payment:qerko": null, "diet:vegetarian": null, "cuisine": null, "food": null, "sport": null, "fee": null, "access": null, "takeaway": null, "delivery": null, "alt_name": null, "old_name": null, "leisure": null, "toilets:gender_segregated": null, "toilets": null, "tents": null, "shared_kitchen": null, "power_supply": null, "kitchen": null, "camp_site": null, "cabins": null, "payment:cash": null, "check_date:opening_hours": null, "addr:streetnumber": null, "payment:onchain": null, "payment:lightning_contactless": null, "payment:lightning:requires_companion_app": null, "payment:lightning:companion_app_url": null, "payment:lightning": null, "outdoor_seating": null, "indoor_seating": null, "description": null, "currency:XBT": null, "check_date:currency:XBT": null, "check_date": null, "addr:city": null, "loc_name": null, "addr:street": null, "beer_garden": null, "ref:ruian:addr": null, "addr:country": null, "addr:conscriptionnumber": null, "contact:facebook": null, "operator": null, "microbrewery": null, "contact:website": null, "contact:phone": null, "contact:email": null, "wikidata": null, "website": null, "brewery": null, "gambling": null, "phone": null, "name:cs": null, "internet_access": null, "email": null, "addr:postcode": null, "addr:place": null, "addr:housenumber": null, "smoking": null, "opening_hours": null, "wheelchair": null, "name": "Tankovna U Černé Barbory", "amenity": "pub" }, "geometry": { "type": "Point", "coordinates": [ 18.2499531, 49.791105 ] } },
{ "type": "Feature", "properties": { "full_id": "n12542715601", "osm_id": "12542715601", "osm_type": "node", "min_age": null, "payment:qerko": null, "diet:vegetarian": null, "cuisine": null, "food": null, "sport": null, "fee": null, "access": null, "takeaway": null, "delivery": null, "alt_name": null, "old_name": null, "leisure": null, "toilets:gender_segregated": null, "toilets": null, "tents": null, "shared_kitchen": null, "power_supply": null, "kitchen": null, "camp_site": null, "cabins": null, "payment:cash": null, "check_date:opening_hours": null, "addr:streetnumber": null, "payment:onchain": null, "payment:lightning_contactless": null, "payment:lightning:requires_companion_app": null, "payment:lightning:companion_app_url": null, "payment:lightning": null, "outdoor_seating": "yes", "indoor_seating": null, "description": null, "currency:XBT": null, "check_date:currency:XBT": null, "check_date": null, "addr:city": null, "loc_name": null, "addr:street": null, "beer_garden": null, "ref:ruian:addr": null, "addr:country": null, "addr:conscriptionnumber": null, "contact:facebook": null, "operator": null, "microbrewery": null, "contact:website": null, "contact:phone": null, "contact:email": null, "wikidata": null, "website": null, "brewery": "svijany", "gambling": null, "phone": null, "name:cs": null, "internet_access": "wlan", "email": null, "addr:postcode": null, "addr:place": null, "addr:housenumber": null, "smoking": null, "opening_hours": "Mo-Su 16:00-22:00", "wheelchair": null, "name": "Posezení Pohoda", "amenity": "pub" }, "geometry": { "type": "Point", "coordinates": [ 18.249131, 49.783213 ] } },
{ "type": "Feature", "properties": { "full_id": "n12543349070", "osm_id": "12543349070", "osm_type": "node", "min_age": null, "payment:qerko": null, "diet:vegetarian": null, "cuisine": null, "food": null, "sport": null, "fee": null, "access": null, "takeaway": null, "delivery": null, "alt_name": null, "old_name": null, "leisure": null, "toilets:gender_segregated": null, "toilets": null, "tents": null, "shared_kitchen": null, "power_supply": null, "kitchen": null, "camp_site": null, "cabins": null, "payment:cash": null, "check_date:opening_hours": null, "addr:streetnumber": null, "payment:onchain": null, "payment:lightning_contactless": null, "payment:lightning:requires_companion_app": null, "payment:lightning:companion_app_url": null, "payment:lightning": null, "outdoor_seating": null, "indoor_seating": null, "description": null, "currency:XBT": null, "check_date:currency:XBT": null, "check_date": null, "addr:city": null, "loc_name": null, "addr:street": null, "beer_garden": null, "ref:ruian:addr": null, "addr:country": null, "addr:conscriptionnumber": null, "contact:facebook": null, "operator": null, "microbrewery": null, "contact:website": null, "contact:phone": null, "contact:email": null, "wikidata": null, "website": null, "brewery": null, "gambling": null, "phone": null, "name:cs": null, "internet_access": null, "email": null, "addr:postcode": null, "addr:place": null, "addr:housenumber": null, "smoking": null, "opening_hours": null, "wheelchair": null, "name": "Bar Sedma", "amenity": "pub" }, "geometry": { "type": "Point", "coordinates": [ 18.251982, 49.7800076 ] } },
{ "type": "Feature", "properties": { "full_id": "n12544361252", "osm_id": "12544361252", "osm_type": "node", "min_age": null, "payment:qerko": null, "diet:vegetarian": null, "cuisine": null, "food": null, "sport": null, "fee": null, "access": null, "takeaway": null, "delivery": null, "alt_name": null, "old_name": null, "leisure": null, "toilets:gender_segregated": null, "toilets": null, "tents": null, "shared_kitchen": null, "power_supply": null, "kitchen": null, "camp_site": null, "cabins": null, "payment:cash": null, "check_date:opening_hours": null, "addr:streetnumber": null, "payment:onchain": null, "payment:lightning_contactless": null, "payment:lightning:requires_companion_app": null, "payment:lightning:companion_app_url": null, "payment:lightning": null, "outdoor_seating": null, "indoor_seating": null, "description": null, "currency:XBT": null, "check_date:currency:XBT": null, "check_date": null, "addr:city": "Ostrava", "loc_name": null, "addr:street": "Odborářská", "beer_garden": null, "ref:ruian:addr": null, "addr:country": null, "addr:conscriptionnumber": null, "contact:facebook": null, "operator": null, "microbrewery": null, "contact:website": null, "contact:phone": null, "contact:email": null, "wikidata": null, "website": null, "brewery": null, "gambling": null, "phone": null, "name:cs": null, "internet_access": null, "email": null, "addr:postcode": "70030", "addr:place": null, "addr:housenumber": "1404/5", "smoking": null, "opening_hours": "Mo-Su 10:00-23:00", "wheelchair": null, "name": "U Gizda", "amenity": "pub" }, "geometry": { "type": "Point", "coordinates": [ 18.2549114, 49.7917096 ] } },
{ "type": "Feature", "properties": { "full_id": "n12544621585", "osm_id": "12544621585", "osm_type": "node", "min_age": null, "payment:qerko": null, "diet:vegetarian": null, "cuisine": null, "food": null, "sport": null, "fee": null, "access": null, "takeaway": null, "delivery": null, "alt_name": null, "old_name": null, "leisure": null, "toilets:gender_segregated": null, "toilets": null, "tents": null, "shared_kitchen": null, "power_supply": null, "kitchen": null, "camp_site": null, "cabins": null, "payment:cash": null, "check_date:opening_hours": null, "addr:streetnumber": null, "payment:onchain": null, "payment:lightning_contactless": null, "payment:lightning:requires_companion_app": null, "payment:lightning:companion_app_url": null, "payment:lightning": null, "outdoor_seating": null, "indoor_seating": null, "description": null, "currency:XBT": null, "check_date:currency:XBT": null, "check_date": null, "addr:city": "Ostrava", "loc_name": null, "addr:street": "Jiřího Herolda", "beer_garden": null, "ref:ruian:addr": null, "addr:country": null, "addr:conscriptionnumber": null, "contact:facebook": null, "operator": null, "microbrewery": null, "contact:website": null, "contact:phone": null, "contact:email": null, "wikidata": null, "website": null, "brewery": null, "gambling": null, "phone": null, "name:cs": null, "internet_access": null, "email": null, "addr:postcode": "70030", "addr:place": null, "addr:housenumber": "1618/5", "smoking": null, "opening_hours": "Mo-Su 14:00-23:00", "wheelchair": null, "name": "Restaurace Maštal", "amenity": "pub" }, "geometry": { "type": "Point", "coordinates": [ 18.2534714, 49.782207 ] } },
{ "type": "Feature", "properties": { "full_id": "n12753677817", "osm_id": "12753677817", "osm_type": "node", "min_age": null, "payment:qerko": null, "diet:vegetarian": null, "cuisine": null, "food": null, "sport": null, "fee": null, "access": null, "takeaway": null, "delivery": null, "alt_name": null, "old_name": null, "leisure": null, "toilets:gender_segregated": null, "toilets": null, "tents": null, "shared_kitchen": null, "power_supply": null, "kitchen": null, "camp_site": null, "cabins": null, "payment:cash": null, "check_date:opening_hours": null, "addr:streetnumber": null, "payment:onchain": null, "payment:lightning_contactless": null, "payment:lightning:requires_companion_app": null, "payment:lightning:companion_app_url": null, "payment:lightning": null, "outdoor_seating": null, "indoor_seating": null, "description": null, "currency:XBT": null, "check_date:currency:XBT": null, "check_date": null, "addr:city": null, "loc_name": null, "addr:street": null, "beer_garden": null, "ref:ruian:addr": null, "addr:country": null, "addr:conscriptionnumber": null, "contact:facebook": null, "operator": null, "microbrewery": null, "contact:website": null, "contact:phone": null, "contact:email": null, "wikidata": null, "website": null, "brewery": null, "gambling": null, "phone": null, "name:cs": null, "internet_access": null, "email": null, "addr:postcode": null, "addr:place": null, "addr:housenumber": null, "smoking": null, "opening_hours": null, "wheelchair": null, "name": "Hospůdka Pod Schody", "amenity": "pub" }, "geometry": { "type": "Point", "coordinates": [ 18.48305, 49.7123968 ] } },
{ "type": "Feature", "properties": { "full_id": "n12753677839", "osm_id": "12753677839", "osm_type": "node", "min_age": null, "payment:qerko": null, "diet:vegetarian": null, "cuisine": null, "food": null, "sport": null, "fee": null, "access": null, "takeaway": null, "delivery": null, "alt_name": null, "old_name": null, "leisure": null, "toilets:gender_segregated": null, "toilets": null, "tents": null, "shared_kitchen": null, "power_supply": null, "kitchen": null, "camp_site": null, "cabins": null, "payment:cash": null, "check_date:opening_hours": null, "addr:streetnumber": null, "payment:onchain": null, "payment:lightning_contactless": null, "payment:lightning:requires_companion_app": null, "payment:lightning:companion_app_url": null, "payment:lightning": null, "outdoor_seating": null, "indoor_seating": null, "description": null, "currency:XBT": null, "check_date:currency:XBT": null, "check_date": null, "addr:city": null, "loc_name": null, "addr:street": null, "beer_garden": null, "ref:ruian:addr": null, "addr:country": null, "addr:conscriptionnumber": null, "contact:facebook": null, "operator": null, "microbrewery": null, "contact:website": null, "contact:phone": null, "contact:email": null, "wikidata": null, "website": null, "brewery": null, "gambling": null, "phone": null, "name:cs": null, "internet_access": null, "email": null, "addr:postcode": null, "addr:place": null, "addr:housenumber": null, "smoking": null, "opening_hours": null, "wheelchair": null, "name": null, "amenity": "pub" }, "geometry": { "type": "Point", "coordinates": [ 18.4702156, 49.7218856 ] } },
{ "type": "Feature", "properties": { "full_id": "n12753677840", "osm_id": "12753677840", "osm_type": "node", "min_age": null, "payment:qerko": null, "diet:vegetarian": null, "cuisine": null, "food": null, "sport": null, "fee": null, "access": null, "takeaway": null, "delivery": null, "alt_name": null, "old_name": null, "leisure": null, "toilets:gender_segregated": null, "toilets": null, "tents": null, "shared_kitchen": null, "power_supply": null, "kitchen": null, "camp_site": null, "cabins": null, "payment:cash": null, "check_date:opening_hours": null, "addr:streetnumber": null, "payment:onchain": null, "payment:lightning_contactless": null, "payment:lightning:requires_companion_app": null, "payment:lightning:companion_app_url": null, "payment:lightning": null, "outdoor_seating": null, "indoor_seating": null, "description": null, "currency:XBT": null, "check_date:currency:XBT": null, "check_date": null, "addr:city": null, "loc_name": null, "addr:street": null, "beer_garden": null, "ref:ruian:addr": null, "addr:country": null, "addr:conscriptionnumber": null, "contact:facebook": null, "operator": null, "microbrewery": null, "contact:website": null, "contact:phone": null, "contact:email": null, "wikidata": null, "website": null, "brewery": null, "gambling": null, "phone": null, "name:cs": null, "internet_access": null, "email": null, "addr:postcode": null, "addr:place": null, "addr:housenumber": null, "smoking": null, "opening_hours": null, "wheelchair": null, "name": null, "amenity": "pub" }, "geometry": { "type": "Point", "coordinates": [ 18.4701184, 49.7213454 ] } },
{ "type": "Feature", "properties": { "full_id": "n12825762094", "osm_id": "12825762094", "osm_type": "node", "min_age": "18", "payment:qerko": null, "diet:vegetarian": null, "cuisine": null, "food": null, "sport": null, "fee": null, "access": null, "takeaway": null, "delivery": null, "alt_name": null, "old_name": null, "leisure": null, "toilets:gender_segregated": null, "toilets": null, "tents": null, "shared_kitchen": null, "power_supply": null, "kitchen": null, "camp_site": null, "cabins": null, "payment:cash": null, "check_date:opening_hours": null, "addr:streetnumber": null, "payment:onchain": null, "payment:lightning_contactless": null, "payment:lightning:requires_companion_app": null, "payment:lightning:companion_app_url": null, "payment:lightning": null, "outdoor_seating": null, "indoor_seating": null, "description": null, "currency:XBT": null, "check_date:currency:XBT": null, "check_date": null, "addr:city": null, "loc_name": null, "addr:street": null, "beer_garden": null, "ref:ruian:addr": null, "addr:country": null, "addr:conscriptionnumber": null, "contact:facebook": null, "operator": null, "microbrewery": null, "contact:website": null, "contact:phone": null, "contact:email": null, "wikidata": null, "website": null, "brewery": "radegast", "gambling": null, "phone": null, "name:cs": null, "internet_access": null, "email": null, "addr:postcode": null, "addr:place": null, "addr:housenumber": null, "smoking": null, "opening_hours": null, "wheelchair": null, "name": "Bar Zlaťák", "amenity": "bar" }, "geometry": { "type": "Point", "coordinates": [ 18.4580007, 49.793625 ] } },
{ "type": "Feature", "properties": { "full_id": "n12971664299", "osm_id": "12971664299", "osm_type": "node", "min_age": null, "payment:qerko": null, "diet:vegetarian": null, "cuisine": null, "food": null, "sport": null, "fee": null, "access": null, "takeaway": null, "delivery": null, "alt_name": null, "old_name": null, "leisure": null, "toilets:gender_segregated": null, "toilets": "yes", "tents": null, "shared_kitchen": null, "power_supply": null, "kitchen": null, "camp_site": null, "cabins": null, "payment:cash": null, "check_date:opening_hours": null, "addr:streetnumber": null, "payment:onchain": null, "payment:lightning_contactless": null, "payment:lightning:requires_companion_app": null, "payment:lightning:companion_app_url": null, "payment:lightning": null, "outdoor_seating": "yes", "indoor_seating": null, "description": null, "currency:XBT": null, "check_date:currency:XBT": null, "check_date": null, "addr:city": null, "loc_name": null, "addr:street": null, "beer_garden": null, "ref:ruian:addr": null, "addr:country": null, "addr:conscriptionnumber": null, "contact:facebook": null, "operator": null, "microbrewery": null, "contact:website": null, "contact:phone": null, "contact:email": null, "wikidata": null, "website": null, "brewery": null, "gambling": null, "phone": null, "name:cs": null, "internet_access": null, "email": null, "addr:postcode": null, "addr:place": null, "addr:housenumber": null, "smoking": null, "opening_hours": null, "wheelchair": "no", "name": "NH Resort", "amenity": "bar" }, "geometry": { "type": "Point", "coordinates": [ 18.4525574, 49.7121086 ] } },
{ "type": "Feature", "properties": { "full_id": "n13004476460", "osm_id": "13004476460", "osm_type": "node", "min_age": null, "payment:qerko": null, "diet:vegetarian": null, "cuisine": null, "food": null, "sport": null, "fee": null, "access": null, "takeaway": null, "delivery": null, "alt_name": null, "old_name": null, "leisure": null, "toilets:gender_segregated": null, "toilets": null, "tents": null, "shared_kitchen": null, "power_supply": null, "kitchen": null, "camp_site": null, "cabins": null, "payment:cash": null, "check_date:opening_hours": null, "addr:streetnumber": null, "payment:onchain": null, "payment:lightning_contactless": null, "payment:lightning:requires_companion_app": null, "payment:lightning:companion_app_url": null, "payment:lightning": null, "outdoor_seating": null, "indoor_seating": null, "description": null, "currency:XBT": null, "check_date:currency:XBT": null, "check_date": null, "addr:city": null, "loc_name": null, "addr:street": null, "beer_garden": null, "ref:ruian:addr": null, "addr:country": null, "addr:conscriptionnumber": null, "contact:facebook": null, "operator": null, "microbrewery": null, "contact:website": null, "contact:phone": null, "contact:email": null, "wikidata": null, "website": null, "brewery": null, "gambling": null, "phone": null, "name:cs": null, "internet_access": null, "email": null, "addr:postcode": null, "addr:place": null, "addr:housenumber": null, "smoking": null, "opening_hours": null, "wheelchair": null, "name": null, "amenity": "bar" }, "geometry": { "type": "Point", "coordinates": [ 18.5375456, 49.584738 ] } },
{ "type": "Feature", "properties": { "full_id": "n13123378220", "osm_id": "13123378220", "osm_type": "node", "min_age": null, "payment:qerko": null, "diet:vegetarian": null, "cuisine": null, "food": null, "sport": null, "fee": null, "access": null, "takeaway": null, "delivery": null, "alt_name": null, "old_name": null, "leisure": null, "toilets:gender_segregated": null, "toilets": null, "tents": null, "shared_kitchen": null, "power_supply": null, "kitchen": null, "camp_site": null, "cabins": null, "payment:cash": null, "check_date:opening_hours": null, "addr:streetnumber": null, "payment:onchain": null, "payment:lightning_contactless": null, "payment:lightning:requires_companion_app": null, "payment:lightning:companion_app_url": null, "payment:lightning": null, "outdoor_seating": null, "indoor_seating": null, "description": null, "currency:XBT": null, "check_date:currency:XBT": null, "check_date": null, "addr:city": null, "loc_name": null, "addr:street": null, "beer_garden": null, "ref:ruian:addr": null, "addr:country": null, "addr:conscriptionnumber": null, "contact:facebook": null, "operator": null, "microbrewery": null, "contact:website": null, "contact:phone": null, "contact:email": null, "wikidata": null, "website": null, "brewery": null, "gambling": null, "phone": null, "name:cs": null, "internet_access": null, "email": null, "addr:postcode": null, "addr:place": null, "addr:housenumber": null, "smoking": null, "opening_hours": null, "wheelchair": null, "name": "Nádražka F-M", "amenity": "pub" }, "geometry": { "type": "Point", "coordinates": [ 18.3536849, 49.6782436 ] } },
{ "type": "Feature", "properties": { "full_id": "n13542290301", "osm_id": "13542290301", "osm_type": "node", "min_age": null, "payment:qerko": null, "diet:vegetarian": null, "cuisine": null, "food": null, "sport": null, "fee": null, "access": null, "takeaway": null, "delivery": null, "alt_name": null, "old_name": null, "leisure": null, "toilets:gender_segregated": null, "toilets": null, "tents": null, "shared_kitchen": null, "power_supply": null, "kitchen": null, "camp_site": null, "cabins": null, "payment:cash": null, "check_date:opening_hours": null, "addr:streetnumber": null, "payment:onchain": null, "payment:lightning_contactless": null, "payment:lightning:requires_companion_app": null, "payment:lightning:companion_app_url": null, "payment:lightning": null, "outdoor_seating": null, "indoor_seating": null, "description": null, "currency:XBT": null, "check_date:currency:XBT": null, "check_date": null, "addr:city": null, "loc_name": null, "addr:street": null, "beer_garden": null, "ref:ruian:addr": null, "addr:country": null, "addr:conscriptionnumber": null, "contact:facebook": null, "operator": null, "microbrewery": null, "contact:website": null, "contact:phone": null, "contact:email": null, "wikidata": null, "website": null, "brewery": null, "gambling": null, "phone": null, "name:cs": null, "internet_access": null, "email": null, "addr:postcode": null, "addr:place": null, "addr:housenumber": null, "smoking": null, "opening_hours": "Mo-Th 15:00-22:00;Fr-Sa 15:00-23:00;Su 15:00-22:00", "wheelchair": null, "name": "U Rudolfa II.", "amenity": "bar" }, "geometry": { "type": "Point", "coordinates": [ 18.4311727, 49.7763971 ] } },
{ "type": "Feature", "properties": { "full_id": "n13542290331", "osm_id": "13542290331", "osm_type": "node", "min_age": null, "payment:qerko": null, "diet:vegetarian": null, "cuisine": null, "food": null, "sport": null, "fee": null, "access": null, "takeaway": null, "delivery": null, "alt_name": null, "old_name": null, "leisure": null, "toilets:gender_segregated": null, "toilets": null, "tents": null, "shared_kitchen": null, "power_supply": null, "kitchen": null, "camp_site": null, "cabins": null, "payment:cash": null, "check_date:opening_hours": null, "addr:streetnumber": null, "payment:onchain": null, "payment:lightning_contactless": null, "payment:lightning:requires_companion_app": null, "payment:lightning:companion_app_url": null, "payment:lightning": null, "outdoor_seating": "yes", "indoor_seating": null, "description": null, "currency:XBT": null, "check_date:currency:XBT": null, "check_date": null, "addr:city": null, "loc_name": null, "addr:street": null, "beer_garden": null, "ref:ruian:addr": null, "addr:country": null, "addr:conscriptionnumber": null, "contact:facebook": null, "operator": null, "microbrewery": null, "contact:website": null, "contact:phone": null, "contact:email": null, "wikidata": null, "website": null, "brewery": null, "gambling": null, "phone": null, "name:cs": null, "internet_access": null, "email": null, "addr:postcode": null, "addr:place": null, "addr:housenumber": null, "smoking": null, "opening_hours": "Mo-Su 14:00-21:00", "wheelchair": null, "name": "Luigi Bar", "amenity": "bar" }, "geometry": { "type": "Point", "coordinates": [ 18.4311037, 49.7822402 ] } },
{ "type": "Feature", "properties": { "full_id": "n13626815920", "osm_id": "13626815920", "osm_type": "node", "min_age": null, "payment:qerko": null, "diet:vegetarian": null, "cuisine": null, "food": null, "sport": null, "fee": null, "access": null, "takeaway": null, "delivery": null, "alt_name": null, "old_name": null, "leisure": null, "toilets:gender_segregated": null, "toilets": null, "tents": null, "shared_kitchen": null, "power_supply": null, "kitchen": null, "camp_site": null, "cabins": null, "payment:cash": null, "check_date:opening_hours": null, "addr:streetnumber": null, "payment:onchain": null, "payment:lightning_contactless": null, "payment:lightning:requires_companion_app": null, "payment:lightning:companion_app_url": null, "payment:lightning": null, "outdoor_seating": null, "indoor_seating": null, "description": null, "currency:XBT": null, "check_date:currency:XBT": null, "check_date": null, "addr:city": null, "loc_name": null, "addr:street": null, "beer_garden": null, "ref:ruian:addr": null, "addr:country": null, "addr:conscriptionnumber": null, "contact:facebook": null, "operator": null, "microbrewery": null, "contact:website": null, "contact:phone": null, "contact:email": null, "wikidata": null, "website": null, "brewery": null, "gambling": null, "phone": null, "name:cs": null, "internet_access": null, "email": null, "addr:postcode": null, "addr:place": null, "addr:housenumber": null, "smoking": null, "opening_hours": null, "wheelchair": null, "name": "U tuleně", "amenity": "pub" }, "geometry": { "type": "Point", "coordinates": [ 18.424045, 49.7853962 ] } }
]
}
