{
"type": "FeatureCollection",
"name": "google_zone_30km",
"crs": { "type": "name", "properties": { "name": "urn:ogc:def:crs:OGC:1.3:CRS84" } },
"features": [
{ "type": "Feature", "properties": { "source": "Google Distance Matrix", "origin": "Frýdek-Místek, Česká republika", "max_km": 30 }, "geometry": { "type": "Polygon", "coordinates": [ [ [ 18.007288579878438, 49.593081221436378 ], [ 18.006417752947108, 49.593545514890522 ], [ 18.006412034128179, 49.593548942616231 ], [ 18.005643227732257, 49.594061455360468 ], [ 18.00554120202316, 49.594137122735773 ], [ 18.004912975505622, 49.594651601417318 ], [ 18.004742297659838, 49.594806294715617 ], [ 18.00423437710484, 49.595313222947375 ], [ 18.004021976055199, 49.595547571284705 ], [ 18.003615443063413, 49.596042036086772 ], [ 18.003385466901772, 49.59635212292654 ], [ 18.003064030318068, 49.596832372717856 ], [ 18.002837024773282, 49.597211108471576 ], [ 18.00258737183071, 49.597677430883529 ], [ 18.002380139690406, 49.598115586324568 ], [ 18.002191828020919, 49.598569519733609 ], [ 18.002017599869522, 49.599056454707274 ], [ 18.001882772464946, 49.599500270446683 ], [ 18.001751476792911, 49.600024432084084 ], [ 18.001664551665467, 49.600460811248432 ], [ 18.001583076263337, 49.601010073751482 ], [ 18.001540483878852, 49.601441913379958 ], [ 18.001512879340275, 49.602003816652775 ], [ 18.001512879003119, 49.602434115560236 ], [ 18.001540484832805, 49.60299604515086 ], [ 18.001583071384474, 49.603427832387339 ], [ 18.001664558314229, 49.603977172688197 ], [ 18.001751462393909, 49.604413449389007 ], [ 18.001882789529525, 49.604937736770346 ], [ 18.002017571458754, 49.605381404745906 ], [ 18.002191859508443, 49.605868507302283 ], [ 18.002380093684003, 49.606322255121206 ], [ 18.002587420521589, 49.606760610995572 ], [ 18.002836959111672, 49.607226720511647 ], [ 18.003064097005904, 49.607605677310829 ], [ 18.003385381958225, 49.608085700827623 ], [ 18.00361552545148, 49.608396013524207 ], [ 18.004021875923161, 49.608890256202784 ], [ 18.004225867581678, 49.60911532646923 ], [ 18.004753345947865, 49.60963989919415 ], [ 18.0049290118756, 49.609798020888817 ], [ 18.005537260029943, 49.610294474686803 ], [ 18.005650636034527, 49.610378561297559 ], [ 18.006419317984243, 49.610890996771474 ], [ 18.006425102826572, 49.610894464122651 ], [ 18.007295881196061, 49.611358737592276 ], [ 18.008212632405137, 49.611737434236922 ], [ 18.009165069874268, 49.612025506972444 ], [ 18.010353675646936, 49.612261201797239 ], [ 18.010653521354993, 49.612298107019946 ], [ 18.011036800834173, 49.612326297619674 ], [ 18.011254323635463, 49.612336984809716 ], [ 18.011644789626565, 49.612346563888579 ], [ 18.012035255813633, 49.612336988292093 ], [ 18.012252778840296, 49.612326303042181 ], [ 18.01263605892127, 49.612298115860284 ], [ 18.012935905385721, 49.612261213314234 ], [ 18.01431707108781, 49.611987346893287 ], [ 18.014586878057106, 49.611919764107441 ], [ 18.014594568725272, 49.611932727869863 ], [ 18.015264569138211, 49.611756182261679 ], [ 18.01727109592828, 49.611374892438725 ], [ 18.019326447919525, 49.611126659790813 ], [ 18.021409789854406, 49.611014000602651 ], [ 18.023500003447325, 49.611038056846212 ], [ 18.025575900937884, 49.611198584633634 ], [ 18.027616439339599, 49.611493956684818 ], [ 18.029600933238427, 49.611921178785209 ], [ 18.030587830961732, 49.612170117839455 ], [ 18.032431777031828, 49.612703622691541 ], [ 18.03418729864072, 49.613350958888979 ], [ 18.035837801809503, 49.614106008808982 ], [ 18.03736768298895, 49.61496163659497 ], [ 18.038762476422374, 49.615909755464742 ], [ 18.040008990859132, 49.616941404001828 ], [ 18.041095434328863, 49.618046830716551 ], [ 18.04201152579569, 49.619215586083726 ], [ 18.042748592631565, 49.620436621193136 ], [ 18.043299652977328, 49.621698392087261 ], [ 18.043659482200102, 49.622988968804144 ], [ 18.04382466280191, 49.624296148099752 ], [ 18.043793617289165, 49.625607568787437 ], [ 18.043566623671087, 49.626910828606057 ], [ 18.043530801331013, 49.627053832071695 ], [ 18.04344391848451, 49.627489974929759 ], [ 18.0433624012176, 49.628039480149688 ], [ 18.043319828134194, 49.628471077158693 ], [ 18.043292205502649, 49.629033227701427 ], [ 18.043292200622279, 49.629463282077083 ], [ 18.043319812668017, 49.630025459194023 ], [ 18.043362370798011, 49.630457004169671 ], [ 18.043443887986442, 49.631006587945677 ], [ 18.043530740562421, 49.631442629070804 ], [ 18.043662120791051, 49.631967151103439 ], [ 18.043796830040286, 49.632410595287794 ], [ 18.043990541264552, 49.632951998203943 ], [ 18.04433495183514, 49.634162886699876 ], [ 18.044507900017109, 49.63538912976189 ], [ 18.04450793143533, 49.636620506309413 ], [ 18.044335032909849, 49.63784675172186 ], [ 18.043990632995545, 49.639057643402971 ], [ 18.043796762918799, 49.639599457611396 ], [ 18.043662032701004, 49.640042936567831 ], [ 18.043530644020869, 49.640567446793639 ], [ 18.043443784561561, 49.64100347199124 ], [ 18.043362249542302, 49.641553096879647 ], [ 18.043319688361553, 49.641984572973655 ], [ 18.04329205974474, 49.642546845325192 ], [ 18.043292054865688, 49.642976777735157 ], [ 18.043319672894636, 49.643539076665952 ], [ 18.043362219123608, 49.64397050071603 ], [ 18.043443754064505, 49.644520204176416 ], [ 18.043530583251371, 49.644956127618073 ], [ 18.043661992333483, 49.645480764843981 ], [ 18.043796667674705, 49.645924097129139 ], [ 18.043971067662081, 49.646411527684137 ], [ 18.044159169006733, 49.646864966758208 ], [ 18.044366630539443, 49.647303618130536 ], [ 18.044616019646387, 49.647769457674734 ], [ 18.044843302496737, 49.648148664003472 ], [ 18.045164437460905, 49.648628471205882 ], [ 18.045394715465548, 49.64893897070953 ], [ 18.045800941638699, 49.649433068918903 ], [ 18.045802827232865, 49.649435149396638 ], [ 18.046736339420931, 49.650589348752014 ], [ 18.047493899383504, 49.651796669567624 ], [ 18.04806841791974, 49.653045834661832 ], [ 18.048454514215596, 49.654325175149154 ], [ 18.048648566596093, 49.655622739368049 ], [ 18.048648746892788, 49.65692640448141 ], [ 18.048455038085869, 49.65822398971018 ], [ 18.048069235034763, 49.659503370143298 ], [ 18.047494928269685, 49.660752590060468 ], [ 18.046737470973998, 49.661959974708296 ], [ 18.045803929446617, 49.663114239482063 ], [ 18.045800858631424, 49.663117627530966 ], [ 18.045394518292621, 49.663611847454071 ], [ 18.045164310967856, 49.663922240525785 ], [ 18.044843110430111, 49.664402126610554 ], [ 18.044615854053966, 49.664781273145799 ], [ 18.044587962976863, 49.664833369523258 ], [ 18.043861436755691, 49.66600912763829 ], [ 18.042968118358669, 49.667135447187235 ], [ 18.041915880986327, 49.668202387430064 ], [ 18.040714002203892, 49.669200531081117 ], [ 18.039373082298528, 49.670121067537274 ], [ 18.037904950878769, 49.670955870763642 ], [ 18.036322562536185, 49.67169757114435 ], [ 18.034639882488538, 49.672339620658605 ], [ 18.03287176321577, 49.672876350802227 ], [ 18.031033813182241, 49.673303022736874 ], [ 18.030050397773156, 49.673498017969514 ], [ 18.029097958784742, 49.673786077073814 ], [ 18.028181222276327, 49.674164751795111 ], [ 18.027309992296441, 49.674629248413467 ], [ 18.027305137723062, 49.67463215809061 ], [ 18.026535752044296, 49.6751450451141 ], [ 18.026434065352412, 49.675220460011786 ], [ 18.025805682079216, 49.675735055716963 ], [ 18.025635008443722, 49.675889742954574 ], [ 18.025127186005943, 49.676396562230401 ], [ 18.024914598697443, 49.676631112386723 ], [ 18.02450829761581, 49.677125284088866 ], [ 18.024278045382292, 49.677435737713864 ], [ 18.023956892810542, 49.677915551734856 ], [ 18.023729587631415, 49.678294779693708 ], [ 18.023480218338296, 49.678760559880544 ], [ 18.023272704745963, 49.679199299668831 ], [ 18.023084643972382, 49.67965261404737 ], [ 18.022910177907121, 49.680140198763532 ], [ 18.022775549359991, 49.680583342229262 ], [ 18.022644074162301, 49.681108197843663 ], [ 18.022557284841543, 49.681543870181216 ], [ 18.022475696585257, 49.682093853948672 ], [ 18.022433171099852, 49.682524967435292 ], [ 18.022405524535113, 49.683087605076366 ], [ 18.022405519660833, 49.683517171731431 ], [ 18.022426576070952, 49.684077454622411 ], [ 18.022469091026895, 49.684508514470565 ], [ 18.022550684754279, 49.685058574742023 ], [ 18.022637448119973, 49.685494143482629 ], [ 18.022768948858225, 49.686019123924609 ], [ 18.022903526750724, 49.686462118598634 ], [ 18.023078047097702, 49.686949870382961 ], [ 18.023266024852969, 49.687402998248189 ], [ 18.023473628017847, 49.687841938368209 ], [ 18.023722877003291, 49.688307504849867 ], [ 18.023950310094541, 49.688686954156267 ], [ 18.024271304554876, 49.68916654123737 ], [ 18.024501720567578, 49.689477221384585 ], [ 18.024907832033175, 49.689971170504087 ], [ 18.025120608178, 49.690205932911347 ], [ 18.025628225830509, 49.690712554895654 ], [ 18.025799090664822, 49.690867417839236 ], [ 18.026427284097341, 49.691381864406381 ], [ 18.026529126163908, 49.691457395678611 ], [ 18.027298383935893, 49.691970203145324 ], [ 18.027303302622471, 49.691973151294718 ], [ 18.028174479212446, 49.692437625381622 ], [ 18.029091196904936, 49.692816297432408 ], [ 18.030043626404773, 49.693104358177514 ], [ 18.031016695937538, 49.69329730620273 ], [ 18.032856286152622, 49.693724323768798 ], [ 18.034625995814011, 49.694261451905938 ], [ 18.036310204280749, 49.694903950231954 ], [ 18.037894043862714, 49.695646148238083 ], [ 18.039363530885694, 49.696481495231957 ], [ 18.040705689034294, 49.697402618042126 ], [ 18.041908663888922, 49.698401385979864 ], [ 18.042961827647609, 49.699468982489734 ], [ 18.043855873106835, 49.700595982861785 ], [ 18.044582896067435, 49.701772437324728 ], [ 18.044608881794318, 49.701820974991584 ], [ 18.044836364324969, 49.702200506782759 ], [ 18.045157310092218, 49.70268002070987 ], [ 18.045387771842787, 49.702990762527634 ], [ 18.045793843114094, 49.703484662282861 ], [ 18.046006650288813, 49.70371945892645 ], [ 18.046514249851914, 49.704226062287361 ], [ 18.0466851142404, 49.704380924826935 ], [ 18.047313331898927, 49.704895390551087 ], [ 18.047415117938016, 49.704970880270444 ], [ 18.048184470300868, 49.705483749985014 ], [ 18.048189245495756, 49.705486612128759 ], [ 18.049060487621951, 49.705951120286159 ], [ 18.049977199507079, 49.706329789099719 ], [ 18.050929627653424, 49.70661784869673 ], [ 18.052119628058882, 49.706853809522059 ], [ 18.052418299460339, 49.706890568308381 ], [ 18.052803016621283, 49.706918862351884 ], [ 18.053017575978938, 49.706929402981892 ], [ 18.053409548784018, 49.70693901722548 ], [ 18.053801521581853, 49.706929402981558 ], [ 18.054016080939228, 49.706918862351444 ], [ 18.054400798107526, 49.706890568307095 ], [ 18.054699469481303, 49.70685380952343 ], [ 18.056084102137579, 49.706579254413093 ], [ 18.056351623221836, 49.706512242834435 ], [ 18.05635985815784, 49.706526069591334 ], [ 18.057000420741641, 49.706357233316993 ], [ 18.05900904658137, 49.705975099047038 ], [ 18.061066709187369, 49.705725823289967 ], [ 18.063152575838465, 49.705611929756323 ], [ 18.065245528978281, 49.705634571488964 ], [ 18.067324379494629, 49.705793519218652 ], [ 18.069368080713897, 49.706087163681261 ], [ 18.071355940970729, 49.706512531873237 ], [ 18.071625463790845, 49.706580134390286 ], [ 18.073005658509881, 49.706853809484144 ], [ 18.073304330259557, 49.706890568313369 ], [ 18.073689047041594, 49.706918862328983 ], [ 18.073903607165732, 49.7069294029967 ], [ 18.074295579585389, 49.706939017230837 ], [ 18.074687551997869, 49.706929402996309 ], [ 18.074902112121269, 49.706918862328614 ], [ 18.075286828911057, 49.706890568312033 ], [ 18.075585500634091, 49.706853809485409 ], [ 18.076970132252619, 49.706579254580831 ], [ 18.077237654023229, 49.706512242830343 ], [ 18.077245888815973, 49.706526069346744 ], [ 18.07788645975684, 49.706357230885693 ], [ 18.079895084977228, 49.705975096875022 ], [ 18.081952746953096, 49.705725821425801 ], [ 18.084038612941253, 49.705611928248942 ], [ 18.086131565363296, 49.705634570385143 ], [ 18.088210415085431, 49.705793518560633 ], [ 18.090254115413586, 49.706087163504407 ], [ 18.092241974663356, 49.70651253220359 ], [ 18.092511500650748, 49.706580135623391 ], [ 18.093891688958525, 49.70685380944596 ], [ 18.094190361058821, 49.70689056831835 ], [ 18.094575077461087, 49.70691886230604 ], [ 18.094789638354111, 49.706929403011522 ], [ 18.095071934201844, 49.706936327249579 ], [ 18.097099180554292, 49.707050643637899 ], [ 18.099099510811758, 49.707292869698875 ], [ 18.101053787082343, 49.707660687958516 ], [ 18.102943311040459, 49.708150579309148 ], [ 18.104750002444597, 49.708757856601643 ], [ 18.106456571809883, 49.709476709391836 ], [ 18.108046685598886, 49.710300259417103 ], [ 18.109505122362325, 49.711220626278021 ], [ 18.110817918344583, 49.712229002703751 ], [ 18.11197250116475, 49.713315738686184 ], [ 18.112957810294137, 49.714470433686209 ], [ 18.113764403172979, 49.715682036035339 ], [ 18.114384545942169, 49.716938948588883 ], [ 18.114812287908855, 49.718229139624171 ], [ 18.115043519017362, 49.719540257928614 ], [ 18.115076009756173, 49.72085975097923 ], [ 18.114909433097704, 49.722174985085452 ], [ 18.114545368238282, 49.723473366346425 ], [ 18.113987286079212, 49.724742461265379 ], [ 18.113240516564961, 49.725970115864541 ], [ 18.112312198169324, 49.727144572157869 ], [ 18.111211209993456, 49.728254580862554 ], [ 18.110284716499113, 49.729013700604696 ], [ 18.110286175265898, 49.729014449081632 ], [ 18.109343097864631, 49.729786766273214 ], [ 18.109172428130563, 49.729941452219187 ], [ 18.108664685126783, 49.730448197554423 ], [ 18.108451976747709, 49.730682884977071 ], [ 18.108045843093635, 49.73117685930243 ], [ 18.107815411795507, 49.731487559822362 ], [ 18.107494460230356, 49.731967080926097 ], [ 18.107266961896567, 49.732346638848462 ], [ 18.10701779234315, 49.732812054866194 ], [ 18.10681009901727, 49.733251185402452 ], [ 18.106622215277248, 49.733704084198109 ], [ 18.106447599474429, 49.734192102585496 ], [ 18.106313112546655, 49.734634794785812 ], [ 18.106181527190785, 49.735160112906954 ], [ 18.106094836863274, 49.735595310746042 ], [ 18.106013183255911, 49.736145774613206 ], [ 18.10597071033844, 49.736576400493014 ], [ 18.105943045733255, 49.737139526453987 ], [ 18.105943045395616, 49.737568601146357 ], [ 18.105970711294781, 49.738131753476324 ], [ 18.106013178368194, 49.738562326860936 ], [ 18.10609484352716, 49.739112868685325 ], [ 18.106181512762102, 49.739547963842185 ], [ 18.106313129653355, 49.740073407993137 ], [ 18.106447570995719, 49.740515952072258 ], [ 18.106643808789265, 49.741064399362855 ], [ 18.106987507939667, 49.742272705783769 ], [ 18.107160102370724, 49.743496267839291 ], [ 18.107160146880926, 49.744724930725482 ], [ 18.106987628210913, 49.745948496560253 ], [ 18.106643965580581, 49.747156809024688 ], [ 18.106447579792306, 49.747705671130973 ], [ 18.106313126903348, 49.748148251007343 ], [ 18.106181512589657, 49.748673684734513 ], [ 18.106094845731672, 49.74910876449443 ], [ 18.10601317431291, 49.749659348436055 ], [ 18.105970713335438, 49.750089853009442 ], [ 18.105943042727112, 49.750653101167437 ], [ 18.105943042389399, 49.751082053511603 ], [ 18.105970714291963, 49.751645328043629 ], [ 18.106013169424209, 49.752075780111547 ], [ 18.106094852396936, 49.752626442026433 ], [ 18.106181498157859, 49.753061419082272 ], [ 18.106313144014049, 49.753586978867865 ], [ 18.10644755130652, 49.754029410587123 ], [ 18.106644104493114, 49.754578739332004 ], [ 18.106987713187618, 49.755786723440259 ], [ 18.10716026181737, 49.757009950747452 ], [ 18.107160306338418, 49.758238274716554 ], [ 18.106987833494696, 49.759461505790441 ], [ 18.106644261354759, 49.760669495918769 ], [ 18.106447560100211, 49.761219239704253 ], [ 18.106313141266874, 49.761661707201412 ], [ 18.106181497982327, 49.762187256586664 ], [ 18.10609485460364, 49.762622218218397 ], [ 18.106013165366448, 49.763172922282138 ], [ 18.105970716333577, 49.763603305502897 ], [ 18.105943039719865, 49.764166675903326 ], [ 18.105943039382073, 49.764595505854317 ], [ 18.10597071729029, 49.765158902633942 ], [ 18.106013160476785, 49.765589233338844 ], [ 18.106094861270289, 49.766140015391883 ], [ 18.106181483547385, 49.766574874297618 ], [ 18.106222198686044, 49.766737419506427 ], [ 18.106448943123056, 49.768041005900827 ], [ 18.106479079360504, 49.769352693258952 ], [ 18.106312306564266, 49.770660070705567 ], [ 18.105950187227123, 49.771950767179547 ], [ 18.105396132969936, 49.773212568516868 ], [ 18.104655372817042, 49.774433533084469 ], [ 18.103734904225508, 49.775602104868589 ], [ 18.102643427312305, 49.776707222943507 ], [ 18.101391262885087, 49.777738426280159 ], [ 18.099990255039231, 49.778685952897725 ], [ 18.09845365923276, 49.779540832412771 ], [ 18.09679601689319, 49.78029497110424 ], [ 18.095033017741265, 49.780941228681719 ], [ 18.093181351137769, 49.781473486023664 ], [ 18.092898895085561, 49.781544238578434 ], [ 18.091749115206422, 49.781891982651992 ], [ 18.09083243230252, 49.782270634248704 ], [ 18.089960684145115, 49.782735406647284 ], [ 18.089956981169816, 49.782737626123676 ], [ 18.089186843900901, 49.783251014743726 ], [ 18.089085608678769, 49.783326095853866 ], [ 18.088457037426707, 49.783840847295892 ], [ 18.088286370812686, 49.783995530413719 ], [ 18.087778699076175, 49.784502202340732 ], [ 18.087565867498864, 49.784737025691349 ], [ 18.087159893830627, 49.785230803521017 ], [ 18.08692928027904, 49.785541749780926 ], [ 18.086608522863518, 49.786020979199137 ], [ 18.086380827334082, 49.78640086612225 ], [ 18.086131851163127, 49.786865919535224 ], [ 18.085923973381718, 49.787305440069652 ], [ 18.085736260761855, 49.787757925147915 ], [ 18.085561489972928, 49.788246376692179 ], [ 18.085427139150571, 49.788688619761487 ], [ 18.085295438008092, 49.789214400128529 ], [ 18.085208841521016, 49.789649125840668 ], [ 18.085127116697461, 49.790200069808186 ], [ 18.085084691520024, 49.790630210666087 ], [ 18.08505700291245, 49.791193825207401 ], [ 18.085057002574512, 49.791622410715846 ], [ 18.085084692477082, 49.792186051646588 ], [ 18.085127111805793, 49.792616139967997 ], [ 18.085208848190391, 49.793167161956703 ], [ 18.085295423566844, 49.793601784899174 ], [ 18.085427156273209, 49.794127691410353 ], [ 18.085561461465989, 49.794569786215604 ], [ 18.085736292372896, 49.795058405957455 ], [ 18.08592392719078, 49.795510704709919 ], [ 18.086131900081782, 49.795950426550974 ], [ 18.08638076135362, 49.79641526605333 ], [ 18.086608589932197, 49.79679537519133 ], [ 18.086929194827785, 49.797274377013025 ], [ 18.087159976804628, 49.797585550606698 ], [ 18.087565766618589, 49.79807910469421 ], [ 18.08777879109574, 49.798314141094778 ], [ 18.088286263980574, 49.79882061403702 ], [ 18.088457125151685, 49.798975473661045 ], [ 18.089085512732488, 49.799490073754455 ], [ 18.089186905775737, 49.799565272008422 ], [ 18.089956921726127, 49.800078578409128 ], [ 18.089960689986341, 49.800080837018989 ], [ 18.090832391695255, 49.800545584094195 ], [ 18.091749062523874, 49.800924230063906 ], [ 18.092701480945721, 49.801212281531612 ], [ 18.093892885614913, 49.801448516013423 ], [ 18.094190377490911, 49.801485129105806 ], [ 18.094576542146914, 49.801513529037187 ], [ 18.094788119937053, 49.80152392319215 ], [ 18.095181610381822, 49.801533574608897 ], [ 18.095575100818184, 49.801523923191795 ], [ 18.095786678607265, 49.801513529036818 ], [ 18.096172843272488, 49.801485129104407 ], [ 18.09647033511866, 49.801448516014872 ], [ 18.097858459643689, 49.801173274079019 ], [ 18.098102662094959, 49.801112103630551 ], [ 18.099926394033552, 49.80071686062611 ], [ 18.101798638490521, 49.800432115889706 ], [ 18.103703455268644, 49.800260293621939 ], [ 18.105624627545666, 49.800202856612785 ], [ 18.107545799608921, 49.800260293818731 ], [ 18.109450615757506, 49.800432116211027 ], [ 18.11132285920413, 49.800716860930372 ], [ 18.11314658980849, 49.801112103712647 ], [ 18.113390792686019, 49.801173274270347 ], [ 18.114778916014313, 49.80144851597052 ], [ 18.115076408289859, 49.801485129112102 ], [ 18.115462572512218, 49.80151352901153 ], [ 18.115674151180883, 49.801523923209643 ], [ 18.1160676411832, 49.801533574615512 ], [ 18.116461131177058, 49.801523923209245 ], [ 18.116672709845183, 49.801513529011082 ], [ 18.117058874076257, 49.801485129110638 ], [ 18.117356366321253, 49.801448515972012 ], [ 18.118547770546968, 49.801212281576724 ], [ 18.119500188969024, 49.80092423011051 ], [ 18.120416859804632, 49.800545584139563 ], [ 18.121288561134207, 49.800080837268183 ], [ 18.121292330170153, 49.800078578193322 ], [ 18.122002874499636, 49.799604917201719 ], [ 18.123527150521085, 49.798685558852625 ], [ 18.125185603702157, 49.797869313245101 ], [ 18.126961654488579, 49.797164337374802 ], [ 18.128837550565496, 49.796577675955277 ], [ 18.130794544068948, 49.796115191165839 ], [ 18.132813078638119, 49.795781504201585 ], [ 18.13487298445451, 49.795579949202853 ], [ 18.13695367933849, 49.795512540019999 ], [ 18.139034373916036, 49.795579950140649 ], [ 18.141094278829922, 49.795781505978326 ], [ 18.1431128119501, 49.796115193588427 ], [ 18.145069803538497, 49.796577678744789 ], [ 18.146945697342144, 49.797164340179414 ], [ 18.148721745628027, 49.797869315656172 ], [ 18.150380196229651, 49.798685560423628 ], [ 18.151904469752473, 49.79960491746904 ], [ 18.152615012761519, 49.800078577575974 ], [ 18.152618783885124, 49.800080837902101 ], [ 18.153490484167566, 49.800545584216692 ], [ 18.154407155004471, 49.800924230189821 ], [ 18.155359573423855, 49.801212281656767 ], [ 18.156311590658976, 49.801401050999679 ], [ 18.158154943708251, 49.80182882477537 ], [ 18.159928145493943, 49.802366691799293 ], [ 18.161615542179927, 49.803009904440394 ], [ 18.16320223566985, 49.803752785016165 ], [ 18.164674214960023, 49.80458877580692 ], [ 18.166018479742142, 49.805510496831204 ], [ 18.167223155169676, 49.806509810877273 ], [ 18.168277596776562, 49.807577895222664 ], [ 18.169172484620432, 49.80870531941224 ], [ 18.16989990581472, 49.809882128414984 ], [ 18.169924857879654, 49.809928735066123 ], [ 18.170152737285946, 49.810308929005124 ], [ 18.170473291903537, 49.810787855305563 ], [ 18.170704121417682, 49.811099092996038 ], [ 18.171109869010156, 49.811592595253735 ], [ 18.171127896415907, 49.811612485543584 ], [ 18.172059537698196, 49.812764217829624 ], [ 18.172815522541658, 49.813968639379077 ], [ 18.173388815366405, 49.815214562039102 ], [ 18.173774076326008, 49.816490411302723 ], [ 18.173967711398955, 49.817784333760152 ], [ 18.173967906308938, 49.819084307172446 ], [ 18.17377464393957, 49.820378252146973 ], [ 18.173389705060849, 49.821654144377931 ], [ 18.172816652339783, 49.822900126410033 ], [ 18.172060797763024, 49.824104617884487 ], [ 18.17112915375461, 49.825256423241676 ], [ 18.171109930279936, 49.825277632959065 ], [ 18.170704079546294, 49.825771259835001 ], [ 18.170473326688523, 49.826082393927244 ], [ 18.170152717191531, 49.826561401136544 ], [ 18.169924871742332, 49.826941538185388 ], [ 18.169676042368504, 49.827406316358136 ], [ 18.169468024724519, 49.827846132606894 ], [ 18.169280441745084, 49.828298304264337 ], [ 18.169105553617278, 49.828787083748765 ], [ 18.168971305787132, 49.829228986965653 ], [ 18.168839517063869, 49.829755116974617 ], [ 18.168752991536394, 49.830189485685317 ], [ 18.168671212873718, 49.830740792606633 ], [ 18.168628823782331, 49.831170566850901 ], [ 18.168601117033518, 49.83173455066563 ], [ 18.168601116695413, 49.832162766459504 ], [ 18.168628824739983, 49.832726776678932 ], [ 18.168671207979244, 49.833156498355905 ], [ 18.16875299821, 49.833707883346065 ], [ 18.168839502613402, 49.834142149221691 ], [ 18.168971322921863, 49.834668405460214 ], [ 18.169105525089545, 49.835110160306506 ], [ 18.169280473382376, 49.835599108120256 ], [ 18.169467978493461, 49.836051093293428 ], [ 18.169676091335933, 49.836491111037283 ], [ 18.169924805692567, 49.836955675080368 ], [ 18.170152784342637, 49.83733603459784 ], [ 18.170473241126164, 49.837814813922805 ], [ 18.170704162647588, 49.838126175670943 ], [ 18.171109829235728, 49.838619578451521 ], [ 18.171322949751072, 49.838854720814183 ], [ 18.171830365126919, 49.839361134649202 ], [ 18.172001228429821, 49.839515996205627 ], [ 18.172629685058361, 49.840030650789267 ], [ 18.172730913637707, 49.840105727068554 ], [ 18.173501209910771, 49.840619217897441 ], [ 18.173504550643081, 49.840621220256772 ], [ 18.17437644709312, 49.841086068530458 ], [ 18.175293100122374, 49.841464704617053 ], [ 18.176245514239515, 49.841752752550065 ], [ 18.177437521866597, 49.841989104524579 ], [ 18.177734507780794, 49.842025655121382 ], [ 18.178121294082864, 49.842054100525615 ], [ 18.178331591215766, 49.842064431765905 ], [ 18.178725733584869, 49.842074099150715 ], [ 18.17911987594519, 49.8420644317655 ], [ 18.179330173077666, 49.842054100525097 ], [ 18.179716959388745, 49.842025655119848 ], [ 18.180013945269447, 49.841989104526334 ], [ 18.181403567765408, 49.841713567967886 ], [ 18.181635094336865, 49.841655572724001 ], [ 18.183461572437793, 49.84125974203976 ], [ 18.185336713792005, 49.840974570152056 ], [ 18.187244529026742, 49.840802488624938 ], [ 18.189168750856659, 49.840744964703518 ], [ 18.191092972458975, 49.840802488833873 ], [ 18.193000787023529, 49.840974570492904 ], [ 18.194875927302295, 49.841259742361849 ], [ 18.196702403983174, 49.841655572808897 ], [ 18.196933931019583, 49.84171356817167 ], [ 18.198323552241369, 49.841989104479261 ], [ 18.198620538579473, 49.842025655128225 ], [ 18.199007324419735, 49.842054100498444 ], [ 18.199217622486927, 49.84206443178465 ], [ 18.199611764386145, 49.842074099157948 ], [ 18.200005906276417, 49.842064431784252 ], [ 18.200216204342791, 49.842054100498011 ], [ 18.200602990192547, 49.842025655126719 ], [ 18.200899976498587, 49.841989104480788 ], [ 18.202289597730868, 49.841713568172977 ], [ 18.202521134320371, 49.841655570419789 ], [ 18.204347610196123, 49.841259740218263 ], [ 18.206222749266271, 49.840974568678313 ], [ 18.208130562177221, 49.840802487361259 ], [ 18.210054781663136, 49.840744963510197 ], [ 18.211979000920941, 49.840802487570755 ], [ 18.213886813160151, 49.840974569020197 ], [ 18.215761951152349, 49.841259740541368 ], [ 18.217588425604809, 49.841655570505253 ], [ 18.218483593959043, 49.841879798525987 ], [ 18.220336751296472, 49.842412343825977 ], [ 18.222101205162176, 49.843058750330819 ], [ 18.223760277390287, 49.843812909264955 ], [ 18.225298283648062, 49.844667693267844 ], [ 18.226700681557897, 49.845615023620518 ], [ 18.227954208131536, 49.846645946460477 ], [ 18.229047005219908, 49.84775071727023 ], [ 18.229968731791757, 49.848918892847657 ], [ 18.230710661973937, 49.850139429895627 ], [ 18.231265767916963, 49.851400789304769 ], [ 18.231628786689122, 49.852691045148795 ], [ 18.231796270550642, 49.85399799736701 ], [ 18.231766620112875, 49.85530928707152 ], [ 18.231540100048683, 49.856612513391624 ], [ 18.231497579966113, 49.856782261810096 ], [ 18.231411101853833, 49.857216391974468 ], [ 18.231329287219037, 49.857767941400169 ], [ 18.231286922236922, 49.858197470709996 ], [ 18.23125920336831, 49.858761701228829 ], [ 18.231259203030081, 49.859189670027618 ], [ 18.23128692319494, 49.859753926961154 ], [ 18.231329282322694, 49.860183403683322 ], [ 18.231411108530214, 49.860735031209316 ], [ 18.231497565509553, 49.861169058495442 ], [ 18.231629444359999, 49.861695548446775 ], [ 18.231763577668669, 49.862137076076479 ], [ 18.23193860443315, 49.862626243203941 ], [ 18.232126022815613, 49.863078018704471 ], [ 18.232334229264584, 49.863518234362871 ], [ 18.232582845318966, 49.863982614096919 ], [ 18.232810924434304, 49.864363141230818 ], [ 18.233131281994833, 49.864841771505397 ], [ 18.233362297096843, 49.865153259432546 ], [ 18.23376788091063, 49.865646560583258 ], [ 18.233981066148463, 49.86588177435641 ], [ 18.234488442415966, 49.866388148018636 ], [ 18.234659307971178, 49.866543011616599 ], [ 18.235287809749597, 49.867057701803333 ], [ 18.235388929591434, 49.867132697437356 ], [ 18.236159411845513, 49.8676463106152 ], [ 18.2361624683911, 49.86764814263941 ], [ 18.237034494182645, 49.868113058116549 ], [ 18.237951135274351, 49.868491687581859 ], [ 18.238903546475676, 49.868779733141402 ], [ 18.239842392319375, 49.868965888169654 ], [ 18.241688099842619, 49.869394134785253 ], [ 18.243463486254377, 49.869932463142945 ], [ 18.245152876983457, 49.87057612109448 ], [ 18.246741354945932, 49.871319426495397 ], [ 18.248214892077506, 49.872155817263135 ], [ 18.249560473098303, 49.873077909196319 ], [ 18.250766210422157, 49.874077561049972 ], [ 18.251821449197866, 49.875145946296598 ], [ 18.252716861553509, 49.876273630945995 ], [ 18.253444529206998, 49.877450656740308 ], [ 18.253468849773007, 49.877496083676448 ], [ 18.253696979037116, 49.877876694478644 ], [ 18.254017287078263, 49.878355250365843 ], [ 18.254248348868593, 49.878666801245075 ], [ 18.254653891408172, 49.879160051718237 ], [ 18.254867108880273, 49.879395301056583 ], [ 18.255374465737439, 49.8799016547758 ], [ 18.255545332249778, 49.880056519241329 ], [ 18.256173856803525, 49.880571227393297 ], [ 18.25627492203111, 49.880646182522725 ], [ 18.257045497577355, 49.881159857075076 ], [ 18.257048411650228, 49.881161603704406 ], [ 18.257920502277997, 49.881626552870522 ], [ 18.258837137378034, 49.882005179014932 ], [ 18.259789547108493, 49.882293223382916 ], [ 18.260982159071723, 49.882529693115572 ], [ 18.261278638100851, 49.88256618110325 ], [ 18.261666047534103, 49.882594672088032 ], [ 18.261875060863247, 49.882604940259107 ], [ 18.262269856787505, 49.882614623651875 ], [ 18.26266465270222, 49.88260494025873 ], [ 18.262873666030494, 49.882594672087627 ], [ 18.263261075473842, 49.882566181101701 ], [ 18.263557554468786, 49.882529693117263 ], [ 18.264948677739262, 49.882253861392265 ], [ 18.265167500115101, 49.882199048444356 ], [ 18.266996730266179, 49.881802628848902 ], [ 18.268874775025729, 49.881517028900809 ], [ 18.27078559564492, 49.881344687556982 ], [ 18.272712874167357, 49.881287076535422 ], [ 18.274640152448498, 49.881344687778054 ], [ 18.276550972357199, 49.881517029261332 ], [ 18.278429015976712, 49.881802629188989 ], [ 18.280258244622672, 49.88219904853247 ], [ 18.280477067498509, 49.882253861608035 ], [ 18.281868189419871, 49.882529693067575 ], [ 18.282164668899206, 49.882566181110683 ], [ 18.282552077844667, 49.882594672059589 ], [ 18.282761092162538, 49.882604940279208 ], [ 18.283155887588649, 49.882614623659741 ], [ 18.283550683005174, 49.882604940278767 ], [ 18.283759697322974, 49.882594672059099 ], [ 18.28414710627775, 49.882566181109084 ], [ 18.284443585721451, 49.882529693069479 ], [ 18.285636197186783, 49.88229322343404 ], [ 18.286588606916055, 49.88200517906818 ], [ 18.287505242024757, 49.881626552922114 ], [ 18.288377332226606, 49.881161603984964 ], [ 18.28838024716989, 49.881159856833939 ], [ 18.2891508219748, 49.880646182774051 ], [ 18.289251887827064, 49.880571227181655 ], [ 18.289880411864381, 49.880056519450569 ], [ 18.290051278795183, 49.879901654606456 ], [ 18.290558635321869, 49.879395301214792 ], [ 18.290771853049606, 49.879160051595356 ], [ 18.291177395399124, 49.878666801351009 ], [ 18.291408457324806, 49.878355250290483 ], [ 18.291728765277099, 49.877876694533704 ], [ 18.291956894593277, 49.877496083646129 ], [ 18.291981231140511, 49.877450626853637 ], [ 18.292708895835691, 49.876273605824473 ], [ 18.293604304569911, 49.875145925879849 ], [ 18.294659539015218, 49.874077545251943 ], [ 18.295865271252573, 49.873077897894667 ], [ 18.297210846386694, 49.872155810287374 ], [ 18.298684376794725, 49.871319423615475 ], [ 18.300272847171968, 49.870576122009808 ], [ 18.301962229445429, 49.869932467472701 ], [ 18.303737606542445, 49.869394142060415 ], [ 18.305583303926412, 49.868965897827394 ], [ 18.306720407312749, 49.868740431014324 ], [ 18.306943502316873, 49.868684547808712 ], [ 18.308771806744005, 49.868288326327928 ], [ 18.310648875054408, 49.868002870373665 ], [ 18.312558685046934, 49.867830616425401 ], [ 18.314484935746492, 49.867773034701933 ], [ 18.316411186207752, 49.867830616643765 ], [ 18.318320995498595, 49.868002870729839 ], [ 18.320198062683037, 49.868288326663972 ], [ 18.32202636562366, 49.868684547895974 ], [ 18.322249461121789, 49.868740431227749 ], [ 18.323640078103658, 49.869016163371406 ], [ 18.323936728117253, 49.869052672477828 ], [ 18.324323927590445, 49.869081148103767 ], [ 18.3245333734247, 49.869091437522421 ], [ 18.324927949191579, 49.86910111552271 ], [ 18.325322524948909, 49.869091437522009 ], [ 18.325531970783032, 49.869081148103255 ], [ 18.325919170265532, 49.869052672476251 ], [ 18.326215820243974, 49.86901616337326 ], [ 18.327408228541202, 49.868779733331081 ], [ 18.328676687270551, 49.868396100462661 ], [ 18.330621581006529, 49.867883302776299 ], [ 18.332636356278844, 49.867499468002947 ], [ 18.334700606694291, 49.867248483516001 ], [ 18.336793426008633, 49.867132891150135 ], [ 18.338893619368484, 49.867153861520805 ], [ 18.340979917440233, 49.867311182199344 ], [ 18.343031191283142, 49.867603259861028 ], [ 18.345026665817596, 49.868027136385166 ], [ 18.346946129752379, 49.868578518745878 ], [ 18.348770139869103, 49.869251822393807 ], [ 18.350480217616436, 49.870040227695256 ], [ 18.352059036040451, 49.870935748862593 ], [ 18.353490595171213, 49.871929314685218 ], [ 18.35476038409735, 49.873010860251362 ], [ 18.35585552808967, 49.874169428739883 ], [ 18.356764919280909, 49.875393282259402 ], [ 18.357479329569671, 49.876670020619841 ], [ 18.357650437499302, 49.877031797413103 ], [ 18.357899002913609, 49.8774960822116 ], [ 18.35812713396087, 49.877876695988803 ], [ 18.358447439984953, 49.878355248862363 ], [ 18.358678504051895, 49.878666802811217 ], [ 18.359084044036365, 49.879160050176644 ], [ 18.359297264373954, 49.879395302676556 ], [ 18.359804618033429, 49.879901653204428 ], [ 18.359975488115175, 49.880056520905043 ], [ 18.360604008704168, 49.88057122581025 ], [ 18.360705078334398, 49.880646184204899 ], [ 18.361475649018068, 49.881159855515882 ], [ 18.361478568458356, 49.881161605362323 ], [ 18.36235065641138, 49.881626553102286 ], [ 18.363267291529919, 49.882005179254264 ], [ 18.364219701252331, 49.882293223619733 ], [ 18.365155979196167, 49.882478868953513 ], [ 18.367002145581189, 49.882907207309628 ], [ 18.368777957281864, 49.883445624311712 ], [ 18.370467735684549, 49.884089366938625 ], [ 18.372056560008758, 49.884832752190917 ], [ 18.373530398874323, 49.8856692171573 ], [ 18.374876234097876, 49.886591376842766 ], [ 18.37608217562984, 49.887591089251544 ], [ 18.377137566619407, 49.88865952715684 ], [ 18.378033077678225, 49.889787255928013 ], [ 18.378760789506057, 49.890964316733054 ], [ 18.378785007326357, 49.891009551722512 ], [ 18.379013188608397, 49.891390249311499 ], [ 18.379333445013859, 49.891868727649445 ], [ 18.379564555882943, 49.892180344703782 ], [ 18.379970054463943, 49.892673541234529 ], [ 18.380183307179809, 49.892908829458456 ], [ 18.380690641270533, 49.893415159885201 ], [ 18.380861512481466, 49.893570028609318 ], [ 18.381490055662113, 49.894084751329018 ], [ 18.381591070867618, 49.894159669359546 ], [ 18.38236173465344, 49.894673401918013 ], [ 18.382364511797078, 49.89467506647501 ], [ 18.383236664485842, 49.895140047849758 ], [ 18.384153293597745, 49.895518670673987 ], [ 18.385105701839429, 49.895806713844365 ], [ 18.386298513266709, 49.896043222435452 ], [ 18.386594825272649, 49.896079689792074 ], [ 18.386982440418869, 49.896108195823075 ], [ 18.387191029827409, 49.896118443168234 ], [ 18.387586041593099, 49.896128131847661 ], [ 18.387981053348998, 49.896118443167801 ], [ 18.388189642756522, 49.896108195822627 ], [ 18.388577257913237, 49.896079689790469 ], [ 18.388873569884314, 49.896043222437136 ], [ 18.390265187667378, 49.895767293465205 ], [ 18.390479819465536, 49.89571353022221 ], [ 18.392309957067898, 49.89531691647953 ], [ 18.394188959571832, 49.895031175393179 ], [ 18.396100771822105, 49.894858748376492 ], [ 18.398029059024164, 49.894801108633651 ], [ 18.399957345978418, 49.894858748603326 ], [ 18.401869157499021, 49.895031175763023 ], [ 18.403748158832183, 49.8953169168282 ], [ 18.405578294888951, 49.895713530311831 ], [ 18.405792927204288, 49.895767293686752 ], [ 18.407184543602675, 49.896043222386183 ], [ 18.407480856070752, 49.896079689799727 ], [ 18.407868470715449, 49.896108195793872 ], [ 18.408077061139, 49.896118443188882 ], [ 18.408472072394012, 49.896128131855804 ], [ 18.408867083639308, 49.896118443188485 ], [ 18.409075674062038, 49.896108195793438 ], [ 18.409463288717024, 49.896079689798135 ], [ 18.409759601149176, 49.896043222388116 ], [ 18.411151217561315, 49.895767293687975 ], [ 18.411365860221732, 49.895713527724098 ], [ 18.413195995410756, 49.895316914504583 ], [ 18.415074995437458, 49.895031173795118 ], [ 18.416986805167468, 49.894858747005927 ], [ 18.418915089827482, 49.894801107339212 ], [ 18.420843374239311, 49.894858747233059 ], [ 18.422755183238493, 49.895031174165361 ], [ 18.424634182092571, 49.895316914853503 ], [ 18.426464315733586, 49.895713527813392 ], [ 18.426678958914348, 49.895767293910026 ], [ 18.428070573938243, 49.896043222336885 ], [ 18.428366886868787, 49.896079689807394 ], [ 18.428754501011227, 49.89610819576459 ], [ 18.428963092451333, 49.896118443209566 ], [ 18.429358103194946, 49.896128131863975 ], [ 18.429753113928779, 49.896118443209168 ], [ 18.429961705367948, 49.89610819576415 ], [ 18.430349319520772, 49.896079689805802 ], [ 18.430645632416361, 49.896043222338669 ], [ 18.431838442833971, 49.89580671394625 ], [ 18.432790851077677, 49.895518670777193 ], [ 18.433707480200393, 49.89514004795042 ], [ 18.434579631904242, 49.89467506710271 ], [ 18.434582411040573, 49.894673401351284 ], [ 18.435353073069901, 49.894159669962065 ], [ 18.43545408981722, 49.89408475078833 ], [ 18.436082631657396, 49.893570029164323 ], [ 18.436253504028173, 49.893415159389583 ], [ 18.436760837124854, 49.892908829952681 ], [ 18.436974090689308, 49.892673540793432 ], [ 18.437379588552965, 49.892180345132786 ], [ 18.437610700026202, 49.891868727265127 ], [ 18.437930955928348, 49.891390249676689 ], [ 18.438159137628336, 49.891009551391896 ], [ 18.43818337618319, 49.890964277667408 ], [ 18.438911084021861, 49.889787223292629 ], [ 18.439806590191886, 49.888659500823238 ], [ 18.440861975356913, 49.887591069052277 ], [ 18.442067910093009, 49.886591362561134 ], [ 18.443413737518387, 49.88566920851617 ], [ 18.444887567561555, 49.884832748841596 ], [ 18.446476382030671, 49.884089368451008 ], [ 18.448166149554872, 49.88344563016507 ], [ 18.449941949384421, 49.882907216885698 ], [ 18.451788102961334, 49.882478881531718 ], [ 18.452922946933406, 49.882253863360148 ], [ 18.453141865291514, 49.882199026369953 ], [ 18.454971074120436, 49.881802611398236 ], [ 18.456849096993182, 49.881517014780933 ], [ 18.45875989534537, 49.881344675447629 ], [ 18.46068715140801, 49.881287065099457 ], [ 18.462614407225534, 49.881344675672274 ], [ 18.464525204856002, 49.881517015147331 ], [ 18.466403226570712, 49.881802611743929 ], [ 18.468232433870813, 49.882199026459745 ], [ 18.468451352735872, 49.882253863579415 ], [ 18.469842462519459, 49.882529692632126 ], [ 18.470138946082916, 49.882566181177999 ], [ 18.470526350592223, 49.882594671800568 ], [ 18.470735373891269, 49.88260494046142 ], [ 18.471130164797373, 49.882614623731165 ], [ 18.471524955693813, 49.882604940460929 ], [ 18.471733978992461, 49.882594671800071 ], [ 18.472121383511528, 49.882566181176401 ], [ 18.472417867039393, 49.882529692633945 ], [ 18.473808976836452, 49.882253863580623 ], [ 18.474027905944624, 49.882199023897641 ], [ 18.475857112384997, 49.881802609443788 ], [ 18.477735132805975, 49.881517013199549 ], [ 18.479645928663846, 49.881344674091373 ], [ 18.481573182210624, 49.881287063818469 ], [ 18.483500435511946, 49.881344674316196 ], [ 18.485411230647024, 49.881517013566175 ], [ 18.487289249908265, 49.881802609789567 ], [ 18.489118454817572, 49.882199023986921 ], [ 18.489337384437146, 49.882253863800472 ], [ 18.490728492858977, 49.882529692583134 ], [ 18.491024976880947, 49.882566181185531 ], [ 18.491412380893614, 49.88259467177155 ], [ 18.491621405198526, 49.882604940481762 ], [ 18.492016195598143, 49.882614623739137 ], [ 18.49241098598819, 49.882604940481365 ], [ 18.492620010292985, 49.882594671771038 ], [ 18.493007414315134, 49.88256618118389 ], [ 18.493303898300336, 49.882529692585166 ], [ 18.494496504916377, 49.882293223910523 ], [ 18.495448914630973, 49.88200517954926 ], [ 18.496365549774698, 49.881626553388912 ], [ 18.49723763459772, 49.881161607319633 ], [ 18.497240560339051, 49.881159853696523 ], [ 18.498011125360655, 49.880646186158231 ], [ 18.498112200067883, 49.880571223998558 ], [ 18.498740716133629, 49.880056522795478 ], [ 18.498911590242002, 49.879901651445962 ], [ 18.499418940337904, 49.879395304472354 ], [ 18.499632163826902, 49.87916004849636 ], [ 18.500037701040444, 49.878666804498792 ], [ 18.500268767541765, 49.878355247268836 ], [ 18.50058907144054, 49.877876697568205 ], [ 18.50081720433986, 49.877496080702542 ], [ 18.501065768152834, 49.877031798892723 ], [ 18.50127402408118, 49.876591478620732 ], [ 18.501461396807297, 49.876139813479121 ], [ 18.501636464751201, 49.875650531264711 ], [ 18.501770562012819, 49.875209122565558 ], [ 18.501902471451078, 49.874682510502822 ], [ 18.501988903686954, 49.874248607687427 ], [ 18.502070748645156, 49.873696853756975 ], [ 18.502113095215257, 49.873267504599752 ], [ 18.502140821689853, 49.872703119231467 ], [ 18.502140821351755, 49.872275278989612 ], [ 18.502113096173677, 49.871710920039426 ], [ 18.502070743748757, 49.871281518287766 ], [ 18.501988910365043, 49.870729842468663 ], [ 18.501902456993285, 49.870295836759396 ], [ 18.501770579159913, 49.869769351004749 ], [ 18.501636436205512, 49.869327793835957 ], [ 18.501437176275736, 49.868770898936901 ], [ 18.501094338612308, 49.867565524235111 ], [ 18.500922237644712, 49.866345008198067 ], [ 18.500922282233333, 49.865119432558586 ], [ 18.501094459165806, 49.863898920106777 ], [ 18.501437333689736, 49.862693551078841 ], [ 18.50163644495008, 49.8621370730677 ], [ 18.501770576453914, 49.861695551377018 ], [ 18.50190245677555, 49.861169055554463 ], [ 18.501988912601227, 49.860735034058251 ], [ 18.502070739662113, 49.860183400781715 ], [ 18.502113098227628, 49.859753929759343 ], [ 18.502140818672185, 49.859189667135247 ], [ 18.502140818334151, 49.858761704007435 ], [ 18.50211309918587, 49.858197467796536 ], [ 18.502070734766697, 49.857767944190009 ], [ 18.501988919277956, 49.857216389008997 ], [ 18.501902442320869, 49.856782264640607 ], [ 18.501859871735714, 49.856612314640557 ], [ 18.501633355775944, 49.855309111932883 ], [ 18.501603705943591, 49.853997845935218 ], [ 18.501771186922625, 49.852690917333348 ], [ 18.502134199348685, 49.851400684831638 ], [ 18.502689295519701, 49.850139348307536 ], [ 18.503431212556162, 49.848918833502879 ], [ 18.504352922676901, 49.847750679341019 ], [ 18.505445700095606, 49.846645928930755 ], [ 18.506699203889301, 49.845615025283848 ], [ 18.508101576041614, 49.844667712725652 ], [ 18.509639553724661, 49.843812944926135 ], [ 18.511298594752056, 49.843058800412933 ], [ 18.513063015015785, 49.842412406358996 ], [ 18.514916136610562, 49.841879871358579 ], [ 18.515183877309603, 49.841812806729131 ], [ 18.516334859368829, 49.841464705349658 ], [ 18.517251512453122, 49.841086069242415 ], [ 18.51812340082153, 49.840621225279492 ], [ 18.518126757792988, 49.840619213186777 ], [ 18.518897039395629, 49.840105732135697 ], [ 18.51899828121141, 49.840030646039892 ], [ 18.519626725965754, 49.839516001178239 ], [ 18.519797599916799, 49.839361129971593 ], [ 18.520305005793851, 49.838854725614446 ], [ 18.520518134781867, 49.838619573904509 ], [ 18.520923793851775, 49.838126180266016 ], [ 18.521154722039345, 49.837814809530862 ], [ 18.521475172946584, 49.837336038983267 ], [ 18.521703156766399, 49.836955670842023 ], [ 18.521951866608781, 49.836491115228817 ], [ 18.522159983373889, 49.836051089192942 ], [ 18.522347485113869, 49.835599112143854 ], [ 18.522522436274102, 49.835110156318152 ], [ 18.522656636048339, 49.834668409348609 ], [ 18.522788458309982, 49.834142145314594 ], [ 18.522874961180094, 49.833707887134906 ], [ 18.522956752545834, 49.833156494495455 ], [ 18.522999135036748, 49.832726780405601 ], [ 18.523026843453682, 49.832162762609542 ], [ 18.523026843115787, 49.831734554367856 ], [ 18.522999135994645, 49.831170562974584 ], [ 18.522956747652369, 49.830740796320953 ], [ 18.522874967854055, 49.830189481745251 ], [ 18.522788443861618, 49.829755120737353 ], [ 18.522656653183549, 49.829228982925848 ], [ 18.522522407749374, 49.828787087592836 ], [ 18.522324096962265, 49.828232845401701 ], [ 18.521980986981756, 49.82702650078857 ], [ 18.521808748114886, 49.825804977634405 ], [ 18.521808792670186, 49.824578382430744 ], [ 18.521981107426072, 49.823356862895579 ], [ 18.52232425416468, 49.822150524019499 ], [ 18.522522416501332, 49.821596698041709 ], [ 18.522656650469894, 49.821154838237888 ], [ 18.522788443652228, 49.820628690295017 ], [ 18.522874970083972, 49.820194313575577 ], [ 18.52295674357255, 49.819643041454228 ], [ 18.522999138045876, 49.819213205630533 ], [ 18.523026840439126, 49.818649310449295 ], [ 18.523026840101302, 49.818220979449578 ], [ 18.522999139003584, 49.817657110666303 ], [ 18.522956738680058, 49.817227222289134 ], [ 18.522874976756565, 49.81667602821566 ], [ 18.52278842920699, 49.816241548689632 ], [ 18.522747042553437, 49.816076325186216 ], [ 18.522520406128848, 49.814772718595336 ], [ 18.522490592408378, 49.813461030500378 ], [ 18.522657867811272, 49.812153673165817 ], [ 18.523020633962652, 49.810863016911675 ], [ 18.523575443403804, 49.80960127308645 ], [ 18.524317032769964, 49.808380378579869 ], [ 18.525238373100976, 49.807211882965291 ], [ 18.526330736789419, 49.806106839336678 ], [ 18.527583780516476, 49.805075699867523 ], [ 18.528985643377652, 49.804128217075124 ], [ 18.530523059260069, 49.803273351717536 ], [ 18.532181482403168, 49.802519188188342 ], [ 18.533945224953086, 49.801872858201882 ], [ 18.535797605212991, 49.801340473485489 ], [ 18.536709494673314, 49.801112057009647 ], [ 18.538533181587741, 49.800716823770543 ], [ 18.540405379831466, 49.800432086069101 ], [ 18.542310149595025, 49.800260268048127 ], [ 18.544231274450102, 49.800202832462048 ], [ 18.54615239908135, 49.800260268254256 ], [ 18.548057168185764, 49.80043208640565 ], [ 18.549929365371721, 49.800716824089221 ], [ 18.551753050889388, 49.801112057095601 ], [ 18.551997456441686, 49.801173278420599 ], [ 18.553385554166713, 49.801448515043873 ], [ 18.553683055058389, 49.801485129246181 ], [ 18.554069209929171, 49.801513528457626 ], [ 18.554280807531384, 49.80152392358589 ], [ 18.554674288004268, 49.801533574758231 ], [ 18.555067768468344, 49.801523923585506 ], [ 18.555279366069971, 49.80151352845715 ], [ 18.555665520949947, 49.801485129244689 ], [ 18.555963021809216, 49.801448515045493 ], [ 18.557351119546308, 49.801173278421579 ], [ 18.557595534510366, 49.801112054741651 ], [ 18.559419219234563, 49.800716821977673 ], [ 18.561291415230251, 49.800432084618436 ], [ 18.563196182706868, 49.800260266804067 ], [ 18.565117305255288, 49.800202831287244 ], [ 18.56703842757948, 49.800260267010721 ], [ 18.568943194395821, 49.800432084955929 ], [ 18.570815389331923, 49.800716822297375 ], [ 18.572639072656941, 49.801112054828472 ], [ 18.572883488065521, 49.801173278622329 ], [ 18.574271584546501, 49.801448514998853 ], [ 18.574569085856403, 49.801485129252654 ], [ 18.574955240271482, 49.801513528430604 ], [ 18.575166838795401, 49.801523923604151 ], [ 18.575560318804911, 49.801533574765173 ], [ 18.575953798805582, 49.801523923603781 ], [ 18.576165397328392, 49.801513528430185 ], [ 18.576551551753145, 49.801485129251169 ], [ 18.576849053031463, 49.801448515000402 ], [ 18.578040447614296, 49.801212282515579 ], [ 18.57899286600945, 49.80092423105782 ], [ 18.57990953691192, 49.800545585059638 ], [ 18.58078122752525, 49.800080843902144 ], [ 18.58078501807093, 49.80007857193484 ], [ 18.581555013867359, 49.799565278967407 ], [ 18.581656425115845, 49.799490067211835 ], [ 18.582284796344176, 49.798975480507906 ], [ 18.58245567219959, 49.798820607575379 ], [ 18.582963131965759, 49.798314147723978 ], [ 18.583176168161813, 49.798079098394467 ], [ 18.583581947560738, 49.797585556972507 ], [ 18.583812738787753, 49.797274370907559 ], [ 18.58413333551503, 49.796795381287765 ], [ 18.584361171291061, 49.796415260142957 ], [ 18.584386338194918, 49.796368252163902 ], [ 18.585113691183377, 49.795191517149604 ], [ 18.586008450983233, 49.794064174467948 ], [ 18.587062705936781, 49.792996178262065 ], [ 18.588267137864381, 49.791996958041203 ], [ 18.589611104582499, 49.791075335532753 ], [ 18.591082734028383, 49.790239446913453 ], [ 18.592669029155758, 49.789496671100174 ], [ 18.594355982673999, 49.788853564729258 ], [ 18.596128700619296, 49.788315804392298 ], [ 18.597971533672155, 49.787888136633441 ], [ 18.599122850902102, 49.787659847596544 ], [ 18.599371513140998, 49.787597560008741 ], [ 18.601194277502813, 49.787202524227325 ], [ 18.603065502863352, 49.786917930031706 ], [ 18.604969265833283, 49.786746199105956 ], [ 18.606889366833062, 49.786688792716767 ], [ 18.608809467611636, 49.786746199309853 ], [ 18.610713229930102, 49.786917930364751 ], [ 18.612584454245152, 49.78720252454292 ], [ 18.614407217226358, 49.787597560094561 ], [ 18.614655879904412, 49.787659847794991 ], [ 18.616043474143794, 49.787934985382741 ], [ 18.616341145095522, 49.787971620590085 ], [ 18.616727091332866, 49.788000004539178 ], [ 18.616939118661332, 49.788010420778562 ], [ 18.617332380406687, 49.788020066593397 ], [ 18.617725642143338, 49.788010420778143 ], [ 18.617937669471502, 49.788000004538738 ], [ 18.618323615717586, 49.787971620588586 ], [ 18.618621286636902, 49.787934985384375 ], [ 18.620008880889078, 49.787659847795815 ], [ 18.620257552876126, 49.787597557766247 ], [ 18.622080315072168, 49.78720252245455 ], [ 18.62395153820983, 49.786917928597269 ], [ 18.625855298918474, 49.786746197875722 ], [ 18.62777539763751, 49.78668879155498 ], [ 18.629695496134961, 49.786746198080138 ], [ 18.631599256191073, 49.786917928931111 ], [ 18.633470478281556, 49.787202522770997 ], [ 18.635293239094722, 49.787597557852656 ], [ 18.635541911518796, 49.787659847994334 ], [ 18.636929504528286, 49.78793498533819 ], [ 18.63722717589345, 49.787971620596409 ], [ 18.637613121680243, 49.788000004512391 ], [ 18.637825149919848, 49.788010420796532 ], [ 18.638218411207188, 49.788020066600147 ], [ 18.638611672485851, 49.788010420796084 ], [ 18.638823700724981, 49.788000004511915 ], [ 18.63920964652068, 49.787971620594924 ], [ 18.639507317854264, 49.787934985339689 ], [ 18.640698510044054, 49.787698792299601 ], [ 18.641650929851178, 49.787410739671813 ], [ 18.642567606670127, 49.787032090387278 ], [ 18.643439230333108, 49.786567384049775 ], [ 18.643443167414489, 49.786565024252333 ], [ 18.644213066062274, 49.786051795233789 ], [ 18.644314535527943, 49.785976540301426 ], [ 18.644942880652753, 49.785461974289959 ], [ 18.645113758593652, 49.78530709946736 ], [ 18.645621235013451, 49.784800622424846 ], [ 18.645834241455823, 49.784565605923589 ], [ 18.646240059913662, 49.784072016518493 ], [ 18.646470806421259, 49.783760890750841 ], [ 18.646791450930333, 49.783281829339252 ], [ 18.647019238084805, 49.782901789314657 ], [ 18.647268140805274, 49.782436872042631 ], [ 18.647476073593332, 49.781997234993852 ], [ 18.647663746010775, 49.781544845298839 ], [ 18.647838542589351, 49.781056321500152 ], [ 18.647972878111471, 49.780614126581121 ], [ 18.648104584894725, 49.780088323562829 ], [ 18.64819118135318, 49.779653594527275 ], [ 18.648272901696831, 49.779102680679991 ], [ 18.648315331796638, 49.778672482906259 ], [ 18.648343016278275, 49.778108952324466 ], [ 18.648343015940689, 49.777680256285635 ], [ 18.648315332753842, 49.777116752086258 ], [ 18.64827289680743, 49.776686501790273 ], [ 18.648191188021762, 49.776135665942753 ], [ 18.648104570459115, 49.775700834166308 ], [ 18.647972895230957, 49.775175157256513 ], [ 18.647838514092953, 49.774732814116177 ], [ 18.647641460882674, 49.774182086658584 ], [ 18.647297990173005, 49.7729744570983 ], [ 18.64712556861771, 49.771751599414017 ], [ 18.647125613123624, 49.770523653085966 ], [ 18.647298110461012, 49.76930079904664 ], [ 18.647641617798964, 49.768093175270216 ], [ 18.647838522847792, 49.76754286313632 ], [ 18.647972892511646, 49.767100555555494 ], [ 18.648104570256177, 49.766574868466336 ], [ 18.648191190245853, 49.766140021042915 ], [ 18.648272892733864, 49.765589227568583 ], [ 18.648315334802291, 49.765158908200178 ], [ 18.648343013266942, 49.76459550009691 ], [ 18.648343012929434, 49.764166681434894 ], [ 18.648315335759307, 49.763603299708834 ], [ 18.64827288784543, 49.763172927828514 ], [ 18.648191196913064, 49.762622212338123 ], [ 18.648104555823672, 49.762187262195475 ], [ 18.64806472919318, 49.762028266621392 ], [ 18.647837933752207, 49.760724130247965 ], [ 18.64780790196663, 49.759411888113235 ], [ 18.647974902572798, 49.758103967828539 ], [ 18.648337338532304, 49.756812755111156 ], [ 18.648891762741666, 49.755550476516682 ], [ 18.649632911232871, 49.754329083713401 ], [ 18.650553753529834, 49.753160140393327 ], [ 18.651645559664768, 49.752054712886455 ], [ 18.652897983203143, 49.751023265509602 ], [ 18.654299159478128, 49.750075561635377 ], [ 18.655835818094527, 49.749220571411257 ], [ 18.657493408631719, 49.748466386996697 ], [ 18.659256238354011, 49.747820146112836 ], [ 18.661107620627455, 49.747287964622828 ], [ 18.661388026057086, 49.747217727701447 ], [ 18.662536875423658, 49.746870265041949 ], [ 18.663453569882325, 49.746491605947142 ], [ 18.664324996481934, 49.746027002053992 ], [ 18.664329365390238, 49.746024383429237 ], [ 18.665098979468514, 49.745511341676931 ], [ 18.665200617468457, 49.745435961751063 ], [ 18.665828889710046, 49.744921453374367 ], [ 18.665999769065401, 49.744766577269964 ], [ 18.666507299754723, 49.74426004435459 ], [ 18.666720213084051, 49.744025130588049 ], [ 18.667126152150956, 49.74353139305871 ], [ 18.66735676143772, 49.743220452312222 ], [ 18.667677552012012, 49.742741171461027 ], [ 18.667905190886646, 49.742361378826757 ], [ 18.667930892718157, 49.742313371538977 ], [ 18.668658042472007, 49.741136820347101 ], [ 18.669552375898103, 49.740009695848087 ], [ 18.670605985736227, 49.7389419495032 ], [ 18.671809560238259, 49.73794300790086 ], [ 18.673152465622152, 49.737021689641146 ], [ 18.674622840114584, 49.736186127600028 ], [ 18.67620769874722, 49.735443697254937 ], [ 18.677893047980291, 49.734800951699015 ], [ 18.679664009142826, 49.734263563912215 ], [ 18.681504949605539, 49.733836276794705 ], [ 18.682470452497576, 49.733644830764796 ], [ 18.683422877877181, 49.73335677348566 ], [ 18.684339578188311, 49.732978111133264 ], [ 18.685210938724719, 49.732513541589668 ], [ 18.68521545227086, 49.732510836272283 ], [ 18.685984970803986, 49.73199785740222 ], [ 18.686086665642478, 49.731922435322033 ], [ 18.686714912967087, 49.731407946667311 ], [ 18.686885793369093, 49.731253069614347 ], [ 18.687393341623373, 49.730746518598814 ], [ 18.687606224389064, 49.730511638554141 ], [ 18.688012203234891, 49.730017852165794 ], [ 18.688242767157231, 49.729706972586293 ], [ 18.688563606089534, 49.729227619082103 ], [ 18.68879119582656, 49.728847908429024 ], [ 18.689040292109539, 49.728382628217702 ], [ 18.689248040299105, 49.727943381469913 ], [ 18.689435883950434, 49.727490577785368 ], [ 18.689610525454764, 49.727002487390372 ], [ 18.689744997150477, 49.726559843118039 ], [ 18.689876588097057, 49.726034502545801 ], [ 18.689963278432138, 49.72559930120439 ], [ 18.690044927535851, 49.725048867617936 ], [ 18.690087405390184, 49.724618184680907 ], [ 18.690115065863381, 49.724055142801831 ], [ 18.690115065526104, 49.7236259574766 ], [ 18.690087406346649, 49.723062941959405 ], [ 18.690044922650401, 49.722632206541647 ], [ 18.689963285095264, 49.722081850891144 ], [ 18.689876573673988, 49.721646546895769 ], [ 18.689745014254061, 49.721121332318106 ], [ 18.689618811664406, 49.720684008111505 ], [ 18.689444234830898, 49.720196083421236 ], [ 18.689256317708846, 49.719743091454234 ], [ 18.689048668492276, 49.719304043436026 ], [ 18.688799461662029, 49.718838547136492 ], [ 18.688572008047128, 49.718459056120082 ], [ 18.688251020982104, 49.717979472573766 ], [ 18.688020627691881, 49.717668817854438 ], [ 18.687614469402721, 49.717174804938836 ], [ 18.687605828377443, 49.717165270943347 ], [ 18.686672966034422, 49.716011851783101 ], [ 18.685916085490739, 49.714805460140461 ], [ 18.685342234753161, 49.713557350645132 ], [ 18.684956752975921, 49.712279166275501 ], [ 18.684763221141775, 49.71098282967241 ], [ 18.684763429191435, 49.709680431875022 ], [ 18.6849573598886, 49.708384119519884 ], [ 18.685343189550021, 49.707105981555912 ], [ 18.685917305612751, 49.705857936532254 ], [ 18.686674340853898, 49.704651621508518 ], [ 18.68760722392409, 49.703498283622011 ], [ 18.687614676005627, 49.703490061599183 ], [ 18.688020741627877, 49.702996176953462 ], [ 18.68825121822676, 49.702685420625237 ], [ 18.688572160531386, 49.702205920957432 ], [ 18.688799656246413, 49.701826374948304 ], [ 18.688825754885212, 49.701777627460395 ], [ 18.689552768339553, 49.700601211897002 ], [ 18.690446798749374, 49.699474249723352 ], [ 18.691499942008235, 49.698406690393448 ], [ 18.692702891044046, 49.697407958301575 ], [ 18.694045018226273, 49.696486869690645 ], [ 18.695514469348304, 49.695651554941975 ], [ 18.697098268350445, 49.694909386926717 ], [ 18.698782431857992, 49.694266916046942 ], [ 18.70055209252466, 49.693729812533661 ], [ 18.702391630097846, 49.693302816507234 ], [ 18.703365045278268, 49.693109804723655 ], [ 18.704317480804342, 49.692821747368107 ], [ 18.705234205491859, 49.69244307822526 ], [ 18.706105376252307, 49.691978613817412 ], [ 18.706110322099342, 49.691975649429914 ], [ 18.706879563197536, 49.691462860195585 ], [ 18.706981428579208, 49.691387312689713 ], [ 18.707609609498775, 49.690872883700344 ], [ 18.707780494454838, 49.690718004789886 ], [ 18.708288103042822, 49.690211399539059 ], [ 18.708500896699707, 49.689976621536424 ], [ 18.708907001924075, 49.689482688250735 ], [ 18.709137433314726, 49.6891719928797 ], [ 18.709458423843568, 49.688692420762955 ], [ 18.709685870535314, 49.688312956545168 ], [ 18.709935117498919, 49.687847404234851 ], [ 18.710142732733861, 49.68740844942532 ], [ 18.710330710075496, 49.686955335042391 ], [ 18.710505241113626, 49.686467568688165 ], [ 18.710639819986504, 49.686024586920155 ], [ 18.710771330107665, 49.685499591924049 ], [ 18.710858095706445, 49.685064035630141 ], [ 18.710939697510593, 49.684513960722455 ], [ 18.710982215875113, 49.684082912974581 ], [ 18.711009864415374, 49.683520235846977 ], [ 18.711009868641565, 49.683090682422474 ], [ 18.710982233348997, 49.682528031394213 ], [ 18.710939718304836, 49.682096930815639 ], [ 18.71085813972855, 49.681546933066365 ], [ 18.710771362312219, 49.681111273407531 ], [ 18.710639894849312, 49.680586403143991 ], [ 18.710505279850874, 49.680143272199302 ], [ 18.710310438716895, 49.679598710163916 ], [ 18.709966346740824, 49.678388820414249 ], [ 18.709793617067735, 49.677163616234935 ], [ 18.709793674565564, 49.67593329505376 ], [ 18.709966505874853, 49.674708096142105 ], [ 18.710310659947904, 49.673498215398411 ], [ 18.710505364995413, 49.672954068865288 ], [ 18.71063997790095, 49.672510974797873 ], [ 18.710771459068557, 49.671986095386345 ], [ 18.710858248134965, 49.671550421029515 ], [ 18.710939832128929, 49.671000466180239 ], [ 18.710982362433558, 49.670569297139622 ], [ 18.711010004970358, 49.670006742191326 ], [ 18.711010009198013, 49.669577066437739 ], [ 18.710982379906316, 49.669014537583486 ], [ 18.710939852926025, 49.668583315722444 ], [ 18.710858292155269, 49.668033438015165 ], [ 18.710771491278553, 49.667597660314634 ], [ 18.710640052759924, 49.66707290560673 ], [ 18.710505403742399, 49.666629662397064 ], [ 18.710310877910597, 49.666085981608383 ], [ 18.709966695497723, 49.664875769685132 ], [ 18.709793920026062, 49.663650230881174 ], [ 18.709793977517055, 49.662419570910814 ], [ 18.709966854607817, 49.661194037388661 ], [ 18.710311099090635, 49.659983834497943 ], [ 18.710505488890458, 49.659440568986227 ], [ 18.7106401358119, 49.658997362674356 ], [ 18.71077158803908, 49.658472598794773 ], [ 18.710858400563119, 49.658036806425059 ], [ 18.710939966754058, 49.65748697158606 ], [ 18.710982508994192, 49.657055681299312 ], [ 18.711010145529773, 49.656493248484097 ], [ 18.711010149758895, 49.656063450447299 ], [ 18.710982526465838, 49.655501043720925 ], [ 18.710939987554006, 49.655069700623784 ], [ 18.710858444581643, 49.654519942910497 ], [ 18.710771620254516, 49.654084047218241 ], [ 18.71073493153926, 49.65393757247292 ], [ 18.710507830097313, 49.652632363273845 ], [ 18.710477376785338, 49.651319000574212 ], [ 18.710643844834291, 49.650009942772918 ], [ 18.711005639726565, 49.648717606467031 ], [ 18.711559314905845, 49.647454248701237 ], [ 18.712299605025049, 49.64623185076573 ], [ 18.713219476396358, 49.645062004642803 ], [ 18.714310194145408, 49.643955803175722 ], [ 18.715561405416395, 49.642923734996728 ], [ 18.716961237825675, 49.641975585205103 ], [ 18.718496412220507, 49.641120342731057 ], [ 18.720152368668117, 49.640366115256867 ], [ 18.721913404479022, 49.639720052496131 ], [ 18.723762822958658, 49.639188278550662 ], [ 18.724057602623457, 49.639114442662866 ], [ 18.725204039193208, 49.638767708896644 ], [ 18.726120786977738, 49.6383890268757 ], [ 18.726991694140487, 49.637924699538331 ], [ 18.726997216584387, 49.637921389556681 ], [ 18.727766076641942, 49.637408851109214 ], [ 18.727868168749755, 49.637333135455442 ], [ 18.728496250270279, 49.636818785146446 ], [ 18.728667139339205, 49.636663902510612 ], [ 18.729174818147698, 49.636157224907741 ], [ 18.729387489623868, 49.635922581711768 ], [ 18.729793753891855, 49.635428453086107 ], [ 18.730024003874345, 49.635118002314982 ], [ 18.730345187820646, 49.634638139616243 ], [ 18.73057243794193, 49.634259003353748 ], [ 18.730821877771504, 49.633793089414233 ], [ 18.731029308976758, 49.633354523697719 ], [ 18.731217457100279, 49.632900996426535 ], [ 18.731391833422443, 49.632413662466163 ], [ 18.731526548195173, 49.631970232262809 ], [ 18.731657942688503, 49.631445698865484 ], [ 18.731744802014443, 49.631009671043678 ], [ 18.731826332683998, 49.630460075662221 ], [ 18.731868898740721, 49.630028543443046 ], [ 18.731896523302218, 49.629466354341076 ], [ 18.731896527535081, 49.629036312292072 ], [ 18.731868916213113, 49.628474149268477 ], [ 18.73182635349416, 49.628042564258728 ], [ 18.731744846035944, 49.627493045970461 ], [ 18.731657974923053, 49.627056914868497 ], [ 18.731526623052602, 49.626532506087422 ], [ 18.731391872210477, 49.626088926845839 ], [ 18.731217566172244, 49.625601758988559 ], [ 18.731029350151996, 49.625148044334388 ], [ 18.730822023023478, 49.624709677319814 ], [ 18.730572478662971, 49.624243548092537 ], [ 18.730345369056593, 49.623864631021604 ], [ 18.730024043535458, 49.623384538951932 ], [ 18.729793967663838, 49.623074312221128 ], [ 18.729387531148593, 49.622579957546975 ], [ 18.729175056265358, 49.622345524067306 ], [ 18.728667190868528, 49.621838644414659 ], [ 18.728496497996279, 49.621683935255987 ], [ 18.727868245521265, 49.621169429428875 ], [ 18.727766311044565, 49.621093828670219 ], [ 18.726997342282829, 49.620581202264347 ], [ 18.726991883791243, 49.620577930527752 ], [ 18.726120941058809, 49.620113570576272 ], [ 18.725204189559673, 49.619734874834919 ], [ 18.724251751506522, 49.619446802728966 ], [ 18.723062991359296, 49.619211075440454 ], [ 18.722763295540847, 49.619174188130089 ], [ 18.722379855462616, 49.619145986087588 ], [ 18.722162658466278, 49.619135314909364 ], [ 18.72177202922698, 49.619125731460755 ], [ 18.72138139977708, 49.619135311405138 ], [ 18.721164202554064, 49.619145980635054 ], [ 18.720780761883148, 49.619174179237461 ], [ 18.720481065255893, 49.619211063861997 ], [ 18.71929230008374, 49.619446780489717 ], [ 18.718339855910891, 49.619734844053546 ], [ 18.717423096365319, 49.620113531573175 ], [ 18.716552143841891, 49.620577883673405 ], [ 18.716546685137615, 49.620581155446899 ], [ 18.715777705644964, 49.621093774846443 ], [ 18.715675769377981, 49.621169374827403 ], [ 18.715047506168816, 49.621683874855549 ], [ 18.714876809793978, 49.621838582678613 ], [ 18.714368933850011, 49.622345457551347 ], [ 18.714156453752224, 49.622579889383132 ], [ 18.713750006966666, 49.623074240125192 ], [ 18.713519924266024, 49.623384465112785 ], [ 18.713198588774979, 49.623864553952437 ], [ 18.712971470889823, 49.62424346936622 ], [ 18.712943080856054, 49.62429649782743 ], [ 18.712216727734102, 49.625472083493705 ], [ 18.711323753657116, 49.626598206384436 ], [ 18.710272028371598, 49.627664928082154 ], [ 18.709070824419687, 49.628662833788901 ], [ 18.707730735544249, 49.629583115527069 ], [ 18.706263583350832, 49.63041764999663 ], [ 18.704682313045648, 49.631159070397025 ], [ 18.703000879168133, 49.631800831574118 ], [ 18.7012341223286, 49.632337267911815 ], [ 18.699397638043646, 49.632763643452904 ], [ 18.698212894161443, 49.632998559698223 ], [ 18.697943700745778, 49.633065986708537 ], [ 18.697935981519958, 49.633052985595597 ], [ 18.697268742297911, 49.633228813022704 ], [ 18.695262076463134, 49.63361019255639 ], [ 18.6932065099837, 49.633858532868871 ], [ 18.691122900241375, 49.633971314036323 ], [ 18.689032389876921, 49.633947391626613 ], [ 18.686956191736485, 49.633787008341379 ], [ 18.684915373096285, 49.633491791548813 ], [ 18.682930641381915, 49.633064736733566 ], [ 18.682650659979178, 49.632994143708835 ], [ 18.681487842832738, 49.632763563674622 ], [ 18.67965136826523, 49.632337171848626 ], [ 18.677884623115759, 49.631800719857729 ], [ 18.676203202835158, 49.631158943744076 ], [ 18.674621947963484, 49.630417509210105 ], [ 18.673154812963212, 49.629582961498471 ], [ 18.671814742954417, 49.628662667500222 ], [ 18.670613559444895, 49.62766475060748 ], [ 18.669561856065613, 49.626598018890896 ], [ 18.668668905230504, 49.625471887240828 ], [ 18.667942576539811, 49.624296294165099 ], [ 18.66791418820543, 49.624243266513815 ], [ 18.66768707941895, 49.623864350812653 ], [ 18.667365752962176, 49.623384257347006 ], [ 18.667135678136923, 49.623074032028221 ], [ 18.666729240439842, 49.622579675917997 ], [ 18.666516766872107, 49.622345243890315 ], [ 18.66600889999987, 49.621838362766184 ], [ 18.665838208763528, 49.621683655090585 ], [ 18.665209954465194, 49.62116914777107 ], [ 18.665108022001601, 49.621093548505556 ], [ 18.664339051010995, 49.620580920614557 ], [ 18.664333594966987, 49.620577650344963 ], [ 18.663462651006416, 49.620113289739457 ], [ 18.662545899506515, 49.61973459399865 ], [ 18.661593461441946, 49.619446521890296 ], [ 18.660404700201966, 49.619210794386603 ], [ 18.660105005399672, 49.619173907201755 ], [ 18.659721564213864, 49.619145705078523 ], [ 18.659504369452293, 49.619135034010547 ], [ 18.65911373908558, 49.619125450535158 ], [ 18.658723108508291, 49.619135030508239 ], [ 18.658505913519612, 49.619145699628966 ], [ 18.658122471742068, 49.61917389831379 ], [ 18.657822776131955, 49.619210782814179 ], [ 18.656634009869808, 49.619446499662573 ], [ 18.655681565686912, 49.619734563233727 ], [ 18.654764806146915, 49.620113250756283 ], [ 18.653893852398728, 49.620577603515557 ], [ 18.653888396143621, 49.620580873821133 ], [ 18.653091572867101, 49.621112054238317 ], [ 18.651574617944139, 49.622027172594734 ], [ 18.649924861578597, 49.622839566951704 ], [ 18.648158713052084, 49.623541153889228 ], [ 18.646293742141079, 49.624124952212462 ], [ 18.644348504105871, 49.624585152560357 ], [ 18.642342354768221, 49.624917175339625 ], [ 18.640295257532859, 49.625117716400752 ], [ 18.638227584291929, 49.625184779996381 ], [ 18.636159912215472, 49.625117698690936 ], [ 18.634112818473884, 49.624917140019953 ], [ 18.63210667495968, 49.624585099832622 ], [ 18.630161445076631, 49.624124882384585 ], [ 18.628296484641766, 49.623541067381062 ], [ 18.62653034890387, 49.62283946430194 ], [ 18.624880607617332, 49.622027054468617 ], [ 18.623363670027089, 49.621111921435507 ], [ 18.622566856615943, 49.620580732931955 ], [ 18.622561402194552, 49.62057746363493 ], [ 18.62169045742047, 49.620113102596228 ], [ 18.620773705919923, 49.619734406855692 ], [ 18.619627574853045, 49.619387749467286 ], [ 18.619318816510269, 49.619310406819466 ], [ 18.619325134536293, 49.619299760527362 ], [ 18.61885146024391, 49.619189479987348 ], [ 18.617054314201155, 49.618640039080809 ], [ 18.615346261808067, 49.617981497283367 ], [ 18.613742947217485, 49.617219887590608 ], [ 18.612259053117654, 49.616362186932349 ], [ 18.610908166148146, 49.615416252135688 ], [ 18.609702652451194, 49.614390747825631 ], [ 18.608653544500228, 49.613295066928906 ], [ 18.607770440240227, 49.612139244516648 ], [ 18.607061415457892, 49.610933865778826 ], [ 18.606532950175303, 49.609689968980213 ], [ 18.606189869728905, 49.608418944290477 ], [ 18.606035301058423, 49.607132429418968 ], [ 18.606070644588957, 49.605842203013282 ], [ 18.606295561944989, 49.604560076799501 ], [ 18.606332291143936, 49.604413444465841 ], [ 18.606419193162779, 49.603977178112217 ], [ 18.606500681620226, 49.603427827516875 ], [ 18.606543267164284, 49.6029960505007 ], [ 18.606570873496047, 49.602434110700408 ], [ 18.606570873159487, 49.602003821971799 ], [ 18.60654326811963, 49.601441908487622 ], [ 18.606500676744282, 49.601010079083117 ], [ 18.606419199814567, 49.600460806280275 ], [ 18.60633227675044, 49.600024437469457 ], [ 18.606297173321021, 49.599884297866758 ], [ 18.606069897744685, 49.598578550773354 ], [ 18.606039213140829, 49.597264624959507 ], [ 18.606205395180158, 49.595954994232798 ], [ 18.606566850795453, 49.594662090657671 ], [ 18.607120133889893, 49.593398186562375 ], [ 18.607859978607131, 49.592175278098459 ], [ 18.608779349826406, 49.591004971454574 ], [ 18.609869510384218, 49.589898372802331 ], [ 18.611120104367888, 49.588865983012894 ], [ 18.61251925567726, 49.587917598139079 ], [ 18.614053680909418, 49.5870622166007 ], [ 18.615708815489423, 49.586307953947404 ], [ 18.61746895184886, 49.585661966001126 ], [ 18.619317388343607, 49.58513038110096 ], [ 18.619619204092213, 49.585054781275893 ], [ 18.62076443456786, 49.584708402468358 ], [ 18.621681198288243, 49.584329704721718 ], [ 18.622551837211425, 49.583865510356503 ], [ 18.622557929637846, 49.583861858694064 ], [ 18.623326406275297, 49.583349565500825 ], [ 18.623428719299849, 49.583273684942938 ], [ 18.624056697974094, 49.58275940879836 ], [ 18.624227585485059, 49.58260452530326 ], [ 18.624735330576318, 49.582097771577821 ], [ 18.624947874002075, 49.581863265938573 ], [ 18.625354293185577, 49.581368938733 ], [ 18.625584355577548, 49.581058735390592 ], [ 18.625905728759051, 49.580578579245319 ], [ 18.626132775831412, 49.580199773975281 ], [ 18.62638240433327, 49.579733495817585 ], [ 18.626589644821369, 49.579295322516174 ], [ 18.626777959517735, 49.578841379983331 ], [ 18.626952174349459, 49.57835448206005 ], [ 18.627087020772155, 49.577910601232851 ], [ 18.627218292912648, 49.57738653340769 ], [ 18.627305241642063, 49.576950032040557 ], [ 18.627386694642425, 49.576400920477454 ], [ 18.627429303958699, 49.575968901941003 ], [ 18.627456898337616, 49.575407205446787 ], [ 18.627456898001203, 49.574976673109759 ], [ 18.627429304913687, 49.574415002921164 ], [ 18.627386689768482, 49.57398293201711 ], [ 18.627305248291101, 49.573433898214375 ], [ 18.627218278525469, 49.572997294434018 ], [ 18.627087037833522, 49.572473352288853 ], [ 18.626952145960544, 49.572029323774863 ], [ 18.626759826173164, 49.571491825499081 ], [ 18.626414997759198, 49.570279359514998 ], [ 18.626241888617983, 49.569051478584903 ], [ 18.626241932964003, 49.567818446517414 ], [ 18.626415117516427, 49.566590569427419 ], [ 18.626759982040859, 49.565378109593368 ], [ 18.626952154762972, 49.564841023281865 ], [ 18.627087035073355, 49.564397030626807 ], [ 18.627218278373807, 49.563873077937465 ], [ 18.627305250483783, 49.563436458936614 ], [ 18.627386685736486, 49.562887467018619 ], [ 18.627429306951683, 49.562455327591792 ], [ 18.627456895347738, 49.561893752881453 ], [ 18.627456895011385, 49.561463098609295 ], [ 18.627429307906482, 49.560901550199461 ], [ 18.62738668086353, 49.560469358415588 ], [ 18.627305257131464, 49.559920444241953 ], [ 18.627218263989771, 49.559483722849507 ], [ 18.62708705213069, 49.558959895811583 ], [ 18.626952126381148, 49.558515755505709 ], [ 18.626778009969829, 49.55802913282438 ], [ 18.626589575288804, 49.557574901963314 ], [ 18.626382475252488, 49.557137025832525 ], [ 18.626132684498835, 49.556670444956211 ], [ 18.625905818537213, 49.556291942082858 ], [ 18.625584245831234, 49.555811487700204 ], [ 18.625354395585131, 49.555501570637809 ], [ 18.624947754746874, 49.555006973230412 ], [ 18.624735432492461, 49.554772711830104 ], [ 18.624227473602655, 49.554265743630431 ], [ 18.624056776763428, 49.554111033117366 ], [ 18.623428642331131, 49.553596627805639 ], [ 18.623326427397181, 49.553520820091634 ], [ 18.62255792757691, 49.553008509306231 ], [ 18.622551754011244, 49.553004809015988 ], [ 18.621681136209791, 49.552540624459702 ], [ 18.620764355172838, 49.552161918084458 ], [ 18.619811910667302, 49.551873845526138 ], [ 18.618624140810262, 49.551638317045025 ], [ 18.618323613583112, 49.551601328423509 ], [ 18.617941193548386, 49.551573202746908 ], [ 18.617721898328117, 49.551562429468213 ], [ 18.61733233837278, 49.551552873961555 ], [ 18.616942778411172, 49.551562429467715 ], [ 18.616723483191315, 49.551573202746212 ], [ 18.616341063162242, 49.551601328422002 ], [ 18.616040535911885, 49.551638317045622 ], [ 18.614852766043764, 49.551873845527439 ], [ 18.61390032153712, 49.552161918086696 ], [ 18.612983540503528, 49.552540624461251 ], [ 18.612112922769558, 49.553004808982124 ], [ 18.612106749076222, 49.553008509348835 ], [ 18.61127997350253, 49.553559668292515 ], [ 18.609765496828601, 49.554473386624494 ], [ 18.608118724090826, 49.555284504473924 ], [ 18.606356006528678, 49.555984965106269 ], [ 18.604494849409967, 49.556567810612002 ], [ 18.602553737964257, 49.557027251163376 ], [ 18.60055195347757, 49.557358722653078 ], [ 18.598509381390464, 49.557558932136857 ], [ 18.596446313324229, 49.557625890623392 ], [ 18.594383245023383, 49.557558932881513 ], [ 18.592340672245559, 49.55735872406612 ], [ 18.590338886650592, 49.557027253095995 ], [ 18.588397773741487, 49.556567812849714 ], [ 18.586536614887795, 49.555984967379068 ], [ 18.584773895419914, 49.555284506469064 ], [ 18.583127120719539, 49.554473388001341 ], [ 18.581612642147846, 49.553559668699002 ], [ 18.580785865243293, 49.553008508869056 ], [ 18.580779693149012, 49.553004809460703 ], [ 18.579852117843309, 49.552510256517714 ], [ 18.579443887309409, 49.552317176116908 ], [ 18.577843371722853, 49.551478192686773 ], [ 18.576378479247442, 49.550540197135206 ], [ 18.575063610846453, 49.549512415693968 ], [ 18.573911689420775, 49.548404957156571 ], [ 18.572934032885826, 49.547228713301038 ], [ 18.572140243149118, 49.54599525162611 ], [ 18.571538112070719, 49.544716701463543 ], [ 18.571133545317011, 49.543405634592887 ], [ 18.570930504838756, 49.542074941538289 ], [ 18.570930970517583, 49.540737704766656 ], [ 18.571134921335055, 49.539407070038976 ], [ 18.571540336224189, 49.538096117179528 ], [ 18.572143214569998, 49.536817731533738 ], [ 18.572937616132705, 49.535584477377398 ], [ 18.573915719977631, 49.534408474517591 ], [ 18.575067901811909, 49.533301279294946 ], [ 18.576382828949662, 49.532273771150287 ], [ 18.577847571958547, 49.531336045865046 ], [ 18.579447731880553, 49.530497316516609 ], [ 18.57985244364902, 49.530305903808255 ], [ 18.580779423260033, 49.529811667394512 ], [ 18.580786091774154, 49.529807670438174 ], [ 18.581554186907763, 49.529295628353637 ], [ 18.581656727662725, 49.529219578899436 ], [ 18.582284605586128, 49.528705382545326 ], [ 18.582455498663414, 49.528550494005501 ], [ 18.582963312509701, 49.528043669386612 ], [ 18.583175735120726, 49.527809297046176 ], [ 18.583582312106213, 49.527314776001823 ], [ 18.583812194167091, 49.527004815808148 ], [ 18.5841337598441, 49.526524370445358 ], [ 18.584360611107883, 49.526145891862555 ], [ 18.584610431850486, 49.525679253227089 ], [ 18.584817488804294, 49.525241467976571 ], [ 18.585005973890173, 49.524787113480961 ], [ 18.58518003430407, 49.524300647126921 ], [ 18.585315016398159, 49.523856318590212 ], [ 18.585446173076011, 49.523332711717835 ], [ 18.585533215410734, 49.522895739397555 ], [ 18.585614597357356, 49.522347106840073 ], [ 18.585657254311588, 49.521914604312386 ], [ 18.585684824737758, 49.521353395387216 ], [ 18.585684824401604, 49.520922374875553 ], [ 18.585657255265811, 49.52036119223532 ], [ 18.585614592487303, 49.519928637381753 ], [ 18.585533222054213, 49.519380082520563 ], [ 18.58544615870133, 49.518943007874526 ], [ 18.585315033443361, 49.518419526567364 ], [ 18.585180005943336, 49.517975050487493 ], [ 18.585006005332776, 49.517488751447345 ], [ 18.584817442887335, 49.517034211679174 ], [ 18.584610480455698, 49.51659662648872 ], [ 18.584360545592784, 49.516129775385551 ], [ 18.584133826387234, 49.515751517359611 ], [ 18.583812109446981, 49.515270846267583 ], [ 18.583582394273158, 49.514961111328745 ], [ 18.583175635304993, 49.514466368810687 ], [ 18.582963403397507, 49.514232207092569 ], [ 18.582455393250182, 49.513725186030584 ], [ 18.582284691900259, 49.513570471429048 ], [ 18.581656633384352, 49.51305612625044 ], [ 18.581554247322831, 49.512980191619498 ], [ 18.580786033906076, 49.512468069352181 ], [ 18.580779428135571, 49.512464110008537 ], [ 18.579909008359124, 49.51200002843516 ], [ 18.578992210438216, 49.511621312589384 ], [ 18.578039762201129, 49.511333236706591 ], [ 18.577024635845767, 49.511131941687601 ], [ 18.575192366714404, 49.510706404125884 ], [ 18.573429524098561, 49.51017078845836 ], [ 18.571751666207689, 49.509529822503495 ], [ 18.570173599487212, 49.508789163805119 ], [ 18.56870924777672, 49.507955349592933 ], [ 18.567371529337599, 49.507035738971794 ], [ 18.566172242840384, 49.506038447854898 ], [ 18.565121963319758, 49.5049722772198 ], [ 18.564229949014049, 49.503846635326688 ], [ 18.563504059906624, 49.502671454588821 ], [ 18.563474489031222, 49.502616218879623 ], [ 18.563247818717294, 49.502238042424267 ], [ 18.562926053733115, 49.501757299146632 ], [ 18.562696383542381, 49.501447624860305 ], [ 18.562289585245228, 49.500952834029952 ], [ 18.562077383401029, 49.500718705481461 ], [ 18.561569356222677, 49.500211666853609 ], [ 18.561398653319589, 49.500056950844289 ], [ 18.560770620147206, 49.499542625741775 ], [ 18.560668177030827, 49.49946664879608 ], [ 18.559900059055806, 49.498954589351925 ], [ 18.559893309309292, 49.498950543712418 ], [ 18.559022955523414, 49.498486496458476 ], [ 18.558106152003234, 49.498107777468881 ], [ 18.557153702538113, 49.497819700483845 ], [ 18.555966722313936, 49.497584325903247 ], [ 18.555665530311078, 49.49754725516479 ], [ 18.555283923793642, 49.497519189007306 ], [ 18.555062953430316, 49.497508333434141 ], [ 18.554674245948782, 49.497498798806078 ], [ 18.554285538461684, 49.497508333433693 ], [ 18.554064568098443, 49.497519189006702 ], [ 18.553682961586372, 49.497547255163404 ], [ 18.553381769562666, 49.497584325903688 ], [ 18.552194789328272, 49.49781970048484 ], [ 18.55124233986211, 49.498107777470636 ], [ 18.550325536344634, 49.498486496459698 ], [ 18.549455182620324, 49.498950543681183 ], [ 18.549448432758847, 49.498954589389569 ], [ 18.548680314915334, 49.499466648744459 ], [ 18.548577871650171, 49.499542625800579 ], [ 18.547949838640211, 49.50005695076814 ], [ 18.547779135563189, 49.500211666935293 ], [ 18.547271108566154, 49.500718705380123 ], [ 18.547058906533188, 49.500952834137138 ], [ 18.546652108427743, 49.501447624732187 ], [ 18.546422438044633, 49.501757299278161 ], [ 18.546100673249345, 49.502238042271266 ], [ 18.545874002750953, 49.502616219034685 ], [ 18.545844439234482, 49.502671440993524 ], [ 18.545118548871745, 49.503846623756715 ], [ 18.544226533032734, 49.504972267681858 ], [ 18.543176251664246, 49.506038440347822 ], [ 18.541976962965737, 49.507035733479093 ], [ 18.540639241933775, 49.507955346074567 ], [ 18.539174887204407, 49.508789162189395 ], [ 18.537596817011181, 49.509529822679163 ], [ 18.535918955175472, 49.510170790267409 ], [ 18.53415610813688, 49.510706407357553 ], [ 18.532323834113726, 49.511131946073689 ], [ 18.531118247065077, 49.511371007430782 ], [ 18.530846140689071, 49.51143916548272 ], [ 18.530839118679953, 49.511427279480124 ], [ 18.530134806346162, 49.511612823390131 ], [ 18.528131323844754, 49.511993097470544 ], [ 18.526079221728285, 49.512240141624304 ], [ 18.523999345686502, 49.512351446258933 ], [ 18.521912824243209, 49.512325880658139 ], [ 18.519840853604983, 49.512163704496686 ], [ 18.517804481813567, 49.511866565197998 ], [ 18.515824394421159, 49.511437481160137 ], [ 18.515528012710806, 49.511362255060348 ], [ 18.514194491581826, 49.511097823606434 ], [ 18.513893466388588, 49.511060773472927 ], [ 18.513511655900238, 49.511032692391943 ], [ 18.513291105496879, 49.511021857450118 ], [ 18.51290218431409, 49.511012317588055 ], [ 18.512513263125417, 49.511021857449649 ], [ 18.512292712721933, 49.511032692391368 ], [ 18.511910902239372, 49.511060773471506 ], [ 18.51160987702584, 49.51109782360674 ], [ 18.510232215693062, 49.511371007562602 ], [ 18.509960109874292, 49.511439165474897 ], [ 18.509953087754052, 49.511427279284213 ], [ 18.509248781755911, 49.511612821537639 ], [ 18.507245298632082, 49.511993095834505 ], [ 18.505193195879897, 49.512240140223767 ], [ 18.503113319177082, 49.512351445112621 ], [ 18.501026797035497, 49.512325879783241 ], [ 18.498954825650035, 49.512163703907703 ], [ 18.496918453051343, 49.511866564905077 ], [ 18.494938364781348, 49.511437481168073 ], [ 18.494641986043064, 49.511362255903911 ], [ 18.493480544170808, 49.51113194803672 ], [ 18.491648269249875, 49.510706409127572 ], [ 18.489885421071754, 49.510170791764601 ], [ 18.488207557895546, 49.509529823783019 ], [ 18.486629486213328, 49.50878916274614 ], [ 18.485165129907902, 49.507955345906161 ], [ 18.483827407280003, 49.507035732392829 ], [ 18.482628117035365, 49.50603843814649 ], [ 18.481577834239392, 49.50497226417378 ], [ 18.48068581715647, 49.503846618765486 ], [ 18.479959925791242, 49.502671434366675 ], [ 18.479930365334727, 49.502616218118945 ], [ 18.479703695921948, 49.502238043167068 ], [ 18.47938192991915, 49.501757298367608 ], [ 18.479152260876219, 49.501447625628984 ], [ 18.478745461293009, 49.500952833234372 ], [ 18.478533260889826, 49.500718706275784 ], [ 18.478025232104894, 49.500211666044493 ], [ 18.477854530991156, 49.500056951656951 ], [ 18.477226495835719, 49.499542624930434 ], [ 18.477124054918011, 49.499466649615357 ], [ 18.47635593451853, 49.498954588554909 ], [ 18.476349187441944, 49.498950544515715 ], [ 18.47547883232464, 49.49848649655199 ], [ 18.474562028812962, 49.498107777565927 ], [ 18.473609579342984, 49.497819700579512 ], [ 18.47242259794066, 49.497584325765004 ], [ 18.472121407045233, 49.497547255162822 ], [ 18.471739799327512, 49.497519188917089 ], [ 18.471518831393116, 49.497508333463244 ], [ 18.471130122689736, 49.497498798805168 ], [ 18.470741413980694, 49.49750833346279 ], [ 18.47052044604655, 49.497519188916442 ], [ 18.470138838334037, 49.497547255161365 ], [ 18.469837647418494, 49.497584325765374 ], [ 18.468460476461985, 49.49785741325973 ], [ 18.468188048249939, 49.497925651926295 ], [ 18.468181103379813, 49.497913889962888 ], [ 18.467472723148372, 49.498100499562831 ], [ 18.465469618355332, 49.49848064813358 ], [ 18.463417925883533, 49.498727549080073 ], [ 18.461338489309533, 49.498838694018339 ], [ 18.459252434767613, 49.498812953744221 ], [ 18.457180955801764, 49.498650589733835 ], [ 18.455145097524035, 49.498353251482207 ], [ 18.453165542298645, 49.497923959706853 ], [ 18.452130850974257, 49.497661149928902 ], [ 18.452136276566868, 49.497652088372988 ], [ 18.451747048359881, 49.497561430315599 ], [ 18.449952438870184, 49.497012229098999 ], [ 18.448246747788268, 49.496353722797444 ], [ 18.446645621469781, 49.495591953293271 ], [ 18.445163744933119, 49.494733909634611 ], [ 18.443814707048709, 49.493787463789424 ], [ 18.442610875880199, 49.492761298296337 ], [ 18.441563285322598, 49.491664826483174 ], [ 18.440681534075328, 49.490508105989747 ], [ 18.439973697871579, 49.489301746395512 ], [ 18.439446255759485, 49.488056811802977 ], [ 18.439104031099568, 49.486784719276571 ], [ 18.438950147804128, 49.485497134071764 ], [ 18.438986002203375, 49.484205862618012 ], [ 18.439211250777074, 49.48292274424027 ], [ 18.43924391356795, 49.482792346005752 ], [ 18.439331026346888, 49.482355019262684 ], [ 18.439412354822423, 49.481806747177927 ], [ 18.439455047625625, 49.48137388043321 ], [ 18.439482600026825, 49.480813038414496 ], [ 18.43948259969082, 49.480381650542036 ], [ 18.439455048579244, 49.479820834792953 ], [ 18.439412349955152, 49.479387915753307 ], [ 18.43933103298605, 49.47883972131681 ], [ 18.439243899202477, 49.478402292313959 ], [ 18.439112860819829, 49.477879157832334 ], [ 18.438977731241163, 49.477434344897006 ], [ 18.438787615695279, 49.476903007130801 ], [ 18.438442155163965, 49.475688289138319 ], [ 18.438268725881649, 49.474458068714881 ], [ 18.438268770161091, 49.473222667900416 ], [ 18.438442274690676, 49.471992451442119 ], [ 18.438787771079603, 49.470777739836393 ], [ 18.438977740076343, 49.470246812459415 ], [ 18.439112858031699, 49.469802035585893 ], [ 18.439243899081575, 49.469278890326393 ], [ 18.439331035158023, 49.468841446365388 ], [ 18.439412345945758, 49.468293293521974 ], [ 18.439455050609027, 49.467860306279576 ], [ 18.439482597046453, 49.467299585656846 ], [ 18.439482596710523, 49.466868076233801 ], [ 18.439455051562497, 49.46630738187563 ], [ 18.439412341079475, 49.465874342348648 ], [ 18.439331041795793, 49.465326267137435 ], [ 18.439243884719268, 49.464888720938752 ], [ 18.43911287506052, 49.464365701129331 ], [ 18.438977711743618, 49.463920776856412 ], [ 18.438803865699271, 49.463434909799503 ], [ 18.438615132725232, 49.462979957728926 ], [ 18.438408353949935, 49.462542760846858 ], [ 18.438158226755561, 49.462075549092667 ], [ 18.437931703412353, 49.46169761784283 ], [ 18.437609793972797, 49.461216657524552 ], [ 18.43738025908786, 49.460907165676623 ], [ 18.436973342410194, 49.460412229430638 ], [ 18.43676123120126, 49.460178200882432 ], [ 18.436253152421262, 49.459671109050092 ], [ 18.436082445456403, 49.459516389359223 ], [ 18.435454487604105, 49.459002123904959 ], [ 18.43535187420402, 49.458926020668187 ], [ 18.434584041460532, 49.458414148967648 ], [ 18.434576861178552, 49.458409845275284 ], [ 18.433706704756965, 49.457945900659631 ], [ 18.432789884523043, 49.457567172276839 ], [ 18.431837431422604, 49.457279092003702 ], [ 18.430651040726637, 49.457043832322427 ], [ 18.430349352261427, 49.457006700256969 ], [ 18.429968353045666, 49.456978678531968 ], [ 18.42974613221887, 49.456967761527522 ], [ 18.429358061075895, 49.456958242484525 ], [ 18.428969989927612, 49.456967761527096 ], [ 18.428747769100941, 49.456978678531371 ], [ 18.428366769890136, 49.457006700255569 ], [ 18.428065081406814, 49.45704383232259 ], [ 18.426878690699887, 49.457279092004605 ], [ 18.425926237599441, 49.457567172278132 ], [ 18.425009417368077, 49.457945900660299 ], [ 18.424139261001855, 49.458409845246692 ], [ 18.424132080615919, 49.458414149001321 ], [ 18.423364247991444, 49.45892602062095 ], [ 18.423261634456569, 49.459002123957752 ], [ 18.422633676751392, 49.459516389289718 ], [ 18.42246296962842, 49.459671109124109 ], [ 18.421954891013655, 49.460178200789571 ], [ 18.421742779633067, 49.460412229527357 ], [ 18.421335863129322, 49.460907165559732 ], [ 18.42110632806963, 49.461216657643405 ], [ 18.420784418801741, 49.461697617703052 ], [ 18.420557895290841, 49.462075549232843 ], [ 18.420527937402714, 49.462131507966852 ], [ 18.419802196626723, 49.463306555658413 ], [ 18.418910495033547, 49.46443203899404 ], [ 18.417860689338141, 49.46549802757022 ], [ 18.416662032997102, 49.466495115305129 ], [ 18.415325094799162, 49.467414503542798 ], [ 18.413861665767492, 49.468248078809786 ], [ 18.412284655190906, 49.468988484533142 ], [ 18.410607976699655, 49.469629186081583 ], [ 18.408846425393097, 49.470164528550207 ], [ 18.407015547108305, 49.47058978677488 ], [ 18.40599263113133, 49.470792628212045 ], [ 18.405040179230941, 49.471080707393632 ], [ 18.404123364563382, 49.471459432648352 ], [ 18.403253141398221, 49.471923411987056 ], [ 18.403246106522293, 49.471927628526444 ], [ 18.402478176978295, 49.472439563955987 ], [ 18.402375621893952, 49.472515623942954 ], [ 18.40174763754451, 49.473029910417111 ], [ 18.401576933169416, 49.473184627760865 ], [ 18.401068870499483, 49.473691702944883 ], [ 18.400856730035052, 49.473925763771589 ], [ 18.400449851984398, 49.474420652557036 ], [ 18.400220272720169, 49.474730204243521 ], [ 18.399898410809364, 49.475211093143542 ], [ 18.3996718390095, 49.475589105238512 ], [ 18.39964202043873, 49.475644803698472 ], [ 18.398916228115869, 49.476819899171538 ], [ 18.398024419732888, 49.477945438678702 ], [ 18.396974453098625, 49.479011491119252 ], [ 18.395775583270652, 49.480008649656511 ], [ 18.394438381130314, 49.480928114830583 ], [ 18.392974640264814, 49.481761772323772 ], [ 18.391397272973823, 49.482502264687248 ], [ 18.389720196316464, 49.483143056391405 ], [ 18.387958209206268, 49.483678491619898 ], [ 18.386126861643358, 49.484103844292896 ], [ 18.385106571515514, 49.484306164442877 ], [ 18.384650588803012, 49.484444082292775 ], [ 18.38276144972016, 49.484943350280652 ], [ 18.380806064971917, 49.485319112084021 ], [ 18.378803410012917, 49.485567721005914 ], [ 18.376772920147605, 49.485686764288552 ], [ 18.374734301481485, 49.485675086584799 ], [ 18.372707339212354, 49.485532801198936 ], [ 18.370711705144181, 49.485261288985278 ], [ 18.368766766314632, 49.484863184916399 ], [ 18.366891396615316, 49.484342352452288 ], [ 18.365103793253926, 49.483703845961898 ], [ 18.363421299857926, 49.482953861566308 ], [ 18.361860237951795, 49.482099676885724 ], [ 18.360435748455327, 49.481149580280452 ], [ 18.359161644748472, 49.480112790279961 ], [ 18.358050278732126, 49.478999365988777 ], [ 18.357112421182869, 49.477820109345195 ], [ 18.35635715755695, 49.476586460189033 ], [ 18.355791800243725, 49.475310385162587 ], [ 18.355421818106066, 49.474004261528307 ], [ 18.355250783973041, 49.472680757035647 ], [ 18.355280340573994, 49.471352707005948 ], [ 18.35551018522165, 49.470032989829868 ], [ 18.355700380899389, 49.469275852532149 ], [ 18.355786911993523, 49.468841445700178 ], [ 18.355868222594793, 49.468293294113742 ], [ 18.355910927381235, 49.467860305622324 ], [ 18.355938473757327, 49.467299586247833 ], [ 18.35593847342135, 49.466868075579988 ], [ 18.355910928334655, 49.46630738247012 ], [ 18.355868217728403, 49.465874341693869 ], [ 18.355786918631178, 49.46532626773984 ], [ 18.355699761303203, 49.464888720278879 ], [ 18.355568751963713, 49.464365701743979 ], [ 18.355433588256833, 49.463920776187464 ], [ 18.35524378912314, 49.463390322743599 ], [ 18.354898237845358, 49.462175281461249 ], [ 18.354724762607294, 49.460944725215654 ], [ 18.354724806879936, 49.459708984391959 ], [ 18.354898357345022, 49.458478432140176 ], [ 18.355243944440712, 49.457263397299428 ], [ 18.355433597100454, 49.456733354015981 ], [ 18.355568749169183, 49.456288464570427 ], [ 18.355699761189388, 49.455765435203844 ], [ 18.355786920798749, 49.455327872842773 ], [ 18.355868213723831, 49.454779840419725 ], [ 18.355910930362828, 49.454346731506682 ], [ 18.35593847077882, 49.453786133452731 ], [ 18.355938470442929, 49.45335450130932 ], [ 18.35591093131606, 49.452793929514684 ], [ 18.355868208858436, 49.452360768327516 ], [ 18.355786927435041, 49.451812813520618 ], [ 18.355699746830087, 49.451375148943789 ], [ 18.355568766193784, 49.450852244998366 ], [ 18.355433568774675, 49.450407208189731 ], [ 18.355259761545916, 49.449921449615118 ], [ 18.355070985739264, 49.449466393985361 ], [ 18.354864253106605, 49.449029294663553 ], [ 18.354614077571853, 49.44856199226539 ], [ 18.35438760348314, 49.448184143191568 ], [ 18.354065645596684, 49.447703110085328 ], [ 18.353836156143345, 49.447393679494787 ], [ 18.353429199638292, 49.446898694330244 ], [ 18.35321711905409, 49.446664699571144 ], [ 18.352709022609016, 49.446157589540555 ], [ 18.352538314818037, 49.446002869100823 ], [ 18.351910381471715, 49.445488623037974 ], [ 18.351807712007325, 49.445412478221066 ], [ 18.351039973531723, 49.444900668563314 ], [ 18.351032650691298, 49.444896279424782 ], [ 18.350162559610954, 49.444432368784987 ], [ 18.349245733836497, 49.444053637284931 ], [ 18.348293279539103, 49.443765555921438 ], [ 18.347107084554363, 49.443530334383141 ], [ 18.34680523127312, 49.443493181957976 ], [ 18.346424433662399, 49.443465174983217 ], [ 18.346201797721424, 49.443454237585513 ], [ 18.345813937822431, 49.443444723716254 ], [ 18.345426077918638, 49.443454237585065 ], [ 18.345203441977624, 49.443465174982613 ], [ 18.344822644371664, 49.443493181956633 ], [ 18.344520791072622, 49.443530334383354 ], [ 18.343334596078446, 49.443765555922056 ], [ 18.34238214178027, 49.444053637286075 ], [ 18.341465316008435, 49.444432368785399 ], [ 18.340595224980845, 49.444896279397248 ], [ 18.340587902040891, 49.444900668595466 ], [ 18.339820163679544, 49.445412478175456 ], [ 18.339717494086216, 49.445488623088075 ], [ 18.339089560880311, 49.446002869034238 ], [ 18.338918852938374, 49.446157589610841 ], [ 18.338410756650994, 49.446664699482113 ], [ 18.338198675902611, 49.446898694422558 ], [ 18.337791719564088, 49.447393679382579 ], [ 18.337562229943462, 49.44770311019883 ], [ 18.337240272221255, 49.448184143057553 ], [ 18.337013797972062, 49.448561992399242 ], [ 18.336983712017979, 49.448618190391052 ], [ 18.336258020325282, 49.44979319427101 ], [ 18.335366422460531, 49.45091862525161 ], [ 18.334316774068267, 49.451984553592538 ], [ 18.33311832703307, 49.452981573933656 ], [ 18.331781648085478, 49.453900888391757 ], [ 18.330318525724227, 49.454734384308644 ], [ 18.328741866271585, 49.455474705960562 ], [ 18.327065579977639, 49.456115319590538 ], [ 18.325304458180195, 49.456650571184397 ], [ 18.32347404260917, 49.457075736475971 ], [ 18.322448536553917, 49.457279092109204 ], [ 18.321496083449659, 49.457567172383783 ], [ 18.320579263226978, 49.457945900762262 ], [ 18.319709105348107, 49.458409846155085 ], [ 18.319701927995293, 49.458414148091741 ], [ 18.318934092615816, 49.458926021548052 ], [ 18.318831481581036, 49.459002123030643 ], [ 18.318203521619328, 49.459516390210574 ], [ 18.318032816532774, 49.459671108199196 ], [ 18.317524736089325, 49.460178201689807 ], [ 18.317312626350194, 49.460412228616505 ], [ 18.31690570838035, 49.460907166432094 ], [ 18.316676174629322, 49.461216656751233 ], [ 18.316354264199916, 49.46169761854631 ], [ 18.316127741717054, 49.462075548360957 ], [ 18.315877613779506, 49.462542761501005 ], [ 18.315670835642216, 49.462979957034094 ], [ 18.315482102125216, 49.463434910411046 ], [ 18.315308256537133, 49.463920776192559 ], [ 18.315173092842539, 49.464365701705916 ], [ 18.315042083488546, 49.464888720298099 ], [ 18.314954926174035, 49.465326267688056 ], [ 18.314873627064681, 49.465874341722156 ], [ 18.314830916466651, 49.46630738240983 ], [ 18.314803371375028, 49.466868075612091 ], [ 18.314803371038685, 49.46729958618468 ], [ 18.31483091741887, 49.467860305652771 ], [ 18.314873622196114, 49.468293294053368 ], [ 18.314954932809258, 49.468841445723726 ], [ 18.315042069121866, 49.46927889087101 ], [ 18.315173109867679, 49.469802034919411 ], [ 18.315308228197839, 49.470246813026776 ], [ 18.315482133527819, 49.470732845952419 ], [ 18.315670789770234, 49.471187614261808 ], [ 18.315877662313262, 49.471625009610023 ], [ 18.316127676284424, 49.472092010569853 ], [ 18.316354330625728, 49.472470160608566 ], [ 18.316676090045377, 49.472950897053039 ], [ 18.316905790367688, 49.473260612201543 ], [ 18.317516074437254, 49.474002901472147 ], [ 18.317512179603856, 49.474004261267197 ], [ 18.318232676728769, 49.474895180253533 ], [ 18.318991936057188, 49.476105583311337 ], [ 18.319567784535707, 49.477358203409707 ], [ 18.319954796870228, 49.478641269674462 ], [ 18.320149321277007, 49.479942724223335 ], [ 18.320149514338201, 49.481250335429152 ], [ 18.319955358892759, 49.482551812850566 ], [ 18.31956866477319, 49.483834922751015 ], [ 18.318993052360025, 49.485087603120121 ], [ 18.318233919086968, 49.486298077115428 ], [ 18.317512387377072, 49.48719033675976 ], [ 18.317516182209005, 49.487191660865392 ], [ 18.316905747997406, 49.48793414006775 ], [ 18.31667612530013, 49.488243750316826 ], [ 18.316354310060774, 49.488724569081633 ], [ 18.316127690580377, 49.489102660726665 ], [ 18.316098018454785, 49.489158085599016 ], [ 18.315372173015653, 49.490333231372766 ], [ 18.314480255881183, 49.49145882947515 ], [ 18.313430125969003, 49.492524948086675 ], [ 18.31223103995621, 49.493522179595239 ], [ 18.310893570838804, 49.494441723717436 ], [ 18.309429514793401, 49.495275465272833 ], [ 18.307851787158985, 49.496016045920051 ], [ 18.306174308454899, 49.496656929216066 ], [ 18.304411881442682, 49.497192458419747 ], [ 18.302580060321603, 49.497617906524404 ], [ 18.301562419361005, 49.497819700765859 ], [ 18.300609969885528, 49.498107777754335 ], [ 18.29969316639135, 49.498486496733477 ], [ 18.298822808729863, 49.498950546053869 ], [ 18.298816066761255, 49.498954587031506 ], [ 18.298047941750781, 49.499466651164248 ], [ 18.297945504988235, 49.499542623397687 ], [ 18.29731746611035, 49.500056953170819 ], [ 18.2971467683276, 49.500211664539457 ], [ 18.296638736577524, 49.500718707728112 ], [ 18.296426538810874, 49.500952831777909 ], [ 18.296019736894976, 49.501447627007629 ], [ 18.295790069912293, 49.501757296968556 ], [ 18.295468302099579, 49.50223804446987 ], [ 18.29524163427185, 49.502616216777518 ], [ 18.295212101204946, 49.502671381859699 ], [ 18.294486204230374, 49.503846575344312 ], [ 18.293594180257863, 49.504972229560991 ], [ 18.292543889298297, 49.506038411994751 ], [ 18.291344589629642, 49.507035714280327 ], [ 18.290006856340682, 49.507955335331658 ], [ 18.288542488172684, 49.508789159125108 ], [ 18.286964403476549, 49.509529826444172 ], [ 18.285286526201975, 49.510170799948085 ], [ 18.283523662926573, 49.510706421984459 ], [ 18.281691372014972, 49.511131964630756 ], [ 18.280485870730061, 49.511371008979864 ], [ 18.280213770912617, 49.511439165388182 ], [ 18.28020674759826, 49.511427277176068 ], [ 18.279502509679915, 49.511612801628623 ], [ 18.277499019866113, 49.5119930782528 ], [ 18.275446910281143, 49.512240125172625 ], [ 18.27336702647419, 49.512351432793366 ], [ 18.271280496828744, 49.51232587038097 ], [ 18.269208517414459, 49.51216369757681 ], [ 18.267172136142761, 49.511866561755532 ], [ 18.265192038445413, 49.511437481251711 ], [ 18.264895691631022, 49.511362264963608 ], [ 18.263562118460495, 49.511097823190234 ], [ 18.263261096591961, 49.511060773465751 ], [ 18.262879282504976, 49.511032692120239 ], [ 18.262658739386122, 49.511021857536278 ], [ 18.262269814537781, 49.511012317584189 ], [ 18.261880889683869, 49.511021857535859 ], [ 18.261660346565506, 49.511032692119606 ], [ 18.261278532483384, 49.511060773464344 ], [ 18.260977510594369, 49.511097823190624 ], [ 18.259599839383874, 49.511371009105083 ], [ 18.259327740098001, 49.511439165380196 ], [ 18.259320716677877, 49.511427276988982 ], [ 18.258616484790636, 49.511612799864608 ], [ 18.256612994384074, 49.511993076694942 ], [ 18.254560884193719, 49.5122401238389 ], [ 18.252480999757427, 49.512351431701667 ], [ 18.250394469447286, 49.512325869547624 ], [ 18.248322489321865, 49.512163697015595 ], [ 18.246286107282096, 49.511866561476225 ], [ 18.244306008749881, 49.511437481258938 ], [ 18.244009664763684, 49.511362265766067 ], [ 18.242676087374694, 49.511097823156192 ], [ 18.242375065775754, 49.511060773464884 ], [ 18.241993251396742, 49.51103269209792 ], [ 18.241772708869352, 49.511021857542985 ], [ 18.241383783723172, 49.511012317583564 ], [ 18.240994858571515, 49.511021857542524 ], [ 18.240774316043982, 49.511032692097316 ], [ 18.240392501670421, 49.511060773463448 ], [ 18.240091480052172, 49.511097823156426 ], [ 18.238713808038217, 49.511371009230132 ], [ 18.238441709283414, 49.511439165372195 ], [ 18.238434685757962, 49.511427276802728 ], [ 18.237730459876826, 49.511612798108011 ], [ 18.235726968879785, 49.511993075143735 ], [ 18.233674858086385, 49.512240122511038 ], [ 18.231594973023153, 49.512351430614814 ], [ 18.229508442050896, 49.512325868718072 ], [ 18.227436461217156, 49.512163696456945 ], [ 18.22540007841237, 49.511866561198154 ], [ 18.223419979048735, 49.51143748126605 ], [ 18.223123637876366, 49.511362266564298 ], [ 18.221790056290967, 49.511097823122341 ], [ 18.221489034959536, 49.51106077346396 ], [ 18.221107220289518, 49.511032692075581 ], [ 18.220886678350627, 49.511021857549544 ], [ 18.220497752908596, 49.511012317582882 ], [ 18.220108827461104, 49.511021857549125 ], [ 18.219888285521836, 49.511032692074984 ], [ 18.219506470857468, 49.511060773462546 ], [ 18.219205449507442, 49.511097823122519 ], [ 18.217827776696364, 49.511371009354278 ], [ 18.217555678468834, 49.51143916536418 ], [ 18.217548654838609, 49.511427276617347 ], [ 18.21684443493395, 49.511612796359891 ], [ 18.214840943349504, 49.51199307360006 ], [ 18.212788831956178, 49.5122401211895 ], [ 18.210708946269282, 49.512351429533055 ], [ 18.208622414638381, 49.512325867892386 ], [ 18.20655043310002, 49.512163695900895 ], [ 18.204514049534147, 49.511866560921383 ], [ 18.202533949343366, 49.511437481273205 ], [ 18.202237610974905, 49.511362267359793 ], [ 18.200904025206452, 49.511097823088392 ], [ 18.200603004143346, 49.511060773462987 ], [ 18.200221189184603, 49.511032692053412 ], [ 18.200000647831025, 49.511021857556166 ], [ 18.199611722094044, 49.511012317582235 ], [ 18.199222796351616, 49.511021857555683 ], [ 18.199002254998394, 49.511032692052744 ], [ 18.198620440044547, 49.511060773461558 ], [ 18.19831941896182, 49.511097823088662 ], [ 18.196941745356543, 49.511371009477955 ], [ 18.196669647654268, 49.511439165356222 ], [ 18.196662623919739, 49.511427276432791 ], [ 18.195958409963296, 49.511612794620078 ], [ 18.193954917794027, 49.511993072063603 ], [ 18.191902805803466, 49.512240119874193 ], [ 18.189822919495686, 49.512351428456455 ], [ 18.187736387209092, 49.512325867070579 ], [ 18.185664404969302, 49.512163695347354 ], [ 18.183628020645898, 49.511866560645764 ], [ 18.181647919631803, 49.51143748128009 ], [ 18.1813515840512, 49.511362268150563 ], [ 18.18001799412469, 49.511097823054698 ], [ 18.179716973327139, 49.511060773461992 ], [ 18.179335158080466, 49.511032692031172 ], [ 18.179114617309935, 49.511021857562547 ], [ 18.178725691279464, 49.511012317581425 ], [ 18.178336765243667, 49.511021857562142 ], [ 18.17811622447341, 49.511032692030582 ], [ 18.177734409231597, 49.511060773460549 ], [ 18.177433388414727, 49.511097823054961 ], [ 18.176246205499233, 49.511333237159306 ], [ 18.175293757245271, 49.511621313047378 ], [ 18.174376959363862, 49.512000028877125 ], [ 18.173506533342103, 49.512464113780332 ], [ 18.173499940103973, 49.512468065612403 ], [ 18.172731715334685, 49.512980195446225 ], [ 18.172629339542794, 49.513056122460711 ], [ 18.172001271788702, 49.513570475203061 ], [ 18.171830578744981, 49.513725182276396 ], [ 18.171322561167184, 49.514232210752297 ], [ 18.171110335902785, 49.514466365141068 ], [ 18.170703571024902, 49.514961114845015 ], [ 18.170473861102522, 49.515270842703323 ], [ 18.170152139521452, 49.515751520726717 ], [ 18.169925424405793, 49.516129771929279 ], [ 18.169896042661627, 49.516184654313911 ], [ 18.169170091466686, 49.517359899837196 ], [ 18.168277957321827, 49.518485614328014 ], [ 18.167227501356969, 49.519551864538663 ], [ 18.166027983482671, 49.52054924131469 ], [ 18.164689980918155, 49.521468942733634 ], [ 18.163225295012531, 49.522302851896853 ], [ 18.161646847176947, 49.523043608683849 ], [ 18.159968564844444, 49.523684674830108 ], [ 18.158205258465888, 49.524220391749317 ], [ 18.156372490632126, 49.524646030584051 ], [ 18.15536014574004, 49.524846773465228 ], [ 18.15440769871833, 49.52513484824928 ], [ 18.153490906456806, 49.525513560926122 ], [ 18.152620413677397, 49.52597768055707 ], [ 18.152613965980219, 49.525981545155318 ], [ 18.151845644379147, 49.526493738738324 ], [ 18.151743326884407, 49.526569622516703 ], [ 18.151115232680077, 49.527083996241167 ], [ 18.150944542178724, 49.52723870101012 ], [ 18.150436540750533, 49.527745712799792 ], [ 18.150224286211742, 49.527979899487796 ], [ 18.14981755995937, 49.528474601734978 ], [ 18.149587805681616, 49.528784389399419 ], [ 18.149266131587073, 49.529264996070104 ], [ 18.149039368074057, 49.52964332801875 ], [ 18.149010125229172, 49.529697950911796 ], [ 18.14828412248859, 49.530873244110218 ], [ 18.147391881430703, 49.531999014691628 ], [ 18.146341264278362, 49.533065328714208 ], [ 18.145141532543029, 49.534062776271739 ], [ 18.143803265537276, 49.53498255464006 ], [ 18.142338267175834, 49.535816546078202 ], [ 18.140759461883203, 49.536557389591124 ], [ 18.139080780524655, 49.537198546016896 ], [ 18.137317037369463, 49.5377343558579 ], [ 18.135483799176637, 49.538160089340771 ], [ 18.134474085932432, 49.538360309795031 ], [ 18.133521640152946, 49.538648383471504 ], [ 18.132604853524164, 49.5390270929895 ], [ 18.131734294010524, 49.539491247335143 ], [ 18.131727991837607, 49.539495024709524 ], [ 18.130959573448141, 49.540007282012169 ], [ 18.130857314192792, 49.540083122597302 ], [ 18.13022919360419, 49.540597517249566 ], [ 18.130058505577779, 49.540752219775364 ], [ 18.129550520365118, 49.541259214812868 ], [ 18.129338236491265, 49.541493433866968 ], [ 18.12893154891891, 49.541988088591182 ], [ 18.128701750237866, 49.542297936126445 ], [ 18.128380123671331, 49.542778471382476 ], [ 18.128153311725814, 49.543156884135776 ], [ 18.127903468474187, 49.543623563418585 ], [ 18.127696418189185, 49.544061334359213 ], [ 18.127507937575842, 49.544515676247578 ], [ 18.127333862611952, 49.545002183091071 ], [ 18.127198900564927, 49.545446443154567 ], [ 18.127067719516319, 49.545970147189706 ], [ 18.126980701442886, 49.546406993999732 ], [ 18.126899296607668, 49.546955780779363 ], [ 18.126856656906124, 49.547388101150396 ], [ 18.126829076161616, 49.547949520083769 ], [ 18.126829075824784, 49.548380303963903 ], [ 18.126856657859395, 49.54894174919437 ], [ 18.126899291732922, 49.549374017215342 ], [ 18.126980708086222, 49.549922881728257 ], [ 18.12706770513023, 49.550359626162965 ], [ 18.127102175186835, 49.550497239469166 ], [ 18.127329565033143, 49.551803050961212 ], [ 18.127360550269806, 49.553117061040986 ], [ 18.127194821098339, 49.554426794722623 ], [ 18.126833935512973, 49.555719816649251 ], [ 18.126281305093901, 49.556983849184071 ], [ 18.125542163173151, 49.558206889038608 ], [ 18.124623515654804, 49.559377321330707 ], [ 18.123534074936579, 49.560484029983655 ], [ 18.122284177544216, 49.561516503414488 ], [ 18.120885686246975, 49.562464934502344 ], [ 18.119351877574097, 49.563320313880496 ], [ 18.117697315794949, 49.564074515660486 ], [ 18.115937714557973, 49.564720374766125 ], [ 18.114089787505442, 49.565251755137488 ], [ 18.113123617950151, 49.56549369690979 ], [ 18.113116297944462, 49.565481330395933 ], [ 18.11243044202655, 49.565662036268115 ], [ 18.110425479951452, 49.566042815293692 ], [ 18.108371771244286, 49.566290442829533 ], [ 18.106290168051395, 49.566402404544206 ], [ 18.104201806448408, 49.566377563583124 ], [ 18.10212789131252, 49.566216172140471 ], [ 18.100089480487334, 49.56591986889385 ], [ 18.098107270458232, 49.565491662327695 ], [ 18.097818445956694, 49.565418568390633 ], [ 18.096473193874633, 49.565151813853056 ], [ 18.096172840866696, 49.565114846748088 ], [ 18.095790208630785, 49.56508670554355 ], [ 18.095571350091582, 49.565075953717646 ], [ 18.095181568000086, 49.565066392769864 ], [ 18.094791785902668, 49.565075953717141 ], [ 18.094572927364005, 49.565086705542868 ], [ 18.094190295133259, 49.565114846746553 ], [ 18.093889942104113, 49.565151813853419 ], [ 18.092701966175046, 49.565387382525643 ], [ 18.091749522905769, 49.565675453977143 ], [ 18.090832747582741, 49.566054157159165 ], [ 18.089962054668938, 49.566518380895722 ], [ 18.089956043494656, 49.566521983852361 ], [ 18.089187431660722, 49.567034368504487 ], [ 18.089085288708922, 49.567110122832936 ], [ 18.088457115551417, 49.567624559176537 ], [ 18.088286432273371, 49.567779257398477 ], [ 18.087778479686609, 49.568286218736851 ], [ 18.087566136961758, 49.568520502722826 ], [ 18.087159526913481, 49.569015062201593 ], [ 18.086929639281845, 49.56932502967269 ], [ 18.086608107895614, 49.569805421913998 ], [ 18.086381198980146, 49.570183996451661 ], [ 18.086352371646583, 49.570237843088783 ], [ 18.085626214392477, 49.57141327895576 ], [ 18.08473365256015, 49.572539217498225 ], [ 18.083682551648565, 49.5736057226989 ], [ 18.082482177970206, 49.574603382401534 ], [ 18.081143117117001, 49.575523391482676 ], [ 18.079677180701029, 49.576357629678121 ], [ 18.078097302188286, 49.577098733372722 ], [ 18.076417422743447, 49.577740160714647 ], [ 18.074652368094778, 49.578276249473745 ], [ 18.072817717510812, 49.578702267128946 ], [ 18.07181590622481, 49.5789009189266 ], [ 18.070863464223734, 49.579188989260658 ], [ 18.069946694573634, 49.579567689265616 ], [ 18.069075934994657, 49.580031947678094 ], [ 18.069070069294614, 49.580035463440922 ], [ 18.068301360804067, 49.580547911723137 ], [ 18.068199275916946, 49.580623622987851 ], [ 18.067571076574314, 49.581138080095265 ], [ 18.067400395569589, 49.581292776256731 ], [ 18.066892459393795, 49.581799720647574 ], [ 18.066680087152768, 49.582034037199548 ], [ 18.066273515948428, 49.582528548956049 ], [ 18.066043583769712, 49.582838576491774 ], [ 18.065722100035586, 49.58331889713326 ], [ 18.065495142582819, 49.583697552650399 ], [ 18.065245442335556, 49.584163963770806 ], [ 18.065042119506952, 49.584593853743527 ], [ 18.064330751523087, 49.585866574845838 ], [ 18.063426628853417, 49.587086496859932 ], [ 18.062338854952362, 49.588241317883387 ], [ 18.061078387485829, 49.589319391675986 ], [ 18.059657928186244, 49.590309845257231 ], [ 18.058091794997594, 49.591202688725076 ], [ 18.056395777791781, 49.591988916180256 ], [ 18.054586979108521, 49.592660596730553 ], [ 18.05268364152791, 49.593210954647908 ], [ 18.050704963424607, 49.593634437863031 ], [ 18.048670904975101, 49.593926774098506 ], [ 18.046601986391991, 49.594085014068057 ], [ 18.044519080441653, 49.594107561301648 ], [ 18.042443201362047, 49.593994188291653 ], [ 18.040395292335184, 49.593746038794642 ], [ 18.038396013685073, 49.59336561626656 ], [ 18.036465533963135, 49.592856758548002 ], [ 18.035003135661764, 49.592414455375646 ], [ 18.033814761818132, 49.592178809143782 ], [ 18.033514743799255, 49.592141883417305 ], [ 18.033131701571754, 49.592113712216772 ], [ 18.032913687267918, 49.592103001865489 ], [ 18.032523475545847, 49.592093430395245 ], [ 18.032133263817748, 49.592103001865013 ], [ 18.031915249513879, 49.592113712216111 ], [ 18.03153220729229, 49.59214188341582 ], [ 18.031232189251881, 49.592178809144166 ], [ 18.029851547007187, 49.592452579506514 ], [ 18.029581401106093, 49.592520246488938 ], [ 18.029573910607432, 49.592507609744551 ], [ 18.028894463058709, 49.592686639466187 ], [ 18.026888796545315, 49.593067667181131 ], [ 18.024834320692811, 49.593315586856804 ], [ 18.022751889949038, 49.593427881856861 ], [ 18.020662643231947, 49.593403412241585 ], [ 18.018587788829187, 49.59324242636837 ], [ 18.016548388584475, 49.592946558366172 ], [ 18.014565143588147, 49.59251881150923 ], [ 18.014279967355272, 49.592446748775615 ], [ 18.012928730706587, 49.592178809107082 ], [ 18.012628712982991, 49.592141883416936 ], [ 18.012245670436144, 49.592113712192912 ], [ 18.012027656779289, 49.592103001873376 ], [ 18.011637444731392, 49.592093430395195 ], [ 18.011247232677427, 49.592103001872928 ], [ 18.011029219020585, 49.592113712192287 ], [ 18.01064617647959, 49.59214188341543 ], [ 18.010346158734318, 49.592178809107502 ], [ 18.009157784564479, 49.592414455402533 ], [ 18.008205343836096, 49.592702524617259 ], [ 18.007288579878438, 49.593081221436378 ] ] ] } }
]
}
