{
"type": "FeatureCollection",
"name": "google_zone_10km",
"crs": { "type": "name", "properties": { "name": "urn:ogc:def:crs:OGC:1.3:CRS84" } },
"features": [
{ "type": "Feature", "properties": { }, "geometry": { "type": "MultiPolygon", "coordinates": [ [ [ [ 18.354241026123585, 49.623615166557236 ], [ 18.353648534647842, 49.622816284282123 ], [ 18.352980592024437, 49.622079323163653 ], [ 18.35224363090596, 49.621411380540245 ], [ 18.351444748630854, 49.620818889064502 ], [ 18.350591638872135, 49.620307554753225 ], [ 18.349692517543136, 49.619882302035357 ], [ 18.348756043673774, 49.619547226327036 ], [ 18.347791236019329, 49.619305554590511 ], [ 18.34680738620494, 49.619159614256702 ], [ 18.34581396924214, 49.61911081081081 ], [ 18.344820552279341, 49.619159614256702 ], [ 18.343836702464952, 49.619305554590511 ], [ 18.342871894810507, 49.619547226327036 ], [ 18.341935420941144, 49.619882302035357 ], [ 18.341036299612146, 49.620307554753225 ], [ 18.340183189853427, 49.620818889064502 ], [ 18.339384307578321, 49.621411380540245 ], [ 18.338647346459844, 49.622079323163653 ], [ 18.337979403836439, 49.622816284282123 ], [ 18.337386912360696, 49.623615166557236 ], [ 18.336875578049419, 49.624468276315952 ], [ 18.336450325331555, 49.625367397644951 ], [ 18.336115249623234, 49.626303871514317 ], [ 18.335873577886701, 49.627268679168758 ], [ 18.335727637552896, 49.628252528983147 ], [ 18.335678834107004, 49.629245945945947 ], [ 18.335727637552896, 49.630239362908746 ], [ 18.335873577886701, 49.631223212723135 ], [ 18.336115249623234, 49.632188020377576 ], [ 18.336450325331555, 49.633124494246943 ], [ 18.336875578049419, 49.634023615575941 ], [ 18.337386912360696, 49.634876725334657 ], [ 18.337979403836439, 49.63567560760977 ], [ 18.338275865547921, 49.636002702702704 ], [ 18.337979403836439, 49.636329797795639 ], [ 18.337386912360696, 49.637128680070752 ], [ 18.336875578049419, 49.637981789829468 ], [ 18.336450325331555, 49.638880911158466 ], [ 18.336115249623234, 49.639817385027833 ], [ 18.335873577886701, 49.640782192682273 ], [ 18.335727637552896, 49.641766042496663 ], [ 18.335678834107004, 49.642759459459462 ], [ 18.335727637552896, 49.643752876422262 ], [ 18.335873577886701, 49.644736726236651 ], [ 18.336115249623234, 49.645701533891092 ], [ 18.336450325331555, 49.646638007760458 ], [ 18.336875578049419, 49.647537129089457 ], [ 18.337386912360696, 49.648390238848172 ], [ 18.337979403836439, 49.649189121123285 ], [ 18.338275865547921, 49.64951621621622 ], [ 18.337979403836439, 49.649843311309155 ], [ 18.337386912360696, 49.650642193584268 ], [ 18.336875578049419, 49.651495303342983 ], [ 18.336450325331555, 49.652394424671982 ], [ 18.336115249623234, 49.653330898541348 ], [ 18.335873577886701, 49.654295706195789 ], [ 18.335727637552896, 49.655279556010179 ], [ 18.335678834107004, 49.656272972972978 ], [ 18.335727637552896, 49.657266389935778 ], [ 18.335873577886701, 49.658250239750167 ], [ 18.336115249623234, 49.659215047404608 ], [ 18.336450325331555, 49.660151521273974 ], [ 18.336875578049419, 49.661050642602973 ], [ 18.337386912360696, 49.661903752361688 ], [ 18.337979403836439, 49.662702634636801 ], [ 18.338275865547917, 49.663029729729729 ], [ 18.337979403836439, 49.663356824822664 ], [ 18.337386912360696, 49.664155707097777 ], [ 18.336875578049419, 49.665008816856492 ], [ 18.336450325331555, 49.665907938185491 ], [ 18.336115249623234, 49.666844412054857 ], [ 18.335873577886701, 49.667809219709298 ], [ 18.335727637552896, 49.668793069523687 ], [ 18.335678834107004, 49.669786486486487 ], [ 18.335727637552896, 49.670779903449287 ], [ 18.335873577886701, 49.671763753263676 ], [ 18.336115249623234, 49.672728560918117 ], [ 18.336450325331555, 49.673665034787483 ], [ 18.336875578049419, 49.674564156116482 ], [ 18.337386912360696, 49.675417265875197 ], [ 18.337979403836439, 49.67621614815031 ], [ 18.338275865547921, 49.676543243243245 ], [ 18.337979403836439, 49.67687033833618 ], [ 18.337386912360696, 49.677669220611293 ], [ 18.336875578049419, 49.678522330370008 ], [ 18.336450325331555, 49.679421451699007 ], [ 18.336115249623234, 49.680357925568373 ], [ 18.335873577886701, 49.681322733222814 ], [ 18.335727637552896, 49.682306583037203 ], [ 18.335678834107004, 49.6833 ], [ 18.335727637552896, 49.684293416962802 ], [ 18.335873577886701, 49.685277266777192 ], [ 18.336115249623234, 49.686242074431632 ], [ 18.336450325331555, 49.687178548300999 ], [ 18.336875578049419, 49.688077669629998 ], [ 18.337386912360696, 49.688930779388713 ], [ 18.337979403836439, 49.689729661663826 ], [ 18.338275865547921, 49.690056756756761 ], [ 18.337979403836439, 49.690383851849695 ], [ 18.337386912360696, 49.691182734124808 ], [ 18.336875578049419, 49.692035843883524 ], [ 18.336450325331555, 49.692934965212523 ], [ 18.336115249623234, 49.693871439081889 ], [ 18.335873577886701, 49.69483624673633 ], [ 18.335727637552896, 49.695820096550719 ], [ 18.335678834107004, 49.696813513513519 ], [ 18.335727637552896, 49.697806930476318 ], [ 18.335873577886701, 49.698790780290707 ], [ 18.336115249623234, 49.699755587945148 ], [ 18.336450325331555, 49.700692061814514 ], [ 18.336875578049419, 49.701591183143513 ], [ 18.337386912360696, 49.702444292902229 ], [ 18.337979403836439, 49.703243175177342 ], [ 18.338275865547917, 49.703570270270276 ], [ 18.337979403836439, 49.703897365363204 ], [ 18.337386912360696, 49.704696247638317 ], [ 18.336875578049419, 49.705549357397032 ], [ 18.336450325331555, 49.706448478726031 ], [ 18.336115249623234, 49.707384952595397 ], [ 18.335873577886701, 49.708349760249838 ], [ 18.335727637552896, 49.709333610064228 ], [ 18.335678834107004, 49.710327027027027 ], [ 18.335727637552896, 49.711320443989827 ], [ 18.335873577886701, 49.712304293804216 ], [ 18.336115249623234, 49.713269101458657 ], [ 18.336450325331555, 49.714205575328023 ], [ 18.336875578049419, 49.715104696657022 ], [ 18.337386912360696, 49.715957806415737 ], [ 18.337979403836439, 49.71675668869085 ], [ 18.338275865547921, 49.717083783783785 ], [ 18.337979403836439, 49.71741087887672 ], [ 18.337386912360696, 49.718209761151833 ], [ 18.336875578049419, 49.719062870910548 ], [ 18.336450325331555, 49.719961992239547 ], [ 18.336115249623234, 49.720898466108913 ], [ 18.335873577886701, 49.721863273763354 ], [ 18.335727637552896, 49.722847123577743 ], [ 18.335678834107004, 49.723840540540543 ], [ 18.335727637552896, 49.724833957503343 ], [ 18.335873577886701, 49.725817807317732 ], [ 18.336115249623234, 49.726782614972173 ], [ 18.336450325331555, 49.727719088841539 ], [ 18.336875578049419, 49.728618210170538 ], [ 18.337386912360696, 49.729471319929253 ], [ 18.337979403836439, 49.730270202204366 ], [ 18.338647346459844, 49.731007163322836 ], [ 18.339384307578321, 49.731675105946245 ], [ 18.340183189853427, 49.732267597421988 ], [ 18.341036299612146, 49.732778931733264 ], [ 18.341935420941144, 49.733204184451132 ], [ 18.342871894810507, 49.733539260159453 ], [ 18.343836702464952, 49.733780931895978 ], [ 18.344820552279341, 49.733926872229787 ], [ 18.34581396924214, 49.73397567567568 ], [ 18.34680738620494, 49.733926872229787 ], [ 18.347791236019329, 49.733780931895978 ], [ 18.348756043673774, 49.733539260159453 ], [ 18.349692517543136, 49.733204184451132 ], [ 18.350591638872135, 49.732778931733264 ], [ 18.351444748630854, 49.732267597421988 ], [ 18.35224363090596, 49.731675105946245 ], [ 18.352980592024437, 49.731007163322836 ], [ 18.353648534647842, 49.730270202204366 ], [ 18.354241026123585, 49.729471319929253 ], [ 18.354752360434862, 49.728618210170538 ], [ 18.355177613152726, 49.727719088841539 ], [ 18.355512688861047, 49.726782614972173 ], [ 18.355754360597579, 49.725817807317732 ], [ 18.355900300931385, 49.724833957503343 ], [ 18.355949104377277, 49.723840540540543 ], [ 18.355900300931385, 49.722847123577743 ], [ 18.355754360597579, 49.721863273763354 ], [ 18.355512688861047, 49.720898466108913 ], [ 18.355177613152726, 49.719961992239547 ], [ 18.354752360434862, 49.719062870910548 ], [ 18.354241026123585, 49.718209761151833 ], [ 18.353648534647842, 49.71741087887672 ], [ 18.35335207293636, 49.717083783783785 ], [ 18.353648534647842, 49.71675668869085 ], [ 18.354241026123585, 49.715957806415737 ], [ 18.354752360434862, 49.715104696657022 ], [ 18.355177613152726, 49.714205575328023 ], [ 18.355512688861047, 49.713269101458657 ], [ 18.355754360597579, 49.712304293804216 ], [ 18.355900300931385, 49.711320443989827 ], [ 18.355949104377277, 49.710327027027027 ], [ 18.355900300931385, 49.709333610064228 ], [ 18.355754360597579, 49.708349760249838 ], [ 18.355512688861047, 49.707384952595397 ], [ 18.355177613152726, 49.706448478726031 ], [ 18.354752360434862, 49.705549357397032 ], [ 18.354241026123585, 49.704696247638317 ], [ 18.353648534647842, 49.703897365363204 ], [ 18.353352072936364, 49.703570270270276 ], [ 18.353648534647842, 49.703243175177342 ], [ 18.354241026123585, 49.702444292902229 ], [ 18.354752360434862, 49.701591183143513 ], [ 18.355177613152726, 49.700692061814514 ], [ 18.355512688861047, 49.699755587945148 ], [ 18.355754360597579, 49.698790780290707 ], [ 18.355900300931385, 49.697806930476318 ], [ 18.355949104377277, 49.696813513513519 ], [ 18.355900300931385, 49.695820096550719 ], [ 18.355754360597579, 49.69483624673633 ], [ 18.355512688861047, 49.693871439081889 ], [ 18.355177613152726, 49.692934965212523 ], [ 18.354752360434862, 49.692035843883524 ], [ 18.354241026123585, 49.691182734124808 ], [ 18.353648534647842, 49.690383851849695 ], [ 18.35335207293636, 49.690056756756761 ], [ 18.353648534647842, 49.689729661663826 ], [ 18.354241026123585, 49.688930779388713 ], [ 18.354752360434862, 49.688077669629998 ], [ 18.355177613152726, 49.687178548300999 ], [ 18.355512688861047, 49.686242074431632 ], [ 18.355754360597579, 49.685277266777192 ], [ 18.355900300931385, 49.684293416962802 ], [ 18.355949104377277, 49.6833 ], [ 18.355900300931385, 49.682306583037203 ], [ 18.355754360597579, 49.681322733222814 ], [ 18.355512688861047, 49.680357925568373 ], [ 18.355177613152726, 49.679421451699007 ], [ 18.354752360434862, 49.678522330370008 ], [ 18.354241026123585, 49.677669220611293 ], [ 18.353648534647842, 49.67687033833618 ], [ 18.35335207293636, 49.676543243243245 ], [ 18.353648534647842, 49.67621614815031 ], [ 18.354241026123585, 49.675417265875197 ], [ 18.354752360434862, 49.674564156116482 ], [ 18.355177613152726, 49.673665034787483 ], [ 18.355512688861047, 49.672728560918117 ], [ 18.355754360597579, 49.671763753263676 ], [ 18.355900300931385, 49.670779903449287 ], [ 18.355949104377277, 49.669786486486487 ], [ 18.355900300931385, 49.668793069523687 ], [ 18.355754360597579, 49.667809219709298 ], [ 18.355512688861047, 49.666844412054857 ], [ 18.355177613152726, 49.665907938185491 ], [ 18.354752360434862, 49.665008816856492 ], [ 18.354241026123585, 49.664155707097777 ], [ 18.353648534647842, 49.663356824822664 ], [ 18.353352072936364, 49.663029729729729 ], [ 18.353648534647842, 49.662702634636801 ], [ 18.354241026123585, 49.661903752361688 ], [ 18.354752360434862, 49.661050642602973 ], [ 18.355177613152726, 49.660151521273974 ], [ 18.355512688861047, 49.659215047404608 ], [ 18.355754360597579, 49.658250239750167 ], [ 18.355900300931385, 49.657266389935778 ], [ 18.355949104377277, 49.656272972972978 ], [ 18.355900300931385, 49.655279556010179 ], [ 18.355754360597579, 49.654295706195789 ], [ 18.355512688861047, 49.653330898541348 ], [ 18.355177613152726, 49.652394424671982 ], [ 18.354752360434862, 49.651495303342983 ], [ 18.354241026123585, 49.650642193584268 ], [ 18.353648534647842, 49.649843311309155 ], [ 18.35335207293636, 49.64951621621622 ], [ 18.353648534647842, 49.649189121123285 ], [ 18.354241026123585, 49.648390238848172 ], [ 18.354752360434862, 49.647537129089457 ], [ 18.355177613152726, 49.646638007760458 ], [ 18.355512688861047, 49.645701533891092 ], [ 18.355754360597579, 49.644736726236651 ], [ 18.355900300931385, 49.643752876422262 ], [ 18.355949104377277, 49.642759459459462 ], [ 18.355900300931385, 49.641766042496663 ], [ 18.355754360597579, 49.640782192682273 ], [ 18.355512688861047, 49.639817385027833 ], [ 18.355177613152726, 49.638880911158466 ], [ 18.354752360434862, 49.637981789829468 ], [ 18.354241026123585, 49.637128680070752 ], [ 18.353648534647842, 49.636329797795639 ], [ 18.35335207293636, 49.636002702702704 ], [ 18.353648534647842, 49.63567560760977 ], [ 18.354241026123585, 49.634876725334657 ], [ 18.354752360434862, 49.634023615575941 ], [ 18.355177613152726, 49.633124494246943 ], [ 18.355512688861047, 49.632188020377576 ], [ 18.355754360597579, 49.631223212723135 ], [ 18.355900300931385, 49.630239362908746 ], [ 18.355949104377277, 49.629245945945947 ], [ 18.355900300931385, 49.628252528983147 ], [ 18.355754360597579, 49.627268679168758 ], [ 18.355512688861047, 49.626303871514317 ], [ 18.355177613152726, 49.625367397644951 ], [ 18.354752360434862, 49.624468276315952 ], [ 18.354241026123585, 49.623615166557236 ] ] ], [ [ [ 18.333354995365728, 49.623615166557236 ], [ 18.332762503889985, 49.622816284282123 ], [ 18.33209456126658, 49.622079323163653 ], [ 18.331357600148102, 49.621411380540245 ], [ 18.330558717872997, 49.620818889064502 ], [ 18.329705608114278, 49.620307554753225 ], [ 18.328806486785279, 49.619882302035357 ], [ 18.327870012915916, 49.619547226327036 ], [ 18.326905205261472, 49.619305554590511 ], [ 18.325921355447083, 49.619159614256702 ], [ 18.324927938484283, 49.61911081081081 ], [ 18.323934521521483, 49.619159614256702 ], [ 18.322950671707094, 49.619305554590511 ], [ 18.32198586405265, 49.619547226327036 ], [ 18.321049390183287, 49.619882302035357 ], [ 18.320150268854288, 49.620307554753225 ], [ 18.319297159095569, 49.620818889064502 ], [ 18.318498276820463, 49.621411380540245 ], [ 18.317761315701986, 49.622079323163653 ], [ 18.317093373078581, 49.622816284282123 ], [ 18.316500881602838, 49.623615166557236 ], [ 18.315989547291561, 49.624468276315952 ], [ 18.315564294573697, 49.625367397644951 ], [ 18.315229218865376, 49.626303871514317 ], [ 18.314987547128844, 49.627268679168758 ], [ 18.314841606795039, 49.628252528983147 ], [ 18.314792803349146, 49.629245945945947 ], [ 18.314841606795039, 49.630239362908746 ], [ 18.314987547128844, 49.631223212723135 ], [ 18.315229218865376, 49.632188020377576 ], [ 18.315564294573697, 49.633124494246943 ], [ 18.315989547291561, 49.634023615575941 ], [ 18.316500881602838, 49.634876725334657 ], [ 18.317093373078581, 49.63567560760977 ], [ 18.317389834790063, 49.636002702702704 ], [ 18.317093373078581, 49.636329797795639 ], [ 18.316500881602838, 49.637128680070752 ], [ 18.315989547291561, 49.637981789829468 ], [ 18.315564294573697, 49.638880911158466 ], [ 18.315229218865376, 49.639817385027833 ], [ 18.314987547128844, 49.640782192682273 ], [ 18.314841606795039, 49.641766042496663 ], [ 18.314792803349146, 49.642759459459462 ], [ 18.314841606795039, 49.643752876422262 ], [ 18.314987547128844, 49.644736726236651 ], [ 18.315229218865376, 49.645701533891092 ], [ 18.315564294573697, 49.646638007760458 ], [ 18.315989547291561, 49.647537129089457 ], [ 18.316500881602838, 49.648390238848172 ], [ 18.317093373078581, 49.649189121123285 ], [ 18.317389834790063, 49.64951621621622 ], [ 18.317093373078581, 49.649843311309155 ], [ 18.316500881602838, 49.650642193584268 ], [ 18.315989547291561, 49.651495303342983 ], [ 18.315564294573697, 49.652394424671982 ], [ 18.315229218865376, 49.653330898541348 ], [ 18.314987547128844, 49.654295706195789 ], [ 18.314841606795039, 49.655279556010179 ], [ 18.314792803349146, 49.656272972972978 ], [ 18.314841606795039, 49.657266389935778 ], [ 18.314987547128844, 49.658250239750167 ], [ 18.315229218865376, 49.659215047404608 ], [ 18.315564294573697, 49.660151521273974 ], [ 18.315989547291561, 49.661050642602973 ], [ 18.316500881602838, 49.661903752361688 ], [ 18.317093373078581, 49.662702634636801 ], [ 18.31738983479006, 49.663029729729729 ], [ 18.317093373078581, 49.663356824822664 ], [ 18.316500881602838, 49.664155707097777 ], [ 18.315989547291561, 49.665008816856492 ], [ 18.315564294573697, 49.665907938185491 ], [ 18.315229218865376, 49.666844412054857 ], [ 18.314987547128844, 49.667809219709298 ], [ 18.314841606795039, 49.668793069523687 ], [ 18.314792803349146, 49.669786486486487 ], [ 18.314841606795039, 49.670779903449287 ], [ 18.314987547128844, 49.671763753263676 ], [ 18.315229218865376, 49.672728560918117 ], [ 18.315564294573697, 49.673665034787483 ], [ 18.315989547291561, 49.674564156116482 ], [ 18.316500881602838, 49.675417265875197 ], [ 18.317093373078581, 49.67621614815031 ], [ 18.317389834790063, 49.676543243243245 ], [ 18.317093373078581, 49.67687033833618 ], [ 18.316500881602838, 49.677669220611293 ], [ 18.315989547291561, 49.678522330370008 ], [ 18.315564294573697, 49.679421451699007 ], [ 18.315229218865376, 49.680357925568373 ], [ 18.314987547128844, 49.681322733222814 ], [ 18.314841606795039, 49.682306583037203 ], [ 18.314792803349146, 49.6833 ], [ 18.314841606795039, 49.684293416962802 ], [ 18.314987547128844, 49.685277266777192 ], [ 18.315229218865376, 49.686242074431632 ], [ 18.315564294573697, 49.687178548300999 ], [ 18.315989547291561, 49.688077669629998 ], [ 18.316500881602838, 49.688930779388713 ], [ 18.317093373078581, 49.689729661663826 ], [ 18.317389834790063, 49.690056756756761 ], [ 18.317093373078581, 49.690383851849695 ], [ 18.316500881602838, 49.691182734124808 ], [ 18.315989547291561, 49.692035843883524 ], [ 18.315564294573697, 49.692934965212523 ], [ 18.315229218865376, 49.693871439081889 ], [ 18.314987547128844, 49.69483624673633 ], [ 18.314841606795039, 49.695820096550719 ], [ 18.314792803349146, 49.696813513513519 ], [ 18.314841606795039, 49.697806930476318 ], [ 18.314987547128844, 49.698790780290707 ], [ 18.315229218865376, 49.699755587945148 ], [ 18.315564294573697, 49.700692061814514 ], [ 18.315989547291561, 49.701591183143513 ], [ 18.316500881602838, 49.702444292902229 ], [ 18.317093373078581, 49.703243175177342 ], [ 18.31738983479006, 49.703570270270276 ], [ 18.317093373078581, 49.703897365363204 ], [ 18.316500881602838, 49.704696247638317 ], [ 18.315989547291561, 49.705549357397032 ], [ 18.315564294573697, 49.706448478726031 ], [ 18.315229218865376, 49.707384952595397 ], [ 18.314987547128844, 49.708349760249838 ], [ 18.314841606795039, 49.709333610064228 ], [ 18.314792803349146, 49.710327027027027 ], [ 18.314841606795039, 49.711320443989827 ], [ 18.314987547128844, 49.712304293804216 ], [ 18.315229218865376, 49.713269101458657 ], [ 18.315564294573697, 49.714205575328023 ], [ 18.315989547291561, 49.715104696657022 ], [ 18.316500881602838, 49.715957806415737 ], [ 18.317093373078581, 49.71675668869085 ], [ 18.317389834790063, 49.717083783783785 ], [ 18.317093373078581, 49.71741087887672 ], [ 18.316500881602838, 49.718209761151833 ], [ 18.315989547291561, 49.719062870910548 ], [ 18.315564294573697, 49.719961992239547 ], [ 18.315229218865376, 49.720898466108913 ], [ 18.314987547128844, 49.721863273763354 ], [ 18.314841606795039, 49.722847123577743 ], [ 18.314792803349146, 49.723840540540543 ], [ 18.314841606795039, 49.724833957503343 ], [ 18.314987547128844, 49.725817807317732 ], [ 18.315229218865376, 49.726782614972173 ], [ 18.315564294573697, 49.727719088841539 ], [ 18.315989547291561, 49.728618210170538 ], [ 18.316500881602838, 49.729471319929253 ], [ 18.317093373078581, 49.730270202204366 ], [ 18.317389834790063, 49.730597297297301 ], [ 18.317093373078581, 49.730924392390236 ], [ 18.316500881602838, 49.731723274665349 ], [ 18.315989547291561, 49.732576384424064 ], [ 18.315564294573697, 49.733475505753063 ], [ 18.315229218865376, 49.734411979622429 ], [ 18.314987547128844, 49.73537678727687 ], [ 18.314841606795039, 49.736360637091259 ], [ 18.314792803349146, 49.737354054054059 ], [ 18.314841606795039, 49.738347471016858 ], [ 18.314987547128844, 49.739331320831248 ], [ 18.315229218865376, 49.740296128485689 ], [ 18.315564294573697, 49.741232602355055 ], [ 18.315989547291561, 49.742131723684054 ], [ 18.316500881602838, 49.742984833442769 ], [ 18.317093373078581, 49.743783715717882 ], [ 18.317761315701986, 49.744520676836352 ], [ 18.318498276820463, 49.745188619459761 ], [ 18.319297159095569, 49.745781110935503 ], [ 18.320150268854288, 49.74629244524678 ], [ 18.321049390183287, 49.746717697964648 ], [ 18.32198586405265, 49.747052773672969 ], [ 18.322950671707094, 49.747294445409494 ], [ 18.323934521521483, 49.747440385743303 ], [ 18.324927938484283, 49.747489189189196 ], [ 18.325921355447083, 49.747440385743303 ], [ 18.326905205261472, 49.747294445409494 ], [ 18.327870012915916, 49.747052773672969 ], [ 18.328806486785279, 49.746717697964648 ], [ 18.329705608114278, 49.74629244524678 ], [ 18.330558717872997, 49.745781110935503 ], [ 18.331357600148102, 49.745188619459761 ], [ 18.33209456126658, 49.744520676836352 ], [ 18.332762503889985, 49.743783715717882 ], [ 18.333354995365728, 49.742984833442769 ], [ 18.333866329677004, 49.742131723684054 ], [ 18.334291582394869, 49.741232602355055 ], [ 18.33462665810319, 49.740296128485689 ], [ 18.334868329839722, 49.739331320831248 ], [ 18.335014270173527, 49.738347471016858 ], [ 18.33506307361942, 49.737354054054059 ], [ 18.335014270173527, 49.736360637091259 ], [ 18.334868329839722, 49.73537678727687 ], [ 18.33462665810319, 49.734411979622429 ], [ 18.334291582394869, 49.733475505753063 ], [ 18.333866329677004, 49.732576384424064 ], [ 18.333354995365728, 49.731723274665349 ], [ 18.332762503889985, 49.730924392390236 ], [ 18.332466042178503, 49.730597297297301 ], [ 18.332762503889985, 49.730270202204366 ], [ 18.333354995365728, 49.729471319929253 ], [ 18.333866329677004, 49.728618210170538 ], [ 18.334291582394869, 49.727719088841539 ], [ 18.33462665810319, 49.726782614972173 ], [ 18.334868329839722, 49.725817807317732 ], [ 18.335014270173527, 49.724833957503343 ], [ 18.33506307361942, 49.723840540540543 ], [ 18.335014270173527, 49.722847123577743 ], [ 18.334868329839722, 49.721863273763354 ], [ 18.33462665810319, 49.720898466108913 ], [ 18.334291582394869, 49.719961992239547 ], [ 18.333866329677004, 49.719062870910548 ], [ 18.333354995365728, 49.718209761151833 ], [ 18.332762503889985, 49.71741087887672 ], [ 18.332466042178503, 49.717083783783785 ], [ 18.332762503889985, 49.71675668869085 ], [ 18.333354995365728, 49.715957806415737 ], [ 18.333866329677004, 49.715104696657022 ], [ 18.334291582394869, 49.714205575328023 ], [ 18.33462665810319, 49.713269101458657 ], [ 18.334868329839722, 49.712304293804216 ], [ 18.335014270173527, 49.711320443989827 ], [ 18.33506307361942, 49.710327027027027 ], [ 18.335014270173527, 49.709333610064228 ], [ 18.334868329839722, 49.708349760249838 ], [ 18.33462665810319, 49.707384952595397 ], [ 18.334291582394869, 49.706448478726031 ], [ 18.333866329677004, 49.705549357397032 ], [ 18.333354995365728, 49.704696247638317 ], [ 18.332762503889985, 49.703897365363204 ], [ 18.332466042178506, 49.703570270270276 ], [ 18.332762503889985, 49.703243175177342 ], [ 18.333354995365728, 49.702444292902229 ], [ 18.333866329677004, 49.701591183143513 ], [ 18.334291582394869, 49.700692061814514 ], [ 18.33462665810319, 49.699755587945148 ], [ 18.334868329839722, 49.698790780290707 ], [ 18.335014270173527, 49.697806930476318 ], [ 18.33506307361942, 49.696813513513519 ], [ 18.335014270173527, 49.695820096550719 ], [ 18.334868329839722, 49.69483624673633 ], [ 18.33462665810319, 49.693871439081889 ], [ 18.334291582394869, 49.692934965212523 ], [ 18.333866329677004, 49.692035843883524 ], [ 18.333354995365728, 49.691182734124808 ], [ 18.332762503889985, 49.690383851849695 ], [ 18.332466042178503, 49.690056756756761 ], [ 18.332762503889985, 49.689729661663826 ], [ 18.333354995365728, 49.688930779388713 ], [ 18.333866329677004, 49.688077669629998 ], [ 18.334291582394869, 49.687178548300999 ], [ 18.33462665810319, 49.686242074431632 ], [ 18.334868329839722, 49.685277266777192 ], [ 18.335014270173527, 49.684293416962802 ], [ 18.33506307361942, 49.6833 ], [ 18.335014270173527, 49.682306583037203 ], [ 18.334868329839722, 49.681322733222814 ], [ 18.33462665810319, 49.680357925568373 ], [ 18.334291582394869, 49.679421451699007 ], [ 18.333866329677004, 49.678522330370008 ], [ 18.333354995365728, 49.677669220611293 ], [ 18.332762503889985, 49.67687033833618 ], [ 18.332466042178503, 49.676543243243245 ], [ 18.332762503889985, 49.67621614815031 ], [ 18.333354995365728, 49.675417265875197 ], [ 18.333866329677004, 49.674564156116482 ], [ 18.334291582394869, 49.673665034787483 ], [ 18.33462665810319, 49.672728560918117 ], [ 18.334868329839722, 49.671763753263676 ], [ 18.335014270173527, 49.670779903449287 ], [ 18.33506307361942, 49.669786486486487 ], [ 18.335014270173527, 49.668793069523687 ], [ 18.334868329839722, 49.667809219709298 ], [ 18.33462665810319, 49.666844412054857 ], [ 18.334291582394869, 49.665907938185491 ], [ 18.333866329677004, 49.665008816856492 ], [ 18.333354995365728, 49.664155707097777 ], [ 18.332762503889985, 49.663356824822664 ], [ 18.332466042178506, 49.663029729729729 ], [ 18.332762503889985, 49.662702634636801 ], [ 18.333354995365728, 49.661903752361688 ], [ 18.333866329677004, 49.661050642602973 ], [ 18.334291582394869, 49.660151521273974 ], [ 18.33462665810319, 49.659215047404608 ], [ 18.334868329839722, 49.658250239750167 ], [ 18.335014270173527, 49.657266389935778 ], [ 18.33506307361942, 49.656272972972978 ], [ 18.335014270173527, 49.655279556010179 ], [ 18.334868329839722, 49.654295706195789 ], [ 18.33462665810319, 49.653330898541348 ], [ 18.334291582394869, 49.652394424671982 ], [ 18.333866329677004, 49.651495303342983 ], [ 18.333354995365728, 49.650642193584268 ], [ 18.332762503889985, 49.649843311309155 ], [ 18.332466042178503, 49.64951621621622 ], [ 18.332762503889985, 49.649189121123285 ], [ 18.333354995365728, 49.648390238848172 ], [ 18.333866329677004, 49.647537129089457 ], [ 18.334291582394869, 49.646638007760458 ], [ 18.33462665810319, 49.645701533891092 ], [ 18.334868329839722, 49.644736726236651 ], [ 18.335014270173527, 49.643752876422262 ], [ 18.33506307361942, 49.642759459459462 ], [ 18.335014270173527, 49.641766042496663 ], [ 18.334868329839722, 49.640782192682273 ], [ 18.33462665810319, 49.639817385027833 ], [ 18.334291582394869, 49.638880911158466 ], [ 18.333866329677004, 49.637981789829468 ], [ 18.333354995365728, 49.637128680070752 ], [ 18.332762503889985, 49.636329797795639 ], [ 18.332466042178503, 49.636002702702704 ], [ 18.332762503889985, 49.63567560760977 ], [ 18.333354995365728, 49.634876725334657 ], [ 18.333866329677004, 49.634023615575941 ], [ 18.334291582394869, 49.633124494246943 ], [ 18.33462665810319, 49.632188020377576 ], [ 18.334868329839722, 49.631223212723135 ], [ 18.335014270173527, 49.630239362908746 ], [ 18.33506307361942, 49.629245945945947 ], [ 18.335014270173527, 49.628252528983147 ], [ 18.334868329839722, 49.627268679168758 ], [ 18.33462665810319, 49.626303871514317 ], [ 18.334291582394869, 49.625367397644951 ], [ 18.333866329677004, 49.624468276315952 ], [ 18.333354995365728, 49.623615166557236 ] ] ], [ [ [ 18.312468964607866, 49.623615166557236 ], [ 18.311876473132124, 49.622816284282123 ], [ 18.311208530508718, 49.622079323163653 ], [ 18.310471569390241, 49.621411380540245 ], [ 18.309672687115135, 49.620818889064502 ], [ 18.308819577356417, 49.620307554753225 ], [ 18.307920456027418, 49.619882302035357 ], [ 18.306983982158055, 49.619547226327036 ], [ 18.306019174503611, 49.619305554590511 ], [ 18.305035324689221, 49.619159614256702 ], [ 18.304041907726422, 49.61911081081081 ], [ 18.303048490763622, 49.619159614256702 ], [ 18.302064640949233, 49.619305554590511 ], [ 18.301099833294789, 49.619547226327036 ], [ 18.300163359425426, 49.619882302035357 ], [ 18.299264238096427, 49.620307554753225 ], [ 18.298411128337708, 49.620818889064502 ], [ 18.297612246062602, 49.621411380540245 ], [ 18.296875284944125, 49.622079323163653 ], [ 18.29620734232072, 49.622816284282123 ], [ 18.295614850844977, 49.623615166557236 ], [ 18.2951035165337, 49.624468276315952 ], [ 18.294678263815836, 49.625367397644951 ], [ 18.294343188107515, 49.626303871514317 ], [ 18.294101516370983, 49.627268679168758 ], [ 18.293955576037177, 49.628252528983147 ], [ 18.293906772591285, 49.629245945945947 ], [ 18.293955576037177, 49.630239362908746 ], [ 18.294101516370983, 49.631223212723135 ], [ 18.294343188107515, 49.632188020377576 ], [ 18.294678263815836, 49.633124494246943 ], [ 18.2951035165337, 49.634023615575941 ], [ 18.295614850844977, 49.634876725334657 ], [ 18.29620734232072, 49.63567560760977 ], [ 18.296875284944125, 49.63641256872824 ], [ 18.297612246062602, 49.637080511351648 ], [ 18.298411128337708, 49.637673002827391 ], [ 18.299264238096427, 49.638184337138668 ], [ 18.300163359425426, 49.638609589856536 ], [ 18.301099833294789, 49.638944665564857 ], [ 18.302064640949233, 49.639186337301382 ], [ 18.303048490763622, 49.639332277635191 ], [ 18.304041907726422, 49.639381081081083 ], [ 18.305035324689221, 49.639332277635191 ], [ 18.306019174503611, 49.639186337301382 ], [ 18.306983982158055, 49.638944665564857 ], [ 18.307920456027418, 49.638609589856536 ], [ 18.308819577356417, 49.638184337138668 ], [ 18.309672687115135, 49.637673002827391 ], [ 18.310471569390241, 49.637080511351648 ], [ 18.311208530508718, 49.63641256872824 ], [ 18.311876473132124, 49.63567560760977 ], [ 18.312468964607866, 49.634876725334657 ], [ 18.312980298919143, 49.634023615575941 ], [ 18.313405551637008, 49.633124494246943 ], [ 18.313740627345329, 49.632188020377576 ], [ 18.313982299081861, 49.631223212723135 ], [ 18.314128239415666, 49.630239362908746 ], [ 18.314177042861559, 49.629245945945947 ], [ 18.314128239415666, 49.628252528983147 ], [ 18.313982299081861, 49.627268679168758 ], [ 18.313740627345329, 49.626303871514317 ], [ 18.313405551637008, 49.625367397644951 ], [ 18.312980298919143, 49.624468276315952 ], [ 18.312468964607866, 49.623615166557236 ] ] ], [ [ [ 18.291582933850009, 49.637128680070752 ], [ 18.290990442374266, 49.636329797795639 ], [ 18.290322499750861, 49.635592836677169 ], [ 18.289585538632384, 49.634924894053761 ], [ 18.288786656357278, 49.634332402578018 ], [ 18.287933546598559, 49.633821068266741 ], [ 18.28703442526956, 49.633395815548873 ], [ 18.286097951400198, 49.633060739840552 ], [ 18.285133143745753, 49.632819068104027 ], [ 18.284149293931364, 49.632673127770218 ], [ 18.283155876968564, 49.632624324324325 ], [ 18.282162460005765, 49.632673127770218 ], [ 18.281178610191375, 49.632819068104027 ], [ 18.280213802536931, 49.633060739840552 ], [ 18.279277328667568, 49.633395815548873 ], [ 18.278378207338569, 49.633821068266741 ], [ 18.277525097579851, 49.634332402578018 ], [ 18.276726215304745, 49.634924894053761 ], [ 18.275989254186268, 49.635592836677169 ], [ 18.275321311562863, 49.636329797795639 ], [ 18.27472882008712, 49.637128680070752 ], [ 18.274217485775843, 49.637981789829468 ], [ 18.273792233057979, 49.638880911158466 ], [ 18.273457157349657, 49.639817385027833 ], [ 18.273215485613125, 49.640782192682273 ], [ 18.27306954527932, 49.641766042496663 ], [ 18.273020741833427, 49.642759459459462 ], [ 18.27306954527932, 49.643752876422262 ], [ 18.273215485613125, 49.644736726236651 ], [ 18.273457157349657, 49.645701533891092 ], [ 18.273792233057979, 49.646638007760458 ], [ 18.274217485775843, 49.647537129089457 ], [ 18.27472882008712, 49.648390238848172 ], [ 18.275321311562863, 49.649189121123285 ], [ 18.275617773274345, 49.64951621621622 ], [ 18.275321311562863, 49.649843311309155 ], [ 18.27472882008712, 49.650642193584268 ], [ 18.274217485775843, 49.651495303342983 ], [ 18.273792233057979, 49.652394424671982 ], [ 18.273457157349657, 49.653330898541348 ], [ 18.273215485613125, 49.654295706195789 ], [ 18.27306954527932, 49.655279556010179 ], [ 18.273020741833427, 49.656272972972978 ], [ 18.27306954527932, 49.657266389935778 ], [ 18.273215485613125, 49.658250239750167 ], [ 18.273457157349657, 49.659215047404608 ], [ 18.273792233057979, 49.660151521273974 ], [ 18.274217485775843, 49.661050642602973 ], [ 18.27472882008712, 49.661903752361688 ], [ 18.275321311562863, 49.662702634636801 ], [ 18.275617773274341, 49.663029729729729 ], [ 18.275321311562863, 49.663356824822664 ], [ 18.27472882008712, 49.664155707097777 ], [ 18.274217485775843, 49.665008816856492 ], [ 18.273792233057979, 49.665907938185491 ], [ 18.273457157349657, 49.666844412054857 ], [ 18.273215485613125, 49.667809219709298 ], [ 18.27306954527932, 49.668793069523687 ], [ 18.273020741833427, 49.669786486486487 ], [ 18.27306954527932, 49.670779903449287 ], [ 18.273215485613125, 49.671763753263676 ], [ 18.273457157349657, 49.672728560918117 ], [ 18.273792233057979, 49.673665034787483 ], [ 18.274217485775843, 49.674564156116482 ], [ 18.27472882008712, 49.675417265875197 ], [ 18.275321311562863, 49.67621614815031 ], [ 18.275617773274345, 49.676543243243245 ], [ 18.275321311562863, 49.67687033833618 ], [ 18.27472882008712, 49.677669220611293 ], [ 18.274217485775843, 49.678522330370008 ], [ 18.273792233057979, 49.679421451699007 ], [ 18.273457157349657, 49.680357925568373 ], [ 18.273215485613125, 49.681322733222814 ], [ 18.27306954527932, 49.682306583037203 ], [ 18.273020741833427, 49.6833 ], [ 18.27306954527932, 49.684293416962802 ], [ 18.273215485613125, 49.685277266777192 ], [ 18.273457157349657, 49.686242074431632 ], [ 18.273792233057979, 49.687178548300999 ], [ 18.274217485775843, 49.688077669629998 ], [ 18.27472882008712, 49.688930779388713 ], [ 18.275321311562863, 49.689729661663826 ], [ 18.275617773274345, 49.690056756756761 ], [ 18.275321311562863, 49.690383851849695 ], [ 18.27472882008712, 49.691182734124808 ], [ 18.274217485775843, 49.692035843883524 ], [ 18.273792233057979, 49.692934965212523 ], [ 18.273457157349657, 49.693871439081889 ], [ 18.273215485613125, 49.69483624673633 ], [ 18.27306954527932, 49.695820096550719 ], [ 18.273020741833427, 49.696813513513519 ], [ 18.27306954527932, 49.697806930476318 ], [ 18.273215485613125, 49.698790780290707 ], [ 18.273457157349657, 49.699755587945148 ], [ 18.273792233057979, 49.700692061814514 ], [ 18.274217485775843, 49.701591183143513 ], [ 18.27472882008712, 49.702444292902229 ], [ 18.275321311562863, 49.703243175177342 ], [ 18.275989254186268, 49.703980136295812 ], [ 18.276726215304745, 49.70464807891922 ], [ 18.277525097579851, 49.705240570394963 ], [ 18.278378207338569, 49.70575190470624 ], [ 18.279277328667568, 49.706177157424108 ], [ 18.280213802536931, 49.706512233132429 ], [ 18.281178610191375, 49.706753904868954 ], [ 18.282162460005765, 49.706899845202763 ], [ 18.283155876968564, 49.706948648648655 ], [ 18.284149293931364, 49.706899845202763 ], [ 18.285133143745753, 49.706753904868954 ], [ 18.286097951400198, 49.706512233132429 ], [ 18.28703442526956, 49.706177157424108 ], [ 18.287933546598559, 49.70575190470624 ], [ 18.288786656357278, 49.705240570394963 ], [ 18.289585538632384, 49.70464807891922 ], [ 18.290322499750861, 49.703980136295812 ], [ 18.290990442374266, 49.703243175177342 ], [ 18.291582933850009, 49.702444292902229 ], [ 18.292094268161286, 49.701591183143513 ], [ 18.29251952087915, 49.700692061814514 ], [ 18.292854596587471, 49.699755587945148 ], [ 18.293096268324003, 49.698790780290707 ], [ 18.293242208657809, 49.697806930476318 ], [ 18.293291012103701, 49.696813513513519 ], [ 18.293242208657809, 49.695820096550719 ], [ 18.293096268324003, 49.69483624673633 ], [ 18.292854596587471, 49.693871439081889 ], [ 18.29251952087915, 49.692934965212523 ], [ 18.292094268161286, 49.692035843883524 ], [ 18.291582933850009, 49.691182734124808 ], [ 18.290990442374266, 49.690383851849695 ], [ 18.290693980662784, 49.690056756756761 ], [ 18.290990442374266, 49.689729661663826 ], [ 18.291582933850009, 49.688930779388713 ], [ 18.292094268161286, 49.688077669629998 ], [ 18.29251952087915, 49.687178548300999 ], [ 18.292854596587471, 49.686242074431632 ], [ 18.293096268324003, 49.685277266777192 ], [ 18.293242208657809, 49.684293416962802 ], [ 18.293291012103701, 49.6833 ], [ 18.293242208657809, 49.682306583037203 ], [ 18.293096268324003, 49.681322733222814 ], [ 18.292854596587471, 49.680357925568373 ], [ 18.29251952087915, 49.679421451699007 ], [ 18.292094268161286, 49.678522330370008 ], [ 18.291582933850009, 49.677669220611293 ], [ 18.290990442374266, 49.67687033833618 ], [ 18.290693980662784, 49.676543243243245 ], [ 18.290990442374266, 49.67621614815031 ], [ 18.291582933850009, 49.675417265875197 ], [ 18.292094268161286, 49.674564156116482 ], [ 18.29251952087915, 49.673665034787483 ], [ 18.292854596587471, 49.672728560918117 ], [ 18.293096268324003, 49.671763753263676 ], [ 18.293242208657809, 49.670779903449287 ], [ 18.293291012103701, 49.669786486486487 ], [ 18.293242208657809, 49.668793069523687 ], [ 18.293096268324003, 49.667809219709298 ], [ 18.292854596587471, 49.666844412054857 ], [ 18.29251952087915, 49.665907938185491 ], [ 18.292094268161286, 49.665008816856492 ], [ 18.291582933850009, 49.664155707097777 ], [ 18.290990442374266, 49.663356824822664 ], [ 18.290693980662788, 49.663029729729729 ], [ 18.290990442374266, 49.662702634636801 ], [ 18.291582933850009, 49.661903752361688 ], [ 18.292094268161286, 49.661050642602973 ], [ 18.29251952087915, 49.660151521273974 ], [ 18.292854596587471, 49.659215047404608 ], [ 18.293096268324003, 49.658250239750167 ], [ 18.293242208657809, 49.657266389935778 ], [ 18.293291012103701, 49.656272972972978 ], [ 18.293242208657809, 49.655279556010179 ], [ 18.293096268324003, 49.654295706195789 ], [ 18.292854596587471, 49.653330898541348 ], [ 18.29251952087915, 49.652394424671982 ], [ 18.292094268161286, 49.651495303342983 ], [ 18.291582933850009, 49.650642193584268 ], [ 18.290990442374266, 49.649843311309155 ], [ 18.290693980662784, 49.64951621621622 ], [ 18.290990442374266, 49.649189121123285 ], [ 18.291582933850009, 49.648390238848172 ], [ 18.292094268161286, 49.647537129089457 ], [ 18.29251952087915, 49.646638007760458 ], [ 18.292854596587471, 49.645701533891092 ], [ 18.293096268324003, 49.644736726236651 ], [ 18.293242208657809, 49.643752876422262 ], [ 18.293291012103701, 49.642759459459462 ], [ 18.293242208657809, 49.641766042496663 ], [ 18.293096268324003, 49.640782192682273 ], [ 18.292854596587471, 49.639817385027833 ], [ 18.29251952087915, 49.638880911158466 ], [ 18.292094268161286, 49.637981789829468 ], [ 18.291582933850009, 49.637128680070752 ] ] ], [ [ [ 18.270696903092148, 49.650642193584268 ], [ 18.270104411616405, 49.649843311309155 ], [ 18.269436468993, 49.649106350190685 ], [ 18.268699507874523, 49.648438407567276 ], [ 18.267900625599417, 49.647845916091534 ], [ 18.267047515840698, 49.647334581780257 ], [ 18.266148394511699, 49.646909329062389 ], [ 18.265211920642336, 49.646574253354068 ], [ 18.264247112987892, 49.646332581617543 ], [ 18.263263263173503, 49.646186641283734 ], [ 18.262269846210703, 49.646137837837841 ], [ 18.261276429247904, 49.646186641283734 ], [ 18.260292579433514, 49.646332581617543 ], [ 18.25932777177907, 49.646574253354068 ], [ 18.258391297909707, 49.646909329062389 ], [ 18.257492176580708, 49.647334581780257 ], [ 18.25663906682199, 49.647845916091534 ], [ 18.255840184546884, 49.648438407567276 ], [ 18.255103223428407, 49.649106350190685 ], [ 18.254435280805001, 49.649843311309155 ], [ 18.253842789329259, 49.650642193584268 ], [ 18.253331455017982, 49.651495303342983 ], [ 18.252906202300117, 49.652394424671982 ], [ 18.252571126591796, 49.653330898541348 ], [ 18.252329454855264, 49.654295706195789 ], [ 18.252183514521459, 49.655279556010179 ], [ 18.252134711075566, 49.656272972972978 ], [ 18.252183514521459, 49.657266389935778 ], [ 18.252329454855264, 49.658250239750167 ], [ 18.252571126591796, 49.659215047404608 ], [ 18.252906202300117, 49.660151521273974 ], [ 18.253331455017982, 49.661050642602973 ], [ 18.253842789329259, 49.661903752361688 ], [ 18.254435280805001, 49.662702634636801 ], [ 18.25473174251648, 49.663029729729729 ], [ 18.254435280805001, 49.663356824822664 ], [ 18.253842789329259, 49.664155707097777 ], [ 18.253331455017982, 49.665008816856492 ], [ 18.252906202300117, 49.665907938185491 ], [ 18.252571126591796, 49.666844412054857 ], [ 18.252329454855264, 49.667809219709298 ], [ 18.252183514521459, 49.668793069523687 ], [ 18.252134711075566, 49.669786486486487 ], [ 18.252183514521459, 49.670779903449287 ], [ 18.252329454855264, 49.671763753263676 ], [ 18.252571126591796, 49.672728560918117 ], [ 18.252906202300117, 49.673665034787483 ], [ 18.253331455017982, 49.674564156116482 ], [ 18.253842789329259, 49.675417265875197 ], [ 18.254435280805001, 49.67621614815031 ], [ 18.255103223428407, 49.67695310926878 ], [ 18.255840184546884, 49.677621051892189 ], [ 18.25663906682199, 49.678213543367931 ], [ 18.257492176580708, 49.678724877679208 ], [ 18.258391297909707, 49.679150130397076 ], [ 18.25932777177907, 49.679485206105397 ], [ 18.260292579433514, 49.679726877841922 ], [ 18.261276429247904, 49.679872818175731 ], [ 18.262269846210703, 49.679921621621624 ], [ 18.263263263173503, 49.679872818175731 ], [ 18.264247112987892, 49.679726877841922 ], [ 18.265211920642336, 49.679485206105397 ], [ 18.266148394511699, 49.679150130397076 ], [ 18.267047515840698, 49.678724877679208 ], [ 18.267900625599417, 49.678213543367931 ], [ 18.268699507874523, 49.677621051892189 ], [ 18.269436468993, 49.67695310926878 ], [ 18.270104411616405, 49.67621614815031 ], [ 18.270696903092148, 49.675417265875197 ], [ 18.271208237403425, 49.674564156116482 ], [ 18.271633490121289, 49.673665034787483 ], [ 18.27196856582961, 49.672728560918117 ], [ 18.272210237566142, 49.671763753263676 ], [ 18.272356177899947, 49.670779903449287 ], [ 18.27240498134584, 49.669786486486487 ], [ 18.272356177899947, 49.668793069523687 ], [ 18.272210237566142, 49.667809219709298 ], [ 18.27196856582961, 49.666844412054857 ], [ 18.271633490121289, 49.665907938185491 ], [ 18.271208237403425, 49.665008816856492 ], [ 18.270696903092148, 49.664155707097777 ], [ 18.270104411616405, 49.663356824822664 ], [ 18.269807949904926, 49.663029729729729 ], [ 18.270104411616405, 49.662702634636801 ], [ 18.270696903092148, 49.661903752361688 ], [ 18.271208237403425, 49.661050642602973 ], [ 18.271633490121289, 49.660151521273974 ], [ 18.27196856582961, 49.659215047404608 ], [ 18.272210237566142, 49.658250239750167 ], [ 18.272356177899947, 49.657266389935778 ], [ 18.27240498134584, 49.656272972972978 ], [ 18.272356177899947, 49.655279556010179 ], [ 18.272210237566142, 49.654295706195789 ], [ 18.27196856582961, 49.653330898541348 ], [ 18.271633490121289, 49.652394424671982 ], [ 18.271208237403425, 49.651495303342983 ], [ 18.270696903092148, 49.650642193584268 ] ] ], [ [ [ 18.312468964607866, 49.650642193584268 ], [ 18.311876473132124, 49.649843311309155 ], [ 18.311208530508718, 49.649106350190685 ], [ 18.310471569390241, 49.648438407567276 ], [ 18.309672687115135, 49.647845916091534 ], [ 18.308819577356417, 49.647334581780257 ], [ 18.307920456027418, 49.646909329062389 ], [ 18.306983982158055, 49.646574253354068 ], [ 18.306019174503611, 49.646332581617543 ], [ 18.305035324689221, 49.646186641283734 ], [ 18.304041907726422, 49.646137837837841 ], [ 18.303048490763622, 49.646186641283734 ], [ 18.302064640949233, 49.646332581617543 ], [ 18.301099833294789, 49.646574253354068 ], [ 18.300163359425426, 49.646909329062389 ], [ 18.299264238096427, 49.647334581780257 ], [ 18.298411128337708, 49.647845916091534 ], [ 18.297612246062602, 49.648438407567276 ], [ 18.296875284944125, 49.649106350190685 ], [ 18.29620734232072, 49.649843311309155 ], [ 18.295614850844977, 49.650642193584268 ], [ 18.2951035165337, 49.651495303342983 ], [ 18.294678263815836, 49.652394424671982 ], [ 18.294343188107515, 49.653330898541348 ], [ 18.294101516370983, 49.654295706195789 ], [ 18.293955576037177, 49.655279556010179 ], [ 18.293906772591285, 49.656272972972978 ], [ 18.293955576037177, 49.657266389935778 ], [ 18.294101516370983, 49.658250239750167 ], [ 18.294343188107515, 49.659215047404608 ], [ 18.294678263815836, 49.660151521273974 ], [ 18.2951035165337, 49.661050642602973 ], [ 18.295614850844977, 49.661903752361688 ], [ 18.29620734232072, 49.662702634636801 ], [ 18.296503804032199, 49.663029729729729 ], [ 18.29620734232072, 49.663356824822664 ], [ 18.295614850844977, 49.664155707097777 ], [ 18.2951035165337, 49.665008816856492 ], [ 18.294678263815836, 49.665907938185491 ], [ 18.294343188107515, 49.666844412054857 ], [ 18.294101516370983, 49.667809219709298 ], [ 18.293955576037177, 49.668793069523687 ], [ 18.293906772591285, 49.669786486486487 ], [ 18.293955576037177, 49.670779903449287 ], [ 18.294101516370983, 49.671763753263676 ], [ 18.294343188107515, 49.672728560918117 ], [ 18.294678263815836, 49.673665034787483 ], [ 18.2951035165337, 49.674564156116482 ], [ 18.295614850844977, 49.675417265875197 ], [ 18.29620734232072, 49.67621614815031 ], [ 18.296503804032202, 49.676543243243245 ], [ 18.29620734232072, 49.67687033833618 ], [ 18.295614850844977, 49.677669220611293 ], [ 18.2951035165337, 49.678522330370008 ], [ 18.294678263815836, 49.679421451699007 ], [ 18.294343188107515, 49.680357925568373 ], [ 18.294101516370983, 49.681322733222814 ], [ 18.293955576037177, 49.682306583037203 ], [ 18.293906772591285, 49.6833 ], [ 18.293955576037177, 49.684293416962802 ], [ 18.294101516370983, 49.685277266777192 ], [ 18.294343188107515, 49.686242074431632 ], [ 18.294678263815836, 49.687178548300999 ], [ 18.2951035165337, 49.688077669629998 ], [ 18.295614850844977, 49.688930779388713 ], [ 18.29620734232072, 49.689729661663826 ], [ 18.296503804032202, 49.690056756756761 ], [ 18.29620734232072, 49.690383851849695 ], [ 18.295614850844977, 49.691182734124808 ], [ 18.2951035165337, 49.692035843883524 ], [ 18.294678263815836, 49.692934965212523 ], [ 18.294343188107515, 49.693871439081889 ], [ 18.294101516370983, 49.69483624673633 ], [ 18.293955576037177, 49.695820096550719 ], [ 18.293906772591285, 49.696813513513519 ], [ 18.293955576037177, 49.697806930476318 ], [ 18.294101516370983, 49.698790780290707 ], [ 18.294343188107515, 49.699755587945148 ], [ 18.294678263815836, 49.700692061814514 ], [ 18.2951035165337, 49.701591183143513 ], [ 18.295614850844977, 49.702444292902229 ], [ 18.29620734232072, 49.703243175177342 ], [ 18.296503804032199, 49.703570270270276 ], [ 18.29620734232072, 49.703897365363204 ], [ 18.295614850844977, 49.704696247638317 ], [ 18.2951035165337, 49.705549357397032 ], [ 18.294678263815836, 49.706448478726031 ], [ 18.294343188107515, 49.707384952595397 ], [ 18.294101516370983, 49.708349760249838 ], [ 18.293955576037177, 49.709333610064228 ], [ 18.293906772591285, 49.710327027027027 ], [ 18.293955576037177, 49.711320443989827 ], [ 18.294101516370983, 49.712304293804216 ], [ 18.294343188107515, 49.713269101458657 ], [ 18.294678263815836, 49.714205575328023 ], [ 18.2951035165337, 49.715104696657022 ], [ 18.295614850844977, 49.715957806415737 ], [ 18.29620734232072, 49.71675668869085 ], [ 18.296503804032202, 49.717083783783785 ], [ 18.29620734232072, 49.71741087887672 ], [ 18.295614850844977, 49.718209761151833 ], [ 18.2951035165337, 49.719062870910548 ], [ 18.294678263815836, 49.719961992239547 ], [ 18.294343188107515, 49.720898466108913 ], [ 18.294101516370983, 49.721863273763354 ], [ 18.293955576037177, 49.722847123577743 ], [ 18.293906772591285, 49.723840540540543 ], [ 18.293955576037177, 49.724833957503343 ], [ 18.294101516370983, 49.725817807317732 ], [ 18.294343188107515, 49.726782614972173 ], [ 18.294678263815836, 49.727719088841539 ], [ 18.2951035165337, 49.728618210170538 ], [ 18.295614850844977, 49.729471319929253 ], [ 18.29620734232072, 49.730270202204366 ], [ 18.296875284944125, 49.731007163322836 ], [ 18.297612246062602, 49.731675105946245 ], [ 18.298411128337708, 49.732267597421988 ], [ 18.299264238096427, 49.732778931733264 ], [ 18.300163359425426, 49.733204184451132 ], [ 18.301099833294789, 49.733539260159453 ], [ 18.302064640949233, 49.733780931895978 ], [ 18.303048490763622, 49.733926872229787 ], [ 18.304041907726422, 49.73397567567568 ], [ 18.305035324689221, 49.733926872229787 ], [ 18.306019174503611, 49.733780931895978 ], [ 18.306983982158055, 49.733539260159453 ], [ 18.307920456027418, 49.733204184451132 ], [ 18.308819577356417, 49.732778931733264 ], [ 18.309672687115135, 49.732267597421988 ], [ 18.310471569390241, 49.731675105946245 ], [ 18.311208530508718, 49.731007163322836 ], [ 18.311876473132124, 49.730270202204366 ], [ 18.312468964607866, 49.729471319929253 ], [ 18.312980298919143, 49.728618210170538 ], [ 18.313405551637008, 49.727719088841539 ], [ 18.313740627345329, 49.726782614972173 ], [ 18.313982299081861, 49.725817807317732 ], [ 18.314128239415666, 49.724833957503343 ], [ 18.314177042861559, 49.723840540540543 ], [ 18.314128239415666, 49.722847123577743 ], [ 18.313982299081861, 49.721863273763354 ], [ 18.313740627345329, 49.720898466108913 ], [ 18.313405551637008, 49.719961992239547 ], [ 18.312980298919143, 49.719062870910548 ], [ 18.312468964607866, 49.718209761151833 ], [ 18.311876473132124, 49.71741087887672 ], [ 18.311580011420642, 49.717083783783785 ], [ 18.311876473132124, 49.71675668869085 ], [ 18.312468964607866, 49.715957806415737 ], [ 18.312980298919143, 49.715104696657022 ], [ 18.313405551637008, 49.714205575328023 ], [ 18.313740627345329, 49.713269101458657 ], [ 18.313982299081861, 49.712304293804216 ], [ 18.314128239415666, 49.711320443989827 ], [ 18.314177042861559, 49.710327027027027 ], [ 18.314128239415666, 49.709333610064228 ], [ 18.313982299081861, 49.708349760249838 ], [ 18.313740627345329, 49.707384952595397 ], [ 18.313405551637008, 49.706448478726031 ], [ 18.312980298919143, 49.705549357397032 ], [ 18.312468964607866, 49.704696247638317 ], [ 18.311876473132124, 49.703897365363204 ], [ 18.311580011420645, 49.703570270270276 ], [ 18.311876473132124, 49.703243175177342 ], [ 18.312468964607866, 49.702444292902229 ], [ 18.312980298919143, 49.701591183143513 ], [ 18.313405551637008, 49.700692061814514 ], [ 18.313740627345329, 49.699755587945148 ], [ 18.313982299081861, 49.698790780290707 ], [ 18.314128239415666, 49.697806930476318 ], [ 18.314177042861559, 49.696813513513519 ], [ 18.314128239415666, 49.695820096550719 ], [ 18.313982299081861, 49.69483624673633 ], [ 18.313740627345329, 49.693871439081889 ], [ 18.313405551637008, 49.692934965212523 ], [ 18.312980298919143, 49.692035843883524 ], [ 18.312468964607866, 49.691182734124808 ], [ 18.311876473132124, 49.690383851849695 ], [ 18.311580011420642, 49.690056756756761 ], [ 18.311876473132124, 49.689729661663826 ], [ 18.312468964607866, 49.688930779388713 ], [ 18.312980298919143, 49.688077669629998 ], [ 18.313405551637008, 49.687178548300999 ], [ 18.313740627345329, 49.686242074431632 ], [ 18.313982299081861, 49.685277266777192 ], [ 18.314128239415666, 49.684293416962802 ], [ 18.314177042861559, 49.6833 ], [ 18.314128239415666, 49.682306583037203 ], [ 18.313982299081861, 49.681322733222814 ], [ 18.313740627345329, 49.680357925568373 ], [ 18.313405551637008, 49.679421451699007 ], [ 18.312980298919143, 49.678522330370008 ], [ 18.312468964607866, 49.677669220611293 ], [ 18.311876473132124, 49.67687033833618 ], [ 18.311580011420642, 49.676543243243245 ], [ 18.311876473132124, 49.67621614815031 ], [ 18.312468964607866, 49.675417265875197 ], [ 18.312980298919143, 49.674564156116482 ], [ 18.313405551637008, 49.673665034787483 ], [ 18.313740627345329, 49.672728560918117 ], [ 18.313982299081861, 49.671763753263676 ], [ 18.314128239415666, 49.670779903449287 ], [ 18.314177042861559, 49.669786486486487 ], [ 18.314128239415666, 49.668793069523687 ], [ 18.313982299081861, 49.667809219709298 ], [ 18.313740627345329, 49.666844412054857 ], [ 18.313405551637008, 49.665907938185491 ], [ 18.312980298919143, 49.665008816856492 ], [ 18.312468964607866, 49.664155707097777 ], [ 18.311876473132124, 49.663356824822664 ], [ 18.311580011420645, 49.663029729729729 ], [ 18.311876473132124, 49.662702634636801 ], [ 18.312468964607866, 49.661903752361688 ], [ 18.312980298919143, 49.661050642602973 ], [ 18.313405551637008, 49.660151521273974 ], [ 18.313740627345329, 49.659215047404608 ], [ 18.313982299081861, 49.658250239750167 ], [ 18.314128239415666, 49.657266389935778 ], [ 18.314177042861559, 49.656272972972978 ], [ 18.314128239415666, 49.655279556010179 ], [ 18.313982299081861, 49.654295706195789 ], [ 18.313740627345329, 49.653330898541348 ], [ 18.313405551637008, 49.652394424671982 ], [ 18.312980298919143, 49.651495303342983 ], [ 18.312468964607866, 49.650642193584268 ] ] ], [ [ [ 18.374534565405703, 49.609302770768615 ], [ 18.373866622782298, 49.608565809650145 ], [ 18.373129661663821, 49.607897867026736 ], [ 18.372330779388715, 49.607305375550993 ], [ 18.371477669629996, 49.606794041239716 ], [ 18.370578548300998, 49.606368788521849 ], [ 18.369642074431635, 49.606033712813527 ], [ 18.36867726677719, 49.605792041077002 ], [ 18.367693416962801, 49.605646100743193 ], [ 18.3667, 49.605597297297301 ], [ 18.365706583037202, 49.605646100743193 ], [ 18.364722733222813, 49.605792041077002 ], [ 18.363757925568368, 49.606033712813527 ], [ 18.362821451699006, 49.606368788521849 ], [ 18.361922330370007, 49.606794041239716 ], [ 18.361069220611288, 49.607305375550993 ], [ 18.360270338336182, 49.607897867026736 ], [ 18.359533377217705, 49.608565809650145 ], [ 18.3588654345943, 49.609302770768615 ], [ 18.358272943118557, 49.610101653043728 ], [ 18.35776160880728, 49.610954762802443 ], [ 18.357336356089416, 49.611853884131442 ], [ 18.357001280381095, 49.612790358000808 ], [ 18.356759608644563, 49.613755165655249 ], [ 18.356613668310757, 49.614739015469638 ], [ 18.356564864864865, 49.615732432432438 ], [ 18.356613668310757, 49.616725849395237 ], [ 18.356759608644563, 49.617709699209627 ], [ 18.357001280381095, 49.618674506864068 ], [ 18.357336356089416, 49.619610980733434 ], [ 18.35776160880728, 49.620510102062433 ], [ 18.358272943118557, 49.621363211821148 ], [ 18.3588654345943, 49.622162094096261 ], [ 18.359161896305778, 49.622489189189196 ], [ 18.3588654345943, 49.622816284282123 ], [ 18.358272943118557, 49.623615166557236 ], [ 18.35776160880728, 49.624468276315952 ], [ 18.357336356089416, 49.625367397644951 ], [ 18.357001280381095, 49.626303871514317 ], [ 18.356759608644563, 49.627268679168758 ], [ 18.356613668310757, 49.628252528983147 ], [ 18.356564864864865, 49.629245945945947 ], [ 18.356613668310757, 49.630239362908746 ], [ 18.356759608644563, 49.631223212723135 ], [ 18.357001280381095, 49.632188020377576 ], [ 18.357336356089416, 49.633124494246943 ], [ 18.35776160880728, 49.634023615575941 ], [ 18.358272943118557, 49.634876725334657 ], [ 18.3588654345943, 49.63567560760977 ], [ 18.359161896305782, 49.636002702702704 ], [ 18.3588654345943, 49.636329797795639 ], [ 18.358272943118557, 49.637128680070752 ], [ 18.35776160880728, 49.637981789829468 ], [ 18.357336356089416, 49.638880911158466 ], [ 18.357001280381095, 49.639817385027833 ], [ 18.356759608644563, 49.640782192682273 ], [ 18.356613668310757, 49.641766042496663 ], [ 18.356564864864865, 49.642759459459462 ], [ 18.356613668310757, 49.643752876422262 ], [ 18.356759608644563, 49.644736726236651 ], [ 18.357001280381095, 49.645701533891092 ], [ 18.357336356089416, 49.646638007760458 ], [ 18.35776160880728, 49.647537129089457 ], [ 18.358272943118557, 49.648390238848172 ], [ 18.3588654345943, 49.649189121123285 ], [ 18.359161896305782, 49.64951621621622 ], [ 18.3588654345943, 49.649843311309155 ], [ 18.358272943118557, 49.650642193584268 ], [ 18.35776160880728, 49.651495303342983 ], [ 18.357336356089416, 49.652394424671982 ], [ 18.357001280381095, 49.653330898541348 ], [ 18.356759608644563, 49.654295706195789 ], [ 18.356613668310757, 49.655279556010179 ], [ 18.356564864864865, 49.656272972972978 ], [ 18.356613668310757, 49.657266389935778 ], [ 18.356759608644563, 49.658250239750167 ], [ 18.357001280381095, 49.659215047404608 ], [ 18.357336356089416, 49.660151521273974 ], [ 18.35776160880728, 49.661050642602973 ], [ 18.358272943118557, 49.661903752361688 ], [ 18.3588654345943, 49.662702634636801 ], [ 18.359161896305778, 49.663029729729729 ], [ 18.3588654345943, 49.663356824822664 ], [ 18.358272943118557, 49.664155707097777 ], [ 18.35776160880728, 49.665008816856492 ], [ 18.357336356089416, 49.665907938185491 ], [ 18.357001280381095, 49.666844412054857 ], [ 18.356759608644563, 49.667809219709298 ], [ 18.356613668310757, 49.668793069523687 ], [ 18.356564864864865, 49.669786486486487 ], [ 18.356613668310757, 49.670779903449287 ], [ 18.356759608644563, 49.671763753263676 ], [ 18.357001280381095, 49.672728560918117 ], [ 18.357336356089416, 49.673665034787483 ], [ 18.35776160880728, 49.674564156116482 ], [ 18.358272943118557, 49.675417265875197 ], [ 18.3588654345943, 49.67621614815031 ], [ 18.359161896305782, 49.676543243243245 ], [ 18.3588654345943, 49.67687033833618 ], [ 18.358272943118557, 49.677669220611293 ], [ 18.35776160880728, 49.678522330370008 ], [ 18.357336356089416, 49.679421451699007 ], [ 18.357001280381095, 49.680357925568373 ], [ 18.356759608644563, 49.681322733222814 ], [ 18.356613668310757, 49.682306583037203 ], [ 18.356564864864865, 49.6833 ], [ 18.356613668310757, 49.684293416962802 ], [ 18.356759608644563, 49.685277266777192 ], [ 18.357001280381095, 49.686242074431632 ], [ 18.357336356089416, 49.687178548300999 ], [ 18.35776160880728, 49.688077669629998 ], [ 18.358272943118557, 49.688930779388713 ], [ 18.3588654345943, 49.689729661663826 ], [ 18.359161896305782, 49.690056756756761 ], [ 18.3588654345943, 49.690383851849695 ], [ 18.358272943118557, 49.691182734124808 ], [ 18.35776160880728, 49.692035843883524 ], [ 18.357336356089416, 49.692934965212523 ], [ 18.357001280381095, 49.693871439081889 ], [ 18.356759608644563, 49.69483624673633 ], [ 18.356613668310757, 49.695820096550719 ], [ 18.356564864864865, 49.696813513513519 ], [ 18.356613668310757, 49.697806930476318 ], [ 18.356759608644563, 49.698790780290707 ], [ 18.357001280381095, 49.699755587945148 ], [ 18.357336356089416, 49.700692061814514 ], [ 18.35776160880728, 49.701591183143513 ], [ 18.358272943118557, 49.702444292902229 ], [ 18.3588654345943, 49.703243175177342 ], [ 18.359161896305778, 49.703570270270276 ], [ 18.3588654345943, 49.703897365363204 ], [ 18.358272943118557, 49.704696247638317 ], [ 18.35776160880728, 49.705549357397032 ], [ 18.357336356089416, 49.706448478726031 ], [ 18.357001280381095, 49.707384952595397 ], [ 18.356759608644563, 49.708349760249838 ], [ 18.356613668310757, 49.709333610064228 ], [ 18.356564864864865, 49.710327027027027 ], [ 18.356613668310757, 49.711320443989827 ], [ 18.356759608644563, 49.712304293804216 ], [ 18.357001280381095, 49.713269101458657 ], [ 18.357336356089416, 49.714205575328023 ], [ 18.35776160880728, 49.715104696657022 ], [ 18.358272943118557, 49.715957806415737 ], [ 18.3588654345943, 49.71675668869085 ], [ 18.359161896305782, 49.717083783783785 ], [ 18.3588654345943, 49.71741087887672 ], [ 18.358272943118557, 49.718209761151833 ], [ 18.35776160880728, 49.719062870910548 ], [ 18.357336356089416, 49.719961992239547 ], [ 18.357001280381095, 49.720898466108913 ], [ 18.356759608644563, 49.721863273763354 ], [ 18.356613668310757, 49.722847123577743 ], [ 18.356564864864865, 49.723840540540543 ], [ 18.356613668310757, 49.724833957503343 ], [ 18.356759608644563, 49.725817807317732 ], [ 18.357001280381095, 49.726782614972173 ], [ 18.357336356089416, 49.727719088841539 ], [ 18.35776160880728, 49.728618210170538 ], [ 18.358272943118557, 49.729471319929253 ], [ 18.3588654345943, 49.730270202204366 ], [ 18.359161896305782, 49.730597297297301 ], [ 18.3588654345943, 49.730924392390236 ], [ 18.358272943118557, 49.731723274665349 ], [ 18.35776160880728, 49.732576384424064 ], [ 18.357336356089416, 49.733475505753063 ], [ 18.357001280381095, 49.734411979622429 ], [ 18.356759608644563, 49.73537678727687 ], [ 18.356613668310757, 49.736360637091259 ], [ 18.356564864864865, 49.737354054054059 ], [ 18.356613668310757, 49.738347471016858 ], [ 18.356759608644563, 49.739331320831248 ], [ 18.357001280381095, 49.740296128485689 ], [ 18.357336356089416, 49.741232602355055 ], [ 18.35776160880728, 49.742131723684054 ], [ 18.358272943118557, 49.742984833442769 ], [ 18.3588654345943, 49.743783715717882 ], [ 18.359533377217705, 49.744520676836352 ], [ 18.360270338336182, 49.745188619459761 ], [ 18.361069220611288, 49.745781110935503 ], [ 18.361922330370007, 49.74629244524678 ], [ 18.362821451699006, 49.746717697964648 ], [ 18.363757925568368, 49.747052773672969 ], [ 18.364722733222813, 49.747294445409494 ], [ 18.365706583037202, 49.747440385743303 ], [ 18.3667, 49.747489189189196 ], [ 18.367693416962801, 49.747440385743303 ], [ 18.36867726677719, 49.747294445409494 ], [ 18.369642074431635, 49.747052773672969 ], [ 18.370578548300998, 49.746717697964648 ], [ 18.371477669629996, 49.74629244524678 ], [ 18.372330779388715, 49.745781110935503 ], [ 18.373129661663821, 49.745188619459761 ], [ 18.373866622782298, 49.744520676836352 ], [ 18.374534565405703, 49.743783715717882 ], [ 18.375127056881446, 49.742984833442769 ], [ 18.375638391192723, 49.742131723684054 ], [ 18.376063643910587, 49.741232602355055 ], [ 18.376398719618908, 49.740296128485689 ], [ 18.376640391355441, 49.739331320831248 ], [ 18.376786331689246, 49.738347471016858 ], [ 18.376835135135138, 49.737354054054059 ], [ 18.376786331689246, 49.736360637091259 ], [ 18.376640391355441, 49.73537678727687 ], [ 18.376398719618908, 49.734411979622429 ], [ 18.376063643910587, 49.733475505753063 ], [ 18.375638391192723, 49.732576384424064 ], [ 18.375127056881446, 49.731723274665349 ], [ 18.374534565405703, 49.730924392390236 ], [ 18.374238103694221, 49.730597297297301 ], [ 18.374534565405703, 49.730270202204366 ], [ 18.375127056881446, 49.729471319929253 ], [ 18.375638391192723, 49.728618210170538 ], [ 18.376063643910587, 49.727719088841539 ], [ 18.376398719618908, 49.726782614972173 ], [ 18.376640391355441, 49.725817807317732 ], [ 18.376786331689246, 49.724833957503343 ], [ 18.376835135135138, 49.723840540540543 ], [ 18.376786331689246, 49.722847123577743 ], [ 18.376640391355441, 49.721863273763354 ], [ 18.376398719618908, 49.720898466108913 ], [ 18.376063643910587, 49.719961992239547 ], [ 18.375638391192723, 49.719062870910548 ], [ 18.375127056881446, 49.718209761151833 ], [ 18.374534565405703, 49.71741087887672 ], [ 18.374238103694221, 49.717083783783785 ], [ 18.374534565405703, 49.71675668869085 ], [ 18.375127056881446, 49.715957806415737 ], [ 18.375638391192723, 49.715104696657022 ], [ 18.376063643910587, 49.714205575328023 ], [ 18.376398719618908, 49.713269101458657 ], [ 18.376640391355441, 49.712304293804216 ], [ 18.376786331689246, 49.711320443989827 ], [ 18.376835135135138, 49.710327027027027 ], [ 18.376786331689246, 49.709333610064228 ], [ 18.376640391355441, 49.708349760249838 ], [ 18.376398719618908, 49.707384952595397 ], [ 18.376063643910587, 49.706448478726031 ], [ 18.375638391192723, 49.705549357397032 ], [ 18.375127056881446, 49.704696247638317 ], [ 18.374534565405703, 49.703897365363204 ], [ 18.374238103694225, 49.703570270270276 ], [ 18.374534565405703, 49.703243175177342 ], [ 18.375127056881446, 49.702444292902229 ], [ 18.375638391192723, 49.701591183143513 ], [ 18.376063643910587, 49.700692061814514 ], [ 18.376398719618908, 49.699755587945148 ], [ 18.376640391355441, 49.698790780290707 ], [ 18.376786331689246, 49.697806930476318 ], [ 18.376835135135138, 49.696813513513519 ], [ 18.376786331689246, 49.695820096550719 ], [ 18.376640391355441, 49.69483624673633 ], [ 18.376398719618908, 49.693871439081889 ], [ 18.376063643910587, 49.692934965212523 ], [ 18.375638391192723, 49.692035843883524 ], [ 18.375127056881446, 49.691182734124808 ], [ 18.374534565405703, 49.690383851849695 ], [ 18.374238103694221, 49.690056756756761 ], [ 18.374534565405703, 49.689729661663826 ], [ 18.375127056881446, 49.688930779388713 ], [ 18.375638391192723, 49.688077669629998 ], [ 18.376063643910587, 49.687178548300999 ], [ 18.376398719618908, 49.686242074431632 ], [ 18.376640391355441, 49.685277266777192 ], [ 18.376786331689246, 49.684293416962802 ], [ 18.376835135135138, 49.6833 ], [ 18.376786331689246, 49.682306583037203 ], [ 18.376640391355441, 49.681322733222814 ], [ 18.376398719618908, 49.680357925568373 ], [ 18.376063643910587, 49.679421451699007 ], [ 18.375638391192723, 49.678522330370008 ], [ 18.375127056881446, 49.677669220611293 ], [ 18.374534565405703, 49.67687033833618 ], [ 18.374238103694221, 49.676543243243245 ], [ 18.374534565405703, 49.67621614815031 ], [ 18.375127056881446, 49.675417265875197 ], [ 18.375638391192723, 49.674564156116482 ], [ 18.376063643910587, 49.673665034787483 ], [ 18.376398719618908, 49.672728560918117 ], [ 18.376640391355441, 49.671763753263676 ], [ 18.376786331689246, 49.670779903449287 ], [ 18.376835135135138, 49.669786486486487 ], [ 18.376786331689246, 49.668793069523687 ], [ 18.376640391355441, 49.667809219709298 ], [ 18.376398719618908, 49.666844412054857 ], [ 18.376063643910587, 49.665907938185491 ], [ 18.375638391192723, 49.665008816856492 ], [ 18.375127056881446, 49.664155707097777 ], [ 18.374534565405703, 49.663356824822664 ], [ 18.374238103694225, 49.663029729729729 ], [ 18.374534565405703, 49.662702634636801 ], [ 18.375127056881446, 49.661903752361688 ], [ 18.375638391192723, 49.661050642602973 ], [ 18.376063643910587, 49.660151521273974 ], [ 18.376398719618908, 49.659215047404608 ], [ 18.376640391355441, 49.658250239750167 ], [ 18.376786331689246, 49.657266389935778 ], [ 18.376835135135138, 49.656272972972978 ], [ 18.376786331689246, 49.655279556010179 ], [ 18.376640391355441, 49.654295706195789 ], [ 18.376398719618908, 49.653330898541348 ], [ 18.376063643910587, 49.652394424671982 ], [ 18.375638391192723, 49.651495303342983 ], [ 18.375127056881446, 49.650642193584268 ], [ 18.374534565405703, 49.649843311309155 ], [ 18.374238103694221, 49.64951621621622 ], [ 18.374534565405703, 49.649189121123285 ], [ 18.375127056881446, 49.648390238848172 ], [ 18.375638391192723, 49.647537129089457 ], [ 18.376063643910587, 49.646638007760458 ], [ 18.376398719618908, 49.645701533891092 ], [ 18.376640391355441, 49.644736726236651 ], [ 18.376786331689246, 49.643752876422262 ], [ 18.376835135135138, 49.642759459459462 ], [ 18.376786331689246, 49.641766042496663 ], [ 18.376640391355441, 49.640782192682273 ], [ 18.376398719618908, 49.639817385027833 ], [ 18.376063643910587, 49.638880911158466 ], [ 18.375638391192723, 49.637981789829468 ], [ 18.375127056881446, 49.637128680070752 ], [ 18.374534565405703, 49.636329797795639 ], [ 18.374238103694221, 49.636002702702704 ], [ 18.374534565405703, 49.63567560760977 ], [ 18.375127056881446, 49.634876725334657 ], [ 18.375638391192723, 49.634023615575941 ], [ 18.376063643910587, 49.633124494246943 ], [ 18.376398719618908, 49.632188020377576 ], [ 18.376640391355441, 49.631223212723135 ], [ 18.376786331689246, 49.630239362908746 ], [ 18.376835135135138, 49.629245945945947 ], [ 18.376786331689246, 49.628252528983147 ], [ 18.376640391355441, 49.627268679168758 ], [ 18.376398719618908, 49.626303871514317 ], [ 18.376063643910587, 49.625367397644951 ], [ 18.375638391192723, 49.624468276315952 ], [ 18.375127056881446, 49.623615166557236 ], [ 18.374534565405703, 49.622816284282123 ], [ 18.374238103694225, 49.622489189189196 ], [ 18.374534565405703, 49.622162094096261 ], [ 18.375127056881446, 49.621363211821148 ], [ 18.375638391192723, 49.620510102062433 ], [ 18.376063643910587, 49.619610980733434 ], [ 18.376398719618908, 49.618674506864068 ], [ 18.376640391355441, 49.617709699209627 ], [ 18.376786331689246, 49.616725849395237 ], [ 18.376835135135138, 49.615732432432438 ], [ 18.376786331689246, 49.614739015469638 ], [ 18.376640391355441, 49.613755165655249 ], [ 18.376398719618908, 49.612790358000808 ], [ 18.376063643910587, 49.611853884131442 ], [ 18.375638391192723, 49.610954762802443 ], [ 18.375127056881446, 49.610101653043728 ], [ 18.374534565405703, 49.609302770768615 ] ] ], [ [ [ 18.396013087639307, 49.650642193584268 ], [ 18.395420596163564, 49.649843311309155 ], [ 18.395124134452082, 49.64951621621622 ], [ 18.395420596163564, 49.649189121123285 ], [ 18.396013087639307, 49.648390238848172 ], [ 18.396524421950584, 49.647537129089457 ], [ 18.396949674668448, 49.646638007760458 ], [ 18.39728475037677, 49.645701533891092 ], [ 18.397526422113302, 49.644736726236651 ], [ 18.397672362447107, 49.643752876422262 ], [ 18.397721165893, 49.642759459459462 ], [ 18.397672362447107, 49.641766042496663 ], [ 18.397526422113302, 49.640782192682273 ], [ 18.39728475037677, 49.639817385027833 ], [ 18.396949674668448, 49.638880911158466 ], [ 18.396524421950584, 49.637981789829468 ], [ 18.396013087639307, 49.637128680070752 ], [ 18.395420596163564, 49.636329797795639 ], [ 18.394752653540159, 49.635592836677169 ], [ 18.394015692421682, 49.634924894053761 ], [ 18.393216810146576, 49.634332402578018 ], [ 18.392363700387858, 49.633821068266741 ], [ 18.391464579058859, 49.633395815548873 ], [ 18.390528105189496, 49.633060739840552 ], [ 18.389563297535052, 49.632819068104027 ], [ 18.388579447720662, 49.632673127770218 ], [ 18.387586030757863, 49.632624324324325 ], [ 18.386592613795063, 49.632673127770218 ], [ 18.385608763980674, 49.632819068104027 ], [ 18.384643956326229, 49.633060739840552 ], [ 18.383707482456867, 49.633395815548873 ], [ 18.382808361127868, 49.633821068266741 ], [ 18.381955251369149, 49.634332402578018 ], [ 18.381156369094043, 49.634924894053761 ], [ 18.380419407975566, 49.635592836677169 ], [ 18.379751465352161, 49.636329797795639 ], [ 18.379158973876418, 49.637128680070752 ], [ 18.378647639565141, 49.637981789829468 ], [ 18.378222386847277, 49.638880911158466 ], [ 18.377887311138956, 49.639817385027833 ], [ 18.377645639402424, 49.640782192682273 ], [ 18.377499699068618, 49.641766042496663 ], [ 18.377450895622726, 49.642759459459462 ], [ 18.377499699068618, 49.643752876422262 ], [ 18.377645639402424, 49.644736726236651 ], [ 18.377887311138956, 49.645701533891092 ], [ 18.378222386847277, 49.646638007760458 ], [ 18.378647639565141, 49.647537129089457 ], [ 18.379158973876418, 49.648390238848172 ], [ 18.379751465352161, 49.649189121123285 ], [ 18.380047927063643, 49.64951621621622 ], [ 18.379751465352161, 49.649843311309155 ], [ 18.379158973876418, 49.650642193584268 ], [ 18.378647639565141, 49.651495303342983 ], [ 18.378222386847277, 49.652394424671982 ], [ 18.377887311138956, 49.653330898541348 ], [ 18.377645639402424, 49.654295706195789 ], [ 18.377499699068618, 49.655279556010179 ], [ 18.377450895622726, 49.656272972972978 ], [ 18.377499699068618, 49.657266389935778 ], [ 18.377645639402424, 49.658250239750167 ], [ 18.377887311138956, 49.659215047404608 ], [ 18.378222386847277, 49.660151521273974 ], [ 18.378647639565141, 49.661050642602973 ], [ 18.379158973876418, 49.661903752361688 ], [ 18.379751465352161, 49.662702634636801 ], [ 18.380047927063639, 49.663029729729729 ], [ 18.379751465352161, 49.663356824822664 ], [ 18.379158973876418, 49.664155707097777 ], [ 18.378647639565141, 49.665008816856492 ], [ 18.378222386847277, 49.665907938185491 ], [ 18.377887311138956, 49.666844412054857 ], [ 18.377645639402424, 49.667809219709298 ], [ 18.377499699068618, 49.668793069523687 ], [ 18.377450895622726, 49.669786486486487 ], [ 18.377499699068618, 49.670779903449287 ], [ 18.377645639402424, 49.671763753263676 ], [ 18.377887311138956, 49.672728560918117 ], [ 18.378222386847277, 49.673665034787483 ], [ 18.378647639565141, 49.674564156116482 ], [ 18.379158973876418, 49.675417265875197 ], [ 18.379751465352161, 49.67621614815031 ], [ 18.380047927063643, 49.676543243243245 ], [ 18.379751465352161, 49.67687033833618 ], [ 18.379158973876418, 49.677669220611293 ], [ 18.378647639565141, 49.678522330370008 ], [ 18.378222386847277, 49.679421451699007 ], [ 18.377887311138956, 49.680357925568373 ], [ 18.377645639402424, 49.681322733222814 ], [ 18.377499699068618, 49.682306583037203 ], [ 18.377450895622726, 49.6833 ], [ 18.377499699068618, 49.684293416962802 ], [ 18.377645639402424, 49.685277266777192 ], [ 18.377887311138956, 49.686242074431632 ], [ 18.378222386847277, 49.687178548300999 ], [ 18.378647639565141, 49.688077669629998 ], [ 18.379158973876418, 49.688930779388713 ], [ 18.379751465352161, 49.689729661663826 ], [ 18.380047927063643, 49.690056756756761 ], [ 18.379751465352161, 49.690383851849695 ], [ 18.379158973876418, 49.691182734124808 ], [ 18.378647639565141, 49.692035843883524 ], [ 18.378222386847277, 49.692934965212523 ], [ 18.377887311138956, 49.693871439081889 ], [ 18.377645639402424, 49.69483624673633 ], [ 18.377499699068618, 49.695820096550719 ], [ 18.377450895622726, 49.696813513513519 ], [ 18.377499699068618, 49.697806930476318 ], [ 18.377645639402424, 49.698790780290707 ], [ 18.377887311138956, 49.699755587945148 ], [ 18.378222386847277, 49.700692061814514 ], [ 18.378647639565141, 49.701591183143513 ], [ 18.379158973876418, 49.702444292902229 ], [ 18.379751465352161, 49.703243175177342 ], [ 18.380047927063639, 49.703570270270276 ], [ 18.379751465352161, 49.703897365363204 ], [ 18.379158973876418, 49.704696247638317 ], [ 18.378647639565141, 49.705549357397032 ], [ 18.378222386847277, 49.706448478726031 ], [ 18.377887311138956, 49.707384952595397 ], [ 18.377645639402424, 49.708349760249838 ], [ 18.377499699068618, 49.709333610064228 ], [ 18.377450895622726, 49.710327027027027 ], [ 18.377499699068618, 49.711320443989827 ], [ 18.377645639402424, 49.712304293804216 ], [ 18.377887311138956, 49.713269101458657 ], [ 18.378222386847277, 49.714205575328023 ], [ 18.378647639565141, 49.715104696657022 ], [ 18.379158973876418, 49.715957806415737 ], [ 18.379751465352161, 49.71675668869085 ], [ 18.380047927063643, 49.717083783783785 ], [ 18.379751465352161, 49.71741087887672 ], [ 18.379158973876418, 49.718209761151833 ], [ 18.378647639565141, 49.719062870910548 ], [ 18.378222386847277, 49.719961992239547 ], [ 18.377887311138956, 49.720898466108913 ], [ 18.377645639402424, 49.721863273763354 ], [ 18.377499699068618, 49.722847123577743 ], [ 18.377450895622726, 49.723840540540543 ], [ 18.377499699068618, 49.724833957503343 ], [ 18.377645639402424, 49.725817807317732 ], [ 18.377887311138956, 49.726782614972173 ], [ 18.378222386847277, 49.727719088841539 ], [ 18.378647639565141, 49.728618210170538 ], [ 18.379158973876418, 49.729471319929253 ], [ 18.379751465352161, 49.730270202204366 ], [ 18.380047927063643, 49.730597297297301 ], [ 18.379751465352161, 49.730924392390236 ], [ 18.379158973876418, 49.731723274665349 ], [ 18.378647639565141, 49.732576384424064 ], [ 18.378222386847277, 49.733475505753063 ], [ 18.377887311138956, 49.734411979622429 ], [ 18.377645639402424, 49.73537678727687 ], [ 18.377499699068618, 49.736360637091259 ], [ 18.377450895622726, 49.737354054054059 ], [ 18.377499699068618, 49.738347471016858 ], [ 18.377645639402424, 49.739331320831248 ], [ 18.377887311138956, 49.740296128485689 ], [ 18.378222386847277, 49.741232602355055 ], [ 18.378647639565141, 49.742131723684054 ], [ 18.379158973876418, 49.742984833442769 ], [ 18.379751465352161, 49.743783715717882 ], [ 18.380047927063639, 49.74411081081081 ], [ 18.379751465352161, 49.744437905903744 ], [ 18.379158973876418, 49.745236788178858 ], [ 18.378647639565141, 49.746089897937573 ], [ 18.378222386847277, 49.746989019266572 ], [ 18.377887311138956, 49.747925493135938 ], [ 18.377645639402424, 49.748890300790379 ], [ 18.377499699068618, 49.749874150604768 ], [ 18.377450895622726, 49.750867567567568 ], [ 18.377499699068618, 49.751860984530367 ], [ 18.377645639402424, 49.752844834344756 ], [ 18.377887311138956, 49.753809641999197 ], [ 18.378222386847277, 49.754746115868564 ], [ 18.378647639565141, 49.755645237197562 ], [ 18.379158973876418, 49.756498346956278 ], [ 18.379751465352161, 49.757297229231391 ], [ 18.380419407975566, 49.758034190349861 ], [ 18.381156369094043, 49.758702132973269 ], [ 18.381955251369149, 49.759294624449012 ], [ 18.382808361127868, 49.759805958760289 ], [ 18.383707482456867, 49.760231211478157 ], [ 18.384643956326229, 49.760566287186478 ], [ 18.385608763980674, 49.760807958923003 ], [ 18.386592613795063, 49.760953899256812 ], [ 18.387586030757863, 49.761002702702704 ], [ 18.388579447720662, 49.760953899256812 ], [ 18.389563297535052, 49.760807958923003 ], [ 18.390528105189496, 49.760566287186478 ], [ 18.391464579058859, 49.760231211478157 ], [ 18.392363700387858, 49.759805958760289 ], [ 18.393216810146576, 49.759294624449012 ], [ 18.394015692421682, 49.758702132973269 ], [ 18.394752653540159, 49.758034190349861 ], [ 18.395420596163564, 49.757297229231391 ], [ 18.396013087639307, 49.756498346956278 ], [ 18.396524421950584, 49.755645237197562 ], [ 18.396949674668448, 49.754746115868564 ], [ 18.39728475037677, 49.753809641999197 ], [ 18.397526422113302, 49.752844834344756 ], [ 18.397672362447107, 49.751860984530367 ], [ 18.397721165893, 49.750867567567568 ], [ 18.397672362447107, 49.749874150604768 ], [ 18.397526422113302, 49.748890300790379 ], [ 18.39728475037677, 49.747925493135938 ], [ 18.396949674668448, 49.746989019266572 ], [ 18.396524421950584, 49.746089897937573 ], [ 18.396013087639307, 49.745236788178858 ], [ 18.395420596163564, 49.744437905903744 ], [ 18.395124134452086, 49.74411081081081 ], [ 18.395420596163564, 49.743783715717882 ], [ 18.396013087639307, 49.742984833442769 ], [ 18.396524421950584, 49.742131723684054 ], [ 18.396949674668448, 49.741232602355055 ], [ 18.39728475037677, 49.740296128485689 ], [ 18.397526422113302, 49.739331320831248 ], [ 18.397672362447107, 49.738347471016858 ], [ 18.397721165893, 49.737354054054059 ], [ 18.397672362447107, 49.736360637091259 ], [ 18.397526422113302, 49.73537678727687 ], [ 18.39728475037677, 49.734411979622429 ], [ 18.396949674668448, 49.733475505753063 ], [ 18.396524421950584, 49.732576384424064 ], [ 18.396013087639307, 49.731723274665349 ], [ 18.395420596163564, 49.730924392390236 ], [ 18.395124134452082, 49.730597297297301 ], [ 18.395420596163564, 49.730270202204366 ], [ 18.396013087639307, 49.729471319929253 ], [ 18.396524421950584, 49.728618210170538 ], [ 18.396949674668448, 49.727719088841539 ], [ 18.39728475037677, 49.726782614972173 ], [ 18.397526422113302, 49.725817807317732 ], [ 18.397672362447107, 49.724833957503343 ], [ 18.397721165893, 49.723840540540543 ], [ 18.397672362447107, 49.722847123577743 ], [ 18.397526422113302, 49.721863273763354 ], [ 18.39728475037677, 49.720898466108913 ], [ 18.396949674668448, 49.719961992239547 ], [ 18.396524421950584, 49.719062870910548 ], [ 18.396013087639307, 49.718209761151833 ], [ 18.395420596163564, 49.71741087887672 ], [ 18.395124134452082, 49.717083783783785 ], [ 18.395420596163564, 49.71675668869085 ], [ 18.396013087639307, 49.715957806415737 ], [ 18.396524421950584, 49.715104696657022 ], [ 18.396949674668448, 49.714205575328023 ], [ 18.39728475037677, 49.713269101458657 ], [ 18.397526422113302, 49.712304293804216 ], [ 18.397672362447107, 49.711320443989827 ], [ 18.397721165893, 49.710327027027027 ], [ 18.397672362447107, 49.709333610064228 ], [ 18.397526422113302, 49.708349760249838 ], [ 18.39728475037677, 49.707384952595397 ], [ 18.396949674668448, 49.706448478726031 ], [ 18.396524421950584, 49.705549357397032 ], [ 18.396013087639307, 49.704696247638317 ], [ 18.395420596163564, 49.703897365363204 ], [ 18.395124134452086, 49.703570270270276 ], [ 18.395420596163564, 49.703243175177342 ], [ 18.396013087639307, 49.702444292902229 ], [ 18.396524421950584, 49.701591183143513 ], [ 18.396949674668448, 49.700692061814514 ], [ 18.39728475037677, 49.699755587945148 ], [ 18.397526422113302, 49.698790780290707 ], [ 18.397672362447107, 49.697806930476318 ], [ 18.397721165893, 49.696813513513519 ], [ 18.397672362447107, 49.695820096550719 ], [ 18.397526422113302, 49.69483624673633 ], [ 18.39728475037677, 49.693871439081889 ], [ 18.396949674668448, 49.692934965212523 ], [ 18.396524421950584, 49.692035843883524 ], [ 18.396013087639307, 49.691182734124808 ], [ 18.395420596163564, 49.690383851849695 ], [ 18.395124134452082, 49.690056756756761 ], [ 18.395420596163564, 49.689729661663826 ], [ 18.396013087639307, 49.688930779388713 ], [ 18.396524421950584, 49.688077669629998 ], [ 18.396949674668448, 49.687178548300999 ], [ 18.39728475037677, 49.686242074431632 ], [ 18.397526422113302, 49.685277266777192 ], [ 18.397672362447107, 49.684293416962802 ], [ 18.397721165893, 49.6833 ], [ 18.397672362447107, 49.682306583037203 ], [ 18.397526422113302, 49.681322733222814 ], [ 18.39728475037677, 49.680357925568373 ], [ 18.396949674668448, 49.679421451699007 ], [ 18.396524421950584, 49.678522330370008 ], [ 18.396013087639307, 49.677669220611293 ], [ 18.395420596163564, 49.67687033833618 ], [ 18.395124134452082, 49.676543243243245 ], [ 18.395420596163564, 49.67621614815031 ], [ 18.396013087639307, 49.675417265875197 ], [ 18.396524421950584, 49.674564156116482 ], [ 18.396949674668448, 49.673665034787483 ], [ 18.39728475037677, 49.672728560918117 ], [ 18.397526422113302, 49.671763753263676 ], [ 18.397672362447107, 49.670779903449287 ], [ 18.397721165893, 49.669786486486487 ], [ 18.397672362447107, 49.668793069523687 ], [ 18.397526422113302, 49.667809219709298 ], [ 18.39728475037677, 49.666844412054857 ], [ 18.396949674668448, 49.665907938185491 ], [ 18.396524421950584, 49.665008816856492 ], [ 18.396013087639307, 49.664155707097777 ], [ 18.395420596163564, 49.663356824822664 ], [ 18.395124134452086, 49.663029729729729 ], [ 18.395420596163564, 49.662702634636801 ], [ 18.396013087639307, 49.661903752361688 ], [ 18.396524421950584, 49.661050642602973 ], [ 18.396949674668448, 49.660151521273974 ], [ 18.39728475037677, 49.659215047404608 ], [ 18.397526422113302, 49.658250239750167 ], [ 18.397672362447107, 49.657266389935778 ], [ 18.397721165893, 49.656272972972978 ], [ 18.397672362447107, 49.655279556010179 ], [ 18.397526422113302, 49.654295706195789 ], [ 18.39728475037677, 49.653330898541348 ], [ 18.396949674668448, 49.652394424671982 ], [ 18.396524421950584, 49.651495303342983 ], [ 18.396013087639307, 49.650642193584268 ] ] ], [ [ [ 18.416899118397165, 49.623615166557236 ], [ 18.416306626921422, 49.622816284282123 ], [ 18.415638684298017, 49.622079323163653 ], [ 18.41490172317954, 49.621411380540245 ], [ 18.414102840904434, 49.620818889064502 ], [ 18.413249731145715, 49.620307554753225 ], [ 18.412350609816716, 49.619882302035357 ], [ 18.411414135947354, 49.619547226327036 ], [ 18.410449328292909, 49.619305554590511 ], [ 18.40946547847852, 49.619159614256702 ], [ 18.40847206151572, 49.61911081081081 ], [ 18.407478644552921, 49.619159614256702 ], [ 18.406494794738531, 49.619305554590511 ], [ 18.405529987084087, 49.619547226327036 ], [ 18.404593513214724, 49.619882302035357 ], [ 18.403694391885725, 49.620307554753225 ], [ 18.402841282127007, 49.620818889064502 ], [ 18.402042399851901, 49.621411380540245 ], [ 18.401305438733424, 49.622079323163653 ], [ 18.400637496110019, 49.622816284282123 ], [ 18.400045004634276, 49.623615166557236 ], [ 18.399533670322999, 49.624468276315952 ], [ 18.399108417605134, 49.625367397644951 ], [ 18.398773341896813, 49.626303871514317 ], [ 18.398531670160281, 49.627268679168758 ], [ 18.398385729826476, 49.628252528983147 ], [ 18.398336926380583, 49.629245945945947 ], [ 18.398385729826476, 49.630239362908746 ], [ 18.398531670160281, 49.631223212723135 ], [ 18.398773341896813, 49.632188020377576 ], [ 18.399108417605134, 49.633124494246943 ], [ 18.399533670322999, 49.634023615575941 ], [ 18.400045004634276, 49.634876725334657 ], [ 18.400637496110019, 49.63567560760977 ], [ 18.400933957821501, 49.636002702702704 ], [ 18.400637496110019, 49.636329797795639 ], [ 18.400045004634276, 49.637128680070752 ], [ 18.399533670322999, 49.637981789829468 ], [ 18.399108417605134, 49.638880911158466 ], [ 18.398773341896813, 49.639817385027833 ], [ 18.398531670160281, 49.640782192682273 ], [ 18.398385729826476, 49.641766042496663 ], [ 18.398336926380583, 49.642759459459462 ], [ 18.398385729826476, 49.643752876422262 ], [ 18.398531670160281, 49.644736726236651 ], [ 18.398773341896813, 49.645701533891092 ], [ 18.399108417605134, 49.646638007760458 ], [ 18.399533670322999, 49.647537129089457 ], [ 18.400045004634276, 49.648390238848172 ], [ 18.400637496110019, 49.649189121123285 ], [ 18.400933957821501, 49.64951621621622 ], [ 18.400637496110019, 49.649843311309155 ], [ 18.400045004634276, 49.650642193584268 ], [ 18.399533670322999, 49.651495303342983 ], [ 18.399108417605134, 49.652394424671982 ], [ 18.398773341896813, 49.653330898541348 ], [ 18.398531670160281, 49.654295706195789 ], [ 18.398385729826476, 49.655279556010179 ], [ 18.398336926380583, 49.656272972972978 ], [ 18.398385729826476, 49.657266389935778 ], [ 18.398531670160281, 49.658250239750167 ], [ 18.398773341896813, 49.659215047404608 ], [ 18.399108417605134, 49.660151521273974 ], [ 18.399533670322999, 49.661050642602973 ], [ 18.400045004634276, 49.661903752361688 ], [ 18.400637496110019, 49.662702634636801 ], [ 18.400933957821497, 49.663029729729729 ], [ 18.400637496110019, 49.663356824822664 ], [ 18.400045004634276, 49.664155707097777 ], [ 18.399533670322999, 49.665008816856492 ], [ 18.399108417605134, 49.665907938185491 ], [ 18.398773341896813, 49.666844412054857 ], [ 18.398531670160281, 49.667809219709298 ], [ 18.398385729826476, 49.668793069523687 ], [ 18.398336926380583, 49.669786486486487 ], [ 18.398385729826476, 49.670779903449287 ], [ 18.398531670160281, 49.671763753263676 ], [ 18.398773341896813, 49.672728560918117 ], [ 18.399108417605134, 49.673665034787483 ], [ 18.399533670322999, 49.674564156116482 ], [ 18.400045004634276, 49.675417265875197 ], [ 18.400637496110019, 49.67621614815031 ], [ 18.400933957821501, 49.676543243243245 ], [ 18.400637496110019, 49.67687033833618 ], [ 18.400045004634276, 49.677669220611293 ], [ 18.399533670322999, 49.678522330370008 ], [ 18.399108417605134, 49.679421451699007 ], [ 18.398773341896813, 49.680357925568373 ], [ 18.398531670160281, 49.681322733222814 ], [ 18.398385729826476, 49.682306583037203 ], [ 18.398336926380583, 49.6833 ], [ 18.398385729826476, 49.684293416962802 ], [ 18.398531670160281, 49.685277266777192 ], [ 18.398773341896813, 49.686242074431632 ], [ 18.399108417605134, 49.687178548300999 ], [ 18.399533670322999, 49.688077669629998 ], [ 18.400045004634276, 49.688930779388713 ], [ 18.400637496110019, 49.689729661663826 ], [ 18.400933957821501, 49.690056756756761 ], [ 18.400637496110019, 49.690383851849695 ], [ 18.400045004634276, 49.691182734124808 ], [ 18.399533670322999, 49.692035843883524 ], [ 18.399108417605134, 49.692934965212523 ], [ 18.398773341896813, 49.693871439081889 ], [ 18.398531670160281, 49.69483624673633 ], [ 18.398385729826476, 49.695820096550719 ], [ 18.398336926380583, 49.696813513513519 ], [ 18.398385729826476, 49.697806930476318 ], [ 18.398531670160281, 49.698790780290707 ], [ 18.398773341896813, 49.699755587945148 ], [ 18.399108417605134, 49.700692061814514 ], [ 18.399533670322999, 49.701591183143513 ], [ 18.400045004634276, 49.702444292902229 ], [ 18.400637496110019, 49.703243175177342 ], [ 18.400933957821497, 49.703570270270276 ], [ 18.400637496110019, 49.703897365363204 ], [ 18.400045004634276, 49.704696247638317 ], [ 18.399533670322999, 49.705549357397032 ], [ 18.399108417605134, 49.706448478726031 ], [ 18.398773341896813, 49.707384952595397 ], [ 18.398531670160281, 49.708349760249838 ], [ 18.398385729826476, 49.709333610064228 ], [ 18.398336926380583, 49.710327027027027 ], [ 18.398385729826476, 49.711320443989827 ], [ 18.398531670160281, 49.712304293804216 ], [ 18.398773341896813, 49.713269101458657 ], [ 18.399108417605134, 49.714205575328023 ], [ 18.399533670322999, 49.715104696657022 ], [ 18.400045004634276, 49.715957806415737 ], [ 18.400637496110019, 49.71675668869085 ], [ 18.400933957821501, 49.717083783783785 ], [ 18.400637496110019, 49.71741087887672 ], [ 18.400045004634276, 49.718209761151833 ], [ 18.399533670322999, 49.719062870910548 ], [ 18.399108417605134, 49.719961992239547 ], [ 18.398773341896813, 49.720898466108913 ], [ 18.398531670160281, 49.721863273763354 ], [ 18.398385729826476, 49.722847123577743 ], [ 18.398336926380583, 49.723840540540543 ], [ 18.398385729826476, 49.724833957503343 ], [ 18.398531670160281, 49.725817807317732 ], [ 18.398773341896813, 49.726782614972173 ], [ 18.399108417605134, 49.727719088841539 ], [ 18.399533670322999, 49.728618210170538 ], [ 18.400045004634276, 49.729471319929253 ], [ 18.400637496110019, 49.730270202204366 ], [ 18.400933957821501, 49.730597297297301 ], [ 18.400637496110019, 49.730924392390236 ], [ 18.400045004634276, 49.731723274665349 ], [ 18.399533670322999, 49.732576384424064 ], [ 18.399108417605134, 49.733475505753063 ], [ 18.398773341896813, 49.734411979622429 ], [ 18.398531670160281, 49.73537678727687 ], [ 18.398385729826476, 49.736360637091259 ], [ 18.398336926380583, 49.737354054054059 ], [ 18.398385729826476, 49.738347471016858 ], [ 18.398531670160281, 49.739331320831248 ], [ 18.398773341896813, 49.740296128485689 ], [ 18.399108417605134, 49.741232602355055 ], [ 18.399533670322999, 49.742131723684054 ], [ 18.400045004634276, 49.742984833442769 ], [ 18.400637496110019, 49.743783715717882 ], [ 18.401305438733424, 49.744520676836352 ], [ 18.402042399851901, 49.745188619459761 ], [ 18.402841282127007, 49.745781110935503 ], [ 18.403694391885725, 49.74629244524678 ], [ 18.404593513214724, 49.746717697964648 ], [ 18.405529987084087, 49.747052773672969 ], [ 18.406494794738531, 49.747294445409494 ], [ 18.407478644552921, 49.747440385743303 ], [ 18.40847206151572, 49.747489189189196 ], [ 18.40946547847852, 49.747440385743303 ], [ 18.410449328292909, 49.747294445409494 ], [ 18.411414135947354, 49.747052773672969 ], [ 18.412350609816716, 49.746717697964648 ], [ 18.413249731145715, 49.74629244524678 ], [ 18.414102840904434, 49.745781110935503 ], [ 18.41490172317954, 49.745188619459761 ], [ 18.415638684298017, 49.744520676836352 ], [ 18.416306626921422, 49.743783715717882 ], [ 18.416899118397165, 49.742984833442769 ], [ 18.417410452708442, 49.742131723684054 ], [ 18.417835705426306, 49.741232602355055 ], [ 18.418170781134627, 49.740296128485689 ], [ 18.418412452871159, 49.739331320831248 ], [ 18.418558393204965, 49.738347471016858 ], [ 18.418607196650857, 49.737354054054059 ], [ 18.418558393204965, 49.736360637091259 ], [ 18.418412452871159, 49.73537678727687 ], [ 18.418170781134627, 49.734411979622429 ], [ 18.417835705426306, 49.733475505753063 ], [ 18.417410452708442, 49.732576384424064 ], [ 18.416899118397165, 49.731723274665349 ], [ 18.416306626921422, 49.730924392390236 ], [ 18.41601016520994, 49.730597297297301 ], [ 18.416306626921422, 49.730270202204366 ], [ 18.416899118397165, 49.729471319929253 ], [ 18.417410452708442, 49.728618210170538 ], [ 18.417835705426306, 49.727719088841539 ], [ 18.418170781134627, 49.726782614972173 ], [ 18.418412452871159, 49.725817807317732 ], [ 18.418558393204965, 49.724833957503343 ], [ 18.418607196650857, 49.723840540540543 ], [ 18.418558393204965, 49.722847123577743 ], [ 18.418412452871159, 49.721863273763354 ], [ 18.418170781134627, 49.720898466108913 ], [ 18.417835705426306, 49.719961992239547 ], [ 18.417410452708442, 49.719062870910548 ], [ 18.416899118397165, 49.718209761151833 ], [ 18.416306626921422, 49.71741087887672 ], [ 18.41601016520994, 49.717083783783785 ], [ 18.416306626921422, 49.71675668869085 ], [ 18.416899118397165, 49.715957806415737 ], [ 18.417410452708442, 49.715104696657022 ], [ 18.417835705426306, 49.714205575328023 ], [ 18.418170781134627, 49.713269101458657 ], [ 18.418412452871159, 49.712304293804216 ], [ 18.418558393204965, 49.711320443989827 ], [ 18.418607196650857, 49.710327027027027 ], [ 18.418558393204965, 49.709333610064228 ], [ 18.418412452871159, 49.708349760249838 ], [ 18.418170781134627, 49.707384952595397 ], [ 18.417835705426306, 49.706448478726031 ], [ 18.417410452708442, 49.705549357397032 ], [ 18.416899118397165, 49.704696247638317 ], [ 18.416306626921422, 49.703897365363204 ], [ 18.416010165209943, 49.703570270270276 ], [ 18.416306626921422, 49.703243175177342 ], [ 18.416899118397165, 49.702444292902229 ], [ 18.417410452708442, 49.701591183143513 ], [ 18.417835705426306, 49.700692061814514 ], [ 18.418170781134627, 49.699755587945148 ], [ 18.418412452871159, 49.698790780290707 ], [ 18.418558393204965, 49.697806930476318 ], [ 18.418607196650857, 49.696813513513519 ], [ 18.418558393204965, 49.695820096550719 ], [ 18.418412452871159, 49.69483624673633 ], [ 18.418170781134627, 49.693871439081889 ], [ 18.417835705426306, 49.692934965212523 ], [ 18.417410452708442, 49.692035843883524 ], [ 18.416899118397165, 49.691182734124808 ], [ 18.416306626921422, 49.690383851849695 ], [ 18.41601016520994, 49.690056756756761 ], [ 18.416306626921422, 49.689729661663826 ], [ 18.416899118397165, 49.688930779388713 ], [ 18.417410452708442, 49.688077669629998 ], [ 18.417835705426306, 49.687178548300999 ], [ 18.418170781134627, 49.686242074431632 ], [ 18.418412452871159, 49.685277266777192 ], [ 18.418558393204965, 49.684293416962802 ], [ 18.418607196650857, 49.6833 ], [ 18.418558393204965, 49.682306583037203 ], [ 18.418412452871159, 49.681322733222814 ], [ 18.418170781134627, 49.680357925568373 ], [ 18.417835705426306, 49.679421451699007 ], [ 18.417410452708442, 49.678522330370008 ], [ 18.416899118397165, 49.677669220611293 ], [ 18.416306626921422, 49.67687033833618 ], [ 18.41601016520994, 49.676543243243245 ], [ 18.416306626921422, 49.67621614815031 ], [ 18.416899118397165, 49.675417265875197 ], [ 18.417410452708442, 49.674564156116482 ], [ 18.417835705426306, 49.673665034787483 ], [ 18.418170781134627, 49.672728560918117 ], [ 18.418412452871159, 49.671763753263676 ], [ 18.418558393204965, 49.670779903449287 ], [ 18.418607196650857, 49.669786486486487 ], [ 18.418558393204965, 49.668793069523687 ], [ 18.418412452871159, 49.667809219709298 ], [ 18.418170781134627, 49.666844412054857 ], [ 18.417835705426306, 49.665907938185491 ], [ 18.417410452708442, 49.665008816856492 ], [ 18.416899118397165, 49.664155707097777 ], [ 18.416306626921422, 49.663356824822664 ], [ 18.416010165209943, 49.663029729729729 ], [ 18.416306626921422, 49.662702634636801 ], [ 18.416899118397165, 49.661903752361688 ], [ 18.417410452708442, 49.661050642602973 ], [ 18.417835705426306, 49.660151521273974 ], [ 18.418170781134627, 49.659215047404608 ], [ 18.418412452871159, 49.658250239750167 ], [ 18.418558393204965, 49.657266389935778 ], [ 18.418607196650857, 49.656272972972978 ], [ 18.418558393204965, 49.655279556010179 ], [ 18.418412452871159, 49.654295706195789 ], [ 18.418170781134627, 49.653330898541348 ], [ 18.417835705426306, 49.652394424671982 ], [ 18.417410452708442, 49.651495303342983 ], [ 18.416899118397165, 49.650642193584268 ], [ 18.416306626921422, 49.649843311309155 ], [ 18.41601016520994, 49.64951621621622 ], [ 18.416306626921422, 49.649189121123285 ], [ 18.416899118397165, 49.648390238848172 ], [ 18.417410452708442, 49.647537129089457 ], [ 18.417835705426306, 49.646638007760458 ], [ 18.418170781134627, 49.645701533891092 ], [ 18.418412452871159, 49.644736726236651 ], [ 18.418558393204965, 49.643752876422262 ], [ 18.418607196650857, 49.642759459459462 ], [ 18.418558393204965, 49.641766042496663 ], [ 18.418412452871159, 49.640782192682273 ], [ 18.418170781134627, 49.639817385027833 ], [ 18.417835705426306, 49.638880911158466 ], [ 18.417410452708442, 49.637981789829468 ], [ 18.416899118397165, 49.637128680070752 ], [ 18.416306626921422, 49.636329797795639 ], [ 18.41601016520994, 49.636002702702704 ], [ 18.416306626921422, 49.63567560760977 ], [ 18.416899118397165, 49.634876725334657 ], [ 18.417410452708442, 49.634023615575941 ], [ 18.417835705426306, 49.633124494246943 ], [ 18.418170781134627, 49.632188020377576 ], [ 18.418412452871159, 49.631223212723135 ], [ 18.418558393204965, 49.630239362908746 ], [ 18.418607196650857, 49.629245945945947 ], [ 18.418558393204965, 49.628252528983147 ], [ 18.418412452871159, 49.627268679168758 ], [ 18.418170781134627, 49.626303871514317 ], [ 18.417835705426306, 49.625367397644951 ], [ 18.417410452708442, 49.624468276315952 ], [ 18.416899118397165, 49.623615166557236 ] ] ], [ [ [ 18.458078688437141, 49.636329797795639 ], [ 18.457410745813736, 49.635592836677169 ], [ 18.456673784695258, 49.634924894053761 ], [ 18.455874902420152, 49.634332402578018 ], [ 18.455021792661434, 49.633821068266741 ], [ 18.454122671332435, 49.633395815548873 ], [ 18.453186197463072, 49.633060739840552 ], [ 18.452221389808628, 49.632819068104027 ], [ 18.451237539994239, 49.632673127770218 ], [ 18.450244123031439, 49.632624324324325 ], [ 18.449250706068639, 49.632673127770218 ], [ 18.44826685625425, 49.632819068104027 ], [ 18.447302048599806, 49.633060739840552 ], [ 18.446365574730443, 49.633395815548873 ], [ 18.445466453401444, 49.633821068266741 ], [ 18.444613343642725, 49.634332402578018 ], [ 18.443814461367619, 49.634924894053761 ], [ 18.443077500249142, 49.635592836677169 ], [ 18.442409557625737, 49.636329797795639 ], [ 18.441817066149994, 49.637128680070752 ], [ 18.441305731838717, 49.637981789829468 ], [ 18.440880479120853, 49.638880911158466 ], [ 18.440545403412532, 49.639817385027833 ], [ 18.440303731676, 49.640782192682273 ], [ 18.440157791342195, 49.641766042496663 ], [ 18.440108987896302, 49.642759459459462 ], [ 18.440157791342195, 49.643752876422262 ], [ 18.440303731676, 49.644736726236651 ], [ 18.440545403412532, 49.645701533891092 ], [ 18.440880479120853, 49.646638007760458 ], [ 18.441305731838717, 49.647537129089457 ], [ 18.441817066149994, 49.648390238848172 ], [ 18.442409557625737, 49.649189121123285 ], [ 18.442706019337219, 49.64951621621622 ], [ 18.442409557625737, 49.649843311309155 ], [ 18.441817066149994, 49.650642193584268 ], [ 18.441305731838717, 49.651495303342983 ], [ 18.440880479120853, 49.652394424671982 ], [ 18.440545403412532, 49.653330898541348 ], [ 18.440303731676, 49.654295706195789 ], [ 18.440157791342195, 49.655279556010179 ], [ 18.440108987896302, 49.656272972972978 ], [ 18.440157791342195, 49.657266389935778 ], [ 18.440303731676, 49.658250239750167 ], [ 18.440545403412532, 49.659215047404608 ], [ 18.440880479120853, 49.660151521273974 ], [ 18.441305731838717, 49.661050642602973 ], [ 18.441817066149994, 49.661903752361688 ], [ 18.442409557625737, 49.662702634636801 ], [ 18.443077500249142, 49.663439595755271 ], [ 18.443814461367619, 49.66410753837868 ], [ 18.444613343642725, 49.664700029854423 ], [ 18.445466453401444, 49.6652113641657 ], [ 18.446365574730443, 49.665636616883567 ], [ 18.447302048599806, 49.665971692591889 ], [ 18.44826685625425, 49.666213364328414 ], [ 18.449250706068639, 49.666359304662222 ], [ 18.450244123031439, 49.666408108108115 ], [ 18.451237539994239, 49.666359304662222 ], [ 18.452221389808628, 49.666213364328414 ], [ 18.453186197463072, 49.665971692591889 ], [ 18.454122671332435, 49.665636616883567 ], [ 18.455021792661434, 49.6652113641657 ], [ 18.455874902420152, 49.664700029854423 ], [ 18.456673784695258, 49.66410753837868 ], [ 18.457410745813736, 49.663439595755271 ], [ 18.458078688437141, 49.662702634636801 ], [ 18.458671179912884, 49.661903752361688 ], [ 18.45918251422416, 49.661050642602973 ], [ 18.459607766942025, 49.660151521273974 ], [ 18.459942842650346, 49.659215047404608 ], [ 18.460184514386878, 49.658250239750167 ], [ 18.460330454720683, 49.657266389935778 ], [ 18.460379258166576, 49.656272972972978 ], [ 18.460330454720683, 49.655279556010179 ], [ 18.460184514386878, 49.654295706195789 ], [ 18.459942842650346, 49.653330898541348 ], [ 18.459607766942025, 49.652394424671982 ], [ 18.45918251422416, 49.651495303342983 ], [ 18.458671179912884, 49.650642193584268 ], [ 18.458078688437141, 49.649843311309155 ], [ 18.457782226725659, 49.64951621621622 ], [ 18.458078688437141, 49.649189121123285 ], [ 18.458671179912884, 49.648390238848172 ], [ 18.45918251422416, 49.647537129089457 ], [ 18.459607766942025, 49.646638007760458 ], [ 18.459942842650346, 49.645701533891092 ], [ 18.460184514386878, 49.644736726236651 ], [ 18.460330454720683, 49.643752876422262 ], [ 18.460379258166576, 49.642759459459462 ], [ 18.460330454720683, 49.641766042496663 ], [ 18.460184514386878, 49.640782192682273 ], [ 18.459942842650346, 49.639817385027833 ], [ 18.459607766942025, 49.638880911158466 ], [ 18.45918251422416, 49.637981789829468 ], [ 18.458671179912884, 49.637128680070752 ], [ 18.458078688437141, 49.636329797795639 ] ] ], [ [ [ 18.437785149155026, 49.637128680070752 ], [ 18.437192657679283, 49.636329797795639 ], [ 18.436524715055878, 49.635592836677169 ], [ 18.435787753937401, 49.634924894053761 ], [ 18.434988871662295, 49.634332402578018 ], [ 18.434135761903576, 49.633821068266741 ], [ 18.433236640574577, 49.633395815548873 ], [ 18.432300166705215, 49.633060739840552 ], [ 18.43133535905077, 49.632819068104027 ], [ 18.430351509236381, 49.632673127770218 ], [ 18.429358092273581, 49.632624324324325 ], [ 18.428364675310782, 49.632673127770218 ], [ 18.427380825496392, 49.632819068104027 ], [ 18.426416017841948, 49.633060739840552 ], [ 18.425479543972585, 49.633395815548873 ], [ 18.424580422643587, 49.633821068266741 ], [ 18.423727312884868, 49.634332402578018 ], [ 18.422928430609762, 49.634924894053761 ], [ 18.422191469491285, 49.635592836677169 ], [ 18.42152352686788, 49.636329797795639 ], [ 18.420931035392137, 49.637128680070752 ], [ 18.42041970108086, 49.637981789829468 ], [ 18.419994448362996, 49.638880911158466 ], [ 18.419659372654674, 49.639817385027833 ], [ 18.419417700918142, 49.640782192682273 ], [ 18.419271760584337, 49.641766042496663 ], [ 18.419222957138444, 49.642759459459462 ], [ 18.419271760584337, 49.643752876422262 ], [ 18.419417700918142, 49.644736726236651 ], [ 18.419659372654674, 49.645701533891092 ], [ 18.419994448362996, 49.646638007760458 ], [ 18.42041970108086, 49.647537129089457 ], [ 18.420931035392137, 49.648390238848172 ], [ 18.42152352686788, 49.649189121123285 ], [ 18.421819988579362, 49.64951621621622 ], [ 18.42152352686788, 49.649843311309155 ], [ 18.420931035392137, 49.650642193584268 ], [ 18.42041970108086, 49.651495303342983 ], [ 18.419994448362996, 49.652394424671982 ], [ 18.419659372654674, 49.653330898541348 ], [ 18.419417700918142, 49.654295706195789 ], [ 18.419271760584337, 49.655279556010179 ], [ 18.419222957138444, 49.656272972972978 ], [ 18.419271760584337, 49.657266389935778 ], [ 18.419417700918142, 49.658250239750167 ], [ 18.419659372654674, 49.659215047404608 ], [ 18.419994448362996, 49.660151521273974 ], [ 18.42041970108086, 49.661050642602973 ], [ 18.420931035392137, 49.661903752361688 ], [ 18.42152352686788, 49.662702634636801 ], [ 18.421819988579358, 49.663029729729729 ], [ 18.42152352686788, 49.663356824822664 ], [ 18.420931035392137, 49.664155707097777 ], [ 18.42041970108086, 49.665008816856492 ], [ 18.419994448362996, 49.665907938185491 ], [ 18.419659372654674, 49.666844412054857 ], [ 18.419417700918142, 49.667809219709298 ], [ 18.419271760584337, 49.668793069523687 ], [ 18.419222957138444, 49.669786486486487 ], [ 18.419271760584337, 49.670779903449287 ], [ 18.419417700918142, 49.671763753263676 ], [ 18.419659372654674, 49.672728560918117 ], [ 18.419994448362996, 49.673665034787483 ], [ 18.42041970108086, 49.674564156116482 ], [ 18.420931035392137, 49.675417265875197 ], [ 18.42152352686788, 49.67621614815031 ], [ 18.421819988579362, 49.676543243243245 ], [ 18.42152352686788, 49.67687033833618 ], [ 18.420931035392137, 49.677669220611293 ], [ 18.42041970108086, 49.678522330370008 ], [ 18.419994448362996, 49.679421451699007 ], [ 18.419659372654674, 49.680357925568373 ], [ 18.419417700918142, 49.681322733222814 ], [ 18.419271760584337, 49.682306583037203 ], [ 18.419222957138444, 49.6833 ], [ 18.419271760584337, 49.684293416962802 ], [ 18.419417700918142, 49.685277266777192 ], [ 18.419659372654674, 49.686242074431632 ], [ 18.419994448362996, 49.687178548300999 ], [ 18.42041970108086, 49.688077669629998 ], [ 18.420931035392137, 49.688930779388713 ], [ 18.42152352686788, 49.689729661663826 ], [ 18.421819988579362, 49.690056756756761 ], [ 18.42152352686788, 49.690383851849695 ], [ 18.420931035392137, 49.691182734124808 ], [ 18.42041970108086, 49.692035843883524 ], [ 18.419994448362996, 49.692934965212523 ], [ 18.419659372654674, 49.693871439081889 ], [ 18.419417700918142, 49.69483624673633 ], [ 18.419271760584337, 49.695820096550719 ], [ 18.419222957138444, 49.696813513513519 ], [ 18.419271760584337, 49.697806930476318 ], [ 18.419417700918142, 49.698790780290707 ], [ 18.419659372654674, 49.699755587945148 ], [ 18.419994448362996, 49.700692061814514 ], [ 18.42041970108086, 49.701591183143513 ], [ 18.420931035392137, 49.702444292902229 ], [ 18.42152352686788, 49.703243175177342 ], [ 18.421819988579358, 49.703570270270276 ], [ 18.42152352686788, 49.703897365363204 ], [ 18.420931035392137, 49.704696247638317 ], [ 18.42041970108086, 49.705549357397032 ], [ 18.419994448362996, 49.706448478726031 ], [ 18.419659372654674, 49.707384952595397 ], [ 18.419417700918142, 49.708349760249838 ], [ 18.419271760584337, 49.709333610064228 ], [ 18.419222957138444, 49.710327027027027 ], [ 18.419271760584337, 49.711320443989827 ], [ 18.419417700918142, 49.712304293804216 ], [ 18.419659372654674, 49.713269101458657 ], [ 18.419994448362996, 49.714205575328023 ], [ 18.42041970108086, 49.715104696657022 ], [ 18.420931035392137, 49.715957806415737 ], [ 18.42152352686788, 49.71675668869085 ], [ 18.422191469491285, 49.71749364980932 ], [ 18.422928430609762, 49.718161592432729 ], [ 18.423727312884868, 49.718754083908472 ], [ 18.424580422643587, 49.719265418219749 ], [ 18.425479543972585, 49.719690670937617 ], [ 18.426416017841948, 49.720025746645938 ], [ 18.427380825496392, 49.720267418382463 ], [ 18.428364675310782, 49.720413358716272 ], [ 18.429358092273581, 49.720462162162164 ], [ 18.430351509236381, 49.720413358716272 ], [ 18.43133535905077, 49.720267418382463 ], [ 18.432300166705215, 49.720025746645938 ], [ 18.433236640574577, 49.719690670937617 ], [ 18.434135761903576, 49.719265418219749 ], [ 18.434988871662295, 49.718754083908472 ], [ 18.435787753937401, 49.718161592432729 ], [ 18.436524715055878, 49.71749364980932 ], [ 18.437192657679283, 49.71675668869085 ], [ 18.437785149155026, 49.715957806415737 ], [ 18.438296483466303, 49.715104696657022 ], [ 18.438721736184167, 49.714205575328023 ], [ 18.439056811892488, 49.713269101458657 ], [ 18.43929848362902, 49.712304293804216 ], [ 18.439444423962826, 49.711320443989827 ], [ 18.439493227408718, 49.710327027027027 ], [ 18.439444423962826, 49.709333610064228 ], [ 18.43929848362902, 49.708349760249838 ], [ 18.439056811892488, 49.707384952595397 ], [ 18.438721736184167, 49.706448478726031 ], [ 18.438296483466303, 49.705549357397032 ], [ 18.437785149155026, 49.704696247638317 ], [ 18.437192657679283, 49.703897365363204 ], [ 18.436896195967805, 49.703570270270276 ], [ 18.437192657679283, 49.703243175177342 ], [ 18.437785149155026, 49.702444292902229 ], [ 18.438296483466303, 49.701591183143513 ], [ 18.438721736184167, 49.700692061814514 ], [ 18.439056811892488, 49.699755587945148 ], [ 18.43929848362902, 49.698790780290707 ], [ 18.439444423962826, 49.697806930476318 ], [ 18.439493227408718, 49.696813513513519 ], [ 18.439444423962826, 49.695820096550719 ], [ 18.43929848362902, 49.69483624673633 ], [ 18.439056811892488, 49.693871439081889 ], [ 18.438721736184167, 49.692934965212523 ], [ 18.438296483466303, 49.692035843883524 ], [ 18.437785149155026, 49.691182734124808 ], [ 18.437192657679283, 49.690383851849695 ], [ 18.436896195967801, 49.690056756756761 ], [ 18.437192657679283, 49.689729661663826 ], [ 18.437785149155026, 49.688930779388713 ], [ 18.438296483466303, 49.688077669629998 ], [ 18.438721736184167, 49.687178548300999 ], [ 18.439056811892488, 49.686242074431632 ], [ 18.43929848362902, 49.685277266777192 ], [ 18.439444423962826, 49.684293416962802 ], [ 18.439493227408718, 49.6833 ], [ 18.439444423962826, 49.682306583037203 ], [ 18.43929848362902, 49.681322733222814 ], [ 18.439056811892488, 49.680357925568373 ], [ 18.438721736184167, 49.679421451699007 ], [ 18.438296483466303, 49.678522330370008 ], [ 18.437785149155026, 49.677669220611293 ], [ 18.437192657679283, 49.67687033833618 ], [ 18.436896195967801, 49.676543243243245 ], [ 18.437192657679283, 49.67621614815031 ], [ 18.437785149155026, 49.675417265875197 ], [ 18.438296483466303, 49.674564156116482 ], [ 18.438721736184167, 49.673665034787483 ], [ 18.439056811892488, 49.672728560918117 ], [ 18.43929848362902, 49.671763753263676 ], [ 18.439444423962826, 49.670779903449287 ], [ 18.439493227408718, 49.669786486486487 ], [ 18.439444423962826, 49.668793069523687 ], [ 18.43929848362902, 49.667809219709298 ], [ 18.439056811892488, 49.666844412054857 ], [ 18.438721736184167, 49.665907938185491 ], [ 18.438296483466303, 49.665008816856492 ], [ 18.437785149155026, 49.664155707097777 ], [ 18.437192657679283, 49.663356824822664 ], [ 18.436896195967805, 49.663029729729729 ], [ 18.437192657679283, 49.662702634636801 ], [ 18.437785149155026, 49.661903752361688 ], [ 18.438296483466303, 49.661050642602973 ], [ 18.438721736184167, 49.660151521273974 ], [ 18.439056811892488, 49.659215047404608 ], [ 18.43929848362902, 49.658250239750167 ], [ 18.439444423962826, 49.657266389935778 ], [ 18.439493227408718, 49.656272972972978 ], [ 18.439444423962826, 49.655279556010179 ], [ 18.43929848362902, 49.654295706195789 ], [ 18.439056811892488, 49.653330898541348 ], [ 18.438721736184167, 49.652394424671982 ], [ 18.438296483466303, 49.651495303342983 ], [ 18.437785149155026, 49.650642193584268 ], [ 18.437192657679283, 49.649843311309155 ], [ 18.436896195967801, 49.64951621621622 ], [ 18.437192657679283, 49.649189121123285 ], [ 18.437785149155026, 49.648390238848172 ], [ 18.438296483466303, 49.647537129089457 ], [ 18.438721736184167, 49.646638007760458 ], [ 18.439056811892488, 49.645701533891092 ], [ 18.43929848362902, 49.644736726236651 ], [ 18.439444423962826, 49.643752876422262 ], [ 18.439493227408718, 49.642759459459462 ], [ 18.439444423962826, 49.641766042496663 ], [ 18.43929848362902, 49.640782192682273 ], [ 18.439056811892488, 49.639817385027833 ], [ 18.438721736184167, 49.638880911158466 ], [ 18.438296483466303, 49.637981789829468 ], [ 18.437785149155026, 49.637128680070752 ] ] ], [ [ [ 18.479557210670745, 49.677669220611293 ], [ 18.478964719195002, 49.67687033833618 ], [ 18.478296776571597, 49.67613337721771 ], [ 18.47755981545312, 49.675465434594301 ], [ 18.476760933178014, 49.674872943118558 ], [ 18.475907823419295, 49.674361608807281 ], [ 18.475008702090296, 49.673936356089413 ], [ 18.474072228220933, 49.673601280381092 ], [ 18.473107420566489, 49.673359608644567 ], [ 18.4721235707521, 49.673213668310758 ], [ 18.4711301537893, 49.673164864864866 ], [ 18.4701367368265, 49.673213668310758 ], [ 18.469152887012111, 49.673359608644567 ], [ 18.468188079357667, 49.673601280381092 ], [ 18.467251605488304, 49.673936356089413 ], [ 18.466352484159305, 49.674361608807281 ], [ 18.465499374400586, 49.674872943118558 ], [ 18.46470049212548, 49.675465434594301 ], [ 18.463963531007003, 49.67613337721771 ], [ 18.463295588383598, 49.67687033833618 ], [ 18.462703096907855, 49.677669220611293 ], [ 18.462191762596579, 49.678522330370008 ], [ 18.461766509878714, 49.679421451699007 ], [ 18.461431434170393, 49.680357925568373 ], [ 18.461189762433861, 49.681322733222814 ], [ 18.461043822100056, 49.682306583037203 ], [ 18.460995018654163, 49.6833 ], [ 18.461043822100056, 49.684293416962802 ], [ 18.461189762433861, 49.685277266777192 ], [ 18.461431434170393, 49.686242074431632 ], [ 18.461766509878714, 49.687178548300999 ], [ 18.462191762596579, 49.688077669629998 ], [ 18.462703096907855, 49.688930779388713 ], [ 18.463295588383598, 49.689729661663826 ], [ 18.463963531007003, 49.690466622782296 ], [ 18.46470049212548, 49.691134565405704 ], [ 18.465499374400586, 49.691727056881447 ], [ 18.466352484159305, 49.692238391192724 ], [ 18.467251605488304, 49.692663643910592 ], [ 18.468188079357667, 49.692998719618913 ], [ 18.469152887012111, 49.693240391355438 ], [ 18.4701367368265, 49.693386331689247 ], [ 18.4711301537893, 49.69343513513514 ], [ 18.4721235707521, 49.693386331689247 ], [ 18.473107420566489, 49.693240391355438 ], [ 18.474072228220933, 49.692998719618913 ], [ 18.475008702090296, 49.692663643910592 ], [ 18.475907823419295, 49.692238391192724 ], [ 18.476760933178014, 49.691727056881447 ], [ 18.47755981545312, 49.691134565405704 ], [ 18.478296776571597, 49.690466622782296 ], [ 18.478964719195002, 49.689729661663826 ], [ 18.479557210670745, 49.688930779388713 ], [ 18.480068544982021, 49.688077669629998 ], [ 18.480493797699886, 49.687178548300999 ], [ 18.480828873408207, 49.686242074431632 ], [ 18.481070545144739, 49.685277266777192 ], [ 18.481216485478544, 49.684293416962802 ], [ 18.481265288924437, 49.6833 ], [ 18.481216485478544, 49.682306583037203 ], [ 18.481070545144739, 49.681322733222814 ], [ 18.480828873408207, 49.680357925568373 ], [ 18.480493797699886, 49.679421451699007 ], [ 18.480068544982021, 49.678522330370008 ], [ 18.479557210670745, 49.677669220611293 ] ] ], [ [ [ 18.458078688437141, 49.67687033833618 ], [ 18.457410745813736, 49.67613337721771 ], [ 18.456673784695258, 49.675465434594301 ], [ 18.455874902420152, 49.674872943118558 ], [ 18.455021792661434, 49.674361608807281 ], [ 18.454122671332435, 49.673936356089413 ], [ 18.453186197463072, 49.673601280381092 ], [ 18.452221389808628, 49.673359608644567 ], [ 18.451237539994239, 49.673213668310758 ], [ 18.450244123031439, 49.673164864864866 ], [ 18.449250706068639, 49.673213668310758 ], [ 18.44826685625425, 49.673359608644567 ], [ 18.447302048599806, 49.673601280381092 ], [ 18.446365574730443, 49.673936356089413 ], [ 18.445466453401444, 49.674361608807281 ], [ 18.444613343642725, 49.674872943118558 ], [ 18.443814461367619, 49.675465434594301 ], [ 18.443077500249142, 49.67613337721771 ], [ 18.442409557625737, 49.67687033833618 ], [ 18.441817066149994, 49.677669220611293 ], [ 18.441305731838717, 49.678522330370008 ], [ 18.440880479120853, 49.679421451699007 ], [ 18.440545403412532, 49.680357925568373 ], [ 18.440303731676, 49.681322733222814 ], [ 18.440157791342195, 49.682306583037203 ], [ 18.440108987896302, 49.6833 ], [ 18.440157791342195, 49.684293416962802 ], [ 18.440303731676, 49.685277266777192 ], [ 18.440545403412532, 49.686242074431632 ], [ 18.440880479120853, 49.687178548300999 ], [ 18.441305731838717, 49.688077669629998 ], [ 18.441817066149994, 49.688930779388713 ], [ 18.442409557625737, 49.689729661663826 ], [ 18.442706019337219, 49.690056756756761 ], [ 18.442409557625737, 49.690383851849695 ], [ 18.441817066149994, 49.691182734124808 ], [ 18.441305731838717, 49.692035843883524 ], [ 18.440880479120853, 49.692934965212523 ], [ 18.440545403412532, 49.693871439081889 ], [ 18.440303731676, 49.69483624673633 ], [ 18.440157791342195, 49.695820096550719 ], [ 18.440108987896302, 49.696813513513519 ], [ 18.440157791342195, 49.697806930476318 ], [ 18.440303731676, 49.698790780290707 ], [ 18.440545403412532, 49.699755587945148 ], [ 18.440880479120853, 49.700692061814514 ], [ 18.441305731838717, 49.701591183143513 ], [ 18.441817066149994, 49.702444292902229 ], [ 18.442409557625737, 49.703243175177342 ], [ 18.443077500249142, 49.703980136295812 ], [ 18.443814461367619, 49.70464807891922 ], [ 18.444613343642725, 49.705240570394963 ], [ 18.445466453401444, 49.70575190470624 ], [ 18.446365574730443, 49.706177157424108 ], [ 18.447302048599806, 49.706512233132429 ], [ 18.44826685625425, 49.706753904868954 ], [ 18.449250706068639, 49.706899845202763 ], [ 18.450244123031439, 49.706948648648655 ], [ 18.451237539994239, 49.706899845202763 ], [ 18.452221389808628, 49.706753904868954 ], [ 18.453186197463072, 49.706512233132429 ], [ 18.454122671332435, 49.706177157424108 ], [ 18.455021792661434, 49.70575190470624 ], [ 18.455874902420152, 49.705240570394963 ], [ 18.456673784695258, 49.70464807891922 ], [ 18.457410745813736, 49.703980136295812 ], [ 18.458078688437141, 49.703243175177342 ], [ 18.458671179912884, 49.702444292902229 ], [ 18.45918251422416, 49.701591183143513 ], [ 18.459607766942025, 49.700692061814514 ], [ 18.459942842650346, 49.699755587945148 ], [ 18.460184514386878, 49.698790780290707 ], [ 18.460330454720683, 49.697806930476318 ], [ 18.460379258166576, 49.696813513513519 ], [ 18.460330454720683, 49.695820096550719 ], [ 18.460184514386878, 49.69483624673633 ], [ 18.459942842650346, 49.693871439081889 ], [ 18.459607766942025, 49.692934965212523 ], [ 18.45918251422416, 49.692035843883524 ], [ 18.458671179912884, 49.691182734124808 ], [ 18.458078688437141, 49.690383851849695 ], [ 18.457782226725659, 49.690056756756761 ], [ 18.458078688437141, 49.689729661663826 ], [ 18.458671179912884, 49.688930779388713 ], [ 18.45918251422416, 49.688077669629998 ], [ 18.459607766942025, 49.687178548300999 ], [ 18.459942842650346, 49.686242074431632 ], [ 18.460184514386878, 49.685277266777192 ], [ 18.460330454720683, 49.684293416962802 ], [ 18.460379258166576, 49.6833 ], [ 18.460330454720683, 49.682306583037203 ], [ 18.460184514386878, 49.681322733222814 ], [ 18.459942842650346, 49.680357925568373 ], [ 18.459607766942025, 49.679421451699007 ], [ 18.45918251422416, 49.678522330370008 ], [ 18.458671179912884, 49.677669220611293 ], [ 18.458078688437141, 49.67687033833618 ] ] ] ] } }
]
}
