{
"type": "FeatureCollection",
"name": "google_zone_35km",
"crs": { "type": "name", "properties": { "name": "urn:ogc:def:crs:OGC:1.3:CRS84" } },
"features": [
{ "type": "Feature", "properties": { "source": "Google Distance Matrix", "origin": "Frýdek-Místek, Česká republika", "max_km": 35 }, "geometry": { "type": "Polygon", "coordinates": [ [ [ 17.981332244094151, 49.632951710968719 ], [ 17.981676655579722, 49.634162602659892 ], [ 17.98184960422758, 49.635388848964375 ], [ 17.981849635656047, 49.636620228774845 ], [ 17.981676736682363, 49.637846477443418 ], [ 17.981332335862525, 49.639057372346237 ], [ 17.981138468879561, 49.639599177920623 ], [ 17.981003738301268, 49.640042658074833 ], [ 17.980872349919824, 49.640567167123599 ], [ 17.980785490228893, 49.641003193498932 ], [ 17.980703955385483, 49.641552817226405 ], [ 17.980661394092433, 49.641984294486214 ], [ 17.980633765535611, 49.642546565685123 ], [ 17.980633760658986, 49.642976499256378 ], [ 17.980661378634359, 49.643538797034424 ], [ 17.980703924980446, 49.643970222249848 ], [ 17.980785459751779, 49.644519924548966 ], [ 17.980872289175188, 49.64495584916812 ], [ 17.981003697964624, 49.645480485216282 ], [ 17.981138373671257, 49.6459238186984 ], [ 17.981312773230446, 49.646411248051294 ], [ 17.981500875084752, 49.646864688350043 ], [ 17.981708336035506, 49.647303338488641 ], [ 17.981957725817352, 49.647769179290641 ], [ 17.982185007907184, 49.648148384348609 ], [ 17.982506143740128, 49.648628192847006 ], [ 17.982736420773215, 49.648938691039469 ], [ 17.983142648045067, 49.649432790583752 ], [ 17.983355330278929, 49.649667453050583 ], [ 17.983862997414189, 49.650174133715062 ], [ 17.984033863665399, 49.650329000181365 ], [ 17.984661979769935, 49.650843392699002 ], [ 17.984763990736919, 49.650919050280891 ], [ 17.985532960501825, 49.65143167519637 ], [ 17.985538310889265, 49.651434882141487 ], [ 17.986409288068625, 49.651899258998675 ], [ 17.987326022056202, 49.652277946014777 ], [ 17.98847277544704, 49.652624787197887 ], [ 17.988765190948705, 49.652698033918163 ], [ 17.990614909970173, 49.653229893218835 ], [ 17.992376219429435, 49.653876015995507 ], [ 17.994032423463157, 49.654630278777304 ], [ 17.995567820264348, 49.655485532933653 ], [ 17.996967850791915, 49.656433672293048 ], [ 17.998219236754121, 49.657465709834653 ], [ 17.999310106560543, 49.658571862730817 ], [ 18.000230108047461, 49.659741644941981 ], [ 18.000970506902277, 49.660963966492467 ], [ 18.001524269844346, 49.662227238492633 ], [ 18.001886131760237, 49.663519482915916 ], [ 18.002052646140498, 49.66482844609655 ], [ 18.002022218320466, 49.666141714873341 ], [ 18.001795121189009, 49.667446834282124 ], [ 18.001758133474301, 49.667594489961061 ], [ 18.001671320657913, 49.66803028050802 ], [ 18.001589750234977, 49.668580144068976 ], [ 18.001547212795025, 49.669011379005418 ], [ 18.001519572242636, 49.669573894309245 ], [ 18.00151956736784, 49.67000358345993 ], [ 18.001547197332542, 49.670566125353041 ], [ 18.001589719827152, 49.670997308224095 ], [ 18.001671290176134, 49.671547250388215 ], [ 18.001758072719639, 49.671982939133649 ], [ 18.001889539344116, 49.672507806082862 ], [ 18.002024147073225, 49.672950915237493 ], [ 18.002198624022949, 49.673438560888627 ], [ 18.002386640446499, 49.673891794632603 ], [ 18.002594193457078, 49.674330639419033 ], [ 18.002843486752898, 49.674796299295416 ], [ 18.003070867186608, 49.675175668432239 ], [ 18.003391906243017, 49.675655331528219 ], [ 18.003622274053839, 49.675965952121096 ], [ 18.004028421720431, 49.67645995388505 ], [ 18.004032969289074, 49.676464971462465 ], [ 18.004966172369869, 49.677618766132255 ], [ 18.005723471534711, 49.678825610283454 ], [ 18.006297786508576, 49.680074241527812 ], [ 18.006683743301689, 49.681353006666868 ], [ 18.00687772485152, 49.682649970372978 ], [ 18.006871374457937, 49.683950714754864 ], [ 18.006677751137605, 49.685247696178664 ], [ 18.006292102675307, 49.686526498868496 ], [ 18.005718014851457, 49.687775183465739 ], [ 18.004960833881764, 49.68898209092508 ], [ 18.00402761699003, 49.6901359514492 ], [ 18.004021882439339, 49.690142278513413 ], [ 18.003615627193856, 49.690636402159171 ], [ 18.003385334023918, 49.690946916435024 ], [ 18.003064235558497, 49.691426658228245 ], [ 18.002836886278448, 49.691805967469747 ], [ 18.002587570655724, 49.692271657370746 ], [ 18.002380016589154, 49.692710493468091 ], [ 18.002192003702902, 49.693163704496307 ], [ 18.002017504839756, 49.693651396059394 ], [ 18.00188291523747, 49.694094427069587 ], [ 18.001751417215438, 49.694619396534549 ], [ 18.001664656114514, 49.695054950443733 ], [ 18.001583056213484, 49.695605052252063 ], [ 18.001540547295381, 49.696036043882827 ], [ 18.001512900789741, 49.696598801419185 ], [ 18.001512900452262, 49.697028244986363 ], [ 18.001540548251143, 49.697591028876481 ], [ 18.001583051328584, 49.698021968042752 ], [ 18.00166466277415, 49.698572147760693 ], [ 18.001751402795961, 49.699007599053068 ], [ 18.001882932331906, 49.699532694462 ], [ 18.002017476381937, 49.699975577458417 ], [ 18.002212763062683, 49.700521366597535 ], [ 18.002556735018857, 49.701730645021343 ], [ 18.002729467582309, 49.702955216491077 ], [ 18.002729512065535, 49.704184901340192 ], [ 18.002556855194687, 49.705409476648228 ], [ 18.00221291964808, 49.706618761227588 ], [ 18.002017485194568, 49.7071649645017 ], [ 18.001882929568602, 49.707607883393166 ], [ 18.001751402638089, 49.708132968267236 ], [ 18.00166466496897, 49.708568404286069 ], [ 18.001583047283749, 49.709118625985582 ], [ 18.001540550288013, 49.709549496488094 ], [ 18.001512897787901, 49.710112376045238 ], [ 18.001512897450354, 49.710541697439012 ], [ 18.001540551243963, 49.711104603355061 ], [ 18.001583042397854, 49.711535421382855 ], [ 18.001664671629978, 49.712085721007988 ], [ 18.001751388215489, 49.712521054388155 ], [ 18.001882946667077, 49.713046265234837 ], [ 18.002017456729657, 49.71348903607651 ], [ 18.00221305829476, 49.714035705248385 ], [ 18.00255693994875, 49.71524466189247 ], [ 18.002729626787392, 49.716468899138718 ], [ 18.002729671281443, 49.717698245592764 ], [ 18.002557060160328, 49.718922486664823 ], [ 18.002213214950249, 49.720131449441148 ], [ 18.002017465539517, 49.720678532971483 ], [ 18.001882943906502, 49.72112133968961 ], [ 18.001751388054522, 49.721646540024707 ], [ 18.001664673827069, 49.722081858103799 ], [ 18.001583038350567, 49.722632199742385 ], [ 18.001540553281782, 49.723062949070531 ], [ 18.001512894784938, 49.723625950693808 ], [ 18.001512894447313, 49.724055149869358 ], [ 18.001540554237913, 49.724618177856527 ], [ 18.001583033463685, 49.725048874699681 ], [ 18.00166468048943, 49.725599294279718 ], [ 18.00175137362876, 49.726034509698387 ], [ 18.001882961008977, 49.726559836034689 ], [ 18.002017437067561, 49.727002494667268 ], [ 18.002213353649879, 49.727550044242996 ], [ 18.002557144961258, 49.728758678967601 ], [ 18.002729786055042, 49.729982581853626 ], [ 18.002729830559943, 49.731211589777061 ], [ 18.002557265208704, 49.732435496476533 ], [ 18.002213510375714, 49.733644137310009 ], [ 18.002017445874532, 49.734192101469134 ], [ 18.001882958251187, 49.734634795958968 ], [ 18.0017513734647, 49.735160111806927 ], [ 18.001664682688723, 49.735595311897171 ], [ 18.001583029413947, 49.736145773522175 ], [ 18.001540556276677, 49.736576401629961 ], [ 18.00151289178087, 49.737139525364768 ], [ 18.001512891443173, 49.737568602277108 ], [ 18.001540557232968, 49.738131752380852 ], [ 18.001583024526099, 49.738562327993428 ], [ 18.001664689352531, 49.739112867575955 ], [ 18.001751359035797, 49.739547964983615 ], [ 18.001882975357667, 49.740073406861583 ], [ 18.002017417395546, 49.740515953230307 ], [ 18.002192092423886, 49.741004137320381 ], [ 18.002379899421509, 49.741456852342147 ], [ 18.00258768661444, 49.741896181557159 ], [ 18.002836742713264, 49.742361386360386 ], [ 18.003064372428845, 49.742741163715138 ], [ 18.003385173387453, 49.743220460079186 ], [ 18.003615770926597, 49.743531384986944 ], [ 18.004021723207277, 49.744025138586153 ], [ 18.004234621682532, 49.744260035964679 ], [ 18.004742168985114, 49.74476658545867 ], [ 18.004913029762665, 49.744921444725719 ], [ 18.005541322673423, 49.74543597002711 ], [ 18.005642937681202, 49.745511332901096 ], [ 18.006412577193462, 49.746024391606639 ], [ 18.006416917997424, 49.746026993386302 ], [ 18.007288358594828, 49.746491604744421 ], [ 18.008205052961522, 49.746870263803295 ], [ 18.00915747699635, 49.747158319936979 ], [ 18.010348079334506, 49.747394398069574 ], [ 18.010646244883528, 49.747431094373489 ], [ 18.011031582450862, 49.747459433802348 ], [ 18.011244863981599, 49.747469911656694 ], [ 18.011637487179012, 49.747479541831105 ], [ 18.012030110368695, 49.747469911656374 ], [ 18.012243391898608, 49.747459433801936 ], [ 18.012628729474255, 49.747431094372196 ], [ 18.012926894995722, 49.747394398070853 ], [ 18.014117497317454, 49.747158319940262 ], [ 18.015069921353792, 49.746870263807487 ], [ 18.015986615724557, 49.746491604748499 ], [ 18.016858056408626, 49.746026993345502 ], [ 18.016862397051398, 49.746024391662488 ], [ 18.017597151255512, 49.745534588615271 ], [ 18.019119441086513, 49.744616359597337 ], [ 18.020775497461699, 49.743801145009897 ], [ 18.022548787833678, 49.743097080209829 ], [ 18.024421612145023, 49.742511191018124 ], [ 18.026375279271949, 49.742049323753555 ], [ 18.028390293250915, 49.741716087022198 ], [ 18.03044654744501, 49.741514805836111 ], [ 18.032523524732049, 49.741447488515163 ], [ 18.034600501738652, 49.741514806696991 ], [ 18.036656755106723, 49.741716088653469 ], [ 18.038671767759364, 49.742049325978471 ], [ 18.040625433133041, 49.742511193581443 ], [ 18.042498255362709, 49.743097082789589 ], [ 18.044271543444101, 49.743801147231871 ], [ 18.045927597455353, 49.744616361052479 ], [ 18.047449884995032, 49.745534588878911 ], [ 18.048184637957917, 49.746024391095652 ], [ 18.048188980515885, 49.746026993926627 ], [ 18.049119192104886, 49.746522938674431 ], [ 18.049531000472893, 49.746717707745205 ], [ 18.049518855896864, 49.746728489563012 ], [ 18.05013277506621, 49.747010185350156 ], [ 18.051663170542366, 49.747868466226905 ], [ 18.053057727238528, 49.74881899241597 ], [ 18.054303256226454, 49.749852779848503 ], [ 18.055153179312786, 49.750720383534428 ], [ 18.055483899103425, 49.749968904731119 ], [ 18.056230869537735, 49.748741603833025 ], [ 18.057159293066171, 49.747567458438141 ], [ 18.058260275705631, 49.74645770052868 ], [ 18.059192306316501, 49.745694108225152 ], [ 18.059191190108237, 49.745693535874395 ], [ 18.060134005679224, 49.74492144516789 ], [ 18.06030486738582, 49.744766585059274 ], [ 18.060812413890563, 49.744260036359726 ], [ 18.061025313046688, 49.744025138230739 ], [ 18.061431264752091, 49.743531385329433 ], [ 18.061661862776603, 49.743220459768175 ], [ 18.061982663330099, 49.742741164007441 ], [ 18.062210293382332, 49.742361386092178 ], [ 18.062235890266532, 49.742313574831577 ], [ 18.062963063120097, 49.741136986310103 ], [ 18.063857424934319, 49.740009826106977 ], [ 18.06491106817802, 49.738942045991053 ], [ 18.066114680791589, 49.737943072839748 ], [ 18.067457628644078, 49.737021725520947 ], [ 18.068928049579149, 49.736186137156139 ], [ 18.070512958214671, 49.735443683443883 ], [ 18.072198360569754, 49.7348009176728 ], [ 18.073969377508718, 49.734263512991767 ], [ 18.075810375917285, 49.733836212441773 ], [ 18.076775559938891, 49.733644829637463 ], [ 18.077017636523905, 49.733571615589391 ], [ 18.078916013085752, 49.733069692344714 ], [ 18.080881352205868, 49.732691271117552 ], [ 18.0828945853217, 49.732440023276368 ], [ 18.084936180338065, 49.732318386318084 ], [ 18.086986330686496, 49.732327540277481 ], [ 18.089025147014816, 49.732467396307484 ], [ 18.091032849669435, 49.732736597540736 ], [ 18.092989960126044, 49.733132532223379 ], [ 18.09487748953385, 49.733651358995346 ], [ 18.096677122565101, 49.734288044074709 ], [ 18.098371394805021, 49.735036409989711 ], [ 18.099943861976687, 49.7358891953902 ], [ 18.101379259371356, 49.736838125364812 ], [ 18.102663649944908, 49.73787399158816 ], [ 18.103784559647242, 49.738986741527278 ], [ 18.104731098670367, 49.740165575849403 ], [ 18.10549406743241, 49.741399053092351 ], [ 18.106066046259336, 49.742675200588771 ], [ 18.106441467879399, 49.743981630573451 ], [ 18.106616672009061, 49.745305660351882 ], [ 18.106589941479829, 49.746634435367312 ], [ 18.106361519532324, 49.74795505397433 ], [ 18.106181512589654, 49.748673684734506 ], [ 18.106094845731672, 49.74910876449443 ], [ 18.10601317431291, 49.749659348436055 ], [ 18.105970713335438, 49.750089853009442 ], [ 18.105943042727112, 49.750653101167437 ], [ 18.105943042389399, 49.751082053511603 ], [ 18.105970714291963, 49.751645328043629 ], [ 18.106013169424209, 49.752075780111547 ], [ 18.106094852396936, 49.752626442026433 ], [ 18.106181498157859, 49.753061419082272 ], [ 18.106361909306109, 49.753781657900603 ], [ 18.106590313921469, 49.755101964006641 ], [ 18.106617100531064, 49.756430422882723 ], [ 18.106441992888346, 49.757754142248167 ], [ 18.106066674312284, 49.759060274802764 ], [ 18.105494771973415, 49.760336142939792 ], [ 18.104731822282801, 49.761569361850853 ], [ 18.103785217696888, 49.762747959823585 ], [ 18.102664135433791, 49.763860494562344 ], [ 18.101379448775042, 49.764896164396824 ], [ 18.099943621799323, 49.765844913292803 ], [ 18.098370588559828, 49.766697528639789 ], [ 18.096675617872418, 49.767445730857794 ], [ 18.094875165026, 49.768082253946957 ], [ 18.092986711858604, 49.768600916189861 ], [ 18.09102859675988, 49.768996680313606 ], [ 18.089019836262963, 49.769265702520734 ], [ 18.086979939974171, 49.769405369908227 ], [ 18.084928720656531, 49.769414325906162 ], [ 18.082886101332996, 49.769292483486737 ], [ 18.080871921304876, 49.769041026012914 ], [ 18.078905742993157, 49.768662395719495 ], [ 18.077006661500853, 49.768160269938313 ], [ 18.07677562297069, 49.768090392785837 ], [ 18.075584653693848, 49.767854240729619 ], [ 18.0752868175583, 49.767817584511263 ], [ 18.074901100444588, 49.767789217621569 ], [ 18.074688595262092, 49.767778777916156 ], [ 18.074410943059252, 49.767771967620376 ], [ 18.072381757476297, 49.767657600437992 ], [ 18.070379550563349, 49.767415328419254 ], [ 18.068423497501151, 49.767047471795777 ], [ 18.066532330402378, 49.766557553478293 ], [ 18.064724158536546, 49.765950265241671 ], [ 18.063016294588568, 49.765231422694114 ], [ 18.061425088630219, 49.76440790946684 ], [ 18.059965771407224, 49.763487611164422 ], [ 18.05865230845075, 49.762479339714332 ], [ 18.057497266415009, 49.761392748847051 ], [ 18.057347881063382, 49.761217761924925 ], [ 18.056783714219179, 49.762358788092619 ], [ 18.055981769057492, 49.763563013785145 ], [ 18.055003000289268, 49.764711080102792 ], [ 18.053856655634409, 49.765792125692755 ], [ 18.052553570281862, 49.766795922571035 ], [ 18.051106064637477, 49.767712973022554 ], [ 18.049527827915433, 49.768534599604664 ], [ 18.049100568016073, 49.768735682455016 ], [ 18.0481887098782, 49.769221840769518 ], [ 18.048184864664851, 49.769224145500061 ], [ 18.047414820682629, 49.769737472745049 ], [ 18.047313530725781, 49.76981259444922 ], [ 18.046684982449865, 49.770327327759723 ], [ 18.046514316566668, 49.770482010215211 ], [ 18.046006625650943, 49.770988701854165 ], [ 18.045793826097398, 49.771223489872085 ], [ 18.045387811339509, 49.771717318155297 ], [ 18.045157244324912, 49.77202820166741 ], [ 18.044836437510348, 49.772507505294186 ], [ 18.044608792039565, 49.772887308699524 ], [ 18.04435976685814, 49.773352454005334 ], [ 18.044151935768955, 49.773791875817317 ], [ 18.043964179871338, 49.774244465524518 ], [ 18.043789448252426, 49.774732807596052 ], [ 18.043655063049954, 49.775175164112277 ], [ 18.043523391142802, 49.775700827765327 ], [ 18.0434367709688, 49.776135672647513 ], [ 18.043355064117097, 49.776686495458691 ], [ 18.043312626893933, 49.777116758694163 ], [ 18.043284944341977, 49.777680249970054 ], [ 18.043284944004103, 49.778108958891345 ], [ 18.043312627850803, 49.778672476551613 ], [ 18.043355059226336, 49.779102687260661 ], [ 18.043436777636753, 49.779653588077252 ], [ 18.043523376704581, 49.780088330211555 ], [ 18.043655080168485, 49.780614119980179 ], [ 18.0437894197524, 49.781056328268122 ], [ 18.04396421147359, 49.781544838493097 ], [ 18.044151889591397, 49.781997241927343 ], [ 18.044359815760469, 49.782436864983033 ], [ 18.044608726082199, 49.782901796451398 ], [ 18.044836504551327, 49.783281821986726 ], [ 18.045157158910826, 49.783760898113549 ], [ 18.045387894270434, 49.784072008851041 ], [ 18.045793725272492, 49.784565613511468 ], [ 18.046006717609107, 49.784800614450326 ], [ 18.046514209809924, 49.78530710724074 ], [ 18.046685070097354, 49.785461966063792 ], [ 18.047313434869697, 49.785976548163134 ], [ 18.047414882472207, 49.786051786880996 ], [ 18.048184805312918, 49.786565032025294 ], [ 18.048188715654497, 49.786567375795542 ], [ 18.049060352632448, 49.787032089233982 ], [ 18.049977029364726, 49.78741073848478 ], [ 18.051126811409535, 49.78775848052998 ], [ 18.051401281462628, 49.787827230740106 ], [ 18.05325346768316, 49.788359580617652 ], [ 18.055017034470044, 49.789005907689749 ], [ 18.056675298448461, 49.78976009895753 ], [ 18.05821257014362, 49.790615020949197 ], [ 18.05961430227218, 49.791562587059111 ], [ 18.060867227334882, 49.792593833899083 ], [ 18.061959483211368, 49.793699005945363 ], [ 18.062880725567926, 49.794867647688072 ], [ 18.063622226008871, 49.796088702417329 ], [ 18.064176955033489, 49.797350616717509 ], [ 18.064539649000334, 49.798641449687068 ], [ 18.064706860448812, 49.799948985854293 ], [ 18.06467699128277, 49.801260850724354 ], [ 18.064450308481121, 49.802564627867092 ], [ 18.0644093926431, 49.802727971810249 ], [ 18.06432281956522, 49.803162579746584 ], [ 18.064241076975968, 49.803713643480712 ], [ 18.064198663707916, 49.804143663343162 ], [ 18.064170969112585, 49.804707399768127 ], [ 18.064170968774569, 49.805135863242256 ], [ 18.064198664665181, 49.805699626061738 ], [ 18.064241072083288, 49.806129593377079 ], [ 18.064322826235944, 49.80668073514849 ], [ 18.064409378198647, 49.807115240293257 ], [ 18.064541139795406, 49.807641262141438 ], [ 18.064675411026322, 49.808083244877267 ], [ 18.064850280607647, 49.808571972706886 ], [ 18.06503787272311, 49.809024168218045 ], [ 18.065245891645802, 49.809463987384952 ], [ 18.065494704656302, 49.809928736394411 ], [ 18.06572258244725, 49.810308927638438 ], [ 18.066043138892109, 49.81078785666891 ], [ 18.06627396634455, 49.811099091579486 ], [ 18.066679716250118, 49.811592596650613 ], [ 18.066892771431664, 49.811827666928366 ], [ 18.067400226605315, 49.812334121623898 ], [ 18.067571086864731, 49.81248898042174 ], [ 18.068199499254884, 49.813003600147546 ], [ 18.06830083550101, 49.813078756277847 ], [ 18.069070947053806, 49.813592125596088 ], [ 18.069074570451079, 49.813594297378394 ], [ 18.069946338261619, 49.814059078820392 ], [ 18.070863003163812, 49.814437721499125 ], [ 18.071815420162483, 49.814725771792823 ], [ 18.07300702667742, 49.814962045610081 ], [ 18.073304349053458, 49.814998637766422 ], [ 18.073690721789291, 49.81502705291917 ], [ 18.073901870958796, 49.815037426017341 ], [ 18.074295579579687, 49.815047082778058 ], [ 18.074689288192019, 49.815037426016957 ], [ 18.074900437361006, 49.815027052918737 ], [ 18.075286810105663, 49.814998637764965 ], [ 18.075584132450352, 49.814962045611693 ], [ 18.076775738948591, 49.814725771796432 ], [ 18.076953312638409, 49.814672067012005 ], [ 18.078854660989062, 49.814169299289027 ], [ 18.080823224016097, 49.813790044887291 ], [ 18.08283989531833, 49.813537984519485 ], [ 18.084885102731487, 49.813415564401623 ], [ 18.086938997839795, 49.813423972570035 ], [ 18.088981648135693, 49.813563127380448 ], [ 18.090993229985106, 49.813831678300446 ], [ 18.092954220548496, 49.814227018986259 ], [ 18.094845586817801, 49.81474531251979 ], [ 18.096648969955545, 49.815381528562817 ], [ 18.098346863166, 49.816129492072051 ], [ 18.099922781387949, 49.81698194310804 ], [ 18.101361421174097, 49.817930607162481 ], [ 18.102648809213658, 49.818966275329032 ], [ 18.103772438059739, 49.820078893545947 ], [ 18.104721387743144, 49.821257660051714 ], [ 18.10548643208622, 49.822491130114855 ], [ 18.106060128674418, 49.823767327027831 ], [ 18.106436891597916, 49.825073858292981 ], [ 18.106613046238937, 49.826398035877929 ], [ 18.106586865552291, 49.827726999376722 ], [ 18.10635858746376, 49.829047840882829 ], [ 18.106181424851862, 49.829755116221534 ], [ 18.106094899017986, 49.830189486470275 ], [ 18.106013120582553, 49.830740791859824 ], [ 18.105970731341003, 49.831170567626224 ], [ 18.105943024666896, 49.831734549920078 ], [ 18.10594302432877, 49.832162767230514 ], [ 18.105970732298623, 49.832726775929089 ], [ 18.106013115687968, 49.833156499128108 ], [ 18.106094905691521, 49.833707882586538 ], [ 18.106181410401259, 49.83414215000014 ], [ 18.106313230320662, 49.83466840468553 ], [ 18.106447432963627, 49.835110161096388 ], [ 18.106645881307038, 49.835664786387071 ], [ 18.106988946414607, 49.836870833678006 ], [ 18.107161219813513, 49.838092049621643 ], [ 18.10716126439938, 49.839318337237408 ], [ 18.106989066936109, 49.840539556872834 ], [ 18.106646038589979, 49.841745610043283 ], [ 18.106447441740137, 49.842300651723164 ], [ 18.106313227590263, 49.842742443797285 ], [ 18.106181410207057, 49.843268688223148 ], [ 18.106094907911732, 49.843702940047137 ], [ 18.106013111615425, 49.844254365844662 ], [ 18.105970734345824, 49.844684019982104 ], [ 18.105943021652951, 49.845248124790807 ], [ 18.105943021314747, 49.845676219438232 ], [ 18.105970735303622, 49.846240350656856 ], [ 18.106013106719889, 49.846669952216544 ], [ 18.106094914586627, 49.8472214560989 ], [ 18.106181395753282, 49.847655605065896 ], [ 18.10631324472881, 49.84818197574986 ], [ 18.106447413205199, 49.848623619417886 ], [ 18.106622399852544, 49.849112674425342 ], [ 18.106809862631923, 49.849564557251355 ], [ 18.107018021080926, 49.850004671422212 ], [ 18.107266687658189, 49.850469145873078 ], [ 18.107494714976852, 49.850849586589305 ], [ 18.107815123918979, 49.851328294033706 ], [ 18.108046090232321, 49.851639716176898 ], [ 18.108451717676417, 49.852133070870821 ], [ 18.108664868037636, 49.852368246163465 ], [ 18.109172266665421, 49.85287464271272 ], [ 18.109343127965026, 49.853029502453552 ], [ 18.109971610640283, 49.853544177681968 ], [ 18.110072781003595, 49.853619210785254 ], [ 18.110843174505966, 49.85413276561448 ], [ 18.110846368482807, 49.854134680011931 ], [ 18.111718331933819, 49.854599563130066 ], [ 18.112634978985913, 49.854978195902952 ], [ 18.113587391657045, 49.855266242653229 ], [ 18.114779602567154, 49.855502634245369 ], [ 18.115076417756573, 49.85553916375541 ], [ 18.115463413629637, 49.855567624490206 ], [ 18.115673279075956, 49.855577934523119 ], [ 18.116067641180216, 49.855587607290069 ], [ 18.116462003275359, 49.855577934522749 ], [ 18.116671868721216, 49.855567624489773 ], [ 18.117058864603525, 49.855539163753932 ], [ 18.117355679759019, 49.855502634247216 ], [ 18.118745807746375, 49.855226998260875 ], [ 18.118973058759057, 49.855170074009088 ], [ 18.12080046332412, 49.854774045039377 ], [ 18.122676581783843, 49.854488729039616 ], [ 18.124585408244748, 49.854316560047444 ], [ 18.126510658468643, 49.854259006804682 ], [ 18.128435908462652, 49.854316560258241 ], [ 18.130344734246641, 49.854488729383426 ], [ 18.132220851620108, 49.854774045363889 ], [ 18.134048254750933, 49.855170074093749 ], [ 18.134275506237937, 49.855226998466776 ], [ 18.135665632937371, 49.855502634199603 ], [ 18.135962448555279, 49.85553916376238 ], [ 18.136349443962615, 49.855567624462935 ], [ 18.136559310351757, 49.855577934542154 ], [ 18.136953671981569, 49.855587607297473 ], [ 18.137348033602208, 49.855577934541763 ], [ 18.137557899990849, 49.855567624462502 ], [ 18.137944895407507, 49.855539163760888 ], [ 18.1382417109924, 49.855502634201287 ], [ 18.139433921427749, 49.855266242701781 ], [ 18.140711146484112, 49.854879957472939 ], [ 18.142655396530337, 49.854367333920031 ], [ 18.144669475404591, 49.85398365190585 ], [ 18.146732988189019, 49.853732796413709 ], [ 18.148825040639448, 49.853617307421267 ], [ 18.150924450260135, 49.853638354244687 ], [ 18.153009960261134, 49.853795723729064 ], [ 18.155060454258088, 49.854087822403578 ], [ 18.157055169567183, 49.854511692579109 ], [ 18.15897390696162, 49.855063042228323 ], [ 18.160797234789825, 49.855736288347487 ], [ 18.162506685410115, 49.856524613367739 ], [ 18.164084941970248, 49.857420034049213 ], [ 18.165516013653836, 49.858413482168643 ], [ 18.166785397627184, 49.859494896190839 ], [ 18.167880226049267, 49.86065332300393 ], [ 18.168789396653526, 49.861877028697023 ], [ 18.169503685570323, 49.863153617265226 ], [ 18.169676136451375, 49.863518233509993 ], [ 18.169924753421164, 49.863982614953962 ], [ 18.17015283149324, 49.864363140347287 ], [ 18.170473190234013, 49.864841772385255 ], [ 18.17070420400411, 49.865153258516536 ], [ 18.171109789312471, 49.86564656148505 ], [ 18.171322972874105, 49.865881773408816 ], [ 18.171830351012257, 49.866388148938007 ], [ 18.172001214479767, 49.86654301064376 ], [ 18.172629718576662, 49.867057702729184 ], [ 18.172730835842906, 49.867132696453076 ], [ 18.17350132094283, 49.867646311527885 ], [ 18.173504374349584, 49.867648141670777 ], [ 18.174376401702478, 49.868113057980395 ], [ 18.175293042786397, 49.868491687442571 ], [ 18.176245453990568, 49.868779733003002 ], [ 18.1774378656072, 49.869016163701474 ], [ 18.177734512528051, 49.869052672427195 ], [ 18.17812171535887, 49.869081148300111 ], [ 18.178331154394048, 49.869091437384782 ], [ 18.178725733583423, 49.869101115468922 ], [ 18.17912031276342, 49.869091437384363 ], [ 18.179329751798509, 49.869081148299621 ], [ 18.179716954638486, 49.869052672425624 ], [ 18.180013601524692, 49.869016163703307 ], [ 18.181206013124211, 49.868779733006846 ], [ 18.181340663865193, 49.868739010149866 ], [ 18.183243986729259, 49.86823568113666 ], [ 18.185214692768561, 49.867855872133923 ], [ 18.187233650379916, 49.867603270084196 ], [ 18.189281260703943, 49.867480327022513 ], [ 18.191337647438875, 49.867488236331923 ], [ 18.193382849314037, 49.867626921188304 ], [ 18.195397013377562, 49.867895035306248 ], [ 18.197360587244994, 49.868289975978186 ], [ 18.199254508465163, 49.868807909281948 ], [ 18.201060389186374, 49.869443807214623 ], [ 18.202760694348751, 49.870191496396544 ], [ 18.204338911689586, 49.871043717877775 ], [ 18.205779711922634, 49.871992197472103 ], [ 18.207069097545101, 49.873027725943352 ], [ 18.208194538830806, 49.874140248271743 ], [ 18.209145095688104, 49.875318961141112 ], [ 18.20991152419381, 49.876552417708112 ], [ 18.210486366758257, 49.877828638641638 ], [ 18.21086402503169, 49.879135228361243 ], [ 18.211040814826067, 49.880459495349882 ], [ 18.211015002497984, 49.881788575376966 ], [ 18.210786822416502, 49.883109556437134 ], [ 18.210611519900429, 49.883809405717223 ], [ 18.210525088824685, 49.88424329923663 ], [ 18.210443238499558, 49.884795089266973 ], [ 18.210400897440053, 49.885224375535088 ], [ 18.210373166544674, 49.885788850864294 ], [ 18.210373166206328, 49.886216574557487 ], [ 18.210400898398433, 49.8867810763116 ], [ 18.210443233601232, 49.887210309971422 ], [ 18.210525095503819, 49.887762178134061 ], [ 18.210611505437559, 49.888195968731509 ], [ 18.210743442351202, 49.888722690484343 ], [ 18.210877507382794, 49.889163992813664 ], [ 18.211077229194398, 49.88972217716659 ], [ 18.211419928937772, 49.890926922851058 ], [ 18.211592017356061, 49.892146787449398 ], [ 18.211592061979388, 49.893371707038781 ], [ 18.211420049589769, 49.894591575256854 ], [ 18.211077386753352, 49.895796326684398 ], [ 18.210877516140037, 49.896354928335761 ], [ 18.210743439637156, 49.896796266209456 ], [ 18.210611505225501, 49.897322977838904 ], [ 18.210525097736014, 49.897756752694804 ], [ 18.210443229515679, 49.89830866336483 ], [ 18.210400900450413, 49.898737827778618 ], [ 18.210373163525333, 49.899302425845121 ], [ 18.210373163186897, 49.899730026654886 ], [ 18.210400901408946, 49.900294651151349 ], [ 18.210443224616398, 49.900723762946839 ], [ 18.210525104416526, 49.901275751764913 ], [ 18.21061149075949, 49.901709423676955 ], [ 18.210743456791899, 49.902236261678432 ], [ 18.210877487577271, 49.902677451003441 ], [ 18.211052631143303, 49.903166944569669 ], [ 18.211239920484118, 49.903618408096541 ], [ 18.211448266136468, 49.90405891807594 ], [ 18.211696736105925, 49.90452302390355 ], [ 18.211924964372841, 49.904903799882248 ], [ 18.212245174834198, 49.905382209174768 ], [ 18.212476328359205, 49.905693883744057 ], [ 18.212881790189449, 49.906187035099087 ], [ 18.213095070064913, 49.906422353289102 ], [ 18.213602390412571, 49.906928669428737 ], [ 18.213773256244849, 49.90708353327804 ], [ 18.214401829253553, 49.907598279738018 ], [ 18.214502781980762, 49.907673151431439 ], [ 18.21527354778695, 49.908186951181591 ], [ 18.215276172761044, 49.908188524531703 ], [ 18.216148395085373, 49.90865354215304 ], [ 18.217065018146418, 49.909032161630918 ], [ 18.218017424912098, 49.909320203607017 ], [ 18.218948316511579, 49.909504779882859 ], [ 18.220795446134982, 49.90993331222986 ], [ 18.222572152182188, 49.910471919664971 ], [ 18.224262747574524, 49.911115847314662 ], [ 18.225852303773621, 49.911859410340988 ], [ 18.227326782421844, 49.912696044026269 ], [ 18.228673159204636, 49.913618361618781 ], [ 18.229879538846042, 49.914618219433777 ], [ 18.23093526022387, 49.915686788640599 ], [ 18.23183099067483, 49.91681463310622 ], [ 18.232558808652691, 49.917991792614295 ], [ 18.232582740492081, 49.918036493369904 ], [ 18.232811019051734, 49.918417353256977 ], [ 18.233131179824703, 49.918895687909831 ], [ 18.233362380232915, 49.919207425693919 ], [ 18.233767800567261, 49.919700526101927 ], [ 18.233981112923864, 49.919935880129465 ], [ 18.234488413591173, 49.920442176056369 ], [ 18.234659280666659, 49.920597041032515 ], [ 18.235287876156523, 49.921111805215958 ], [ 18.235388774550238, 49.921186636612958 ], [ 18.236159633399357, 49.921700497569923 ], [ 18.236162116079008, 49.921701985631948 ], [ 18.237034403106822, 49.92216703686956 ], [ 18.237951020132442, 49.922545653006672 ], [ 18.238903425399698, 49.922833693781008 ], [ 18.240096645600619, 49.923070282037031 ], [ 18.240392614460205, 49.923106707011364 ], [ 18.240780651078484, 49.923135243873404 ], [ 18.240988372256346, 49.923145448565123 ], [ 18.24138382598403, 49.923155148069803 ], [ 18.241779279701749, 49.923145448564711 ], [ 18.241987000878382, 49.923135243873034 ], [ 18.242375037507596, 49.923106707009808 ], [ 18.242671006331275, 49.923070282038914 ], [ 18.243864226511938, 49.922833693785378 ], [ 18.244816631780338, 49.922545653012605 ], [ 18.245733248811121, 49.9221670368754 ], [ 18.246605535951186, 49.92170198557983 ], [ 18.246608018423494, 49.921700497642092 ], [ 18.247263791377442, 49.921263354913208 ], [ 18.248792555668153, 49.920341445402876 ], [ 18.250456427838294, 49.919522870440545 ], [ 18.252238721843703, 49.918815836014751 ], [ 18.254121566953302, 49.918227429617282 ], [ 18.256086086704165, 49.91776354934202 ], [ 18.258112587828805, 49.917428844892257 ], [ 18.260180757276711, 49.917226671080662 ], [ 18.262269865374673, 49.9171590542826 ], [ 18.264358973112106, 49.917226672175921 ], [ 18.266427141498291, 49.917428846966516 ], [ 18.268453640918693, 49.91776355216787 ], [ 18.270418158417939, 49.918227432866765 ], [ 18.272301000856103, 49.91881583927416 ], [ 18.274083291924953, 49.919522873229496 ], [ 18.27574716106874, 49.920341447196854 ], [ 18.277275922431834, 49.921263355168129 ], [ 18.277931693932565, 49.921700496920323 ], [ 18.277934178848902, 49.921701986322972 ], [ 18.278806464762962, 49.922167036966798 ], [ 18.279723081796227, 49.922545653106987 ], [ 18.280675487059668, 49.922833693880101 ], [ 18.281868706256034, 49.923070281937093 ], [ 18.282164676056745, 49.923106707027308 ], [ 18.282552711652428, 49.92313524381413 ], [ 18.282760434900162, 49.923145448607549 ], [ 18.283155887586364, 49.9231551480867 ], [ 18.283551340262527, 49.923145448607123 ], [ 18.28375906350977, 49.923135243813668 ], [ 18.284147099115682, 49.923106707025731 ], [ 18.284443068879639, 49.923070281939047 ], [ 18.285636288056587, 49.922833693884449 ], [ 18.286588693321423, 49.922545653112756 ], [ 18.287505310359627, 49.922167036972532 ], [ 18.2883775963858, 49.921701986270875 ], [ 18.288380081093734, 49.921700496993182 ], [ 18.289150938154062, 49.921186637226896 ], [ 18.289251838116719, 49.921111804666616 ], [ 18.289880432243692, 49.92059704159719 ], [ 18.290051300498504, 49.920442175552822 ], [ 18.290558600154974, 49.919935880632458 ], [ 18.29077191337441, 49.919700525653859 ], [ 18.291177332979522, 49.919207426130384 ], [ 18.291408534001885, 49.918895687519473 ], [ 18.291728694263234, 49.918417353628563 ], [ 18.291956973247355, 49.918036493034819 ], [ 18.29220539367255, 49.917572480093092 ], [ 18.292413786445046, 49.917131870488099 ], [ 18.292601032170456, 49.916680512399807 ], [ 18.292776215169308, 49.916190908628174 ], [ 18.292910211374107, 49.915749833405705 ], [ 18.293042206791888, 49.915222878093303 ], [ 18.293128569339487, 49.914789325891569 ], [ 18.293210467186363, 49.914237215414687 ], [ 18.293252778301525, 49.913808226464461 ], [ 18.293280522601535, 49.913243478251701 ], [ 18.293280522263142, 49.912816001292221 ], [ 18.293252779260428, 49.912251279513143 ], [ 18.293210462286755, 49.91182223793718 ], [ 18.293128576021523, 49.911270205619992 ], [ 18.293042192324261, 49.910836550458399 ], [ 18.292867790804191, 49.910140298152868 ], [ 18.292639661027152, 49.908819252160761 ], [ 18.292614034015887, 49.907490118748306 ], [ 18.292791142353654, 49.906165811993048 ], [ 18.293169249065816, 49.904859198058631 ], [ 18.293744665123874, 49.903582970219567 ], [ 18.294511785882303, 49.902349525603476 ], [ 18.295463146071494, 49.901170844846845 ], [ 18.29658949279149, 49.900058375828209 ], [ 18.29787987577949, 49.899022922603777 ], [ 18.299321754060042, 49.898074540618232 ], [ 18.300901117931659, 49.897222439201286 ], [ 18.302602625099361, 49.896474892290399 ], [ 18.304409749630121, 49.895839158238573 ], [ 18.306304942288044, 49.8953214094795 ], [ 18.308269800700579, 49.894926672725411 ], [ 18.310285247715729, 49.894658780272735 ], [ 18.312331716234418, 49.894520332882728 ], [ 18.314389338742199, 49.894512674593223 ], [ 18.316438139721608, 49.894635879703245 ], [ 18.318458229099665, 49.894888752055536 ], [ 18.320429994875301, 49.895268836622954 ], [ 18.322334293079749, 49.895772443288692 ], [ 18.322447609352196, 49.895806713699471 ], [ 18.323640422252449, 49.896043222582392 ], [ 18.323936732878096, 49.89607968976911 ], [ 18.324324349523227, 49.896108195910415 ], [ 18.324532935895938, 49.896118443106445 ], [ 18.324927949190059, 49.896128131823346 ], [ 18.325322962474498, 49.896118443106047 ], [ 18.32553154884641, 49.89610819590996 ], [ 18.325919165501766, 49.896079689767525 ], [ 18.326215476092074, 49.896043222584233 ], [ 18.327408288972645, 49.895806713703763 ], [ 18.328360697222074, 49.89551867053283 ], [ 18.329277326326967, 49.89514004771334 ], [ 18.330149480759776, 49.894675065410603 ], [ 18.330152254419122, 49.894673402941976 ], [ 18.330922921409783, 49.8941596682455 ], [ 18.331023933665985, 49.894084752402662 ], [ 18.331652479549742, 49.893570027467341 ], [ 18.331823348280292, 49.893415160991857 ], [ 18.332330684637938, 49.892908828300477 ], [ 18.332543935280775, 49.892673542364747 ], [ 18.332949435749089, 49.892180343536118 ], [ 18.333180544902088, 49.891868728796922 ], [ 18.333500802859511, 49.891390248137746 ], [ 18.333728982742549, 49.891009552884363 ], [ 18.333753199694584, 49.890964319510644 ], [ 18.334480912286601, 49.889787257455929 ], [ 18.335376424301927, 49.888659527638801 ], [ 18.336431816348867, 49.887591088915862 ], [ 18.337637758939646, 49.886591375928241 ], [ 18.338983595120812, 49.885669215897778 ], [ 18.340457434742, 49.884832750799454 ], [ 18.342046259526043, 49.884089365592764 ], [ 18.343736038010995, 49.883445623138925 ], [ 18.345511849351009, 49.882907206374853 ], [ 18.347358014887774, 49.882478868248668 ], [ 18.348492797397309, 49.882253862262999 ], [ 18.348711662250029, 49.882199038675168 ], [ 18.350540882964978, 49.881802621125971 ], [ 18.352418918038467, 49.881517022651934 ], [ 18.354329728803268, 49.881344682197877 ], [ 18.356256997385877, 49.88128707147429 ], [ 18.358184265725434, 49.881344682420554 ], [ 18.360095075774474, 49.881517023015057 ], [ 18.361973109699466, 49.881802621468452 ], [ 18.363802328898196, 49.882199038763787 ], [ 18.364021194255425, 49.882253862480439 ], [ 18.365155979196167, 49.882478868953513 ], [ 18.367002145581189, 49.882907207309628 ], [ 18.368777957281864, 49.883445624311712 ], [ 18.370467735684549, 49.884089366938625 ], [ 18.372056560008758, 49.884832752190917 ], [ 18.373530398874323, 49.8856692171573 ], [ 18.374876234097876, 49.886591376842766 ], [ 18.37608217562984, 49.887591089251544 ], [ 18.377137566619407, 49.88865952715684 ], [ 18.378033077678225, 49.889787255928013 ], [ 18.378760789506057, 49.890964316733054 ], [ 18.378785007326357, 49.891009551722512 ], [ 18.379013188608397, 49.891390249311499 ], [ 18.379333445013859, 49.891868727649445 ], [ 18.379564555882943, 49.892180344703782 ], [ 18.379970054463943, 49.892673541234529 ], [ 18.380183307179809, 49.892908829458456 ], [ 18.380690641270533, 49.893415159885201 ], [ 18.380861512481466, 49.893570028609318 ], [ 18.381490055662113, 49.894084751329018 ], [ 18.381591070867618, 49.894159669359546 ], [ 18.38236173465344, 49.894673401918013 ], [ 18.382364511797078, 49.89467506647501 ], [ 18.383236664485842, 49.895140047849758 ], [ 18.384153293597745, 49.895518670673987 ], [ 18.385105701839429, 49.895806713844365 ], [ 18.386298513266709, 49.896043222435452 ], [ 18.386594825272649, 49.896079689792074 ], [ 18.386982440418869, 49.896108195823075 ], [ 18.387191029827409, 49.896118443168234 ], [ 18.387586041593099, 49.896128131847661 ], [ 18.387981053348998, 49.896118443167801 ], [ 18.388189642756522, 49.896108195822627 ], [ 18.388577257913237, 49.896079689790469 ], [ 18.388873569884314, 49.896043222437136 ], [ 18.390265187667378, 49.895767293465205 ], [ 18.390479819465536, 49.89571353022221 ], [ 18.392309957067898, 49.89531691647953 ], [ 18.394188959571832, 49.895031175393179 ], [ 18.396100771822105, 49.894858748376492 ], [ 18.398029059024164, 49.894801108633651 ], [ 18.399957345978418, 49.894858748603326 ], [ 18.401869157499021, 49.895031175763023 ], [ 18.403748158832183, 49.8953169168282 ], [ 18.405578294888951, 49.895713530311831 ], [ 18.405792927204299, 49.895767293686745 ], [ 18.406925391499055, 49.895991839380216 ], [ 18.40877202605062, 49.896420271620542 ], [ 18.410548271981884, 49.896958779939389 ], [ 18.412238446559545, 49.897602610421472 ], [ 18.413827625232337, 49.898346079186425 ], [ 18.415301773234052, 49.899182622464409 ], [ 18.416647869411982, 49.900104854432477 ], [ 18.417854021192355, 49.901104632306762 ], [ 18.41890956966953, 49.902173128119784 ], [ 18.419805183889732, 49.90330090655609 ], [ 18.420532943492027, 49.904478008162066 ], [ 18.420557042333868, 49.904523020884966 ], [ 18.420785274277325, 49.904903802997474 ], [ 18.421105480579211, 49.90538220607548 ], [ 18.421336638798461, 49.905693886974248 ], [ 18.421742095360745, 49.906187031921974 ], [ 18.421955381145203, 49.906422356631523 ], [ 18.422462694897533, 49.906928666188897 ], [ 18.422633568091594, 49.907083536710459 ], [ 18.423262132923387, 49.907598276474282 ], [ 18.423363094732032, 49.907673154903023 ], [ 18.424133850506355, 49.908186947965923 ], [ 18.424136486553685, 49.908188527953037 ], [ 18.425008703362106, 49.908653542633424 ], [ 18.425925326458383, 49.909032162125676 ], [ 18.426877733210237, 49.909320204097426 ], [ 18.428070746166934, 49.909556751955229 ], [ 18.428366889254363, 49.909593198447553 ], [ 18.428754712226457, 49.909621719680068 ], [ 18.42896287341955, 49.909631945988373 ], [ 18.42935810319424, 49.909641640007607 ], [ 18.429753332958946, 49.909631945987947 ], [ 18.429961494151065, 49.90962171967962 ], [ 18.430349317133786, 49.909593198445961 ], [ 18.430645460185026, 49.909556751957112 ], [ 18.432037578122838, 49.909280724620842 ], [ 18.432247973956439, 49.90922802245138 ], [ 18.434079029047208, 49.908831212389941 ], [ 18.435958999650438, 49.908545328598507 ], [ 18.437871814101001, 49.908372814962199 ], [ 18.439801120660547, 49.908315146180776 ], [ 18.441730426967599, 49.908372815193033 ], [ 18.443643240674731, 49.908545328974675 ], [ 18.445523210085163, 49.908831212744218 ], [ 18.447354263601323, 49.90922802254142 ], [ 18.447564659968027, 49.909280724846724 ], [ 18.448956776494171, 49.909556751905164 ], [ 18.449252920052395, 49.909593198455454 ], [ 18.449640742514031, 49.909621719650374 ], [ 18.449848904740708, 49.909631946009455 ], [ 18.450244133995092, 49.909641640015934 ], [ 18.450639363239578, 49.909631946009043 ], [ 18.450847525465935, 49.909621719649891 ], [ 18.451235347937558, 49.909593198453784 ], [ 18.451531491458148, 49.909556751907211 ], [ 18.452724503894405, 49.909320204151051 ], [ 18.453676910645402, 49.90903216218139 ], [ 18.454593533749811, 49.908653542687823 ], [ 18.455465750114559, 49.90818852824588 ], [ 18.455468387071722, 49.908186947713418 ], [ 18.456239142069638, 49.907673155166385 ], [ 18.456340104530504, 49.907598276254227 ], [ 18.456968668824999, 49.907083536928376 ], [ 18.457139542455405, 49.906928666011922 ], [ 18.457646855862262, 49.906422356797087 ], [ 18.457860141913777, 49.906187031793799 ], [ 18.458265598277617, 49.905693887085008 ], [ 18.458496756637647, 49.905382205997739 ], [ 18.458816962847706, 49.904903803054445 ], [ 18.459045194845018, 49.904523020853603 ], [ 18.459293661565717, 49.904058921091845 ], [ 18.459502010034502, 49.903618405159342 ], [ 18.459689296960562, 49.903166947451084 ], [ 18.459864442576123, 49.902677448158819 ], [ 18.459998471654362, 49.90223626445114 ], [ 18.460130439077666, 49.901709420899174 ], [ 18.460216824330466, 49.901275754458176 ], [ 18.460298704936775, 49.900723760207612 ], [ 18.460341027613193, 49.900294653795299 ], [ 18.460368766099396, 49.899730023925166 ], [ 18.460368765761149, 49.899302428470278 ], [ 18.460341028571982, 49.898737825028441 ], [ 18.460298700038376, 49.898308666000922 ], [ 18.460216831011248, 49.897756749893681 ], [ 18.460130424613581, 49.897322980515497 ], [ 18.460086671149465, 49.897148308220331 ], [ 18.459860275612598, 49.895845508817082 ], [ 18.459830789828757, 49.894534664327082 ], [ 18.459998476745579, 49.893228163858403 ], [ 18.460361736008359, 49.891938354500759 ], [ 18.460917119670771, 49.890677424661284 ], [ 18.461659365337798, 49.889457288935134 ], [ 18.462581446406592, 49.888289475596373 ], [ 18.463674638911435, 49.887185017769667 ], [ 18.464928604324577, 49.886154349305414 ], [ 18.466331487517419, 49.88520720633781 ], [ 18.467870028946596, 49.88435253544904 ], [ 18.469529689999472, 49.883598409301271 ], [ 18.471294790313269, 49.882951950526191 ], [ 18.473148655773461, 49.882419264585252 ], [ 18.474027905944631, 49.882199023897641 ], [ 18.475857112384997, 49.881802609443788 ], [ 18.477735132805979, 49.881517013199549 ], [ 18.479645928663857, 49.881344674091373 ], [ 18.481573182210628, 49.881287063818469 ], [ 18.483500435511949, 49.881344674316196 ], [ 18.485411230647035, 49.881517013566182 ], [ 18.487289249908265, 49.881802609789567 ], [ 18.489118454817572, 49.882199023986921 ], [ 18.489337384437146, 49.882253863800472 ], [ 18.490728492858977, 49.882529692583134 ], [ 18.491024976880947, 49.882566181185531 ], [ 18.491412380893614, 49.88259467177155 ], [ 18.491621405198526, 49.882604940481762 ], [ 18.492016195598143, 49.882614623739137 ], [ 18.49241098598819, 49.882604940481365 ], [ 18.492620010292985, 49.882594671771038 ], [ 18.493007414315134, 49.88256618118389 ], [ 18.493303898300336, 49.882529692585166 ], [ 18.494496504916377, 49.882293223910523 ], [ 18.495448914630973, 49.88200517954926 ], [ 18.496365549774698, 49.881626553388912 ], [ 18.49723763459772, 49.881161607319633 ], [ 18.497240560339051, 49.881159853696523 ], [ 18.498011125360655, 49.880646186158231 ], [ 18.498112200067883, 49.880571223998558 ], [ 18.498740716133629, 49.880056522795478 ], [ 18.498911590242002, 49.879901651445962 ], [ 18.499418940337904, 49.879395304472354 ], [ 18.499632163826902, 49.87916004849636 ], [ 18.500037701040444, 49.878666804498792 ], [ 18.500268767541765, 49.878355247268836 ], [ 18.50058907144054, 49.877876697568205 ], [ 18.50081720433986, 49.877496080702542 ], [ 18.501065768152834, 49.877031798892723 ], [ 18.50127402408118, 49.876591478620732 ], [ 18.501461396807297, 49.876139813479121 ], [ 18.501636464751201, 49.875650531264711 ], [ 18.501770562012819, 49.875209122565558 ], [ 18.501902471451078, 49.874682510502822 ], [ 18.501988903686954, 49.874248607687427 ], [ 18.502070748645156, 49.873696853756975 ], [ 18.502113095215257, 49.873267504599752 ], [ 18.502140821689853, 49.872703119231467 ], [ 18.502140821351755, 49.872275278989612 ], [ 18.502113096173677, 49.871710920039426 ], [ 18.502070743748757, 49.871281518287766 ], [ 18.501988910365043, 49.870729842468663 ], [ 18.501902456993285, 49.870295836759396 ], [ 18.501770579159913, 49.869769351004749 ], [ 18.501636436205512, 49.869327793835957 ], [ 18.501437176275736, 49.868770898936901 ], [ 18.501094338612308, 49.867565524235111 ], [ 18.500922237644712, 49.866345008198067 ], [ 18.500922282233333, 49.865119432558586 ], [ 18.501094459165806, 49.863898920106777 ], [ 18.501437333689736, 49.862693551078841 ], [ 18.50163644495008, 49.8621370730677 ], [ 18.501770576453914, 49.861695551377018 ], [ 18.50190245677555, 49.861169055554463 ], [ 18.501988912601227, 49.860735034058251 ], [ 18.502070739662113, 49.860183400781715 ], [ 18.502113098227628, 49.859753929759343 ], [ 18.502140818672185, 49.859189667135247 ], [ 18.502140818334151, 49.858761704007435 ], [ 18.50211309918587, 49.858197467796536 ], [ 18.502070734766697, 49.857767944190009 ], [ 18.501988919277956, 49.857216389008997 ], [ 18.501902442320869, 49.856782264640607 ], [ 18.501859871735714, 49.856612314640557 ], [ 18.501633355775944, 49.855309111932883 ], [ 18.501603705943591, 49.853997845935218 ], [ 18.501771186922625, 49.852690917333348 ], [ 18.502134199348685, 49.851400684831638 ], [ 18.502689295519701, 49.850139348307536 ], [ 18.503431212556162, 49.848918833502879 ], [ 18.504352922676901, 49.847750679341019 ], [ 18.505445700095606, 49.846645928930755 ], [ 18.506699203889301, 49.845615025283848 ], [ 18.508101576041614, 49.844667712725652 ], [ 18.509639553724661, 49.843812944926135 ], [ 18.511298594752056, 49.843058800412933 ], [ 18.513063015015785, 49.842412406358996 ], [ 18.514916136610562, 49.841879871358579 ], [ 18.515183877309603, 49.841812806729131 ], [ 18.516334859368829, 49.841464705349658 ], [ 18.517251512453122, 49.841086069242415 ], [ 18.51812340082153, 49.840621225279492 ], [ 18.518126757792988, 49.840619213186777 ], [ 18.518897039395629, 49.840105732135697 ], [ 18.51899828121141, 49.840030646039892 ], [ 18.519626725965754, 49.839516001178239 ], [ 18.519797599916799, 49.839361129971593 ], [ 18.520305005793851, 49.838854725614446 ], [ 18.520518134781867, 49.838619573904509 ], [ 18.520923793851775, 49.838126180266016 ], [ 18.521154722039345, 49.837814809530862 ], [ 18.521475172946584, 49.837336038983267 ], [ 18.521703156766399, 49.836955670842023 ], [ 18.521951866608781, 49.836491115228817 ], [ 18.522159983373889, 49.836051089192942 ], [ 18.522347485113869, 49.835599112143854 ], [ 18.522522436274102, 49.835110156318152 ], [ 18.522656636048339, 49.834668409348609 ], [ 18.522788458309982, 49.834142145314594 ], [ 18.522874961180094, 49.833707887134906 ], [ 18.522956752545834, 49.833156494495455 ], [ 18.522999135036748, 49.832726780405601 ], [ 18.523026843453682, 49.832162762609542 ], [ 18.523026843115787, 49.831734554367856 ], [ 18.522999135994645, 49.831170562974584 ], [ 18.522956747652369, 49.830740796320953 ], [ 18.522874967854055, 49.830189481745251 ], [ 18.522788443861618, 49.829755120737353 ], [ 18.52274666172827, 49.829588318397938 ], [ 18.522520065522734, 49.828284846842024 ], [ 18.522490306421062, 49.826973299856192 ], [ 18.522657650264343, 49.825666085841981 ], [ 18.523020498348661, 49.824375571244076 ], [ 18.523575403135421, 49.823113963584035 ], [ 18.524317101423296, 49.821893196032498 ], [ 18.525238564647239, 49.820724814609747 ], [ 18.526331065809369, 49.819619869078387 ], [ 18.527584262392384, 49.818588808555361 ], [ 18.528986294457727, 49.817641382824831 ], [ 18.530523896991056, 49.816786550279957 ], [ 18.532182525427057, 49.816032393356863 ], [ 18.533946493164613, 49.81538604225446 ], [ 18.53579911977506, 49.814853607654079 ], [ 18.536705591970406, 49.814626548144744 ], [ 18.538530195715406, 49.814231118694074 ], [ 18.540403361020797, 49.813946238381895 ], [ 18.542309131689755, 49.813774333805007 ], [ 18.544231274477962, 49.813716869202473 ], [ 18.546153417038596, 49.813774334014326 ], [ 18.54805918703746, 49.813946238723609 ], [ 18.549932351267479, 49.814231119017315 ], [ 18.551756953592516, 49.814626548231203 ], [ 18.551997127572793, 49.814686709581736 ], [ 18.553143733746111, 49.814914063205833 ], [ 18.554987517445078, 49.81534192224742 ], [ 18.556761117439383, 49.815879869885968 ], [ 18.558448876082746, 49.81652315768126 ], [ 18.560035891804542, 49.817266107172294 ], [ 18.561508150495889, 49.818102159899048 ], [ 18.562852649142105, 49.81902393518596 ], [ 18.564057510615235, 49.820023295181755 ], [ 18.565112088614612, 49.821091416585354 ], [ 18.566007061827975, 49.822218868431875 ], [ 18.566734516477023, 49.823395695255122 ], [ 18.566759413907509, 49.823442199822594 ], [ 18.566987349320005, 49.823822487202449 ], [ 18.567307847800613, 49.824301329227872 ], [ 18.567538731465781, 49.824612639932589 ], [ 18.56794442941364, 49.825106081331889 ], [ 18.568157528812041, 49.825341200395464 ], [ 18.568664951197427, 49.825847621796797 ], [ 18.568835827365351, 49.826002495013256 ], [ 18.569464245894512, 49.826517119081679 ], [ 18.569565546059394, 49.826592248452357 ], [ 18.57033573035616, 49.827105665449885 ], [ 18.5703392340831, 49.827107765504543 ], [ 18.571211055428218, 49.827572574612198 ], [ 18.572127714470017, 49.8279512140262 ], [ 18.573080130004165, 49.828239263132396 ], [ 18.574271927264284, 49.828475574084912 ], [ 18.57456909058099, 49.828512146590597 ], [ 18.574955660116732, 49.828540576134699 ], [ 18.575166403488662, 49.828550929297343 ], [ 18.575560318803628, 49.828560591120613 ], [ 18.575954234109549, 49.828550929296966 ], [ 18.576164977480921, 49.828540576134259 ], [ 18.576551547025982, 49.828512146589091 ], [ 18.576848710309054, 49.828475574086667 ], [ 18.5782378074767, 49.828200140890942 ], [ 18.578473766170962, 49.828141035437781 ], [ 18.580299282978867, 49.827745410597565 ], [ 18.582173411530331, 49.82746038826447 ], [ 18.584080179257036, 49.827288397486655 ], [ 18.586003336114352, 49.827230903986553 ], [ 18.587926492739609, 49.827288397699995 ], [ 18.589833259783052, 49.827460388612693 ], [ 18.591707387238042, 49.827745410926894 ], [ 18.593532902598199, 49.828141035525427 ], [ 18.593768861762126, 49.828200141098826 ], [ 18.595157957628903, 49.828475574038372 ], [ 18.595455121379018, 49.828512146597419 ], [ 18.595841690443969, 49.828540576106896 ], [ 18.596052434769192, 49.828550929316343 ], [ 18.596446349604218, 49.828560591127847 ], [ 18.59684026443032, 49.828550929315924 ], [ 18.597051008754509, 49.828540576106484 ], [ 18.597437577829261, 49.828512146595926 ], [ 18.59773474154612, 49.828475574040041 ], [ 18.59892653832507, 49.828239263181494 ], [ 18.599878953860525, 49.827951214076577 ], [ 18.600795612907941, 49.827572574662057 ], [ 18.601667433843613, 49.827107765774429 ], [ 18.601670938411296, 49.827105665215868 ], [ 18.602369720600109, 49.826639846653975 ], [ 18.603894952540958, 49.825719946208878 ], [ 18.605554564232126, 49.824903205054987 ], [ 18.607331952970075, 49.824197790838362 ], [ 18.609209340680131, 49.823610757573995 ], [ 18.611167951509415, 49.823147975251594 ], [ 18.613188199289493, 49.822814071266485 ], [ 18.615249883009596, 49.822612384254953 ], [ 18.61733238836516, 49.822544930790578 ], [ 18.619414893388612, 49.822612385270517 ], [ 18.62147657613059, 49.822814073190465 ], [ 18.623496822340417, 49.823147977874527 ], [ 18.625455431094657, 49.82361076059366 ], [ 18.627332816341962, 49.824197793873438 ], [ 18.629110202371578, 49.824903207662722 ], [ 18.630769811269854, 49.825719947905512 ], [ 18.632295040506502, 49.826639846937674 ], [ 18.632993821275889, 49.827105664547936 ], [ 18.632997328102935, 49.827107766460706 ], [ 18.633869147905031, 49.827572574745638 ], [ 18.634785806954, 49.827951214162567 ], [ 18.63573822248653, 49.828239263268294 ], [ 18.636930018355418, 49.828475573945063 ], [ 18.637227182974797, 49.828512146611175 ], [ 18.637613751096545, 49.828540576051253 ], [ 18.637824497331362, 49.828550929354527 ], [ 18.638218411205393, 49.828560591142484 ], [ 18.63861232507023, 49.828550929354115 ], [ 18.638823071304405, 49.828540576050763 ], [ 18.639209639435705, 49.82851214660964 ], [ 18.639506804021241, 49.828475573946776 ], [ 18.640895897318, 49.828200141518678 ], [ 18.641131886665377, 49.828141028387321 ], [ 18.642957396662972, 49.827745405024011 ], [ 18.644831518224304, 49.827460383754712 ], [ 18.646738278839933, 49.827288393619 ], [ 18.648661428524925, 49.827230900333831 ], [ 18.650584577976868, 49.827288393833335 ], [ 18.65249133790627, 49.827460384104604 ], [ 18.654365458366424, 49.827745405354911 ], [ 18.656190966910032, 49.828141028475635 ], [ 18.656426956727728, 49.828200141727415 ], [ 18.657816048718217, 49.828475573898366 ], [ 18.658113213772637, 49.828512146617996 ], [ 18.658499781421693, 49.828540576023336 ], [ 18.65871052861316, 49.828550929373577 ], [ 18.659104442005923, 49.828560591149767 ], [ 18.659498355389427, 49.828550929373158 ], [ 18.659709102580546, 49.828540576022831 ], [ 18.660095670238878, 49.828512146616454 ], [ 18.660392835259746, 49.828475573900008 ], [ 18.661584630646651, 49.828239263317286 ], [ 18.662537046177981, 49.827951214213677 ], [ 18.663453705235632, 49.827572574794971 ], [ 18.664325524624036, 49.827107766732297 ], [ 18.664329032295903, 49.827105664313173 ], [ 18.665099213062547, 49.826592249667215 ], [ 18.665200516378015, 49.826517117960229 ], [ 18.665828932115065, 49.826002496176358 ], [ 18.665999810753036, 49.825847620721724 ], [ 18.666507230967447, 49.825341201484981 ], [ 18.666720332272064, 49.825106080319046 ], [ 18.667126028556755, 49.824612640940359 ], [ 18.66735691367106, 49.824301328282914 ], [ 18.667677410897699, 49.823822488128698 ], [ 18.667905347393251, 49.823442198943297 ], [ 18.66793027249485, 49.823395642684403 ], [ 18.668657721593963, 49.822218824815806 ], [ 18.669552687999541, 49.821091381676645 ], [ 18.670607257920562, 49.820023268672379 ], [ 18.671812110035614, 49.819023916698924 ], [ 18.673156598042308, 49.818102148979378 ], [ 18.674628844822113, 49.817266103278882 ], [ 18.67621584738491, 49.816523160178832 ], [ 18.677903591665171, 49.815879878038828 ], [ 18.679677176157647, 49.815341935215102 ], [ 18.681520943306403, 49.814914080040637 ], [ 18.682470631429958, 49.814725773059841 ], [ 18.683423048393919, 49.814437722778671 ], [ 18.684339713390823, 49.814059080063011 ], [ 18.685211466902754, 49.813594306246522 ], [ 18.685215119013716, 49.813592117253869 ], [ 18.685985204589752, 49.813078765250467 ], [ 18.686086564312564, 49.81300359170892 ], [ 18.686714955603748, 49.812488989259499 ], [ 18.686885834820266, 49.812334113280599 ], [ 18.687393273047821, 49.811827675495685 ], [ 18.68760634337686, 49.811592588506187 ], [ 18.688012079811333, 49.811099099817596 ], [ 18.688242919236409, 49.81078784876501 ], [ 18.688563465101304, 49.81030893553956 ], [ 18.688791352221088, 49.8099287287328 ], [ 18.689040157066866, 49.809463994972042 ], [ 18.689248183099714, 49.80902416077361 ], [ 18.689435769091279, 49.808571980022535 ], [ 18.689610643891104, 49.808083237609978 ], [ 18.689744910758076, 49.807641269237592 ], [ 18.689876675921241, 49.807115233153468 ], [ 18.689963225080248, 49.806680742082968 ], [ 18.690044981310145, 49.806129586310178 ], [ 18.690087387357469, 49.805699632894168 ], [ 18.690115083930301, 49.805135856190134 ], [ 18.690115083592612, 49.804707406558499 ], [ 18.690087388315035, 49.804143656246978 ], [ 18.690044976418861, 49.803713650288323 ], [ 18.689963231751619, 49.803162572547024 ], [ 18.689876661479456, 49.802727978691976 ], [ 18.689835643771382, 49.802564228093971 ], [ 18.689608969325736, 49.801260499113589 ], [ 18.689579101272177, 49.799948682613312 ], [ 18.689746306614246, 49.798641194598126 ], [ 18.690108987330607, 49.797350409142595 ], [ 18.69066369608451, 49.796088541304265 ], [ 18.691405169406988, 49.794867531577879 ], [ 18.692326378018073, 49.793698932980668 ], [ 18.693418593791367, 49.792593801834016 ], [ 18.69467147271143, 49.791562593271095 ], [ 18.696073153025615, 49.790615062452368 ], [ 18.697610367652295, 49.789760172418916 ], [ 18.699268569776081, 49.789006009447945 ], [ 18.701032070440224, 49.788359706704981 ], [ 18.702884186837576, 49.787827376907849 ], [ 18.703159264175049, 49.78775847457932 ], [ 18.704309022172108, 49.787410739802361 ], [ 18.705225699001154, 49.787032090513705 ], [ 18.706097321182501, 49.786567384966212 ], [ 18.706101261235919, 49.786565023387382 ], [ 18.706871157190839, 49.78605179616391 ], [ 18.706972629095066, 49.785976539423011 ], [ 18.707600972023481, 49.785461975210254 ], [ 18.707771851942358, 49.785307098594892 ], [ 18.70827932658969, 49.784800623321374 ], [ 18.708492334620232, 49.784565605067826 ], [ 18.708898151662041, 49.784072017385 ], [ 18.709128899431661, 49.78376088991574 ], [ 18.709449542822341, 49.783281830175092 ], [ 18.709677330965363, 49.782901788501221 ], [ 18.709926232818443, 49.782436872849367 ], [ 18.710134166363776, 49.781997234199508 ], [ 18.710321838127349, 49.78154484608072 ], [ 18.710496635264235, 49.781056320721696 ], [ 18.710630970318537, 49.780614127342609 ], [ 18.710762677484759, 49.780088322795407 ], [ 18.710849273641653, 49.77965359527375 ], [ 18.710930994208926, 49.7791026799189 ], [ 18.710973424161033, 49.778672483643092 ], [ 18.711001108716189, 49.778108951564597 ], [ 18.71100110837866, 49.777680257018346 ], [ 18.710973425118251, 49.777116751322112 ], [ 18.710930989319625, 49.776686502524207 ], [ 18.710849280310327, 49.776135665169086 ], [ 18.710762663049255, 49.775700834906459 ], [ 18.710630987438183, 49.775175156467881 ], [ 18.710496606767993, 49.77473281486747 ], [ 18.710299549509731, 49.77418207609643 ], [ 18.709956079992843, 49.77297445073382 ], [ 18.709783659033505, 49.771751597294092 ], [ 18.709783703536232, 49.77052365522195 ], [ 18.709956200273968, 49.769300805414858 ], [ 18.710299706423317, 49.76809318581207 ], [ 18.710496615518455, 49.767542862369595 ], [ 18.710630984721721, 49.767100556304968 ], [ 18.710762662843301, 49.766574867710553 ], [ 18.71084928253606, 49.766140021777744 ], [ 18.710930985244246, 49.765589226819138 ], [ 18.71097342716725, 49.765158908925521 ], [ 18.711001105704291, 49.764595499348374 ], [ 18.711001105366812, 49.764166682156201 ], [ 18.710973428124277, 49.763603298956227 ], [ 18.710930980355911, 49.763172928550965 ], [ 18.710849289203338, 49.762622211576044 ], [ 18.710762648410903, 49.762187262924023 ], [ 18.710631001837321, 49.76166170040964 ], [ 18.710496587029244, 49.761219246159385 ], [ 18.710321888873352, 49.76073099761215 ], [ 18.710134096393876, 49.76027831941385 ], [ 18.709926304227064, 49.759838979897509 ], [ 18.70967723895383, 49.759373759355128 ], [ 18.709449633359601, 49.75899402248087 ], [ 18.70912878868554, 49.758514661883908 ], [ 18.70889825516258, 49.758203823530948 ], [ 18.708492213978854, 49.757709962627565 ], [ 18.70827942998104, 49.757475191773452 ], [ 18.707771738286386, 49.756968498785128 ], [ 18.707601052582575, 49.756813798365719 ], [ 18.706657930604624, 49.756041446689167 ], [ 18.706659080149887, 49.756040857529342 ], [ 18.705727549085459, 49.755277612523159 ], [ 18.704626580735482, 49.754167615630038 ], [ 18.70369835036831, 49.752993219039993 ], [ 18.70295173396244, 49.751765668473944 ], [ 18.702393866700508, 49.750496717809213 ], [ 18.702030075113424, 49.749198516435818 ], [ 18.701863826609937, 49.747883492856921 ], [ 18.701896696854831, 49.746564235650794 ], [ 18.702128355286408, 49.745253372937157 ], [ 18.702556568888852, 49.743963451502623 ], [ 18.703177224160136, 49.742706816741922 ], [ 18.703984367042597, 49.741495494562777 ], [ 18.704970260412662, 49.740341076381775 ], [ 18.706125458560717, 49.73925460830786 ], [ 18.707438897932036, 49.738246485569029 ], [ 18.708898003247871, 49.737326353185935 ], [ 18.710488807982735, 49.736503013837641 ], [ 18.712196088040546, 49.735784343792631 ], [ 18.714003507350842, 49.735177217703679 ], [ 18.715893773996143, 49.734687442978483 ], [ 18.717848805385881, 49.734319704348302 ], [ 18.719849900908542, 49.734077519158234 ], [ 18.721877920426508, 49.733963203802837 ], [ 18.722154926681494, 49.73395640931269 ], [ 18.722368662202499, 49.733945909155146 ], [ 18.72275377912927, 49.733917585872362 ], [ 18.723052125978224, 49.733880867178712 ], [ 18.724242514050925, 49.733644830845051 ], [ 18.725194939427286, 49.733356773566975 ], [ 18.726111639745131, 49.732978111211864 ], [ 18.72698299935352, 49.732513542163055 ], [ 18.72698751476203, 49.732510835729443 ], [ 18.727757031606618, 49.731997857984936 ], [ 18.727858727973931, 49.731922434770908 ], [ 18.728486973921765, 49.731407947243653 ], [ 18.728657855563707, 49.731253069066909 ], [ 18.729165402706773, 49.730746519160412 ], [ 18.729378286468304, 49.730511638017006 ], [ 18.729784264426172, 49.73001785270862 ], [ 18.730014829140178, 49.729706972061649 ], [ 18.730335667370639, 49.729227619606029 ], [ 18.730563257727855, 49.728847907918286 ], [ 18.730812353466796, 49.728382628723161 ], [ 18.731020102131414, 49.727943380971027 ], [ 18.731207945372535, 49.727490578275308 ], [ 18.731382587227209, 49.727002486901135 ], [ 18.731517058629294, 49.726559843595425 ], [ 18.731648649816162, 49.726034502063918 ], [ 18.731735339962089, 49.72559930167229 ], [ 18.731816989206109, 49.725048867139733 ], [ 18.731859466967748, 49.724618185142781 ], [ 18.731887127487088, 49.724055142324424 ], [ 18.731887127149818, 49.723625957936015 ], [ 18.731859467924231, 49.723062941479405 ], [ 18.731825410974601, 49.722637869557616 ], [ 18.731743778869816, 49.722087510921504 ], [ 18.731657071990174, 49.721652206164215 ], [ 18.731618416519979, 49.721497879396225 ], [ 18.731391515047211, 49.72019334079102 ], [ 18.731361333767943, 49.718880679076157 ], [ 18.731528143024406, 49.717572333405691 ], [ 18.731890346644427, 49.716280701069657 ], [ 18.732444497651688, 49.71501802004471 ], [ 18.733185331484847, 49.71379625309045 ], [ 18.734105816389672, 49.712626974486348 ], [ 18.735197220487706, 49.711521260478882 ], [ 18.736449194869543, 49.710489584473201 ], [ 18.737849871911951, 49.709541717955396 ], [ 18.739385977878051, 49.708686638078795 ], [ 18.74104295872818, 49.707932442782955 ], [ 18.74280511794807, 49.707286274242179 ], [ 18.744655765091849, 49.706754251362263 ], [ 18.744941612956772, 49.706682652682311 ], [ 18.746089558374077, 49.706335467015734 ], [ 18.747006277257128, 49.70595680111029 ], [ 18.747877512817183, 49.705492303027341 ], [ 18.747882316645089, 49.70548942376174 ], [ 18.748651650997836, 49.704976573174051 ], [ 18.748753461557367, 49.704901066327004 ], [ 18.749381665617637, 49.704386619072984 ], [ 18.749552551103225, 49.704231739683571 ], [ 18.750060140726625, 49.703725153932822 ], [ 18.750272966195936, 49.703490340832893 ], [ 18.750679030528019, 49.702996457763483 ], [ 18.750909508277175, 49.702685699889052 ], [ 18.751230449563408, 49.702206201750315 ], [ 18.751457946180093, 49.701826654243185 ], [ 18.751707144245589, 49.70136119361905 ], [ 18.751914806080837, 49.700922140288931 ], [ 18.75210274021989, 49.700469130356971 ], [ 18.752277310369415, 49.699981254704028 ], [ 18.752411854909244, 49.699538386231396 ], [ 18.752543394231537, 49.699013274672481 ], [ 18.752630136170488, 49.698577837416167 ], [ 18.752711755929738, 49.698027641489261 ], [ 18.752754262261085, 49.697596715995573 ], [ 18.752781916853763, 49.697033915736782 ], [ 18.752781921080071, 49.696604485598165 ], [ 18.752754279741811, 49.696041711443719 ], [ 18.752711776730102, 49.695610733109554 ], [ 18.752630180207447, 49.695060614356848 ], [ 18.752543426446923, 49.694625073713972 ], [ 18.752411929796121, 49.694100086916322 ], [ 18.752277349120437, 49.693657069232096 ], [ 18.752082190089393, 49.693111618693578 ], [ 18.751738189322857, 49.691902053822837 ], [ 18.751565505836496, 49.690677186999004 ], [ 18.75156556334364, 49.68944720734391 ], [ 18.751738348490008, 49.688222345766157 ], [ 18.752082411392255, 49.687012789860162 ], [ 18.752277434285091, 49.686467755054288 ], [ 18.752412012879176, 49.68602477421139 ], [ 18.752543523230898, 49.685499778304909 ], [ 18.752630288650462, 49.68506422292058 ], [ 18.752711890590128, 49.684514147115358 ], [ 18.75275440886767, 49.684083100267365 ], [ 18.752782057453903, 49.683520422248712 ], [ 18.752782061681678, 49.683090869720765 ], [ 18.752754426347298, 49.682528217801163 ], [ 18.752711911393341, 49.682097118122606 ], [ 18.752630332685619, 49.681547119475418 ], [ 18.75254355545173, 49.681111460725838 ], [ 18.752412087762188, 49.680586589551559 ], [ 18.752277473045854, 49.680143459531607 ], [ 18.752082629492598, 49.679598890730716 ], [ 18.751738538236257, 49.678389003502652 ], [ 18.751565808924909, 49.677163801873142 ], [ 18.751565866425192, 49.675933483248706 ], [ 18.751738697379349, 49.674708286879387 ], [ 18.752082850744294, 49.673498408642686 ], [ 18.752277558214157, 49.67295425534784 ], [ 18.752412170845528, 49.672511162190197 ], [ 18.752543652239822, 49.671986281883598 ], [ 18.752630441130062, 49.671550608421171 ], [ 18.752712025257324, 49.671000652689301 ], [ 18.752754555476432, 49.670569484533807 ], [ 18.75278219805848, 49.670006928709228 ], [ 18.752782202287733, 49.669577253837431 ], [ 18.752754572954959, 49.669014724106802 ], [ 18.752712046063394, 49.668583503130662 ], [ 18.752630485163415, 49.668033624540627 ], [ 18.752543684466133, 49.667597847734285 ], [ 18.75241224572466, 49.667073092130856 ], [ 18.752277596984595, 49.666629849830606 ], [ 18.752083068773967, 49.666086162389512 ], [ 18.751738887068893, 49.66487595294592 ], [ 18.751566111953018, 49.663650416649439 ], [ 18.751566169446491, 49.662419759193234 ], [ 18.751739046188096, 49.66119422817102 ], [ 18.752083289974742, 49.659984027745502 ], [ 18.752277682156382, 49.659440755585244 ], [ 18.752412328808376, 49.658997550167676 ], [ 18.752543781258453, 49.6584727854082 ], [ 18.752630593609293, 49.658036993917975 ], [ 18.752712159931296, 49.657487158211509 ], [ 18.752754702087397, 49.657055868794671 ], [ 18.752782338667487, 49.6564934351183 ], [ 18.752782342898215, 49.656063637948421 ], [ 18.752754719564837, 49.655501230360677 ], [ 18.752712180740225, 49.655069888133276 ], [ 18.752630637640902, 49.654520129552367 ], [ 18.752543813490202, 49.654084234739258 ], [ 18.752412403683632, 49.653559594653998 ], [ 18.752277720936654, 49.653116240128703 ], [ 18.752083507933659, 49.652573433670049 ], [ 18.751739235820992, 49.651362902153068 ], [ 18.751566414920976, 49.650137031328519 ], [ 18.751566472407571, 49.648906035178364 ], [ 18.751739394916129, 49.647680169642207 ], [ 18.752083729083239, 49.646469647169894 ], [ 18.752277806112062, 49.645927255765777 ], [ 18.75241248676766, 49.645483938144082 ], [ 18.752543910286686, 49.644959288879264 ], [ 18.752630746088233, 49.644523379410764 ], [ 18.75271229461212, 49.643973663681422 ], [ 18.752754848700544, 49.643542253050249 ], [ 18.752782479280967, 49.642979941476 ], [ 18.752782483513165, 49.642550022053321 ], [ 18.752754866176883, 49.64198773656252 ], [ 18.752712315423906, 49.641556273130924 ], [ 18.752630790118054, 49.641006634510823 ], [ 18.752543942523886, 49.640570621740679 ], [ 18.752412561639048, 49.640046097121072 ], [ 18.752277844902071, 49.639602630426246 ], [ 18.752083946971499, 49.639060704572067 ], [ 18.75173958449238, 49.637849851123605 ], [ 18.751566717828659, 49.636623645909687 ], [ 18.751566775308426, 49.635392311203333 ], [ 18.751739743563572, 49.634166111291975 ], [ 18.75208416807012, 49.632955266914834 ], [ 18.752277930081029, 49.6324137558899 ], [ 18.752412644723453, 49.631970326119138 ], [ 18.752544039324558, 49.631445792296475 ], [ 18.752630898566817, 49.63100976489978 ], [ 18.752712429299745, 49.630460169099216 ], [ 18.7527549953159, 49.630028637300356 ], [ 18.752782619898912, 49.629466447782264 ], [ 18.752782624132589, 49.629036406152515 ], [ 18.752755012791152, 49.628474242712606 ], [ 18.75271245011438, 49.628042658123157 ], [ 18.752630942594838, 49.627493139415705 ], [ 18.752544071567243, 49.627057008738738 ], [ 18.752412719590975, 49.626532599532233 ], [ 18.752277968880762, 49.626089020722901 ], [ 18.752103662687755, 49.625601852431366 ], [ 18.751915446851438, 49.625148138219231 ], [ 18.751708119512795, 49.62470977075926 ], [ 18.75145857539556, 49.624243641985458 ], [ 18.751231465514795, 49.623864724456155 ], [ 18.750910140306818, 49.623384632853785 ], [ 18.750680064084868, 49.623074405650222 ], [ 18.750273627965385, 49.622580051456964 ], [ 18.750061152641855, 49.622345617491305 ], [ 18.749553287738596, 49.621838738330865 ], [ 18.749382594318874, 49.621684028675958 ], [ 18.748754342454273, 49.621169523348492 ], [ 18.748652407303272, 49.621093922089692 ], [ 18.747883439288415, 49.620581296181498 ], [ 18.747877979977453, 49.620578023953733 ], [ 18.747007037655329, 49.620113664220746 ], [ 18.74609028615728, 49.619734968479612 ], [ 18.745137848106662, 49.619446896374036 ], [ 18.744143593448968, 49.619249739875912 ], [ 18.742307593293305, 49.618823443545281 ], [ 18.740541288705046, 49.618287085388431 ], [ 18.738860270938805, 49.617645400525497 ], [ 18.737279376690566, 49.616904053741365 ], [ 18.735812556967637, 49.61606958937498 ], [ 18.734472753856611, 49.615149373436147 ], [ 18.733271786282565, 49.614151528467936 ], [ 18.732220245769273, 49.613084861732659 ], [ 18.731327403119202, 49.611958787362127 ], [ 18.730601126832433, 49.610783243163546 ], [ 18.730572596435326, 49.610729950108016 ], [ 18.730352636804042, 49.610362962383462 ], [ 18.730014233373534, 49.609859948028401 ], [ 18.729777385133364, 49.60954364356239 ], [ 18.729387898062022, 49.60907204878513 ], [ 18.72916554203632, 49.6088267168941 ], [ 18.728657653947234, 49.608319821631412 ], [ 18.728486960461016, 49.608165114157657 ], [ 18.727858727641745, 49.607650630994172 ], [ 18.727756737946397, 49.607574990328608 ], [ 18.726987859207338, 49.607062430161974 ], [ 18.72698225910607, 49.607059073592858 ], [ 18.726111378872073, 49.606594752588393 ], [ 18.72519462053339, 49.606216058925504 ], [ 18.724242181124158, 49.605927990844911 ], [ 18.723245343651055, 49.605730326475154 ], [ 18.721409806387037, 49.605304132228277 ], [ 18.719643929957758, 49.604767873775238 ], [ 18.717963301530769, 49.604126285263533 ], [ 18.716382754073663, 49.603385030516925 ], [ 18.714916235259349, 49.602550652933822 ], [ 18.713576684266059, 49.601630517613977 ], [ 18.712375917564312, 49.600632746229699 ], [ 18.711324524700803, 49.599566145221402 ], [ 18.710431774997545, 49.598440127956145 ], [ 18.709705535985389, 49.597264631542345 ], [ 18.709676885511833, 49.597211115337522 ], [ 18.709449871800981, 49.59683236595982 ], [ 18.709128444468224, 49.596352129987473 ], [ 18.708898457854065, 49.596042029054338 ], [ 18.708491936606706, 49.5955475785345 ], [ 18.708279522374099, 49.595313215652212 ], [ 18.707771616543383, 49.594806302113788 ], [ 18.707600922256759, 49.594651593914534 ], [ 18.706972714004763, 49.594137130189431 ], [ 18.706870668010023, 49.594061447769327 ], [ 18.70610188401912, 49.593548949959455 ], [ 18.706096140483893, 49.59354550741935 ], [ 18.70522532587, 49.593081220532362 ], [ 18.704308561836626, 49.592702523682199 ], [ 18.703356121139549, 49.592414454477051 ], [ 18.7021677579894, 49.592178810367741 ], [ 18.701867729931884, 49.592141883406264 ], [ 18.701484698580657, 49.592113713005254 ], [ 18.701266662260295, 49.59210300157234 ], [ 18.700876461617071, 49.592093430374241 ], [ 18.700486260967214, 49.592103001571857 ], [ 18.700268224646951, 49.592113713004601 ], [ 18.699885193302048, 49.592141883404722 ], [ 18.699585165220558, 49.592178810368345 ], [ 18.698396802055612, 49.592414454479098 ], [ 18.697444361361299, 49.592702523684096 ], [ 18.696527597328362, 49.59308122053487 ], [ 18.695656782789179, 49.5935455073827 ], [ 18.695651039116328, 49.593548950005278 ], [ 18.694842218017769, 49.594088137492953 ], [ 18.693326264778712, 49.595002697292685 ], [ 18.69167771225646, 49.595814583121872 ], [ 18.6899129463892, 49.596515722225874 ], [ 18.6880495110215, 49.597099142707719 ], [ 18.686105933272668, 49.597559042995663 ], [ 18.684101539023132, 49.597890849659386 ], [ 18.682056260368263, 49.598091262992696 ], [ 18.679990436973338, 49.598158289904731 ], [ 18.677924613326649, 49.598091263789158 ], [ 18.675879333930482, 49.597890851170611 ], [ 18.673874938491561, 49.597559045061907 ], [ 18.671931359172298, 49.597099145098859 ], [ 18.670067921942785, 49.596515724652285 ], [ 18.668303154030703, 49.595814585247865 ], [ 18.666654599402897, 49.595002698752886 ], [ 18.665138644128294, 49.594088137909509 ], [ 18.664329821634396, 49.59354894949179 ], [ 18.664324079676177, 49.593545507896906 ], [ 18.663453264276161, 49.593081220590854 ], [ 18.662536500247917, 49.592702523742787 ], [ 18.661584059548314, 49.592414454536943 ], [ 18.660395695699176, 49.592178810288864 ], [ 18.660095668298002, 49.592141883408168 ], [ 18.659712636235881, 49.592113712954912 ], [ 18.659494601354591, 49.592103001592704 ], [ 18.659104399987196, 49.592093430376771 ], [ 18.658714198613122, 49.592103001592214 ], [ 18.658496163732199, 49.592113712954244 ], [ 18.658113131676185, 49.59214188340659 ], [ 18.657813104250366, 49.592178810289589 ], [ 18.656432489892179, 49.59245257512265 ], [ 18.656162325547403, 49.59252024672687 ], [ 18.656154838588854, 49.592507615955242 ], [ 18.655475169974086, 49.592686703381005 ], [ 18.653469512029453, 49.593067724995329 ], [ 18.651415044860826, 49.593315636381746 ], [ 18.649332623677108, 49.593427920886107 ], [ 18.647243388159726, 49.593403438626972 ], [ 18.64516854734666, 49.593242438096098 ], [ 18.643129163803629, 49.592946553631634 ], [ 18.6411459392993, 49.592518788789341 ], [ 18.640139401691176, 49.592264424696943 ], [ 18.638297613581084, 49.591730599943048 ], [ 18.636544293591506, 49.591083034431406 ], [ 18.634896014074151, 49.590327850221996 ], [ 18.633368352295129, 49.589472186509816 ], [ 18.631975743071315, 49.588524132002689 ], [ 18.630731342310405, 49.587492648319326 ], [ 18.629646902746799, 49.586387485138687 ], [ 18.628732663046634, 49.58521908790901 ], [ 18.627997251324171, 49.58399849899557 ], [ 18.627447603971845, 49.5827372532071 ], [ 18.62708890055784, 49.58144726869395 ], [ 18.626924515390009, 49.580140734253597 ], [ 18.626955986184928, 49.578829994111032 ], [ 18.627183000117441, 49.577527431266489 ], [ 18.627218292912644, 49.57738653340769 ], [ 18.627305241642063, 49.576950032040557 ], [ 18.627386694642425, 49.576400920477454 ], [ 18.627429303958699, 49.575968901941003 ], [ 18.627456898337616, 49.575407205446787 ], [ 18.627456898001203, 49.574976673109759 ], [ 18.627429304913687, 49.574415002921164 ], [ 18.627386689768482, 49.57398293201711 ], [ 18.627305248291101, 49.573433898214375 ], [ 18.627218278525469, 49.572997294434018 ], [ 18.627087037833522, 49.572473352288853 ], [ 18.626952145960544, 49.572029323774863 ], [ 18.626759826173164, 49.571491825499081 ], [ 18.626414997759198, 49.570279359514998 ], [ 18.626241888617983, 49.569051478584903 ], [ 18.626241932964003, 49.567818446517414 ], [ 18.626415117516427, 49.566590569427419 ], [ 18.626759982040859, 49.565378109593368 ], [ 18.626952154762972, 49.564841023281865 ], [ 18.627087035073355, 49.564397030626807 ], [ 18.627218278373807, 49.563873077937465 ], [ 18.627305250483783, 49.563436458936614 ], [ 18.627386685736486, 49.562887467018619 ], [ 18.627429306951683, 49.562455327591792 ], [ 18.627456895347738, 49.561893752881453 ], [ 18.627456895011385, 49.561463098609295 ], [ 18.627429307906482, 49.560901550199461 ], [ 18.62738668086353, 49.560469358415588 ], [ 18.627305257131464, 49.559920444241953 ], [ 18.627218263989771, 49.559483722849507 ], [ 18.62708705213069, 49.558959895811583 ], [ 18.626952126381148, 49.558515755505709 ], [ 18.626778009969829, 49.55802913282438 ], [ 18.626589575288804, 49.557574901963314 ], [ 18.626382475252488, 49.557137025832525 ], [ 18.626132684498835, 49.556670444956211 ], [ 18.625905818537213, 49.556291942082858 ], [ 18.625584245831234, 49.555811487700204 ], [ 18.625354395585131, 49.555501570637809 ], [ 18.624947754746874, 49.555006973230412 ], [ 18.624735432492461, 49.554772711830104 ], [ 18.624227473602655, 49.554265743630431 ], [ 18.624056776763428, 49.554111033117366 ], [ 18.623428642331131, 49.553596627805639 ], [ 18.623326427397181, 49.553520820091634 ], [ 18.62255792757691, 49.553008509306231 ], [ 18.622551754011244, 49.553004809015988 ], [ 18.621681136209791, 49.552540624459702 ], [ 18.620764355172838, 49.552161918084458 ], [ 18.619811910667302, 49.551873845526138 ], [ 18.618624140810262, 49.551638317045025 ], [ 18.618323613583112, 49.551601328423509 ], [ 18.617941193548386, 49.551573202746908 ], [ 18.617721898328117, 49.551562429468213 ], [ 18.61733233837278, 49.551552873961555 ], [ 18.616942778411172, 49.551562429467715 ], [ 18.616723483191315, 49.551573202746212 ], [ 18.616341063162242, 49.551601328422002 ], [ 18.616040535911885, 49.551638317045622 ], [ 18.614852766043764, 49.551873845527439 ], [ 18.61390032153712, 49.552161918086696 ], [ 18.612983540503528, 49.552540624461251 ], [ 18.612112922769558, 49.553004808982124 ], [ 18.612106749076222, 49.553008509348835 ], [ 18.61127997350253, 49.553559668292515 ], [ 18.609765496828601, 49.554473386624494 ], [ 18.608118724090826, 49.555284504473924 ], [ 18.606356006528678, 49.555984965106269 ], [ 18.604494849409967, 49.556567810612002 ], [ 18.602553737964257, 49.557027251163376 ], [ 18.60055195347757, 49.557358722653078 ], [ 18.598509381390464, 49.557558932136857 ], [ 18.596446313324229, 49.557625890623392 ], [ 18.594383245023383, 49.557558932881513 ], [ 18.592340672245559, 49.55735872406612 ], [ 18.590338886650592, 49.557027253095995 ], [ 18.588397773741487, 49.556567812849714 ], [ 18.586536614887795, 49.555984967379068 ], [ 18.584773895419914, 49.555284506469064 ], [ 18.583127120719539, 49.554473388001341 ], [ 18.581612642147846, 49.553559668699002 ], [ 18.580785865243293, 49.553008508869056 ], [ 18.580779693149012, 49.553004809460703 ], [ 18.579852117843309, 49.552510256517714 ], [ 18.579443887309409, 49.552317176116908 ], [ 18.577843371722853, 49.551478192686773 ], [ 18.576378479247442, 49.550540197135206 ], [ 18.575063610846453, 49.549512415693968 ], [ 18.573911689420775, 49.548404957156571 ], [ 18.572934032885826, 49.547228713301038 ], [ 18.572140243149118, 49.54599525162611 ], [ 18.571538112070719, 49.544716701463543 ], [ 18.571133545317011, 49.543405634592887 ], [ 18.570930504838756, 49.542074941538289 ], [ 18.570930970517583, 49.540737704766656 ], [ 18.571134921335055, 49.539407070038976 ], [ 18.571540336224189, 49.538096117179528 ], [ 18.572143214569998, 49.536817731533738 ], [ 18.572937616132705, 49.535584477377398 ], [ 18.573915719977631, 49.534408474517591 ], [ 18.575067901811909, 49.533301279294946 ], [ 18.576382828949662, 49.532273771150287 ], [ 18.577847571958547, 49.531336045865046 ], [ 18.579447731880553, 49.530497316516609 ], [ 18.57985244364902, 49.530305903808255 ], [ 18.580779423260033, 49.529811667394512 ], [ 18.580786091774154, 49.529807670438174 ], [ 18.581554186907763, 49.529295628353637 ], [ 18.581656727662725, 49.529219578899436 ], [ 18.582284605586128, 49.528705382545326 ], [ 18.582455498663414, 49.528550494005501 ], [ 18.582963312509701, 49.528043669386612 ], [ 18.583175735120726, 49.527809297046176 ], [ 18.583582312106213, 49.527314776001823 ], [ 18.583812194167091, 49.527004815808148 ], [ 18.5841337598441, 49.526524370445358 ], [ 18.584360611107883, 49.526145891862555 ], [ 18.584610431850486, 49.525679253227089 ], [ 18.584817488804294, 49.525241467976571 ], [ 18.585005973890173, 49.524787113480961 ], [ 18.58518003430407, 49.524300647126921 ], [ 18.585315016398159, 49.523856318590212 ], [ 18.585446173076011, 49.523332711717835 ], [ 18.585533215410734, 49.522895739397555 ], [ 18.585614597357356, 49.522347106840073 ], [ 18.585657254311588, 49.521914604312386 ], [ 18.585684824737758, 49.521353395387216 ], [ 18.585684824401604, 49.520922374875553 ], [ 18.585657255265811, 49.52036119223532 ], [ 18.585614592487303, 49.519928637381753 ], [ 18.585533222054213, 49.519380082520563 ], [ 18.58544615870133, 49.518943007874526 ], [ 18.585315033443361, 49.518419526567364 ], [ 18.585180005943336, 49.517975050487493 ], [ 18.585006005332776, 49.517488751447345 ], [ 18.584817442887335, 49.517034211679174 ], [ 18.584610480455698, 49.51659662648872 ], [ 18.584360545592784, 49.516129775385551 ], [ 18.584133826387234, 49.515751517359611 ], [ 18.583812109446981, 49.515270846267583 ], [ 18.583582394273158, 49.514961111328745 ], [ 18.583175635304993, 49.514466368810687 ], [ 18.582963403397507, 49.514232207092569 ], [ 18.582455393250182, 49.513725186030584 ], [ 18.582284691900259, 49.513570471429048 ], [ 18.581656633384352, 49.51305612625044 ], [ 18.581554247322831, 49.512980191619498 ], [ 18.580786033906076, 49.512468069352181 ], [ 18.580779428135571, 49.512464110008537 ], [ 18.579909008359124, 49.51200002843516 ], [ 18.578992210438216, 49.511621312589384 ], [ 18.578039762201129, 49.511333236706591 ], [ 18.577024635845767, 49.511131941687601 ], [ 18.575192366714404, 49.510706404125884 ], [ 18.573429524098561, 49.51017078845836 ], [ 18.571751666207689, 49.509529822503495 ], [ 18.570173599487212, 49.508789163805119 ], [ 18.56870924777672, 49.507955349592933 ], [ 18.567371529337599, 49.507035738971794 ], [ 18.566172242840384, 49.506038447854898 ], [ 18.565121963319758, 49.5049722772198 ], [ 18.564229949014049, 49.503846635326688 ], [ 18.563504059906624, 49.502671454588821 ], [ 18.563474489031222, 49.502616218879623 ], [ 18.563247818717294, 49.502238042424267 ], [ 18.562926053733115, 49.501757299146632 ], [ 18.562696383542381, 49.501447624860305 ], [ 18.562289585245228, 49.500952834029952 ], [ 18.562077383401029, 49.500718705481461 ], [ 18.561569356222677, 49.500211666853609 ], [ 18.561398653319589, 49.500056950844289 ], [ 18.560770620147206, 49.499542625741775 ], [ 18.560668177030827, 49.49946664879608 ], [ 18.559900059055806, 49.498954589351925 ], [ 18.559893309309292, 49.498950543712418 ], [ 18.559022955523414, 49.498486496458476 ], [ 18.558106152003234, 49.498107777468881 ], [ 18.557153702538113, 49.497819700483845 ], [ 18.555966722313936, 49.497584325903247 ], [ 18.555665530311078, 49.49754725516479 ], [ 18.555283923793642, 49.497519189007306 ], [ 18.555062953430316, 49.497508333434141 ], [ 18.554674245948782, 49.497498798806078 ], [ 18.554285538461684, 49.497508333433693 ], [ 18.554064568098443, 49.497519189006702 ], [ 18.553682961586372, 49.497547255163404 ], [ 18.553381769562666, 49.497584325903688 ], [ 18.5520046018991, 49.497857412745113 ], [ 18.55173217150902, 49.497925651957473 ], [ 18.551725227072964, 49.497913890729293 ], [ 18.551016822147691, 49.498100506785754 ], [ 18.549013719815534, 49.498480654508505 ], [ 18.546962029857422, 49.498727554537005 ], [ 18.544882595895732, 49.498838698488186 ], [ 18.542796544110477, 49.498812957163835 ], [ 18.540725068090236, 49.498650592051028 ], [ 18.538689212989411, 49.498353252660891 ], [ 18.536709661211432, 49.49792395973185 ], [ 18.536411356760176, 49.497848191839402 ], [ 18.535080691219353, 49.497584325868594 ], [ 18.534779499494562, 49.49754725516437 ], [ 18.534397892675536, 49.497519188984704 ], [ 18.534176922922484, 49.49750833344148 ], [ 18.533788215134049, 49.497498798805886 ], [ 18.533399507339869, 49.497508333441054 ], [ 18.533178537587482, 49.497519188984022 ], [ 18.532796930773262, 49.497547255162885 ], [ 18.532495739027762, 49.497584325869013 ], [ 18.531118570537071, 49.497857412874467 ], [ 18.530846140694226, 49.497925651949721 ], [ 18.530839196149028, 49.49791389053668 ], [ 18.530130797433163, 49.498100504969599 ], [ 18.52812769448219, 49.498480652905656 ], [ 18.526076003891955, 49.49872755316499 ], [ 18.523996569273329, 49.498838697364434 ], [ 18.521910516794811, 49.498812956304143 ], [ 18.519839040033784, 49.498650591468504 ], [ 18.517803184134014, 49.498353252364616 ], [ 18.515823631489042, 49.497923959725561 ], [ 18.515525329981259, 49.497848192660406 ], [ 18.514194660125725, 49.497584325834055 ], [ 18.513893468678113, 49.49754725516388 ], [ 18.513511861558186, 49.497519188962123 ], [ 18.513290892413558, 49.497508333448849 ], [ 18.512945758275716, 49.497499867698387 ], [ 18.510924997429601, 49.497385529385582 ], [ 18.508931122631441, 49.497142935840095 ], [ 18.506983279614278, 49.4967744165141 ], [ 18.505100171054032, 49.496283509988075 ], [ 18.503299876606896, 49.495674929915118 ], [ 18.501599678997188, 49.49495451966137 ], [ 18.500015897841759, 49.494129196081673 ], [ 18.498563732818234, 49.493206882976317 ], [ 18.497257117691831, 49.492196434874231 ], [ 18.496108586606184, 49.491107551881122 ], [ 18.495129153921791, 49.489950686416954 ], [ 18.494328208751035, 49.488736942744751 ], [ 18.493713425193508, 49.48747797026239 ], [ 18.493290689120361, 49.486185851586526 ], [ 18.493064042194252, 49.48487298650884 ], [ 18.49303564364309, 49.483551972941513 ], [ 18.493205750133093, 49.48223548599816 ], [ 18.493572713911693, 49.480936156371179 ], [ 18.494132999214838, 49.479666449173557 ], [ 18.494881216758518, 49.478438544406067 ], [ 18.495810175961758, 49.47726422019354 ], [ 18.496910954380517, 49.47615473990799 ], [ 18.4978020028896, 49.475424699155013 ], [ 18.497798408034878, 49.475422835222993 ], [ 18.498740451238593, 49.474651356576047 ], [ 18.498911350583338, 49.474496462355923 ], [ 18.499419232475145, 49.47398956755336 ], [ 18.499631534935158, 49.473755327779507 ], [ 18.500038269121077, 49.473260613627815 ], [ 18.500267971374978, 49.472950895876103 ], [ 18.50058972910049, 49.472470161962349 ], [ 18.500816384926022, 49.472092009448851 ], [ 18.50106639760795, 49.471625010896808 ], [ 18.501273271266768, 49.471187613191326 ], [ 18.501461926555347, 49.47073284718099 ], [ 18.501635832694106, 49.470246811997249 ], [ 18.501770950352473, 49.469802036101306 ], [ 18.501901991645493, 49.469278889871134 ], [ 18.501989127530461, 49.468841446871416 ], [ 18.502070438460215, 49.468293293070786 ], [ 18.50211314302971, 49.467860306779457 ], [ 18.502140689513798, 49.467299585206177 ], [ 18.502140689177892, 49.466868076731188 ], [ 18.502113143983163, 49.466307381422354 ], [ 18.502070433593996, 49.465874342846639 ], [ 18.501989134168273, 49.465326266678069 ], [ 18.50190197728331, 49.464888721440829 ], [ 18.501770967381432, 49.464365700660743 ], [ 18.501635804361435, 49.463920777365097 ], [ 18.501445999273432, 49.463390307279944 ], [ 18.501100449752453, 49.462175272182797 ], [ 18.500926975389994, 49.460944722187634 ], [ 18.50092701965557, 49.45970898762657 ], [ 18.501100569236897, 49.458478441597265 ], [ 18.501446154585206, 49.457263412887492 ], [ 18.501635813195271, 49.456733352974013 ], [ 18.501770964593241, 49.456288465736584 ], [ 18.501901977162589, 49.455765434177735 ], [ 18.501989136339574, 49.455327873987599 ], [ 18.502070429585345, 49.454779839402597 ], [ 18.502113146012523, 49.454346732637816 ], [ 18.502140686533984, 49.453786132437038 ], [ 18.502140686198128, 49.453354502434536 ], [ 18.502113146965787, 49.45279392849298 ], [ 18.50207042472012, 49.452360769454295 ], [ 18.50198914297599, 49.451812812485265 ], [ 18.501901962803547, 49.451375150079521 ], [ 18.501770981618151, 49.450852243941952 ], [ 18.501635784869762, 49.450407209340966 ], [ 18.501461976841121, 49.449921448530795 ], [ 18.501273201970683, 49.449466395157756 ], [ 18.501066468254241, 49.449029293544527 ], [ 18.500816293960398, 49.448561993464168 ], [ 18.500589818459286, 49.448184142033867 ], [ 18.500267862168613, 49.44770311131181 ], [ 18.50003837091645, 49.447393678295803 ], [ 18.499631416427633, 49.446898695583599 ], [ 18.49941933358582, 49.446664698333578 ], [ 18.498911239656014, 49.446157590813407 ], [ 18.498740529062772, 49.44600286783384 ], [ 18.498112598822889, 49.445488624315004 ], [ 18.498009925916126, 49.44541247694503 ], [ 18.49724219123447, 49.444900669816533 ], [ 18.497234864216594, 49.444896278174113 ], [ 18.496364775219536, 49.444432368644968 ], [ 18.495447949433196, 49.444053637139916 ], [ 18.494495495140473, 49.443765555777816 ], [ 18.493309301999648, 49.44353033460569 ], [ 18.493007446986304, 49.443493181967376 ], [ 18.492626651250198, 49.443465175130413 ], [ 18.492404011515195, 49.443454237546327 ], [ 18.492016153525132, 49.443444723723999 ], [ 18.491628295530074, 49.443454237545879 ], [ 18.491405655794729, 49.443465175129845 ], [ 18.491024860063842, 49.443493181966062 ], [ 18.490723005033189, 49.443530334605761 ], [ 18.489347799396779, 49.443803035484997 ], [ 18.48907407908537, 49.443871597802122 ], [ 18.489067443764487, 49.443860335127759 ], [ 18.488342793316239, 49.444051206939974 ], [ 18.486341256239506, 49.444430846775681 ], [ 18.484291260479221, 49.444677174639452 ], [ 18.482213639791453, 49.444787687080044 ], [ 18.480129509374873, 49.444761260921595 ], [ 18.478060050758064, 49.444598164706889 ], [ 18.476026296004086, 49.444300055962742 ], [ 18.474048913452155, 49.443869964315908 ], [ 18.47374276449094, 49.443791988218898 ], [ 18.472423270933099, 49.443530334573644 ], [ 18.472121416170122, 49.443493181966183 ], [ 18.471740620162436, 49.44346517510926 ], [ 18.471517980976682, 49.443454237552153 ], [ 18.471130122710466, 49.443444723723005 ], [ 18.470742264439036, 49.44345423755167 ], [ 18.47051962525342, 49.443465175108649 ], [ 18.470138829250626, 49.443493181964804 ], [ 18.469836974470244, 49.443530334573772 ], [ 18.468461768089828, 49.443803035600553 ], [ 18.468188048270676, 49.443871597794235 ], [ 18.468181412851621, 49.443860334953307 ], [ 18.467456767947581, 49.444051205316001 ], [ 18.465455230287901, 49.444430845345721 ], [ 18.463405233932015, 49.44467717341572 ], [ 18.461327612626516, 49.44478768607452 ], [ 18.459243481560595, 49.444761260144965 ], [ 18.457174022253639, 49.444598164167509 ], [ 18.455140266759962, 49.444300055665451 ], [ 18.453162883410691, 49.443869964261111 ], [ 18.452856737194981, 49.443791988934592 ], [ 18.451537239866422, 49.443530334541592 ], [ 18.451235385353883, 49.443493181964953 ], [ 18.450854589076236, 49.443465175088186 ], [ 18.450631950437085, 49.443454237557901 ], [ 18.450244091895751, 49.443444723721996 ], [ 18.449856233349337, 49.44345423755744 ], [ 18.449633594710633, 49.443465175087518 ], [ 18.44925279843746, 49.443493181963561 ], [ 18.448950943906159, 49.443530334541869 ], [ 18.44757573678514, 49.443803035715455 ], [ 18.447302017455968, 49.443871597786384 ], [ 18.447295381939217, 49.443860334779565 ], [ 18.446570742554037, 49.444051203699509 ], [ 18.444569204313915, 49.444430843922298 ], [ 18.442519207364985, 49.444677172197586 ], [ 18.440441585444407, 49.444787685073592 ], [ 18.438357453731989, 49.444761259371887 ], [ 18.436287993737924, 49.444598163630495 ], [ 18.434254237507808, 49.444300055369368 ], [ 18.43227685336478, 49.443869964206399 ], [ 18.431970709879387, 49.443791989646115 ], [ 18.430809240102825, 49.443561672820465 ], [ 18.428979300201242, 49.443136603504243 ], [ 18.427218620142785, 49.442601446611057 ], [ 18.425542737465765, 49.441960925434309 ], [ 18.423966439678882, 49.441220693021819 ], [ 18.42250363360025, 49.440387282181128 ], [ 18.421167222547869, 49.439468047713575 ], [ 18.419968992470274, 49.43847110139199 ], [ 18.418919508024043, 49.437405240260581 ], [ 18.418028019513802, 49.436279868895468 ], [ 18.417302381511217, 49.435104916316341 ], [ 18.417272144794435, 49.435048436666861 ], [ 18.417045718509542, 49.434670667348797 ], [ 18.416723713817259, 49.434189563906372 ], [ 18.416494267944682, 49.433880192077545 ], [ 18.416087273687317, 49.433385160518355 ], [ 18.415875221404551, 49.433151196984944 ], [ 18.415367109881402, 49.43264407133821 ], [ 18.415196398388868, 49.432489347543502 ], [ 18.414568492726403, 49.431975123474857 ], [ 18.414465763689464, 49.431898934475896 ], [ 18.413698123330359, 49.431387189427269 ], [ 18.413690653727279, 49.431382712322602 ], [ 18.412820630097752, 49.430918836783896 ], [ 18.411903798784394, 49.430540102167853 ], [ 18.410951343304081, 49.430252019718807 ], [ 18.409765345695853, 49.430016836655106 ], [ 18.409463325994441, 49.42997966367286 ], [ 18.409082731674967, 49.429951671572411 ], [ 18.408859677222512, 49.429940713614521 ], [ 18.408472030271611, 49.429931204960916 ], [ 18.408084383315767, 49.429940713614094 ], [ 18.407861328863461, 49.429951671571779 ], [ 18.407480734548585, 49.42997966367151 ], [ 18.407178714829321, 49.430016836655319 ], [ 18.405803996523616, 49.430289441670581 ], [ 18.405529955831817, 49.430358084237653 ], [ 18.405523397376289, 49.430346945861899 ], [ 18.404794722668253, 49.430538871863838 ], [ 18.402793586945702, 49.430918384378415 ], [ 18.400744024993983, 49.431164570509864 ], [ 18.398666867705792, 49.431274928062301 ], [ 18.396583227135388, 49.431248335351547 ], [ 18.394514281401989, 49.431085062634473 ], [ 18.392481058913205, 49.430786769356473 ], [ 18.390504224128019, 49.430356487246456 ], [ 18.390196080421362, 49.430277950110757 ], [ 18.388879314639947, 49.430016836624027 ], [ 18.388577295178361, 49.429979663671297 ], [ 18.388196700598755, 49.429951671551699 ], [ 18.387973646672634, 49.429940713619679 ], [ 18.38758599945692, 49.429931204959587 ], [ 18.387198352236467, 49.429940713619295 ], [ 18.386975298309707, 49.42995167155118 ], [ 18.386594703735383, 49.429979663670004 ], [ 18.38629268425705, 49.430016836624176 ], [ 18.384917965236362, 49.430289441781198 ], [ 18.384643925017173, 49.430358084229802 ], [ 18.384637366467711, 49.430346945694474 ], [ 18.383908697054782, 49.430538870312219 ], [ 18.38190756076806, 49.430918383012994 ], [ 18.379857998239906, 49.43116456934149 ], [ 18.377780840354166, 49.431274927101505 ], [ 18.375697199156253, 49.43124833460768 ], [ 18.373628252756848, 49.431085062114697 ], [ 18.371595029555344, 49.430786769064625 ], [ 18.36961819400323, 49.430356487182188 ], [ 18.369310052941493, 49.430277950788657 ], [ 18.367993283585164, 49.430016836593126 ], [ 18.367691264362275, 49.429979663669712 ], [ 18.367310669524233, 49.42995167153115 ], [ 18.367087616120919, 49.429940713624831 ], [ 18.366699968642294, 49.429931204958223 ], [ 18.366312321158908, 49.429940713624354 ], [ 18.366089267755815, 49.429951671530482 ], [ 18.365708672922199, 49.429979663668313 ], [ 18.365406653682221, 49.430016836593225 ], [ 18.364220655555524, 49.430252019758406 ], [ 18.36326820007276, 49.430540102208447 ], [ 18.362351368764209, 49.430918836822869 ], [ 18.361481344611697, 49.431382712640549 ], [ 18.361473876067201, 49.431387189110701 ], [ 18.360706234768216, 49.431898934784378 ], [ 18.360603506558309, 49.43197512317002 ], [ 18.359975600173929, 49.432489347828216 ], [ 18.359804889308727, 49.432644071054433 ], [ 18.3592967772443, 49.433151197239518 ], [ 18.359084725425976, 49.433385160260578 ], [ 18.358677730772662, 49.433880192299405 ], [ 18.35844828523447, 49.434189563677549 ], [ 18.358126280261498, 49.434670667537276 ], [ 18.357899854210384, 49.435048436465351 ], [ 18.357869628303604, 49.435104895918784 ], [ 18.357143988251654, 49.436279851813119 ], [ 18.356252497230138, 49.437405226436987 ], [ 18.355203009788273, 49.438471090750198 ], [ 18.354004776208413, 49.439468040150082 ], [ 18.352668361127545, 49.440387277559587 ], [ 18.351205550479644, 49.441220691166933 ], [ 18.349629247575713, 49.441960926125901 ], [ 18.347953359236822, 49.442601449578945 ], [ 18.346192672986824, 49.443136608424318 ], [ 18.344362726393065, 49.443561679312076 ], [ 18.343145580291036, 49.443803036282802 ], [ 18.342871863382705, 49.443871597747005 ], [ 18.342865227384227, 49.443860333922473 ], [ 18.342140615207512, 49.44405119572928 ], [ 18.340139074105515, 49.44443083690448 ], [ 18.338089074232645, 49.444677166191994 ], [ 18.336011449279624, 49.444787680138958 ], [ 18.333927314379952, 49.444761255560508 ], [ 18.331857850998656, 49.44459816098292 ], [ 18.329824091138487, 49.444300053909444 ], [ 18.327846703083054, 49.443869963936095 ], [ 18.327540573058872, 49.443791993153816 ], [ 18.326221053495971, 49.443530334351834 ], [ 18.325919200457005, 49.443493181956448 ], [ 18.325538402583788, 49.44346517496237 ], [ 18.325315767175073, 49.443454237590757 ], [ 18.324927907007883, 49.443444723714933 ], [ 18.324540046835647, 49.443454237590331 ], [ 18.324317411427039, 49.443465174961759 ], [ 18.323936613558537, 49.443493181955084 ], [ 18.323634760502696, 49.443530334351898 ], [ 18.322448565249328, 49.443765555942079 ], [ 18.321496110951578, 49.444053637305956 ], [ 18.320579285180237, 49.444432368805039 ], [ 18.319709193861087, 49.444896279572376 ], [ 18.319701871506918, 49.444900668419457 ], [ 18.318934132613297, 49.445412478354292 ], [ 18.318831463503539, 49.445488622908208 ], [ 18.318203529860686, 49.446002869212187 ], [ 18.31803282231251, 49.446157589431955 ], [ 18.317524725672051, 49.446664699655685 ], [ 18.317312645241159, 49.446898694245775 ], [ 18.316905688618597, 49.447393679551247 ], [ 18.31667619925102, 49.447703110026382 ], [ 18.316354241304616, 49.448184143220111 ], [ 18.316127767254041, 49.448561992230445 ], [ 18.316097683556976, 49.448618186006385 ], [ 18.315371991374612, 49.449793190680495 ], [ 18.314480392907591, 49.450918622423558 ], [ 18.313430743805114, 49.45198455148828 ], [ 18.312232295957546, 49.452981572507881 ], [ 18.310895616102211, 49.453900887592731 ], [ 18.309432492745621, 49.454734384078868 ], [ 18.307855832218753, 49.455474706237077 ], [ 18.30617954478118, 49.456115320305628 ], [ 18.304418421780966, 49.45665057226612 ], [ 18.30258800495891, 49.457075737849074 ], [ 18.301562505725673, 49.457279092129511 ], [ 18.300610052619732, 49.457567172404559 ], [ 18.299693232398948, 49.45794590078232 ], [ 18.298823074222007, 49.45840984633395 ], [ 18.298815897467918, 49.458414147911775 ], [ 18.298048061543749, 49.458926021731138 ], [ 18.297945451002288, 49.459002122847885 ], [ 18.297317490596193, 49.459516390391819 ], [ 18.297146785911075, 49.459671108016586 ], [ 18.296638705106833, 49.460178201867294 ], [ 18.296426595691663, 49.460412228436482 ], [ 18.296019677432355, 49.460907166604173 ], [ 18.295790143939495, 49.461216656575274 ], [ 18.295468233281113, 49.461697618712407 ], [ 18.295241711001022, 49.462075548188736 ], [ 18.294991582885185, 49.462542761661766 ], [ 18.294784804903632, 49.462979956865624 ], [ 18.294596071252109, 49.463434910566875 ], [ 18.294422225779009, 49.463920776026967 ], [ 18.294287061987987, 49.464365701857751 ], [ 18.29415605271296, 49.464888720134553 ], [ 18.294068895336199, 49.46532626783705 ], [ 18.293987596272995, 49.465874341560067 ], [ 18.293944885644464, 49.46630738255687 ], [ 18.293917340568033, 49.466868075450158 ], [ 18.293917340231676, 49.467299586330803 ], [ 18.293944886596684, 49.467860305489978 ], [ 18.293987591404417, 49.468293294199732 ], [ 18.294068901971418, 49.468841445559036 ], [ 18.294156038346205, 49.469278891018512 ], [ 18.2943431565377, 49.470025905330353 ], [ 18.294321360968759, 49.47002822406359 ], [ 18.294523332050282, 49.470926832256104 ], [ 18.294617284144518, 49.472273950985517 ], [ 18.29450434407444, 49.473620449842947 ], [ 18.294185624088783, 49.47495286833221 ], [ 18.293664294150858, 49.476257885653951 ], [ 18.292945550890774, 49.477522453927811 ], [ 18.292036566245923, 49.47873392872625 ], [ 18.290946416279425, 49.479880195610235 ], [ 18.289685990867898, 49.480949791397165 ], [ 18.288267885144535, 49.481932018941642 ], [ 18.286706273770925, 49.482817054274335 ], [ 18.285016769286905, 49.483596045019205 ], [ 18.283216265953026, 49.484261199097411 ], [ 18.281322770650068, 49.484805862822142 ], [ 18.279355222534605, 49.485224587595624 ], [ 18.277333303267529, 49.485513184534554 ], [ 18.27527723972992, 49.485668766471328 ], [ 18.273207601220516, 49.485689776905865 ], [ 18.271145093186131, 49.485576005615272 ], [ 18.269110349573101, 49.48532859076338 ], [ 18.26712372590233, 49.484950007488095 ], [ 18.265205095163022, 49.484444043083052 ], [ 18.264749242529529, 49.484306164573738 ], [ 18.263562455579653, 49.484070827649752 ], [ 18.263261101168901, 49.484033736847756 ], [ 18.262879693799647, 49.484005685259461 ], [ 18.262658313249631, 49.483994809535147 ], [ 18.262269814548326, 49.483985280020278 ], [ 18.261881315841752, 49.483994809534742 ], [ 18.261659935291114, 49.484005685258929 ], [ 18.261278527927608, 49.484033736846385 ], [ 18.260977173499647, 49.484070827649816 ], [ 18.259600486407521, 49.484343819972622 ], [ 18.259327740108553, 49.484412138314291 ], [ 18.259320871637872, 49.484400499281371 ], [ 18.258608471388193, 49.484588162033795 ], [ 18.256605745210305, 49.484968186067995 ], [ 18.254554463312779, 49.485214945556372 ], [ 18.252475466934598, 49.485325933331978 ], [ 18.25038987959524, 49.48530002168939 ], [ 18.248318891954206, 49.485137473871156 ], [ 18.246283545979505, 49.484839941387918 ], [ 18.244304520644974, 49.484410447199821 ], [ 18.244004318375548, 49.484334144740814 ], [ 18.242676424505852, 49.484070827616854 ], [ 18.242375070352722, 49.484033736846627 ], [ 18.241993662706083, 49.484005685237925 ], [ 18.241772282718468, 49.483994809541237 ], [ 18.241383783733717, 49.483985280019326 ], [ 18.240995284743757, 49.483994809540789 ], [ 18.240773904756285, 49.484005685237292 ], [ 18.240392497114588, 49.484033736845234 ], [ 18.240091142942966, 49.484070827617067 ], [ 18.238904355707845, 49.484306164596134 ], [ 18.23795190500973, 49.484594242684466 ], [ 18.237035095932914, 49.484972964799965 ], [ 18.236164803798442, 49.485436980047432 ], [ 18.236157918812751, 49.485441106746137 ], [ 18.235389888399851, 49.485953108617998 ], [ 18.235287395330968, 49.486029122611065 ], [ 18.234659381134087, 49.486543432850418 ], [ 18.234488682389404, 49.486698145090962 ], [ 18.233980633081419, 49.487205206371264 ], [ 18.233768465850414, 49.487439296730237 ], [ 18.233361624183253, 49.487934140785875 ], [ 18.233132002562101, 49.488243749583916 ], [ 18.232810186367818, 49.488724569775506 ], [ 18.232583567732753, 49.48910266001014 ], [ 18.232553905221067, 49.489158066924588 ], [ 18.231828057695097, 49.490333216082711 ], [ 18.230936137993478, 49.491458817434072 ], [ 18.229886005053903, 49.492524939129453 ], [ 18.228686915578237, 49.493522173528497 ], [ 18.227349442591496, 49.494441720320829 ], [ 18.225885382303513, 49.495275464301095 ], [ 18.224307650090321, 49.496016047104924 ], [ 18.222630166511852, 49.496656932269097 ], [ 18.220867734373261, 49.497192463034736 ], [ 18.219035907920109, 49.49761791238042 ], [ 18.217828100354541, 49.497857414751401 ], [ 18.217555678474127, 49.49792565183121 ], [ 18.217548732344689, 49.497913887734867 ], [ 18.216840423779455, 49.498100478596847 ], [ 18.214837311842313, 49.498480629629746 ], [ 18.212785612073517, 49.498727533240718 ], [ 18.210706167917049, 49.498838681043623 ], [ 18.208620105374873, 49.498812943817185 ], [ 18.206548617861817, 49.498650583005755 ], [ 18.204512750367044, 49.498353248058066 ], [ 18.202533185141235, 49.497923959631379 ], [ 18.201498559570116, 49.49766116974132 ], [ 18.201503988591671, 49.497652102348688 ], [ 18.201114815391815, 49.497561457103998 ], [ 18.199320189809495, 49.497012250959841 ], [ 18.197614483465053, 49.496353738747601 ], [ 18.19601334285591, 49.49559196241028 ], [ 18.194531453131194, 49.494733911065566 ], [ 18.193182403279792, 49.493787456758412 ], [ 18.191978561470556, 49.492761282111495 ], [ 18.190930961689492, 49.491664800542203 ], [ 18.190049202712331, 49.490508069784838 ], [ 18.189341360333248, 49.489301699516687 ], [ 18.188813913646083, 49.488056753940818 ], [ 18.188471686041481, 49.486784650223584 ], [ 18.188317801446612, 49.485497053722739 ], [ 18.188353656191516, 49.48420577096978 ], [ 18.188578906741206, 49.482922641389905 ], [ 18.188611543318345, 49.482792347806331 ], [ 18.188698656855504, 49.48235501725631 ], [ 18.188779984768676, 49.481806748962654 ], [ 18.188822677943314, 49.481373878450881 ], [ 18.188850230159595, 49.480813040196658 ], [ 18.188850229823505, 49.480381648569988 ], [ 18.188822678896877, 49.479820836585702 ], [ 18.188779979901117, 49.479387913778638 ], [ 18.188698663494428, 49.47883972313354 ], [ 18.188611528952418, 49.478402290323629 ], [ 18.188480491532644, 49.47787915968599 ], [ 18.188345360777813, 49.47743434287932 ], [ 18.188171477753798, 49.47694837247127 ], [ 18.187982785464627, 49.476493518782696 ], [ 18.187775963031267, 49.476056229593468 ], [ 18.187525881334484, 49.475589103173405 ], [ 18.18729931197154, 49.475211095144367 ], [ 18.186977447324971, 49.474730202154888 ], [ 18.186747871125245, 49.474420654600564 ], [ 18.186340989662312, 49.473925761662805 ], [ 18.186128852995616, 49.473691705026425 ], [ 18.18562078612042, 49.473184625643391 ], [ 18.185450086403343, 49.473029912521575 ], [ 18.184822096919632, 49.472515621840884 ], [ 18.184719547497796, 49.472439566053659 ], [ 18.183951611741058, 49.471927626480678 ], [ 18.183944583678482, 49.471923414025085 ], [ 18.183074357112144, 49.471459432873388 ], [ 18.182157542461617, 49.471080707626228 ], [ 18.181205090552986, 49.470792628442631 ], [ 18.180018499692679, 49.47055732973508 ], [ 18.179716980188001, 49.4705202185392 ], [ 18.179335774828939, 49.470492181730577 ], [ 18.179113978316522, 49.470481285571317 ], [ 18.178725691295391, 49.470471761240837 ], [ 18.1783374042693, 49.470481285570884 ], [ 18.178115607756894, 49.470492181729959 ], [ 18.177734402402628, 49.47052021853785 ], [ 18.177432882880261, 49.470557329735193 ], [ 18.176246292009626, 49.47079262844337 ], [ 18.175293840100974, 49.471080707627259 ], [ 18.174377025452923, 49.47145943287375 ], [ 18.17350679893957, 49.471923413997388 ], [ 18.173499770776029, 49.471927626513569 ], [ 18.172637306574639, 49.472502581795908 ], [ 18.171125765291222, 49.473414627233289 ], [ 18.169482530511644, 49.474224218287631 ], [ 18.167723884499669, 49.47492333007262 ], [ 18.165867255851168, 49.47550503248587 ], [ 18.163931046548839, 49.475963559045567 ], [ 18.161934449264702, 49.476294364177832 ], [ 18.159897256736269, 49.476494168381194 ], [ 18.157839665124687, 49.47656099081442 ], [ 18.155782073325334, 49.476494168981873 ], [ 18.153744880244101, 49.476294365318125 ], [ 18.151748282073019, 49.475963560606182 ], [ 18.149812071599623, 49.475505034295075 ], [ 18.14795544156274, 49.474923331914077 ], [ 18.146196794025773, 49.474224219911065 ], [ 18.144553557675628, 49.473414628366122 ], [ 18.143042014873355, 49.472502582156388 ], [ 18.142179549547222, 49.471927626126188 ], [ 18.14217252266533, 49.471923414378224 ], [ 18.141302295509703, 49.471459432912361 ], [ 18.140385480862275, 49.47108070766653 ], [ 18.13943302895305, 49.470792628482783 ], [ 18.138246437570949, 49.470557329671585 ], [ 18.137944918556013, 49.470520218535974 ], [ 18.137563712666761, 49.470492181688392 ], [ 18.137341917227548, 49.470481285581862 ], [ 18.136953629666454, 49.470471761238073 ], [ 18.136565342100248, 49.470481285581435 ], [ 18.136343546661085, 49.47049218168781 ], [ 18.135962340776636, 49.47052021853461 ], [ 18.135660821744455, 49.47055732967172 ], [ 18.134474230351625, 49.470792628483608 ], [ 18.133521778442784, 49.471080707667568 ], [ 18.132604963797021, 49.4714594329131 ], [ 18.131734736695272, 49.471923414350329 ], [ 18.131727709713644, 49.471927626158092 ], [ 18.130959772998995, 49.472439566368017 ], [ 18.130857224421089, 49.472515621529404 ], [ 18.130229234199785, 49.473029912812365 ], [ 18.130058535123453, 49.473184625353518 ], [ 18.129550467695623, 49.473691705286235 ], [ 18.129338331502435, 49.473925761400366 ], [ 18.128931449636443, 49.474420654826403 ], [ 18.128701873777331, 49.474730201921567 ], [ 18.128380008844662, 49.475211095336398 ], [ 18.128153439719835, 49.475589102968243 ], [ 18.127903357825939, 49.476056229754242 ], [ 18.127696535553717, 49.476493518602744 ], [ 18.127507843133468, 49.476948372604831 ], [ 18.127333960213942, 49.477434342720692 ], [ 18.127198829376283, 49.477879159797268 ], [ 18.127067792019915, 49.478402290181045 ], [ 18.126980657429968, 49.478839723228262 ], [ 18.126899341056699, 49.47938791364605 ], [ 18.126856642038973, 49.479820836670321 ], [ 18.126829091122428, 49.480381648441593 ], [ 18.126829090785957, 49.480813040277447 ], [ 18.126856642991338, 49.481373878319978 ], [ 18.126899336186895, 49.481806749046356 ], [ 18.126980664066355, 49.482355017116774 ], [ 18.127067777649678, 49.482792347899078 ], [ 18.127198846404976, 49.483315603767778 ], [ 18.127333931867167, 49.483760273403149 ], [ 18.127507874543813, 49.484246410705794 ], [ 18.127696489668178, 49.484701079589868 ], [ 18.127903406373942, 49.485138568312479 ], [ 18.128153374264873, 49.485605482850687 ], [ 18.128380075293325, 49.485983710782378 ], [ 18.128701789160107, 49.486464378763358 ], [ 18.128931531658264, 49.486774150779524 ], [ 18.129338231846379, 49.487268823103172 ], [ 18.129550558376827, 49.487503089435748 ], [ 18.130058429935101, 49.488009973357038 ], [ 18.13022932024608, 49.488164859390153 ], [ 18.130857130425042, 49.488679002301161 ], [ 18.130959833112119, 49.488755171852702 ], [ 18.131727652142786, 49.489267032282662 ], [ 18.131734741306904, 49.489271281367124 ], [ 18.132604924096, 49.489735238584551 ], [ 18.133521727256305, 49.490113958444915 ], [ 18.134664869964439, 49.490459711957378 ], [ 18.134976362875978, 49.490537735736133 ], [ 18.134969967365475, 49.490548570577886 ], [ 18.13544478179222, 49.490659166116771 ], [ 18.137239610772649, 49.491208441147606 ], [ 18.138945586938149, 49.491867020812748 ], [ 18.140547068779796, 49.492628868211739 ], [ 18.142029370698562, 49.493486999547159 ], [ 18.143378897547489, 49.494433548020787 ], [ 18.14458326927258, 49.495459835822395 ], [ 18.145631434511323, 49.496556453556728 ], [ 18.146513772105468, 49.497713346386739 ], [ 18.147222179591999, 49.49891990610886 ], [ 18.147750147851625, 49.5001650683215 ], [ 18.148092821218473, 49.501437413800673 ], [ 18.148247042484606, 49.50272527315655 ], [ 18.14821138236988, 49.504016833815221 ], [ 18.147986153167899, 49.50530024834552 ], [ 18.147953793811375, 49.505429433078632 ], [ 18.14786670586275, 49.505866631456307 ], [ 18.147785354078216, 49.506415060597305 ], [ 18.1477426788048, 49.506847742379144 ], [ 18.147715115948085, 49.507408797198288 ], [ 18.147715115611465, 49.507839945668465 ], [ 18.147742679757524, 49.508401026769107 ], [ 18.147785349206451, 49.508833656232042 ], [ 18.147866712501923, 49.509382163058 ], [ 18.147953779434864, 49.509819259126765 ], [ 18.147987144577602, 49.509952461342863 ], [ 18.148214684256498, 49.51125898795091 ], [ 18.148245766973655, 49.512573732359712 ], [ 18.148080081684302, 49.513884198967318 ], [ 18.147719187687628, 49.515177931856797 ], [ 18.147166500391911, 49.516442633211639 ], [ 18.146427259409336, 49.51766628026418 ], [ 18.1455084792623, 49.518837239662702 ], [ 18.144418883150799, 49.519944378167743 ], [ 18.143168820393736, 49.520977168618948 ], [ 18.141770168315336, 49.521925790160999 ], [ 18.14023621949999, 49.52278122176876 ], [ 18.138581555481384, 49.523535328175768 ], [ 18.136821908065524, 49.524180937382475 ], [ 18.134974009609106, 49.524711909000153 ], [ 18.134661642126087, 49.524790053153801 ], [ 18.133521667888374, 49.525134848272046 ], [ 18.132604875627489, 49.525513560948539 ], [ 18.131734382523824, 49.525977680752383 ], [ 18.131727935476864, 49.525981544960899 ], [ 18.130959613285633, 49.526493738937319 ], [ 18.130857296327044, 49.526569622318 ], [ 18.130229201638294, 49.527083996439181 ], [ 18.130058511573317, 49.527238700812696 ], [ 18.129550509753958, 49.527745712992811 ], [ 18.129338255566548, 49.527979899293086 ], [ 18.128931529000106, 49.528474601922269 ], [ 18.128701775002511, 49.528784389209029 ], [ 18.128380100659456, 49.529264996250966 ], [ 18.128153337366442, 49.529643327832545 ], [ 18.128124097026312, 49.529697946046973 ], [ 18.127398093741764, 49.530873240127356 ], [ 18.126505852014624, 49.531999011555463 ], [ 18.125455234073023, 49.53306532638171 ], [ 18.124255501434856, 49.534062774692373 ], [ 18.122917233420281, 49.534982553756528 ], [ 18.121452233952741, 49.535816545826492 ], [ 18.119873427466345, 49.536557389901333 ], [ 18.118194744836991, 49.53719854681389 ], [ 18.116431000345322, 49.537734357061936 ], [ 18.114597760762397, 49.538160090868196 ], [ 18.113396971854115, 49.53839819938505 ], [ 18.113125524385531, 49.538466192389812 ], [ 18.113118345091429, 49.53845405365783 ], [ 18.112422358845617, 49.538637416369447 ], [ 18.110418120189291, 49.539017945848443 ], [ 18.1083651980471, 49.539265283390463 ], [ 18.106284441544407, 49.539376917011353 ], [ 18.104196983190505, 49.539351712919071 ], [ 18.102124023736295, 49.539189927057457 ], [ 18.100086616329932, 49.538893202501853 ], [ 18.09810545218949, 49.538464552733728 ], [ 18.097812914694586, 49.538390410619051 ], [ 18.096473532090499, 49.538124818408463 ], [ 18.096172845471514, 49.538087810094531 ], [ 18.095790621526927, 49.538059698761614 ], [ 18.095570922254257, 49.538048905633111 ], [ 18.095181568010766, 49.538039355164088 ], [ 18.094792213761664, 49.538048905632635 ], [ 18.094572514489585, 49.538059698760947 ], [ 18.094190290549815, 49.538087810093039 ], [ 18.093889603910398, 49.538124818408797 ], [ 18.092702024270892, 49.538360309841977 ], [ 18.091749578491179, 49.538648383518428 ], [ 18.09083279186477, 49.539027093035394 ], [ 18.089962231692439, 49.539491247732144 ], [ 18.089955930841757, 49.539495024314029 ], [ 18.089187511251513, 49.540007282417221 ], [ 18.089085253085891, 49.540083122194062 ], [ 18.088457131513707, 49.540597517651896 ], [ 18.088286444374258, 49.540752219373829 ], [ 18.087778458365708, 49.54125921520567 ], [ 18.087566175206398, 49.541493433471388 ], [ 18.087159486995706, 49.541988088972012 ], [ 18.086929688884098, 49.542297935739498 ], [ 18.086608061812406, 49.542778471750289 ], [ 18.086381250314162, 49.543156883757291 ], [ 18.086352151263927, 49.543211238015161 ], [ 18.085626095892277, 49.544386580622572 ], [ 18.084733746554694, 49.545512408964285 ], [ 18.08368296657726, 49.546578788389901 ], [ 18.082483019085167, 49.5475763082271 ], [ 18.081144485499667, 49.548496164936921 ], [ 18.079679172318855, 49.549330239923378 ], [ 18.078100007000433, 49.550071171305518 ], [ 18.076420923863921, 49.550712419013593 ], [ 18.074656741020718, 49.551248322629469 ], [ 18.072823029423404, 49.551674151456169 ], [ 18.07162458467829, 49.551911794444898 ], [ 18.071353462751166, 49.551979705906561 ], [ 18.07134620560749, 49.551967442371009 ], [ 18.070654346796697, 49.552149723761914 ], [ 18.068649742621353, 49.552530378650331 ], [ 18.066596423302506, 49.552777861511302 ], [ 18.064515239532806, 49.552889659181709 ], [ 18.062427325662053, 49.552864636337212 ], [ 18.060353884561334, 49.552703047050343 ], [ 18.058315971782513, 49.552406532205652 ], [ 18.056334281231365, 49.551978102798287 ], [ 18.056043615299718, 49.551904488867436 ], [ 18.054701300855815, 49.551638316066104 ], [ 18.054400781538405, 49.55160132841764 ], [ 18.05401835293662, 49.5515732021112 ], [ 18.053799075059413, 49.551562429684566 ], [ 18.053409506376461, 49.551552873963487 ], [ 18.053019937687779, 49.551562429684118 ], [ 18.052800659810945, 49.551573202110568 ], [ 18.052418231214272, 49.551601328416183 ], [ 18.052117711876427, 49.551638316066409 ], [ 18.050738553318066, 49.551911794573535 ], [ 18.050467431936692, 49.551979705898354 ], [ 18.050460174684858, 49.551967442180057 ], [ 18.049768322084756, 49.552149721946932 ], [ 18.047763717325605, 49.552530377044633 ], [ 18.045710397410708, 49.552777860136395 ], [ 18.043629213020349, 49.55288965805898 ], [ 18.041541298491996, 49.552864635486557 ], [ 18.039467856684634, 49.552703046488858 ], [ 18.037429943138626, 49.552406531946303 ], [ 18.035448251749035, 49.55197810284858 ], [ 18.035157588630483, 49.551904489709749 ], [ 18.033815269762226, 49.551638316031095 ], [ 18.033514750722265, 49.55160132841683 ], [ 18.033132321821224, 49.551573202088399 ], [ 18.032913044550025, 49.551562429691522 ], [ 18.032523475562009, 49.55155287396294 ], [ 18.032133906568319, 49.55156242969106 ], [ 18.031914629297084, 49.551573202087802 ], [ 18.031532200401493, 49.551601328415337 ], [ 18.031231681341779, 49.551638316031358 ], [ 18.030043902752926, 49.55187384624422 ], [ 18.029091458223586, 49.552161918809922 ], [ 18.028174677247172, 49.552540625160333 ], [ 18.02730404968522, 49.55300481492052 ], [ 18.027297895701786, 49.553008503473606 ], [ 18.026529378133056, 49.553520826089269 ], [ 18.026427179268158, 49.553596621885681 ], [ 18.025799030367821, 49.554111039043988 ], [ 18.025628346547901, 49.554265737757142 ], [ 18.02512037600118, 49.554772717588982 ], [ 18.024908064180984, 49.555006967477027 ], [ 18.024501414049336, 49.555501576185655 ], [ 18.024271572071527, 49.555811482099756 ], [ 18.023949992050095, 49.556291947409797 ], [ 18.023723132543804, 49.556670439513262 ], [ 18.023473336134472, 49.557137030951012 ], [ 18.023266241025578, 49.557574896663617 ], [ 18.023077802097013, 49.558029137760521 ], [ 18.022903689305537, 49.558515750325057 ], [ 18.022768760526823, 49.558959900598573 ], [ 18.022637551142655, 49.559483717755498 ], [ 18.02255055605395, 49.559920448917623 ], [ 18.022469133763359, 49.560469353371914 ], [ 18.022426505768088, 49.56090155480377 ], [ 18.022398919136208, 49.56146309357743 ], [ 18.022398918799269, 49.561893757455046 ], [ 18.022426506721491, 49.562455322530994 ], [ 18.022469128887472, 49.562887471602245 ], [ 18.022550562698569, 49.563436453806041 ], [ 18.022637536753187, 49.563873082570773 ], [ 18.022672367685058, 49.564012136580338 ], [ 18.022899709595372, 49.565317726576481 ], [ 18.022930659964569, 49.566631508836821 ], [ 18.022764909420804, 49.567941014851051 ], [ 18.022404015611155, 49.569233815722264 ], [ 18.021851389003363, 49.570497640155772 ], [ 18.021112261073569, 49.571720490987381 ], [ 18.020193635161196, 49.572890759143085 ], [ 18.019104220438091, 49.573997333945492 ], [ 18.017854349602072, 49.575029708714197 ], [ 18.016455881062853, 49.575978080652881 ], [ 18.014922086538995, 49.57683344406842 ], [ 18.013267525127318, 49.577587676030269 ], [ 18.011507905038936, 49.578233613649992 ], [ 18.009659934317447, 49.578765122240505 ], [ 18.009350619206796, 49.578842602768312 ], [ 18.008205371726397, 49.579188989336849 ], [ 18.007288602083221, 49.579567689338873 ], [ 18.006417841460792, 49.580031948307621 ], [ 18.006411977852451, 49.580035462816667 ], [ 18.005643267463128, 49.580547912364722 ], [ 18.005541184298316, 49.580623622352135 ], [ 18.004912983401823, 49.581138080732067 ], [ 18.004742303798658, 49.58129277562324 ], [ 18.004234366364972, 49.581799721269505 ], [ 18.004021995253016, 49.582034036575727 ], [ 18.003615423040241, 49.582528549558724 ], [ 18.003385491761371, 49.582838575881162 ], [ 18.003064007228854, 49.583318897715479 ], [ 18.002837050482455, 49.583697552054169 ], [ 18.002587349614778, 49.584163964333356 ], [ 18.002380163239998, 49.584602023011378 ], [ 18.002191809075654, 49.585056059164081 ], [ 18.002017619440696, 49.585542886491567 ], [ 18.00188275819259, 49.58598681391387 ], [ 18.001751491325251, 49.586510860556459 ], [ 18.001664542844633, 49.586947357217639 ], [ 18.001583085170388, 49.587496500209085 ], [ 18.001540480899866, 49.587928460598512 ], [ 18.001512882338002, 49.588490242212437 ], [ 18.001512882000931, 49.588920662934974 ], [ 18.001540481853642, 49.589482470861626 ], [ 18.001583080292502, 49.589914378869459 ], [ 18.001664549492002, 49.590463599642575 ], [ 18.001751476929449, 49.590899993862465 ], [ 18.001882775253165, 49.591424166220108 ], [ 18.002017591036992, 49.591867945914302 ], [ 18.00221035965297, 49.592406697613697 ], [ 18.002555053680656, 49.59361854915003 ], [ 18.002728151876408, 49.594845793447455 ], [ 18.002728196272226, 49.596078184551892 ], [ 18.002555173568123, 49.597305432786726 ], [ 18.002210515674061, 49.598517290664262 ], [ 18.002017599869522, 49.599056454707274 ], [ 18.001882772464946, 49.599500270446683 ], [ 18.001751476792911, 49.600024432084084 ], [ 18.001664551665467, 49.600460811248432 ], [ 18.001583076263337, 49.601010073751482 ], [ 18.001540483878852, 49.601441913379958 ], [ 18.001512879340275, 49.602003816652775 ], [ 18.001512879003119, 49.602434115560236 ], [ 18.001540484832805, 49.60299604515086 ], [ 18.001583071384474, 49.603427832387339 ], [ 18.001664558314229, 49.603977172688197 ], [ 18.001751462393916, 49.604413449389007 ], [ 18.00178835139771, 49.604560719727324 ], [ 18.002015575590892, 49.605865921214324 ], [ 18.002046362286666, 49.60717929674707 ], [ 18.001880403826881, 49.608488389089665 ], [ 18.001519258881604, 49.609780780662128 ], [ 18.00096633825018, 49.611044211351583 ], [ 18.000226873065252, 49.612266694864985 ], [ 17.999307865680578, 49.613436632518038 ], [ 17.998218023689315, 49.614542923377158 ], [ 17.996967677681944, 49.615575069704519 ], [ 17.995568683510719, 49.616523276700882 ], [ 17.994034309978076, 49.617378545593191 ], [ 17.992379113009012, 49.618132759177371 ], [ 17.990618797499579, 49.618778758997522 ], [ 17.988770068155475, 49.619310413422369 ], [ 17.9884726027034, 49.619384924180359 ], [ 17.987326445683724, 49.619731576973898 ], [ 17.986409686178881, 49.620110264537423 ], [ 17.985538720005081, 49.620574623986549 ], [ 17.985533288611659, 49.620577879391284 ], [ 17.984764284308397, 49.621090515408945 ], [ 17.984662370518869, 49.621166098731358 ], [ 17.984034087021435, 49.621680615454082 ], [ 17.983863408930389, 49.621835306730233 ], [ 17.983355516573091, 49.622342198065674 ], [ 17.983143051199225, 49.622576613690988 ], [ 17.982736591270498, 49.623070980502952 ], [ 17.98250652030092, 49.623381189727979 ], [ 17.982185174414894, 49.623861294186597 ], [ 17.981958065743434, 49.624240194301827 ], [ 17.981708503619885, 49.624706336061983 ], [ 17.981501174048752, 49.625144686784068 ], [ 17.981312942488106, 49.625598414075171 ], [ 17.981138631159578, 49.626085566350781 ], [ 17.9810038666891, 49.626529158343182 ], [ 17.980872507150075, 49.627053552251127 ], [ 17.980785624076681, 49.62748969626319 ], [ 17.98070410698206, 49.62803920034608 ], [ 17.980661533788734, 49.628470798496998 ], [ 17.980633911216017, 49.62903294791078 ], [ 17.980633906338046, 49.629463003424128 ], [ 17.980661518331384, 49.630025179412094 ], [ 17.980704076576163, 49.630456725529378 ], [ 17.980785593598583, 49.631006308168175 ], [ 17.980872446406305, 49.631442350446605 ], [ 17.981003826348278, 49.631966871325602 ], [ 17.981138535955644, 49.632410316682886 ], [ 17.981332244094151, 49.632951710968719 ] ] ] } }
]
}
