{
"type": "FeatureCollection",
"name": "google_zone_15km",
"crs": { "type": "name", "properties": { "name": "urn:ogc:def:crs:OGC:1.3:CRS84" } },
"features": [
{ "type": "Feature", "properties": { }, "geometry": { "type": "MultiPolygon", "coordinates": [ [ [ [ 18.290990442374266, 49.609302770768615 ], [ 18.290322499750861, 49.608565809650145 ], [ 18.289585538632384, 49.607897867026736 ], [ 18.288786656357278, 49.607305375550993 ], [ 18.287933546598559, 49.606794041239716 ], [ 18.28703442526956, 49.606368788521849 ], [ 18.286097951400198, 49.606033712813527 ], [ 18.285133143745753, 49.605792041077002 ], [ 18.284149293931364, 49.605646100743193 ], [ 18.283155876968564, 49.605597297297301 ], [ 18.282162460005765, 49.605646100743193 ], [ 18.281178610191375, 49.605792041077002 ], [ 18.280213802536931, 49.606033712813527 ], [ 18.279277328667568, 49.606368788521849 ], [ 18.278378207338569, 49.606794041239716 ], [ 18.277525097579851, 49.607305375550993 ], [ 18.276726215304745, 49.607897867026736 ], [ 18.275989254186268, 49.608565809650145 ], [ 18.275321311562863, 49.609302770768615 ], [ 18.27472882008712, 49.610101653043728 ], [ 18.274217485775843, 49.610954762802443 ], [ 18.273792233057979, 49.611853884131442 ], [ 18.273457157349657, 49.612790358000808 ], [ 18.273215485613125, 49.613755165655249 ], [ 18.27306954527932, 49.614739015469638 ], [ 18.273020741833427, 49.615732432432438 ], [ 18.27306954527932, 49.616725849395237 ], [ 18.273215485613125, 49.617709699209627 ], [ 18.273457157349657, 49.618674506864068 ], [ 18.273792233057979, 49.619610980733434 ], [ 18.274217485775843, 49.620510102062433 ], [ 18.27472882008712, 49.621363211821148 ], [ 18.275321311562863, 49.622162094096261 ], [ 18.275617773274341, 49.622489189189189 ], [ 18.275321311562863, 49.622816284282123 ], [ 18.27472882008712, 49.623615166557236 ], [ 18.274217485775843, 49.624468276315952 ], [ 18.273792233057979, 49.625367397644951 ], [ 18.273457157349657, 49.626303871514317 ], [ 18.273215485613125, 49.627268679168758 ], [ 18.27306954527932, 49.628252528983147 ], [ 18.273020741833427, 49.629245945945947 ], [ 18.27306954527932, 49.630239362908746 ], [ 18.273215485613125, 49.631223212723135 ], [ 18.273457157349657, 49.632188020377576 ], [ 18.273792233057979, 49.633124494246943 ], [ 18.274217485775843, 49.634023615575941 ], [ 18.27472882008712, 49.634876725334657 ], [ 18.275321311562863, 49.63567560760977 ], [ 18.275617773274345, 49.636002702702704 ], [ 18.275321311562863, 49.636329797795639 ], [ 18.27472882008712, 49.637128680070752 ], [ 18.274217485775843, 49.637981789829468 ], [ 18.273792233057979, 49.638880911158466 ], [ 18.273457157349657, 49.639817385027833 ], [ 18.273215485613125, 49.640782192682273 ], [ 18.27306954527932, 49.641766042496663 ], [ 18.273020741833427, 49.642759459459462 ], [ 18.27306954527932, 49.643752876422262 ], [ 18.273215485613125, 49.644736726236651 ], [ 18.273457157349657, 49.645701533891092 ], [ 18.273792233057979, 49.646638007760458 ], [ 18.274217485775843, 49.647537129089457 ], [ 18.27472882008712, 49.648390238848172 ], [ 18.275321311562863, 49.649189121123285 ], [ 18.275617773274345, 49.64951621621622 ], [ 18.275321311562863, 49.649843311309155 ], [ 18.27472882008712, 49.650642193584268 ], [ 18.274217485775843, 49.651495303342983 ], [ 18.273792233057979, 49.652394424671982 ], [ 18.273457157349657, 49.653330898541348 ], [ 18.273215485613125, 49.654295706195789 ], [ 18.27306954527932, 49.655279556010179 ], [ 18.273020741833427, 49.656272972972978 ], [ 18.27306954527932, 49.657266389935778 ], [ 18.273215485613125, 49.658250239750167 ], [ 18.273457157349657, 49.659215047404608 ], [ 18.273792233057979, 49.660151521273974 ], [ 18.274217485775843, 49.661050642602973 ], [ 18.27472882008712, 49.661903752361688 ], [ 18.275321311562863, 49.662702634636801 ], [ 18.275617773274341, 49.663029729729729 ], [ 18.275321311562863, 49.663356824822664 ], [ 18.27472882008712, 49.664155707097777 ], [ 18.274217485775843, 49.665008816856492 ], [ 18.273792233057979, 49.665907938185491 ], [ 18.273457157349657, 49.666844412054857 ], [ 18.273215485613125, 49.667809219709298 ], [ 18.27306954527932, 49.668793069523687 ], [ 18.273020741833427, 49.669786486486487 ], [ 18.27306954527932, 49.670779903449287 ], [ 18.273215485613125, 49.671763753263676 ], [ 18.273457157349657, 49.672728560918117 ], [ 18.273792233057979, 49.673665034787483 ], [ 18.274217485775843, 49.674564156116482 ], [ 18.27472882008712, 49.675417265875197 ], [ 18.275321311562863, 49.67621614815031 ], [ 18.275617773274345, 49.676543243243245 ], [ 18.275321311562863, 49.67687033833618 ], [ 18.27472882008712, 49.677669220611293 ], [ 18.274217485775843, 49.678522330370008 ], [ 18.273792233057979, 49.679421451699007 ], [ 18.273457157349657, 49.680357925568373 ], [ 18.273215485613125, 49.681322733222814 ], [ 18.27306954527932, 49.682306583037203 ], [ 18.273020741833427, 49.6833 ], [ 18.27306954527932, 49.684293416962802 ], [ 18.273215485613125, 49.685277266777192 ], [ 18.273457157349657, 49.686242074431632 ], [ 18.273792233057979, 49.687178548300999 ], [ 18.274217485775843, 49.688077669629998 ], [ 18.27472882008712, 49.688930779388713 ], [ 18.275321311562863, 49.689729661663826 ], [ 18.275617773274345, 49.690056756756761 ], [ 18.275321311562863, 49.690383851849695 ], [ 18.27472882008712, 49.691182734124808 ], [ 18.274217485775843, 49.692035843883524 ], [ 18.273792233057979, 49.692934965212523 ], [ 18.273457157349657, 49.693871439081889 ], [ 18.273215485613125, 49.69483624673633 ], [ 18.27306954527932, 49.695820096550719 ], [ 18.273020741833427, 49.696813513513519 ], [ 18.27306954527932, 49.697806930476318 ], [ 18.273215485613125, 49.698790780290707 ], [ 18.273457157349657, 49.699755587945148 ], [ 18.273792233057979, 49.700692061814514 ], [ 18.274217485775843, 49.701591183143513 ], [ 18.27472882008712, 49.702444292902229 ], [ 18.275321311562863, 49.703243175177342 ], [ 18.275617773274341, 49.703570270270276 ], [ 18.275321311562863, 49.703897365363204 ], [ 18.27472882008712, 49.704696247638317 ], [ 18.274217485775843, 49.705549357397032 ], [ 18.273792233057979, 49.706448478726031 ], [ 18.273457157349657, 49.707384952595397 ], [ 18.273215485613125, 49.708349760249838 ], [ 18.27306954527932, 49.709333610064228 ], [ 18.273020741833427, 49.710327027027027 ], [ 18.27306954527932, 49.711320443989827 ], [ 18.273215485613125, 49.712304293804216 ], [ 18.273457157349657, 49.713269101458657 ], [ 18.273792233057979, 49.714205575328023 ], [ 18.274217485775843, 49.715104696657022 ], [ 18.27472882008712, 49.715957806415737 ], [ 18.275321311562863, 49.71675668869085 ], [ 18.275617773274345, 49.717083783783785 ], [ 18.275321311562863, 49.71741087887672 ], [ 18.27472882008712, 49.718209761151833 ], [ 18.274217485775843, 49.719062870910548 ], [ 18.273792233057979, 49.719961992239547 ], [ 18.273457157349657, 49.720898466108913 ], [ 18.273215485613125, 49.721863273763354 ], [ 18.27306954527932, 49.722847123577743 ], [ 18.273020741833427, 49.723840540540543 ], [ 18.27306954527932, 49.724833957503343 ], [ 18.273215485613125, 49.725817807317732 ], [ 18.273457157349657, 49.726782614972173 ], [ 18.273792233057979, 49.727719088841539 ], [ 18.274217485775843, 49.728618210170538 ], [ 18.27472882008712, 49.729471319929253 ], [ 18.275321311562863, 49.730270202204366 ], [ 18.275617773274345, 49.730597297297301 ], [ 18.275321311562863, 49.730924392390236 ], [ 18.27472882008712, 49.731723274665349 ], [ 18.274217485775843, 49.732576384424064 ], [ 18.273792233057979, 49.733475505753063 ], [ 18.273457157349657, 49.734411979622429 ], [ 18.273215485613125, 49.73537678727687 ], [ 18.27306954527932, 49.736360637091259 ], [ 18.273020741833427, 49.737354054054059 ], [ 18.27306954527932, 49.738347471016858 ], [ 18.273215485613125, 49.739331320831248 ], [ 18.273457157349657, 49.740296128485689 ], [ 18.273792233057979, 49.741232602355055 ], [ 18.274217485775843, 49.742131723684054 ], [ 18.27472882008712, 49.742984833442769 ], [ 18.275321311562863, 49.743783715717882 ], [ 18.275989254186268, 49.744520676836352 ], [ 18.276726215304745, 49.745188619459761 ], [ 18.277525097579851, 49.745781110935503 ], [ 18.278378207338569, 49.74629244524678 ], [ 18.279277328667568, 49.746717697964648 ], [ 18.280213802536931, 49.747052773672969 ], [ 18.281178610191375, 49.747294445409494 ], [ 18.282162460005765, 49.747440385743303 ], [ 18.283155876968564, 49.747489189189196 ], [ 18.284149293931364, 49.747440385743303 ], [ 18.285133143745753, 49.747294445409494 ], [ 18.286097951400198, 49.747052773672969 ], [ 18.28703442526956, 49.746717697964648 ], [ 18.287933546598559, 49.74629244524678 ], [ 18.288786656357278, 49.745781110935503 ], [ 18.289585538632384, 49.745188619459761 ], [ 18.290322499750861, 49.744520676836352 ], [ 18.290990442374266, 49.743783715717882 ], [ 18.291582933850009, 49.742984833442769 ], [ 18.292094268161286, 49.742131723684054 ], [ 18.29251952087915, 49.741232602355055 ], [ 18.292854596587471, 49.740296128485689 ], [ 18.293096268324003, 49.739331320831248 ], [ 18.293242208657809, 49.738347471016858 ], [ 18.293291012103701, 49.737354054054059 ], [ 18.293242208657809, 49.736360637091259 ], [ 18.293096268324003, 49.73537678727687 ], [ 18.292854596587471, 49.734411979622429 ], [ 18.29251952087915, 49.733475505753063 ], [ 18.292094268161286, 49.732576384424064 ], [ 18.291582933850009, 49.731723274665349 ], [ 18.290990442374266, 49.730924392390236 ], [ 18.290693980662784, 49.730597297297301 ], [ 18.290990442374266, 49.730270202204366 ], [ 18.291582933850009, 49.729471319929253 ], [ 18.292094268161286, 49.728618210170538 ], [ 18.29251952087915, 49.727719088841539 ], [ 18.292854596587471, 49.726782614972173 ], [ 18.293096268324003, 49.725817807317732 ], [ 18.293242208657809, 49.724833957503343 ], [ 18.293291012103701, 49.723840540540543 ], [ 18.293242208657809, 49.722847123577743 ], [ 18.293096268324003, 49.721863273763354 ], [ 18.292854596587471, 49.720898466108913 ], [ 18.29251952087915, 49.719961992239547 ], [ 18.292094268161286, 49.719062870910548 ], [ 18.291582933850009, 49.718209761151833 ], [ 18.290990442374266, 49.71741087887672 ], [ 18.290693980662784, 49.717083783783785 ], [ 18.290990442374266, 49.71675668869085 ], [ 18.291582933850009, 49.715957806415737 ], [ 18.292094268161286, 49.715104696657022 ], [ 18.29251952087915, 49.714205575328023 ], [ 18.292854596587471, 49.713269101458657 ], [ 18.293096268324003, 49.712304293804216 ], [ 18.293242208657809, 49.711320443989827 ], [ 18.293291012103701, 49.710327027027027 ], [ 18.293242208657809, 49.709333610064228 ], [ 18.293096268324003, 49.708349760249838 ], [ 18.292854596587471, 49.707384952595397 ], [ 18.29251952087915, 49.706448478726031 ], [ 18.292094268161286, 49.705549357397032 ], [ 18.291582933850009, 49.704696247638317 ], [ 18.290990442374266, 49.703897365363204 ], [ 18.290693980662788, 49.703570270270276 ], [ 18.290990442374266, 49.703243175177342 ], [ 18.291582933850009, 49.702444292902229 ], [ 18.292094268161286, 49.701591183143513 ], [ 18.29251952087915, 49.700692061814514 ], [ 18.292854596587471, 49.699755587945148 ], [ 18.293096268324003, 49.698790780290707 ], [ 18.293242208657809, 49.697806930476318 ], [ 18.293291012103701, 49.696813513513519 ], [ 18.293242208657809, 49.695820096550719 ], [ 18.293096268324003, 49.69483624673633 ], [ 18.292854596587471, 49.693871439081889 ], [ 18.29251952087915, 49.692934965212523 ], [ 18.292094268161286, 49.692035843883524 ], [ 18.291582933850009, 49.691182734124808 ], [ 18.290990442374266, 49.690383851849695 ], [ 18.290693980662784, 49.690056756756761 ], [ 18.290990442374266, 49.689729661663826 ], [ 18.291582933850009, 49.688930779388713 ], [ 18.292094268161286, 49.688077669629998 ], [ 18.29251952087915, 49.687178548300999 ], [ 18.292854596587471, 49.686242074431632 ], [ 18.293096268324003, 49.685277266777192 ], [ 18.293242208657809, 49.684293416962802 ], [ 18.293291012103701, 49.6833 ], [ 18.293242208657809, 49.682306583037203 ], [ 18.293096268324003, 49.681322733222814 ], [ 18.292854596587471, 49.680357925568373 ], [ 18.29251952087915, 49.679421451699007 ], [ 18.292094268161286, 49.678522330370008 ], [ 18.291582933850009, 49.677669220611293 ], [ 18.290990442374266, 49.67687033833618 ], [ 18.290693980662784, 49.676543243243245 ], [ 18.290990442374266, 49.67621614815031 ], [ 18.291582933850009, 49.675417265875197 ], [ 18.292094268161286, 49.674564156116482 ], [ 18.29251952087915, 49.673665034787483 ], [ 18.292854596587471, 49.672728560918117 ], [ 18.293096268324003, 49.671763753263676 ], [ 18.293242208657809, 49.670779903449287 ], [ 18.293291012103701, 49.669786486486487 ], [ 18.293242208657809, 49.668793069523687 ], [ 18.293096268324003, 49.667809219709298 ], [ 18.292854596587471, 49.666844412054857 ], [ 18.29251952087915, 49.665907938185491 ], [ 18.292094268161286, 49.665008816856492 ], [ 18.291582933850009, 49.664155707097777 ], [ 18.290990442374266, 49.663356824822664 ], [ 18.290693980662788, 49.663029729729729 ], [ 18.290990442374266, 49.662702634636801 ], [ 18.291582933850009, 49.661903752361688 ], [ 18.292094268161286, 49.661050642602973 ], [ 18.29251952087915, 49.660151521273974 ], [ 18.292854596587471, 49.659215047404608 ], [ 18.293096268324003, 49.658250239750167 ], [ 18.293242208657809, 49.657266389935778 ], [ 18.293291012103701, 49.656272972972978 ], [ 18.293242208657809, 49.655279556010179 ], [ 18.293096268324003, 49.654295706195789 ], [ 18.292854596587471, 49.653330898541348 ], [ 18.29251952087915, 49.652394424671982 ], [ 18.292094268161286, 49.651495303342983 ], [ 18.291582933850009, 49.650642193584268 ], [ 18.290990442374266, 49.649843311309155 ], [ 18.290693980662784, 49.64951621621622 ], [ 18.290990442374266, 49.649189121123285 ], [ 18.291582933850009, 49.648390238848172 ], [ 18.292094268161286, 49.647537129089457 ], [ 18.29251952087915, 49.646638007760458 ], [ 18.292854596587471, 49.645701533891092 ], [ 18.293096268324003, 49.644736726236651 ], [ 18.293242208657809, 49.643752876422262 ], [ 18.293291012103701, 49.642759459459462 ], [ 18.293242208657809, 49.641766042496663 ], [ 18.293096268324003, 49.640782192682273 ], [ 18.292854596587471, 49.639817385027833 ], [ 18.29251952087915, 49.638880911158466 ], [ 18.292094268161286, 49.637981789829468 ], [ 18.291582933850009, 49.637128680070752 ], [ 18.290990442374266, 49.636329797795639 ], [ 18.290693980662784, 49.636002702702704 ], [ 18.290990442374266, 49.63567560760977 ], [ 18.291582933850009, 49.634876725334657 ], [ 18.292094268161286, 49.634023615575941 ], [ 18.29251952087915, 49.633124494246943 ], [ 18.292854596587471, 49.632188020377576 ], [ 18.293096268324003, 49.631223212723135 ], [ 18.293242208657809, 49.630239362908746 ], [ 18.293291012103701, 49.629245945945947 ], [ 18.293242208657809, 49.628252528983147 ], [ 18.293096268324003, 49.627268679168758 ], [ 18.292854596587471, 49.626303871514317 ], [ 18.29251952087915, 49.625367397644951 ], [ 18.292094268161286, 49.624468276315952 ], [ 18.291582933850009, 49.623615166557236 ], [ 18.290990442374266, 49.622816284282123 ], [ 18.290693980662788, 49.622489189189196 ], [ 18.290990442374266, 49.622162094096261 ], [ 18.291582933850009, 49.621363211821148 ], [ 18.292094268161286, 49.620510102062433 ], [ 18.29251952087915, 49.619610980733434 ], [ 18.292854596587471, 49.618674506864068 ], [ 18.293096268324003, 49.617709699209627 ], [ 18.293242208657809, 49.616725849395237 ], [ 18.293291012103701, 49.615732432432438 ], [ 18.293242208657809, 49.614739015469638 ], [ 18.293096268324003, 49.613755165655249 ], [ 18.292854596587471, 49.612790358000808 ], [ 18.29251952087915, 49.611853884131442 ], [ 18.292094268161286, 49.610954762802443 ], [ 18.291582933850009, 49.610101653043728 ], [ 18.290990442374266, 49.609302770768615 ] ] ], [ [ [ 18.311876473132124, 49.609302770768615 ], [ 18.311208530508718, 49.608565809650145 ], [ 18.310471569390241, 49.607897867026736 ], [ 18.309672687115135, 49.607305375550993 ], [ 18.308819577356417, 49.606794041239716 ], [ 18.307920456027418, 49.606368788521849 ], [ 18.306983982158055, 49.606033712813527 ], [ 18.306019174503611, 49.605792041077002 ], [ 18.305035324689221, 49.605646100743193 ], [ 18.304041907726422, 49.605597297297301 ], [ 18.303048490763622, 49.605646100743193 ], [ 18.302064640949233, 49.605792041077002 ], [ 18.301099833294789, 49.606033712813527 ], [ 18.300163359425426, 49.606368788521849 ], [ 18.299264238096427, 49.606794041239716 ], [ 18.298411128337708, 49.607305375550993 ], [ 18.297612246062602, 49.607897867026736 ], [ 18.296875284944125, 49.608565809650145 ], [ 18.29620734232072, 49.609302770768615 ], [ 18.295614850844977, 49.610101653043728 ], [ 18.2951035165337, 49.610954762802443 ], [ 18.294678263815836, 49.611853884131442 ], [ 18.294343188107515, 49.612790358000808 ], [ 18.294101516370983, 49.613755165655249 ], [ 18.293955576037177, 49.614739015469638 ], [ 18.293906772591285, 49.615732432432438 ], [ 18.293955576037177, 49.616725849395237 ], [ 18.294101516370983, 49.617709699209627 ], [ 18.294343188107515, 49.618674506864068 ], [ 18.294678263815836, 49.619610980733434 ], [ 18.2951035165337, 49.620510102062433 ], [ 18.295614850844977, 49.621363211821148 ], [ 18.29620734232072, 49.622162094096261 ], [ 18.296503804032199, 49.622489189189196 ], [ 18.29620734232072, 49.622816284282123 ], [ 18.295614850844977, 49.623615166557236 ], [ 18.2951035165337, 49.624468276315952 ], [ 18.294678263815836, 49.625367397644951 ], [ 18.294343188107515, 49.626303871514317 ], [ 18.294101516370983, 49.627268679168758 ], [ 18.293955576037177, 49.628252528983147 ], [ 18.293906772591285, 49.629245945945947 ], [ 18.293955576037177, 49.630239362908746 ], [ 18.294101516370983, 49.631223212723135 ], [ 18.294343188107515, 49.632188020377576 ], [ 18.294678263815836, 49.633124494246943 ], [ 18.2951035165337, 49.634023615575941 ], [ 18.295614850844977, 49.634876725334657 ], [ 18.29620734232072, 49.63567560760977 ], [ 18.296503804032202, 49.636002702702704 ], [ 18.29620734232072, 49.636329797795639 ], [ 18.295614850844977, 49.637128680070752 ], [ 18.2951035165337, 49.637981789829468 ], [ 18.294678263815836, 49.638880911158466 ], [ 18.294343188107515, 49.639817385027833 ], [ 18.294101516370983, 49.640782192682273 ], [ 18.293955576037177, 49.641766042496663 ], [ 18.293906772591285, 49.642759459459462 ], [ 18.293955576037177, 49.643752876422262 ], [ 18.294101516370983, 49.644736726236651 ], [ 18.294343188107515, 49.645701533891092 ], [ 18.294678263815836, 49.646638007760458 ], [ 18.2951035165337, 49.647537129089457 ], [ 18.295614850844977, 49.648390238848172 ], [ 18.29620734232072, 49.649189121123285 ], [ 18.296503804032202, 49.64951621621622 ], [ 18.29620734232072, 49.649843311309155 ], [ 18.295614850844977, 49.650642193584268 ], [ 18.2951035165337, 49.651495303342983 ], [ 18.294678263815836, 49.652394424671982 ], [ 18.294343188107515, 49.653330898541348 ], [ 18.294101516370983, 49.654295706195789 ], [ 18.293955576037177, 49.655279556010179 ], [ 18.293906772591285, 49.656272972972978 ], [ 18.293955576037177, 49.657266389935778 ], [ 18.294101516370983, 49.658250239750167 ], [ 18.294343188107515, 49.659215047404608 ], [ 18.294678263815836, 49.660151521273974 ], [ 18.2951035165337, 49.661050642602973 ], [ 18.295614850844977, 49.661903752361688 ], [ 18.29620734232072, 49.662702634636801 ], [ 18.296503804032199, 49.663029729729729 ], [ 18.29620734232072, 49.663356824822664 ], [ 18.295614850844977, 49.664155707097777 ], [ 18.2951035165337, 49.665008816856492 ], [ 18.294678263815836, 49.665907938185491 ], [ 18.294343188107515, 49.666844412054857 ], [ 18.294101516370983, 49.667809219709298 ], [ 18.293955576037177, 49.668793069523687 ], [ 18.293906772591285, 49.669786486486487 ], [ 18.293955576037177, 49.670779903449287 ], [ 18.294101516370983, 49.671763753263676 ], [ 18.294343188107515, 49.672728560918117 ], [ 18.294678263815836, 49.673665034787483 ], [ 18.2951035165337, 49.674564156116482 ], [ 18.295614850844977, 49.675417265875197 ], [ 18.29620734232072, 49.67621614815031 ], [ 18.296503804032202, 49.676543243243245 ], [ 18.29620734232072, 49.67687033833618 ], [ 18.295614850844977, 49.677669220611293 ], [ 18.2951035165337, 49.678522330370008 ], [ 18.294678263815836, 49.679421451699007 ], [ 18.294343188107515, 49.680357925568373 ], [ 18.294101516370983, 49.681322733222814 ], [ 18.293955576037177, 49.682306583037203 ], [ 18.293906772591285, 49.6833 ], [ 18.293955576037177, 49.684293416962802 ], [ 18.294101516370983, 49.685277266777192 ], [ 18.294343188107515, 49.686242074431632 ], [ 18.294678263815836, 49.687178548300999 ], [ 18.2951035165337, 49.688077669629998 ], [ 18.295614850844977, 49.688930779388713 ], [ 18.29620734232072, 49.689729661663826 ], [ 18.296503804032202, 49.690056756756761 ], [ 18.29620734232072, 49.690383851849695 ], [ 18.295614850844977, 49.691182734124808 ], [ 18.2951035165337, 49.692035843883524 ], [ 18.294678263815836, 49.692934965212523 ], [ 18.294343188107515, 49.693871439081889 ], [ 18.294101516370983, 49.69483624673633 ], [ 18.293955576037177, 49.695820096550719 ], [ 18.293906772591285, 49.696813513513519 ], [ 18.293955576037177, 49.697806930476318 ], [ 18.294101516370983, 49.698790780290707 ], [ 18.294343188107515, 49.699755587945148 ], [ 18.294678263815836, 49.700692061814514 ], [ 18.2951035165337, 49.701591183143513 ], [ 18.295614850844977, 49.702444292902229 ], [ 18.29620734232072, 49.703243175177342 ], [ 18.296503804032199, 49.703570270270276 ], [ 18.29620734232072, 49.703897365363204 ], [ 18.295614850844977, 49.704696247638317 ], [ 18.2951035165337, 49.705549357397032 ], [ 18.294678263815836, 49.706448478726031 ], [ 18.294343188107515, 49.707384952595397 ], [ 18.294101516370983, 49.708349760249838 ], [ 18.293955576037177, 49.709333610064228 ], [ 18.293906772591285, 49.710327027027027 ], [ 18.293955576037177, 49.711320443989827 ], [ 18.294101516370983, 49.712304293804216 ], [ 18.294343188107515, 49.713269101458657 ], [ 18.294678263815836, 49.714205575328023 ], [ 18.2951035165337, 49.715104696657022 ], [ 18.295614850844977, 49.715957806415737 ], [ 18.29620734232072, 49.71675668869085 ], [ 18.296503804032202, 49.717083783783785 ], [ 18.29620734232072, 49.71741087887672 ], [ 18.295614850844977, 49.718209761151833 ], [ 18.2951035165337, 49.719062870910548 ], [ 18.294678263815836, 49.719961992239547 ], [ 18.294343188107515, 49.720898466108913 ], [ 18.294101516370983, 49.721863273763354 ], [ 18.293955576037177, 49.722847123577743 ], [ 18.293906772591285, 49.723840540540543 ], [ 18.293955576037177, 49.724833957503343 ], [ 18.294101516370983, 49.725817807317732 ], [ 18.294343188107515, 49.726782614972173 ], [ 18.294678263815836, 49.727719088841539 ], [ 18.2951035165337, 49.728618210170538 ], [ 18.295614850844977, 49.729471319929253 ], [ 18.29620734232072, 49.730270202204366 ], [ 18.296503804032202, 49.730597297297301 ], [ 18.29620734232072, 49.730924392390236 ], [ 18.295614850844977, 49.731723274665349 ], [ 18.2951035165337, 49.732576384424064 ], [ 18.294678263815836, 49.733475505753063 ], [ 18.294343188107515, 49.734411979622429 ], [ 18.294101516370983, 49.73537678727687 ], [ 18.293955576037177, 49.736360637091259 ], [ 18.293906772591285, 49.737354054054059 ], [ 18.293955576037177, 49.738347471016858 ], [ 18.294101516370983, 49.739331320831248 ], [ 18.294343188107515, 49.740296128485689 ], [ 18.294678263815836, 49.741232602355055 ], [ 18.2951035165337, 49.742131723684054 ], [ 18.295614850844977, 49.742984833442769 ], [ 18.29620734232072, 49.743783715717882 ], [ 18.296503804032199, 49.74411081081081 ], [ 18.29620734232072, 49.744437905903744 ], [ 18.295614850844977, 49.745236788178858 ], [ 18.2951035165337, 49.746089897937573 ], [ 18.294678263815836, 49.746989019266572 ], [ 18.294343188107515, 49.747925493135938 ], [ 18.294101516370983, 49.748890300790379 ], [ 18.293955576037177, 49.749874150604768 ], [ 18.293906772591285, 49.750867567567568 ], [ 18.293955576037177, 49.751860984530367 ], [ 18.294101516370983, 49.752844834344756 ], [ 18.294343188107515, 49.753809641999197 ], [ 18.294678263815836, 49.754746115868564 ], [ 18.2951035165337, 49.755645237197562 ], [ 18.295614850844977, 49.756498346956278 ], [ 18.29620734232072, 49.757297229231391 ], [ 18.296875284944125, 49.758034190349861 ], [ 18.297612246062602, 49.758702132973269 ], [ 18.298411128337708, 49.759294624449012 ], [ 18.299264238096427, 49.759805958760289 ], [ 18.300163359425426, 49.760231211478157 ], [ 18.301099833294789, 49.760566287186478 ], [ 18.302064640949233, 49.760807958923003 ], [ 18.303048490763622, 49.760953899256812 ], [ 18.304041907726422, 49.761002702702704 ], [ 18.305035324689221, 49.760953899256812 ], [ 18.306019174503611, 49.760807958923003 ], [ 18.306983982158055, 49.760566287186478 ], [ 18.307920456027418, 49.760231211478157 ], [ 18.308819577356417, 49.759805958760289 ], [ 18.309672687115135, 49.759294624449012 ], [ 18.310471569390241, 49.758702132973269 ], [ 18.311208530508718, 49.758034190349861 ], [ 18.311876473132124, 49.757297229231391 ], [ 18.312468964607866, 49.756498346956278 ], [ 18.312980298919143, 49.755645237197562 ], [ 18.313405551637008, 49.754746115868564 ], [ 18.313740627345329, 49.753809641999197 ], [ 18.313982299081861, 49.752844834344756 ], [ 18.314128239415666, 49.751860984530367 ], [ 18.314177042861559, 49.750867567567568 ], [ 18.314128239415666, 49.749874150604768 ], [ 18.313982299081861, 49.748890300790379 ], [ 18.313740627345329, 49.747925493135938 ], [ 18.313405551637008, 49.746989019266572 ], [ 18.312980298919143, 49.746089897937573 ], [ 18.312468964607866, 49.745236788178858 ], [ 18.311876473132124, 49.744437905903744 ], [ 18.311580011420645, 49.74411081081081 ], [ 18.311876473132124, 49.743783715717882 ], [ 18.312468964607866, 49.742984833442769 ], [ 18.312980298919143, 49.742131723684054 ], [ 18.313405551637008, 49.741232602355055 ], [ 18.313740627345329, 49.740296128485689 ], [ 18.313982299081861, 49.739331320831248 ], [ 18.314128239415666, 49.738347471016858 ], [ 18.314177042861559, 49.737354054054059 ], [ 18.314128239415666, 49.736360637091259 ], [ 18.313982299081861, 49.73537678727687 ], [ 18.313740627345329, 49.734411979622429 ], [ 18.313405551637008, 49.733475505753063 ], [ 18.312980298919143, 49.732576384424064 ], [ 18.312468964607866, 49.731723274665349 ], [ 18.311876473132124, 49.730924392390236 ], [ 18.311580011420642, 49.730597297297301 ], [ 18.311876473132124, 49.730270202204366 ], [ 18.312468964607866, 49.729471319929253 ], [ 18.312980298919143, 49.728618210170538 ], [ 18.313405551637008, 49.727719088841539 ], [ 18.313740627345329, 49.726782614972173 ], [ 18.313982299081861, 49.725817807317732 ], [ 18.314128239415666, 49.724833957503343 ], [ 18.314177042861559, 49.723840540540543 ], [ 18.314128239415666, 49.722847123577743 ], [ 18.313982299081861, 49.721863273763354 ], [ 18.313740627345329, 49.720898466108913 ], [ 18.313405551637008, 49.719961992239547 ], [ 18.312980298919143, 49.719062870910548 ], [ 18.312468964607866, 49.718209761151833 ], [ 18.311876473132124, 49.71741087887672 ], [ 18.311580011420642, 49.717083783783785 ], [ 18.311876473132124, 49.71675668869085 ], [ 18.312468964607866, 49.715957806415737 ], [ 18.312980298919143, 49.715104696657022 ], [ 18.313405551637008, 49.714205575328023 ], [ 18.313740627345329, 49.713269101458657 ], [ 18.313982299081861, 49.712304293804216 ], [ 18.314128239415666, 49.711320443989827 ], [ 18.314177042861559, 49.710327027027027 ], [ 18.314128239415666, 49.709333610064228 ], [ 18.313982299081861, 49.708349760249838 ], [ 18.313740627345329, 49.707384952595397 ], [ 18.313405551637008, 49.706448478726031 ], [ 18.312980298919143, 49.705549357397032 ], [ 18.312468964607866, 49.704696247638317 ], [ 18.311876473132124, 49.703897365363204 ], [ 18.311580011420645, 49.703570270270276 ], [ 18.311876473132124, 49.703243175177342 ], [ 18.312468964607866, 49.702444292902229 ], [ 18.312980298919143, 49.701591183143513 ], [ 18.313405551637008, 49.700692061814514 ], [ 18.313740627345329, 49.699755587945148 ], [ 18.313982299081861, 49.698790780290707 ], [ 18.314128239415666, 49.697806930476318 ], [ 18.314177042861559, 49.696813513513519 ], [ 18.314128239415666, 49.695820096550719 ], [ 18.313982299081861, 49.69483624673633 ], [ 18.313740627345329, 49.693871439081889 ], [ 18.313405551637008, 49.692934965212523 ], [ 18.312980298919143, 49.692035843883524 ], [ 18.312468964607866, 49.691182734124808 ], [ 18.311876473132124, 49.690383851849695 ], [ 18.311580011420642, 49.690056756756761 ], [ 18.311876473132124, 49.689729661663826 ], [ 18.312468964607866, 49.688930779388713 ], [ 18.312980298919143, 49.688077669629998 ], [ 18.313405551637008, 49.687178548300999 ], [ 18.313740627345329, 49.686242074431632 ], [ 18.313982299081861, 49.685277266777192 ], [ 18.314128239415666, 49.684293416962802 ], [ 18.314177042861559, 49.6833 ], [ 18.314128239415666, 49.682306583037203 ], [ 18.313982299081861, 49.681322733222814 ], [ 18.313740627345329, 49.680357925568373 ], [ 18.313405551637008, 49.679421451699007 ], [ 18.312980298919143, 49.678522330370008 ], [ 18.312468964607866, 49.677669220611293 ], [ 18.311876473132124, 49.67687033833618 ], [ 18.311580011420642, 49.676543243243245 ], [ 18.311876473132124, 49.67621614815031 ], [ 18.312468964607866, 49.675417265875197 ], [ 18.312980298919143, 49.674564156116482 ], [ 18.313405551637008, 49.673665034787483 ], [ 18.313740627345329, 49.672728560918117 ], [ 18.313982299081861, 49.671763753263676 ], [ 18.314128239415666, 49.670779903449287 ], [ 18.314177042861559, 49.669786486486487 ], [ 18.314128239415666, 49.668793069523687 ], [ 18.313982299081861, 49.667809219709298 ], [ 18.313740627345329, 49.666844412054857 ], [ 18.313405551637008, 49.665907938185491 ], [ 18.312980298919143, 49.665008816856492 ], [ 18.312468964607866, 49.664155707097777 ], [ 18.311876473132124, 49.663356824822664 ], [ 18.311580011420645, 49.663029729729729 ], [ 18.311876473132124, 49.662702634636801 ], [ 18.312468964607866, 49.661903752361688 ], [ 18.312980298919143, 49.661050642602973 ], [ 18.313405551637008, 49.660151521273974 ], [ 18.313740627345329, 49.659215047404608 ], [ 18.313982299081861, 49.658250239750167 ], [ 18.314128239415666, 49.657266389935778 ], [ 18.314177042861559, 49.656272972972978 ], [ 18.314128239415666, 49.655279556010179 ], [ 18.313982299081861, 49.654295706195789 ], [ 18.313740627345329, 49.653330898541348 ], [ 18.313405551637008, 49.652394424671982 ], [ 18.312980298919143, 49.651495303342983 ], [ 18.312468964607866, 49.650642193584268 ], [ 18.311876473132124, 49.649843311309155 ], [ 18.311580011420642, 49.64951621621622 ], [ 18.311876473132124, 49.649189121123285 ], [ 18.312468964607866, 49.648390238848172 ], [ 18.312980298919143, 49.647537129089457 ], [ 18.313405551637008, 49.646638007760458 ], [ 18.313740627345329, 49.645701533891092 ], [ 18.313982299081861, 49.644736726236651 ], [ 18.314128239415666, 49.643752876422262 ], [ 18.314177042861559, 49.642759459459462 ], [ 18.314128239415666, 49.641766042496663 ], [ 18.313982299081861, 49.640782192682273 ], [ 18.313740627345329, 49.639817385027833 ], [ 18.313405551637008, 49.638880911158466 ], [ 18.312980298919143, 49.637981789829468 ], [ 18.312468964607866, 49.637128680070752 ], [ 18.311876473132124, 49.636329797795639 ], [ 18.311580011420642, 49.636002702702704 ], [ 18.311876473132124, 49.63567560760977 ], [ 18.312468964607866, 49.634876725334657 ], [ 18.312980298919143, 49.634023615575941 ], [ 18.313405551637008, 49.633124494246943 ], [ 18.313740627345329, 49.632188020377576 ], [ 18.313982299081861, 49.631223212723135 ], [ 18.314128239415666, 49.630239362908746 ], [ 18.314177042861559, 49.629245945945947 ], [ 18.314128239415666, 49.628252528983147 ], [ 18.313982299081861, 49.627268679168758 ], [ 18.313740627345329, 49.626303871514317 ], [ 18.313405551637008, 49.625367397644951 ], [ 18.312980298919143, 49.624468276315952 ], [ 18.312468964607866, 49.623615166557236 ], [ 18.311876473132124, 49.622816284282123 ], [ 18.311580011420645, 49.622489189189196 ], [ 18.311876473132124, 49.622162094096261 ], [ 18.312468964607866, 49.621363211821148 ], [ 18.312980298919143, 49.620510102062433 ], [ 18.313405551637008, 49.619610980733434 ], [ 18.313740627345329, 49.618674506864068 ], [ 18.313982299081861, 49.617709699209627 ], [ 18.314128239415666, 49.616725849395237 ], [ 18.314177042861559, 49.615732432432438 ], [ 18.314128239415666, 49.614739015469638 ], [ 18.313982299081861, 49.613755165655249 ], [ 18.313740627345329, 49.612790358000808 ], [ 18.313405551637008, 49.611853884131442 ], [ 18.312980298919143, 49.610954762802443 ], [ 18.312468964607866, 49.610101653043728 ], [ 18.311876473132124, 49.609302770768615 ] ] ], [ [ [ 18.332762503889985, 49.609302770768615 ], [ 18.33209456126658, 49.608565809650145 ], [ 18.331357600148102, 49.607897867026736 ], [ 18.330558717872997, 49.607305375550993 ], [ 18.329705608114278, 49.606794041239716 ], [ 18.328806486785279, 49.606368788521849 ], [ 18.327870012915916, 49.606033712813527 ], [ 18.326905205261472, 49.605792041077002 ], [ 18.325921355447083, 49.605646100743193 ], [ 18.324927938484283, 49.605597297297301 ], [ 18.323934521521483, 49.605646100743193 ], [ 18.322950671707094, 49.605792041077002 ], [ 18.32198586405265, 49.606033712813527 ], [ 18.321049390183287, 49.606368788521849 ], [ 18.320150268854288, 49.606794041239716 ], [ 18.319297159095569, 49.607305375550993 ], [ 18.318498276820463, 49.607897867026736 ], [ 18.317761315701986, 49.608565809650145 ], [ 18.317093373078581, 49.609302770768615 ], [ 18.316500881602838, 49.610101653043728 ], [ 18.315989547291561, 49.610954762802443 ], [ 18.315564294573697, 49.611853884131442 ], [ 18.315229218865376, 49.612790358000808 ], [ 18.314987547128844, 49.613755165655249 ], [ 18.314841606795039, 49.614739015469638 ], [ 18.314792803349146, 49.615732432432438 ], [ 18.314841606795039, 49.616725849395237 ], [ 18.314987547128844, 49.617709699209627 ], [ 18.315229218865376, 49.618674506864068 ], [ 18.315564294573697, 49.619610980733434 ], [ 18.315989547291561, 49.620510102062433 ], [ 18.316500881602838, 49.621363211821148 ], [ 18.317093373078581, 49.622162094096261 ], [ 18.31738983479006, 49.622489189189196 ], [ 18.317093373078581, 49.622816284282123 ], [ 18.316500881602838, 49.623615166557236 ], [ 18.315989547291561, 49.624468276315952 ], [ 18.315564294573697, 49.625367397644951 ], [ 18.315229218865376, 49.626303871514317 ], [ 18.314987547128844, 49.627268679168758 ], [ 18.314841606795039, 49.628252528983147 ], [ 18.314792803349146, 49.629245945945947 ], [ 18.314841606795039, 49.630239362908746 ], [ 18.314987547128844, 49.631223212723135 ], [ 18.315229218865376, 49.632188020377576 ], [ 18.315564294573697, 49.633124494246943 ], [ 18.315989547291561, 49.634023615575941 ], [ 18.316500881602838, 49.634876725334657 ], [ 18.317093373078581, 49.63567560760977 ], [ 18.317389834790063, 49.636002702702704 ], [ 18.317093373078581, 49.636329797795639 ], [ 18.316500881602838, 49.637128680070752 ], [ 18.315989547291561, 49.637981789829468 ], [ 18.315564294573697, 49.638880911158466 ], [ 18.315229218865376, 49.639817385027833 ], [ 18.314987547128844, 49.640782192682273 ], [ 18.314841606795039, 49.641766042496663 ], [ 18.314792803349146, 49.642759459459462 ], [ 18.314841606795039, 49.643752876422262 ], [ 18.314987547128844, 49.644736726236651 ], [ 18.315229218865376, 49.645701533891092 ], [ 18.315564294573697, 49.646638007760458 ], [ 18.315989547291561, 49.647537129089457 ], [ 18.316500881602838, 49.648390238848172 ], [ 18.317093373078581, 49.649189121123285 ], [ 18.317389834790063, 49.64951621621622 ], [ 18.317093373078581, 49.649843311309155 ], [ 18.316500881602838, 49.650642193584268 ], [ 18.315989547291561, 49.651495303342983 ], [ 18.315564294573697, 49.652394424671982 ], [ 18.315229218865376, 49.653330898541348 ], [ 18.314987547128844, 49.654295706195789 ], [ 18.314841606795039, 49.655279556010179 ], [ 18.314792803349146, 49.656272972972978 ], [ 18.314841606795039, 49.657266389935778 ], [ 18.314987547128844, 49.658250239750167 ], [ 18.315229218865376, 49.659215047404608 ], [ 18.315564294573697, 49.660151521273974 ], [ 18.315989547291561, 49.661050642602973 ], [ 18.316500881602838, 49.661903752361688 ], [ 18.317093373078581, 49.662702634636801 ], [ 18.31738983479006, 49.663029729729729 ], [ 18.317093373078581, 49.663356824822664 ], [ 18.316500881602838, 49.664155707097777 ], [ 18.315989547291561, 49.665008816856492 ], [ 18.315564294573697, 49.665907938185491 ], [ 18.315229218865376, 49.666844412054857 ], [ 18.314987547128844, 49.667809219709298 ], [ 18.314841606795039, 49.668793069523687 ], [ 18.314792803349146, 49.669786486486487 ], [ 18.314841606795039, 49.670779903449287 ], [ 18.314987547128844, 49.671763753263676 ], [ 18.315229218865376, 49.672728560918117 ], [ 18.315564294573697, 49.673665034787483 ], [ 18.315989547291561, 49.674564156116482 ], [ 18.316500881602838, 49.675417265875197 ], [ 18.317093373078581, 49.67621614815031 ], [ 18.317389834790063, 49.676543243243245 ], [ 18.317093373078581, 49.67687033833618 ], [ 18.316500881602838, 49.677669220611293 ], [ 18.315989547291561, 49.678522330370008 ], [ 18.315564294573697, 49.679421451699007 ], [ 18.315229218865376, 49.680357925568373 ], [ 18.314987547128844, 49.681322733222814 ], [ 18.314841606795039, 49.682306583037203 ], [ 18.314792803349146, 49.6833 ], [ 18.314841606795039, 49.684293416962802 ], [ 18.314987547128844, 49.685277266777192 ], [ 18.315229218865376, 49.686242074431632 ], [ 18.315564294573697, 49.687178548300999 ], [ 18.315989547291561, 49.688077669629998 ], [ 18.316500881602838, 49.688930779388713 ], [ 18.317093373078581, 49.689729661663826 ], [ 18.317389834790063, 49.690056756756761 ], [ 18.317093373078581, 49.690383851849695 ], [ 18.316500881602838, 49.691182734124808 ], [ 18.315989547291561, 49.692035843883524 ], [ 18.315564294573697, 49.692934965212523 ], [ 18.315229218865376, 49.693871439081889 ], [ 18.314987547128844, 49.69483624673633 ], [ 18.314841606795039, 49.695820096550719 ], [ 18.314792803349146, 49.696813513513519 ], [ 18.314841606795039, 49.697806930476318 ], [ 18.314987547128844, 49.698790780290707 ], [ 18.315229218865376, 49.699755587945148 ], [ 18.315564294573697, 49.700692061814514 ], [ 18.315989547291561, 49.701591183143513 ], [ 18.316500881602838, 49.702444292902229 ], [ 18.317093373078581, 49.703243175177342 ], [ 18.31738983479006, 49.703570270270276 ], [ 18.317093373078581, 49.703897365363204 ], [ 18.316500881602838, 49.704696247638317 ], [ 18.315989547291561, 49.705549357397032 ], [ 18.315564294573697, 49.706448478726031 ], [ 18.315229218865376, 49.707384952595397 ], [ 18.314987547128844, 49.708349760249838 ], [ 18.314841606795039, 49.709333610064228 ], [ 18.314792803349146, 49.710327027027027 ], [ 18.314841606795039, 49.711320443989827 ], [ 18.314987547128844, 49.712304293804216 ], [ 18.315229218865376, 49.713269101458657 ], [ 18.315564294573697, 49.714205575328023 ], [ 18.315989547291561, 49.715104696657022 ], [ 18.316500881602838, 49.715957806415737 ], [ 18.317093373078581, 49.71675668869085 ], [ 18.317389834790063, 49.717083783783785 ], [ 18.317093373078581, 49.71741087887672 ], [ 18.316500881602838, 49.718209761151833 ], [ 18.315989547291561, 49.719062870910548 ], [ 18.315564294573697, 49.719961992239547 ], [ 18.315229218865376, 49.720898466108913 ], [ 18.314987547128844, 49.721863273763354 ], [ 18.314841606795039, 49.722847123577743 ], [ 18.314792803349146, 49.723840540540543 ], [ 18.314841606795039, 49.724833957503343 ], [ 18.314987547128844, 49.725817807317732 ], [ 18.315229218865376, 49.726782614972173 ], [ 18.315564294573697, 49.727719088841539 ], [ 18.315989547291561, 49.728618210170538 ], [ 18.316500881602838, 49.729471319929253 ], [ 18.317093373078581, 49.730270202204366 ], [ 18.317389834790063, 49.730597297297301 ], [ 18.317093373078581, 49.730924392390236 ], [ 18.316500881602838, 49.731723274665349 ], [ 18.315989547291561, 49.732576384424064 ], [ 18.315564294573697, 49.733475505753063 ], [ 18.315229218865376, 49.734411979622429 ], [ 18.314987547128844, 49.73537678727687 ], [ 18.314841606795039, 49.736360637091259 ], [ 18.314792803349146, 49.737354054054059 ], [ 18.314841606795039, 49.738347471016858 ], [ 18.314987547128844, 49.739331320831248 ], [ 18.315229218865376, 49.740296128485689 ], [ 18.315564294573697, 49.741232602355055 ], [ 18.315989547291561, 49.742131723684054 ], [ 18.316500881602838, 49.742984833442769 ], [ 18.317093373078581, 49.743783715717882 ], [ 18.31738983479006, 49.74411081081081 ], [ 18.317093373078581, 49.744437905903744 ], [ 18.316500881602838, 49.745236788178858 ], [ 18.315989547291561, 49.746089897937573 ], [ 18.315564294573697, 49.746989019266572 ], [ 18.315229218865376, 49.747925493135938 ], [ 18.314987547128844, 49.748890300790379 ], [ 18.314841606795039, 49.749874150604768 ], [ 18.314792803349146, 49.750867567567568 ], [ 18.314841606795039, 49.751860984530367 ], [ 18.314987547128844, 49.752844834344756 ], [ 18.315229218865376, 49.753809641999197 ], [ 18.315564294573697, 49.754746115868564 ], [ 18.315989547291561, 49.755645237197562 ], [ 18.316500881602838, 49.756498346956278 ], [ 18.317093373078581, 49.757297229231391 ], [ 18.317389834790063, 49.757624324324325 ], [ 18.317093373078581, 49.75795141941726 ], [ 18.316500881602838, 49.758750301692373 ], [ 18.315989547291561, 49.759603411451089 ], [ 18.315564294573697, 49.760502532780087 ], [ 18.315229218865376, 49.761439006649454 ], [ 18.314987547128844, 49.762403814303894 ], [ 18.314841606795039, 49.763387664118284 ], [ 18.314792803349146, 49.764381081081083 ], [ 18.314841606795039, 49.765374498043883 ], [ 18.314987547128844, 49.766358347858272 ], [ 18.315229218865376, 49.767323155512713 ], [ 18.315564294573697, 49.768259629382079 ], [ 18.315989547291561, 49.769158750711078 ], [ 18.316500881602838, 49.770011860469793 ], [ 18.317093373078581, 49.770810742744906 ], [ 18.317389834790063, 49.771137837837841 ], [ 18.317093373078581, 49.771464932930776 ], [ 18.316500881602838, 49.772263815205889 ], [ 18.315989547291561, 49.773116924964604 ], [ 18.315564294573697, 49.774016046293603 ], [ 18.315229218865376, 49.774952520162969 ], [ 18.314987547128844, 49.77591732781741 ], [ 18.314841606795039, 49.7769011776318 ], [ 18.314792803349146, 49.777894594594599 ], [ 18.314841606795039, 49.778888011557399 ], [ 18.314987547128844, 49.779871861371788 ], [ 18.315229218865376, 49.780836669026229 ], [ 18.315564294573697, 49.781773142895595 ], [ 18.315989547291561, 49.782672264224594 ], [ 18.316500881602838, 49.783525373983309 ], [ 18.317093373078581, 49.784324256258422 ], [ 18.317761315701986, 49.785061217376892 ], [ 18.318498276820463, 49.785729160000301 ], [ 18.319297159095569, 49.786321651476044 ], [ 18.320150268854288, 49.786832985787321 ], [ 18.321049390183287, 49.787258238505189 ], [ 18.32198586405265, 49.78759331421351 ], [ 18.322950671707094, 49.787834985950035 ], [ 18.323934521521483, 49.787980926283844 ], [ 18.324927938484283, 49.788029729729736 ], [ 18.325921355447083, 49.787980926283844 ], [ 18.326905205261472, 49.787834985950035 ], [ 18.327870012915916, 49.78759331421351 ], [ 18.328806486785279, 49.787258238505189 ], [ 18.329705608114278, 49.786832985787321 ], [ 18.330558717872997, 49.786321651476044 ], [ 18.331357600148102, 49.785729160000301 ], [ 18.33209456126658, 49.785061217376892 ], [ 18.332762503889985, 49.784324256258422 ], [ 18.333354995365728, 49.783525373983309 ], [ 18.333866329677004, 49.782672264224594 ], [ 18.334291582394869, 49.781773142895595 ], [ 18.33462665810319, 49.780836669026229 ], [ 18.334868329839722, 49.779871861371788 ], [ 18.335014270173527, 49.778888011557399 ], [ 18.33506307361942, 49.777894594594599 ], [ 18.335014270173527, 49.7769011776318 ], [ 18.334868329839722, 49.77591732781741 ], [ 18.33462665810319, 49.774952520162969 ], [ 18.334291582394869, 49.774016046293603 ], [ 18.333866329677004, 49.773116924964604 ], [ 18.333354995365728, 49.772263815205889 ], [ 18.332762503889985, 49.771464932930776 ], [ 18.332466042178503, 49.771137837837841 ], [ 18.332762503889985, 49.770810742744906 ], [ 18.333354995365728, 49.770011860469793 ], [ 18.333866329677004, 49.769158750711078 ], [ 18.334291582394869, 49.768259629382079 ], [ 18.33462665810319, 49.767323155512713 ], [ 18.334868329839722, 49.766358347858272 ], [ 18.335014270173527, 49.765374498043883 ], [ 18.33506307361942, 49.764381081081083 ], [ 18.335014270173527, 49.763387664118284 ], [ 18.334868329839722, 49.762403814303894 ], [ 18.33462665810319, 49.761439006649454 ], [ 18.334291582394869, 49.760502532780087 ], [ 18.333866329677004, 49.759603411451089 ], [ 18.333354995365728, 49.758750301692373 ], [ 18.332762503889985, 49.75795141941726 ], [ 18.332466042178503, 49.757624324324325 ], [ 18.332762503889985, 49.757297229231391 ], [ 18.333354995365728, 49.756498346956278 ], [ 18.333866329677004, 49.755645237197562 ], [ 18.334291582394869, 49.754746115868564 ], [ 18.33462665810319, 49.753809641999197 ], [ 18.334868329839722, 49.752844834344756 ], [ 18.335014270173527, 49.751860984530367 ], [ 18.33506307361942, 49.750867567567568 ], [ 18.335014270173527, 49.749874150604768 ], [ 18.334868329839722, 49.748890300790379 ], [ 18.33462665810319, 49.747925493135938 ], [ 18.334291582394869, 49.746989019266572 ], [ 18.333866329677004, 49.746089897937573 ], [ 18.333354995365728, 49.745236788178858 ], [ 18.332762503889985, 49.744437905903744 ], [ 18.332466042178506, 49.74411081081081 ], [ 18.332762503889985, 49.743783715717882 ], [ 18.333354995365728, 49.742984833442769 ], [ 18.333866329677004, 49.742131723684054 ], [ 18.334291582394869, 49.741232602355055 ], [ 18.33462665810319, 49.740296128485689 ], [ 18.334868329839722, 49.739331320831248 ], [ 18.335014270173527, 49.738347471016858 ], [ 18.33506307361942, 49.737354054054059 ], [ 18.335014270173527, 49.736360637091259 ], [ 18.334868329839722, 49.73537678727687 ], [ 18.33462665810319, 49.734411979622429 ], [ 18.334291582394869, 49.733475505753063 ], [ 18.333866329677004, 49.732576384424064 ], [ 18.333354995365728, 49.731723274665349 ], [ 18.332762503889985, 49.730924392390236 ], [ 18.332466042178503, 49.730597297297301 ], [ 18.332762503889985, 49.730270202204366 ], [ 18.333354995365728, 49.729471319929253 ], [ 18.333866329677004, 49.728618210170538 ], [ 18.334291582394869, 49.727719088841539 ], [ 18.33462665810319, 49.726782614972173 ], [ 18.334868329839722, 49.725817807317732 ], [ 18.335014270173527, 49.724833957503343 ], [ 18.33506307361942, 49.723840540540543 ], [ 18.335014270173527, 49.722847123577743 ], [ 18.334868329839722, 49.721863273763354 ], [ 18.33462665810319, 49.720898466108913 ], [ 18.334291582394869, 49.719961992239547 ], [ 18.333866329677004, 49.719062870910548 ], [ 18.333354995365728, 49.718209761151833 ], [ 18.332762503889985, 49.71741087887672 ], [ 18.332466042178503, 49.717083783783785 ], [ 18.332762503889985, 49.71675668869085 ], [ 18.333354995365728, 49.715957806415737 ], [ 18.333866329677004, 49.715104696657022 ], [ 18.334291582394869, 49.714205575328023 ], [ 18.33462665810319, 49.713269101458657 ], [ 18.334868329839722, 49.712304293804216 ], [ 18.335014270173527, 49.711320443989827 ], [ 18.33506307361942, 49.710327027027027 ], [ 18.335014270173527, 49.709333610064228 ], [ 18.334868329839722, 49.708349760249838 ], [ 18.33462665810319, 49.707384952595397 ], [ 18.334291582394869, 49.706448478726031 ], [ 18.333866329677004, 49.705549357397032 ], [ 18.333354995365728, 49.704696247638317 ], [ 18.332762503889985, 49.703897365363204 ], [ 18.332466042178506, 49.703570270270276 ], [ 18.332762503889985, 49.703243175177342 ], [ 18.333354995365728, 49.702444292902229 ], [ 18.333866329677004, 49.701591183143513 ], [ 18.334291582394869, 49.700692061814514 ], [ 18.33462665810319, 49.699755587945148 ], [ 18.334868329839722, 49.698790780290707 ], [ 18.335014270173527, 49.697806930476318 ], [ 18.33506307361942, 49.696813513513519 ], [ 18.335014270173527, 49.695820096550719 ], [ 18.334868329839722, 49.69483624673633 ], [ 18.33462665810319, 49.693871439081889 ], [ 18.334291582394869, 49.692934965212523 ], [ 18.333866329677004, 49.692035843883524 ], [ 18.333354995365728, 49.691182734124808 ], [ 18.332762503889985, 49.690383851849695 ], [ 18.332466042178503, 49.690056756756761 ], [ 18.332762503889985, 49.689729661663826 ], [ 18.333354995365728, 49.688930779388713 ], [ 18.333866329677004, 49.688077669629998 ], [ 18.334291582394869, 49.687178548300999 ], [ 18.33462665810319, 49.686242074431632 ], [ 18.334868329839722, 49.685277266777192 ], [ 18.335014270173527, 49.684293416962802 ], [ 18.33506307361942, 49.6833 ], [ 18.335014270173527, 49.682306583037203 ], [ 18.334868329839722, 49.681322733222814 ], [ 18.33462665810319, 49.680357925568373 ], [ 18.334291582394869, 49.679421451699007 ], [ 18.333866329677004, 49.678522330370008 ], [ 18.333354995365728, 49.677669220611293 ], [ 18.332762503889985, 49.67687033833618 ], [ 18.332466042178503, 49.676543243243245 ], [ 18.332762503889985, 49.67621614815031 ], [ 18.333354995365728, 49.675417265875197 ], [ 18.333866329677004, 49.674564156116482 ], [ 18.334291582394869, 49.673665034787483 ], [ 18.33462665810319, 49.672728560918117 ], [ 18.334868329839722, 49.671763753263676 ], [ 18.335014270173527, 49.670779903449287 ], [ 18.33506307361942, 49.669786486486487 ], [ 18.335014270173527, 49.668793069523687 ], [ 18.334868329839722, 49.667809219709298 ], [ 18.33462665810319, 49.666844412054857 ], [ 18.334291582394869, 49.665907938185491 ], [ 18.333866329677004, 49.665008816856492 ], [ 18.333354995365728, 49.664155707097777 ], [ 18.332762503889985, 49.663356824822664 ], [ 18.332466042178506, 49.663029729729729 ], [ 18.332762503889985, 49.662702634636801 ], [ 18.333354995365728, 49.661903752361688 ], [ 18.333866329677004, 49.661050642602973 ], [ 18.334291582394869, 49.660151521273974 ], [ 18.33462665810319, 49.659215047404608 ], [ 18.334868329839722, 49.658250239750167 ], [ 18.335014270173527, 49.657266389935778 ], [ 18.33506307361942, 49.656272972972978 ], [ 18.335014270173527, 49.655279556010179 ], [ 18.334868329839722, 49.654295706195789 ], [ 18.33462665810319, 49.653330898541348 ], [ 18.334291582394869, 49.652394424671982 ], [ 18.333866329677004, 49.651495303342983 ], [ 18.333354995365728, 49.650642193584268 ], [ 18.332762503889985, 49.649843311309155 ], [ 18.332466042178503, 49.64951621621622 ], [ 18.332762503889985, 49.649189121123285 ], [ 18.333354995365728, 49.648390238848172 ], [ 18.333866329677004, 49.647537129089457 ], [ 18.334291582394869, 49.646638007760458 ], [ 18.33462665810319, 49.645701533891092 ], [ 18.334868329839722, 49.644736726236651 ], [ 18.335014270173527, 49.643752876422262 ], [ 18.33506307361942, 49.642759459459462 ], [ 18.335014270173527, 49.641766042496663 ], [ 18.334868329839722, 49.640782192682273 ], [ 18.33462665810319, 49.639817385027833 ], [ 18.334291582394869, 49.638880911158466 ], [ 18.333866329677004, 49.637981789829468 ], [ 18.333354995365728, 49.637128680070752 ], [ 18.332762503889985, 49.636329797795639 ], [ 18.332466042178503, 49.636002702702704 ], [ 18.332762503889985, 49.63567560760977 ], [ 18.333354995365728, 49.634876725334657 ], [ 18.333866329677004, 49.634023615575941 ], [ 18.334291582394869, 49.633124494246943 ], [ 18.33462665810319, 49.632188020377576 ], [ 18.334868329839722, 49.631223212723135 ], [ 18.335014270173527, 49.630239362908746 ], [ 18.33506307361942, 49.629245945945947 ], [ 18.335014270173527, 49.628252528983147 ], [ 18.334868329839722, 49.627268679168758 ], [ 18.33462665810319, 49.626303871514317 ], [ 18.334291582394869, 49.625367397644951 ], [ 18.333866329677004, 49.624468276315952 ], [ 18.333354995365728, 49.623615166557236 ], [ 18.332762503889985, 49.622816284282123 ], [ 18.332466042178506, 49.622489189189189 ], [ 18.332762503889985, 49.622162094096261 ], [ 18.333354995365728, 49.621363211821148 ], [ 18.333866329677004, 49.620510102062433 ], [ 18.334291582394869, 49.619610980733434 ], [ 18.33462665810319, 49.618674506864068 ], [ 18.334868329839722, 49.617709699209627 ], [ 18.335014270173527, 49.616725849395237 ], [ 18.33506307361942, 49.615732432432438 ], [ 18.335014270173527, 49.614739015469638 ], [ 18.334868329839722, 49.613755165655249 ], [ 18.33462665810319, 49.612790358000808 ], [ 18.334291582394869, 49.611853884131442 ], [ 18.333866329677004, 49.610954762802443 ], [ 18.333354995365728, 49.610101653043728 ], [ 18.332762503889985, 49.609302770768615 ] ] ], [ [ [ 18.270104411616405, 49.609302770768615 ], [ 18.269436468993, 49.608565809650145 ], [ 18.268699507874523, 49.607897867026736 ], [ 18.267900625599417, 49.607305375550993 ], [ 18.267047515840698, 49.606794041239716 ], [ 18.266148394511699, 49.606368788521849 ], [ 18.265211920642336, 49.606033712813527 ], [ 18.264247112987892, 49.605792041077002 ], [ 18.263263263173503, 49.605646100743193 ], [ 18.262269846210703, 49.605597297297301 ], [ 18.261276429247904, 49.605646100743193 ], [ 18.260292579433514, 49.605792041077002 ], [ 18.25932777177907, 49.606033712813527 ], [ 18.258391297909707, 49.606368788521849 ], [ 18.257492176580708, 49.606794041239716 ], [ 18.25663906682199, 49.607305375550993 ], [ 18.255840184546884, 49.607897867026736 ], [ 18.255103223428407, 49.608565809650145 ], [ 18.254435280805001, 49.609302770768615 ], [ 18.253842789329259, 49.610101653043728 ], [ 18.253331455017982, 49.610954762802443 ], [ 18.252906202300117, 49.611853884131442 ], [ 18.252571126591796, 49.612790358000808 ], [ 18.252329454855264, 49.613755165655249 ], [ 18.252183514521459, 49.614739015469638 ], [ 18.252134711075566, 49.615732432432438 ], [ 18.252183514521459, 49.616725849395237 ], [ 18.252329454855264, 49.617709699209627 ], [ 18.252571126591796, 49.618674506864068 ], [ 18.252906202300117, 49.619610980733434 ], [ 18.253331455017982, 49.620510102062433 ], [ 18.253842789329259, 49.621363211821148 ], [ 18.254435280805001, 49.622162094096261 ], [ 18.25473174251648, 49.622489189189196 ], [ 18.254435280805001, 49.622816284282123 ], [ 18.253842789329259, 49.623615166557236 ], [ 18.253331455017982, 49.624468276315952 ], [ 18.252906202300117, 49.625367397644951 ], [ 18.252571126591796, 49.626303871514317 ], [ 18.252329454855264, 49.627268679168758 ], [ 18.252183514521459, 49.628252528983147 ], [ 18.252134711075566, 49.629245945945947 ], [ 18.252183514521459, 49.630239362908746 ], [ 18.252329454855264, 49.631223212723135 ], [ 18.252571126591796, 49.632188020377576 ], [ 18.252906202300117, 49.633124494246943 ], [ 18.253331455017982, 49.634023615575941 ], [ 18.253842789329259, 49.634876725334657 ], [ 18.254435280805001, 49.63567560760977 ], [ 18.254731742516483, 49.636002702702704 ], [ 18.254435280805001, 49.636329797795639 ], [ 18.253842789329259, 49.637128680070752 ], [ 18.253331455017982, 49.637981789829468 ], [ 18.252906202300117, 49.638880911158466 ], [ 18.252571126591796, 49.639817385027833 ], [ 18.252329454855264, 49.640782192682273 ], [ 18.252183514521459, 49.641766042496663 ], [ 18.252134711075566, 49.642759459459462 ], [ 18.252183514521459, 49.643752876422262 ], [ 18.252329454855264, 49.644736726236651 ], [ 18.252571126591796, 49.645701533891092 ], [ 18.252906202300117, 49.646638007760458 ], [ 18.253331455017982, 49.647537129089457 ], [ 18.253842789329259, 49.648390238848172 ], [ 18.254435280805001, 49.649189121123285 ], [ 18.254731742516483, 49.64951621621622 ], [ 18.254435280805001, 49.649843311309155 ], [ 18.253842789329259, 49.650642193584268 ], [ 18.253331455017982, 49.651495303342983 ], [ 18.252906202300117, 49.652394424671982 ], [ 18.252571126591796, 49.653330898541348 ], [ 18.252329454855264, 49.654295706195789 ], [ 18.252183514521459, 49.655279556010179 ], [ 18.252134711075566, 49.656272972972978 ], [ 18.252183514521459, 49.657266389935778 ], [ 18.252329454855264, 49.658250239750167 ], [ 18.252571126591796, 49.659215047404608 ], [ 18.252906202300117, 49.660151521273974 ], [ 18.253331455017982, 49.661050642602973 ], [ 18.253842789329259, 49.661903752361688 ], [ 18.254435280805001, 49.662702634636801 ], [ 18.25473174251648, 49.663029729729729 ], [ 18.254435280805001, 49.663356824822664 ], [ 18.253842789329259, 49.664155707097777 ], [ 18.253331455017982, 49.665008816856492 ], [ 18.252906202300117, 49.665907938185491 ], [ 18.252571126591796, 49.666844412054857 ], [ 18.252329454855264, 49.667809219709298 ], [ 18.252183514521459, 49.668793069523687 ], [ 18.252134711075566, 49.669786486486487 ], [ 18.252183514521459, 49.670779903449287 ], [ 18.252329454855264, 49.671763753263676 ], [ 18.252571126591796, 49.672728560918117 ], [ 18.252906202300117, 49.673665034787483 ], [ 18.253331455017982, 49.674564156116482 ], [ 18.253842789329259, 49.675417265875197 ], [ 18.254435280805001, 49.67621614815031 ], [ 18.254731742516483, 49.676543243243245 ], [ 18.254435280805001, 49.67687033833618 ], [ 18.253842789329259, 49.677669220611293 ], [ 18.253331455017982, 49.678522330370008 ], [ 18.252906202300117, 49.679421451699007 ], [ 18.252571126591796, 49.680357925568373 ], [ 18.252329454855264, 49.681322733222814 ], [ 18.252183514521459, 49.682306583037203 ], [ 18.252134711075566, 49.6833 ], [ 18.252183514521459, 49.684293416962802 ], [ 18.252329454855264, 49.685277266777192 ], [ 18.252571126591796, 49.686242074431632 ], [ 18.252906202300117, 49.687178548300999 ], [ 18.253331455017982, 49.688077669629998 ], [ 18.253842789329259, 49.688930779388713 ], [ 18.254435280805001, 49.689729661663826 ], [ 18.254731742516483, 49.690056756756761 ], [ 18.254435280805001, 49.690383851849695 ], [ 18.253842789329259, 49.691182734124808 ], [ 18.253331455017982, 49.692035843883524 ], [ 18.252906202300117, 49.692934965212523 ], [ 18.252571126591796, 49.693871439081889 ], [ 18.252329454855264, 49.69483624673633 ], [ 18.252183514521459, 49.695820096550719 ], [ 18.252134711075566, 49.696813513513519 ], [ 18.252183514521459, 49.697806930476318 ], [ 18.252329454855264, 49.698790780290707 ], [ 18.252571126591796, 49.699755587945148 ], [ 18.252906202300117, 49.700692061814514 ], [ 18.253331455017982, 49.701591183143513 ], [ 18.253842789329259, 49.702444292902229 ], [ 18.254435280805001, 49.703243175177342 ], [ 18.255103223428407, 49.703980136295812 ], [ 18.255840184546884, 49.70464807891922 ], [ 18.25663906682199, 49.705240570394963 ], [ 18.257492176580708, 49.70575190470624 ], [ 18.258391297909707, 49.706177157424108 ], [ 18.25932777177907, 49.706512233132429 ], [ 18.260292579433514, 49.706753904868954 ], [ 18.261276429247904, 49.706899845202763 ], [ 18.262269846210703, 49.706948648648655 ], [ 18.263263263173503, 49.706899845202763 ], [ 18.264247112987892, 49.706753904868954 ], [ 18.265211920642336, 49.706512233132429 ], [ 18.266148394511699, 49.706177157424108 ], [ 18.267047515840698, 49.70575190470624 ], [ 18.267900625599417, 49.705240570394963 ], [ 18.268699507874523, 49.70464807891922 ], [ 18.269436468993, 49.703980136295812 ], [ 18.270104411616405, 49.703243175177342 ], [ 18.270696903092148, 49.702444292902229 ], [ 18.271208237403425, 49.701591183143513 ], [ 18.271633490121289, 49.700692061814514 ], [ 18.27196856582961, 49.699755587945148 ], [ 18.272210237566142, 49.698790780290707 ], [ 18.272356177899947, 49.697806930476318 ], [ 18.27240498134584, 49.696813513513519 ], [ 18.272356177899947, 49.695820096550719 ], [ 18.272210237566142, 49.69483624673633 ], [ 18.27196856582961, 49.693871439081889 ], [ 18.271633490121289, 49.692934965212523 ], [ 18.271208237403425, 49.692035843883524 ], [ 18.270696903092148, 49.691182734124808 ], [ 18.270104411616405, 49.690383851849695 ], [ 18.269807949904923, 49.690056756756761 ], [ 18.270104411616405, 49.689729661663826 ], [ 18.270696903092148, 49.688930779388713 ], [ 18.271208237403425, 49.688077669629998 ], [ 18.271633490121289, 49.687178548300999 ], [ 18.27196856582961, 49.686242074431632 ], [ 18.272210237566142, 49.685277266777192 ], [ 18.272356177899947, 49.684293416962802 ], [ 18.27240498134584, 49.6833 ], [ 18.272356177899947, 49.682306583037203 ], [ 18.272210237566142, 49.681322733222814 ], [ 18.27196856582961, 49.680357925568373 ], [ 18.271633490121289, 49.679421451699007 ], [ 18.271208237403425, 49.678522330370008 ], [ 18.270696903092148, 49.677669220611293 ], [ 18.270104411616405, 49.67687033833618 ], [ 18.269807949904923, 49.676543243243245 ], [ 18.270104411616405, 49.67621614815031 ], [ 18.270696903092148, 49.675417265875197 ], [ 18.271208237403425, 49.674564156116482 ], [ 18.271633490121289, 49.673665034787483 ], [ 18.27196856582961, 49.672728560918117 ], [ 18.272210237566142, 49.671763753263676 ], [ 18.272356177899947, 49.670779903449287 ], [ 18.27240498134584, 49.669786486486487 ], [ 18.272356177899947, 49.668793069523687 ], [ 18.272210237566142, 49.667809219709298 ], [ 18.27196856582961, 49.666844412054857 ], [ 18.271633490121289, 49.665907938185491 ], [ 18.271208237403425, 49.665008816856492 ], [ 18.270696903092148, 49.664155707097777 ], [ 18.270104411616405, 49.663356824822664 ], [ 18.269807949904926, 49.663029729729729 ], [ 18.270104411616405, 49.662702634636801 ], [ 18.270696903092148, 49.661903752361688 ], [ 18.271208237403425, 49.661050642602973 ], [ 18.271633490121289, 49.660151521273974 ], [ 18.27196856582961, 49.659215047404608 ], [ 18.272210237566142, 49.658250239750167 ], [ 18.272356177899947, 49.657266389935778 ], [ 18.27240498134584, 49.656272972972978 ], [ 18.272356177899947, 49.655279556010179 ], [ 18.272210237566142, 49.654295706195789 ], [ 18.27196856582961, 49.653330898541348 ], [ 18.271633490121289, 49.652394424671982 ], [ 18.271208237403425, 49.651495303342983 ], [ 18.270696903092148, 49.650642193584268 ], [ 18.270104411616405, 49.649843311309155 ], [ 18.269807949904923, 49.64951621621622 ], [ 18.270104411616405, 49.649189121123285 ], [ 18.270696903092148, 49.648390238848172 ], [ 18.271208237403425, 49.647537129089457 ], [ 18.271633490121289, 49.646638007760458 ], [ 18.27196856582961, 49.645701533891092 ], [ 18.272210237566142, 49.644736726236651 ], [ 18.272356177899947, 49.643752876422262 ], [ 18.27240498134584, 49.642759459459462 ], [ 18.272356177899947, 49.641766042496663 ], [ 18.272210237566142, 49.640782192682273 ], [ 18.27196856582961, 49.639817385027833 ], [ 18.271633490121289, 49.638880911158466 ], [ 18.271208237403425, 49.637981789829468 ], [ 18.270696903092148, 49.637128680070752 ], [ 18.270104411616405, 49.636329797795639 ], [ 18.269807949904923, 49.636002702702704 ], [ 18.270104411616405, 49.63567560760977 ], [ 18.270696903092148, 49.634876725334657 ], [ 18.271208237403425, 49.634023615575941 ], [ 18.271633490121289, 49.633124494246943 ], [ 18.27196856582961, 49.632188020377576 ], [ 18.272210237566142, 49.631223212723135 ], [ 18.272356177899947, 49.630239362908746 ], [ 18.27240498134584, 49.629245945945947 ], [ 18.272356177899947, 49.628252528983147 ], [ 18.272210237566142, 49.627268679168758 ], [ 18.27196856582961, 49.626303871514317 ], [ 18.271633490121289, 49.625367397644951 ], [ 18.271208237403425, 49.624468276315952 ], [ 18.270696903092148, 49.623615166557236 ], [ 18.270104411616405, 49.622816284282123 ], [ 18.269807949904926, 49.622489189189196 ], [ 18.270104411616405, 49.622162094096261 ], [ 18.270696903092148, 49.621363211821148 ], [ 18.271208237403425, 49.620510102062433 ], [ 18.271633490121289, 49.619610980733434 ], [ 18.27196856582961, 49.618674506864068 ], [ 18.272210237566142, 49.617709699209627 ], [ 18.272356177899947, 49.616725849395237 ], [ 18.27240498134584, 49.615732432432438 ], [ 18.272356177899947, 49.614739015469638 ], [ 18.272210237566142, 49.613755165655249 ], [ 18.27196856582961, 49.612790358000808 ], [ 18.271633490121289, 49.611853884131442 ], [ 18.271208237403425, 49.610954762802443 ], [ 18.270696903092148, 49.610101653043728 ], [ 18.270104411616405, 49.609302770768615 ] ] ], [ [ [ 18.227664407477281, 49.635592836677169 ], [ 18.226927446358804, 49.634924894053761 ], [ 18.226128564083698, 49.634332402578018 ], [ 18.225275454324979, 49.633821068266741 ], [ 18.22437633299598, 49.633395815548873 ], [ 18.223439859126618, 49.633060739840552 ], [ 18.222475051472173, 49.632819068104027 ], [ 18.221491201657784, 49.632673127770218 ], [ 18.220497784694984, 49.632624324324325 ], [ 18.219504367732185, 49.632673127770218 ], [ 18.218520517917796, 49.632819068104027 ], [ 18.217555710263351, 49.633060739840552 ], [ 18.216619236393989, 49.633395815548873 ], [ 18.21572011506499, 49.633821068266741 ], [ 18.214867005306271, 49.634332402578018 ], [ 18.214068123031165, 49.634924894053761 ], [ 18.213331161912688, 49.635592836677169 ], [ 18.212663219289283, 49.636329797795639 ], [ 18.21207072781354, 49.637128680070752 ], [ 18.211559393502263, 49.637981789829468 ], [ 18.211134140784399, 49.638880911158466 ], [ 18.210799065076078, 49.639817385027833 ], [ 18.210557393339545, 49.640782192682273 ], [ 18.21041145300574, 49.641766042496663 ], [ 18.210362649559848, 49.642759459459462 ], [ 18.21041145300574, 49.643752876422262 ], [ 18.210557393339545, 49.644736726236651 ], [ 18.210799065076078, 49.645701533891092 ], [ 18.211134140784399, 49.646638007760458 ], [ 18.211559393502263, 49.647537129089457 ], [ 18.21207072781354, 49.648390238848172 ], [ 18.212663219289283, 49.649189121123285 ], [ 18.212959681000765, 49.64951621621622 ], [ 18.212663219289283, 49.649843311309155 ], [ 18.21207072781354, 49.650642193584268 ], [ 18.211559393502263, 49.651495303342983 ], [ 18.211134140784399, 49.652394424671982 ], [ 18.210799065076078, 49.653330898541348 ], [ 18.210557393339545, 49.654295706195789 ], [ 18.21041145300574, 49.655279556010179 ], [ 18.210362649559848, 49.656272972972978 ], [ 18.21041145300574, 49.657266389935778 ], [ 18.210557393339545, 49.658250239750167 ], [ 18.210799065076078, 49.659215047404608 ], [ 18.211134140784399, 49.660151521273974 ], [ 18.211559393502263, 49.661050642602973 ], [ 18.21207072781354, 49.661903752361688 ], [ 18.212663219289283, 49.662702634636801 ], [ 18.212959681000761, 49.663029729729729 ], [ 18.212663219289283, 49.663356824822664 ], [ 18.21207072781354, 49.664155707097777 ], [ 18.211559393502263, 49.665008816856492 ], [ 18.211134140784399, 49.665907938185491 ], [ 18.210799065076078, 49.666844412054857 ], [ 18.210557393339545, 49.667809219709298 ], [ 18.21041145300574, 49.668793069523687 ], [ 18.210362649559848, 49.669786486486487 ], [ 18.21041145300574, 49.670779903449287 ], [ 18.210557393339545, 49.671763753263676 ], [ 18.210799065076078, 49.672728560918117 ], [ 18.211134140784399, 49.673665034787483 ], [ 18.211559393502263, 49.674564156116482 ], [ 18.21207072781354, 49.675417265875197 ], [ 18.212663219289283, 49.67621614815031 ], [ 18.213331161912688, 49.67695310926878 ], [ 18.214068123031165, 49.677621051892189 ], [ 18.214867005306271, 49.678213543367931 ], [ 18.21572011506499, 49.678724877679208 ], [ 18.216619236393989, 49.679150130397076 ], [ 18.217555710263351, 49.679485206105397 ], [ 18.218520517917796, 49.679726877841922 ], [ 18.219504367732185, 49.679872818175731 ], [ 18.220497784694984, 49.679921621621624 ], [ 18.221491201657784, 49.679872818175731 ], [ 18.222475051472173, 49.679726877841922 ], [ 18.223439859126618, 49.679485206105397 ], [ 18.22437633299598, 49.679150130397076 ], [ 18.225275454324979, 49.678724877679208 ], [ 18.226128564083698, 49.678213543367931 ], [ 18.226927446358804, 49.677621051892189 ], [ 18.227664407477281, 49.67695310926878 ], [ 18.228332350100686, 49.67621614815031 ], [ 18.228924841576429, 49.675417265875197 ], [ 18.229436175887706, 49.674564156116482 ], [ 18.22986142860557, 49.673665034787483 ], [ 18.230196504313891, 49.672728560918117 ], [ 18.230438176050423, 49.671763753263676 ], [ 18.230584116384229, 49.670779903449287 ], [ 18.230632919830121, 49.669786486486487 ], [ 18.230584116384229, 49.668793069523687 ], [ 18.230438176050423, 49.667809219709298 ], [ 18.230196504313891, 49.666844412054857 ], [ 18.22986142860557, 49.665907938185491 ], [ 18.229436175887706, 49.665008816856492 ], [ 18.228924841576429, 49.664155707097777 ], [ 18.228332350100686, 49.663356824822664 ], [ 18.228035888389208, 49.663029729729736 ], [ 18.228332350100686, 49.662702634636801 ], [ 18.228924841576429, 49.661903752361688 ], [ 18.229436175887706, 49.661050642602973 ], [ 18.22986142860557, 49.660151521273974 ], [ 18.230196504313891, 49.659215047404608 ], [ 18.230438176050423, 49.658250239750167 ], [ 18.230584116384229, 49.657266389935778 ], [ 18.230632919830121, 49.656272972972978 ], [ 18.230584116384229, 49.655279556010179 ], [ 18.230438176050423, 49.654295706195789 ], [ 18.230196504313891, 49.653330898541348 ], [ 18.22986142860557, 49.652394424671982 ], [ 18.229436175887706, 49.651495303342983 ], [ 18.228924841576429, 49.650642193584268 ], [ 18.228332350100686, 49.649843311309155 ], [ 18.228035888389204, 49.64951621621622 ], [ 18.228332350100686, 49.649189121123285 ], [ 18.228924841576429, 49.648390238848172 ], [ 18.229436175887706, 49.647537129089457 ], [ 18.22986142860557, 49.646638007760458 ], [ 18.230196504313891, 49.645701533891092 ], [ 18.230438176050423, 49.644736726236651 ], [ 18.230584116384229, 49.643752876422262 ], [ 18.230632919830121, 49.642759459459462 ], [ 18.230584116384229, 49.641766042496663 ], [ 18.230438176050423, 49.640782192682273 ], [ 18.230196504313891, 49.639817385027833 ], [ 18.22986142860557, 49.638880911158466 ], [ 18.229436175887706, 49.637981789829468 ], [ 18.228924841576429, 49.637128680070752 ], [ 18.228332350100686, 49.636329797795639 ], [ 18.227664407477281, 49.635592836677169 ] ] ], [ [ [ 18.249218380858544, 49.636329797795639 ], [ 18.248550438235139, 49.635592836677169 ], [ 18.247813477116662, 49.634924894053761 ], [ 18.247014594841556, 49.634332402578018 ], [ 18.246161485082837, 49.633821068266741 ], [ 18.245262363753838, 49.633395815548873 ], [ 18.244325889884475, 49.633060739840552 ], [ 18.243361082230031, 49.632819068104027 ], [ 18.242377232415642, 49.632673127770218 ], [ 18.241383815452842, 49.632624324324325 ], [ 18.240390398490042, 49.632673127770218 ], [ 18.239406548675653, 49.632819068104027 ], [ 18.238441741021209, 49.633060739840552 ], [ 18.237505267151846, 49.633395815548873 ], [ 18.236606145822847, 49.633821068266741 ], [ 18.235753036064128, 49.634332402578018 ], [ 18.234954153789023, 49.634924894053761 ], [ 18.234217192670545, 49.635592836677169 ], [ 18.23354925004714, 49.636329797795639 ], [ 18.232956758571397, 49.637128680070752 ], [ 18.232445424260121, 49.637981789829468 ], [ 18.232020171542256, 49.638880911158466 ], [ 18.231685095833935, 49.639817385027833 ], [ 18.231443424097403, 49.640782192682273 ], [ 18.231297483763598, 49.641766042496663 ], [ 18.231248680317705, 49.642759459459462 ], [ 18.231297483763598, 49.643752876422262 ], [ 18.231443424097403, 49.644736726236651 ], [ 18.231685095833935, 49.645701533891092 ], [ 18.232020171542256, 49.646638007760458 ], [ 18.232445424260121, 49.647537129089457 ], [ 18.232956758571397, 49.648390238848172 ], [ 18.23354925004714, 49.649189121123285 ], [ 18.233845711758622, 49.64951621621622 ], [ 18.23354925004714, 49.649843311309155 ], [ 18.232956758571397, 49.650642193584268 ], [ 18.232445424260121, 49.651495303342983 ], [ 18.232020171542256, 49.652394424671982 ], [ 18.231685095833935, 49.653330898541348 ], [ 18.231443424097403, 49.654295706195789 ], [ 18.231297483763598, 49.655279556010179 ], [ 18.231248680317705, 49.656272972972978 ], [ 18.231297483763598, 49.657266389935778 ], [ 18.231443424097403, 49.658250239750167 ], [ 18.231685095833935, 49.659215047404608 ], [ 18.232020171542256, 49.660151521273974 ], [ 18.232445424260121, 49.661050642602973 ], [ 18.232956758571397, 49.661903752361688 ], [ 18.23354925004714, 49.662702634636801 ], [ 18.234217192670545, 49.663439595755271 ], [ 18.234954153789023, 49.66410753837868 ], [ 18.235753036064128, 49.664700029854423 ], [ 18.236606145822847, 49.6652113641657 ], [ 18.237505267151846, 49.665636616883567 ], [ 18.238441741021209, 49.665971692591889 ], [ 18.239406548675653, 49.666213364328414 ], [ 18.240390398490042, 49.666359304662222 ], [ 18.241383815452842, 49.666408108108115 ], [ 18.242377232415642, 49.666359304662222 ], [ 18.243361082230031, 49.666213364328414 ], [ 18.244325889884475, 49.665971692591889 ], [ 18.245262363753838, 49.665636616883567 ], [ 18.246161485082837, 49.6652113641657 ], [ 18.247014594841556, 49.664700029854423 ], [ 18.247813477116662, 49.66410753837868 ], [ 18.248550438235139, 49.663439595755271 ], [ 18.249218380858544, 49.662702634636801 ], [ 18.249810872334287, 49.661903752361688 ], [ 18.250322206645563, 49.661050642602973 ], [ 18.250747459363428, 49.660151521273974 ], [ 18.251082535071749, 49.659215047404608 ], [ 18.251324206808281, 49.658250239750167 ], [ 18.251470147142086, 49.657266389935778 ], [ 18.251518950587979, 49.656272972972978 ], [ 18.251470147142086, 49.655279556010179 ], [ 18.251324206808281, 49.654295706195789 ], [ 18.251082535071749, 49.653330898541348 ], [ 18.250747459363428, 49.652394424671982 ], [ 18.250322206645563, 49.651495303342983 ], [ 18.249810872334287, 49.650642193584268 ], [ 18.249218380858544, 49.649843311309155 ], [ 18.248921919147062, 49.64951621621622 ], [ 18.249218380858544, 49.649189121123285 ], [ 18.249810872334287, 49.648390238848172 ], [ 18.250322206645563, 49.647537129089457 ], [ 18.250747459363428, 49.646638007760458 ], [ 18.251082535071749, 49.645701533891092 ], [ 18.251324206808281, 49.644736726236651 ], [ 18.251470147142086, 49.643752876422262 ], [ 18.251518950587979, 49.642759459459462 ], [ 18.251470147142086, 49.641766042496663 ], [ 18.251324206808281, 49.640782192682273 ], [ 18.251082535071749, 49.639817385027833 ], [ 18.250747459363428, 49.638880911158466 ], [ 18.250322206645563, 49.637981789829468 ], [ 18.249810872334287, 49.637128680070752 ], [ 18.249218380858544, 49.636329797795639 ] ] ], [ [ [ 18.248550438235139, 49.67613337721771 ], [ 18.247813477116662, 49.675465434594301 ], [ 18.247014594841556, 49.674872943118558 ], [ 18.246161485082837, 49.674361608807281 ], [ 18.245262363753838, 49.673936356089413 ], [ 18.244325889884475, 49.673601280381092 ], [ 18.243361082230031, 49.673359608644567 ], [ 18.242377232415642, 49.673213668310758 ], [ 18.241383815452842, 49.673164864864866 ], [ 18.240390398490042, 49.673213668310758 ], [ 18.239406548675653, 49.673359608644567 ], [ 18.238441741021209, 49.673601280381092 ], [ 18.237505267151846, 49.673936356089413 ], [ 18.236606145822847, 49.674361608807281 ], [ 18.235753036064128, 49.674872943118558 ], [ 18.234954153789023, 49.675465434594301 ], [ 18.234217192670545, 49.67613337721771 ], [ 18.23354925004714, 49.67687033833618 ], [ 18.232956758571397, 49.677669220611293 ], [ 18.232445424260121, 49.678522330370008 ], [ 18.232020171542256, 49.679421451699007 ], [ 18.231685095833935, 49.680357925568373 ], [ 18.231443424097403, 49.681322733222814 ], [ 18.231297483763598, 49.682306583037203 ], [ 18.231248680317705, 49.6833 ], [ 18.231297483763598, 49.684293416962802 ], [ 18.231443424097403, 49.685277266777192 ], [ 18.231685095833935, 49.686242074431632 ], [ 18.232020171542256, 49.687178548300999 ], [ 18.232445424260121, 49.688077669629998 ], [ 18.232956758571397, 49.688930779388713 ], [ 18.23354925004714, 49.689729661663826 ], [ 18.234217192670545, 49.690466622782296 ], [ 18.234954153789023, 49.691134565405704 ], [ 18.235753036064128, 49.691727056881447 ], [ 18.236606145822847, 49.692238391192724 ], [ 18.237505267151846, 49.692663643910592 ], [ 18.238441741021209, 49.692998719618913 ], [ 18.239406548675653, 49.693240391355438 ], [ 18.240390398490042, 49.693386331689247 ], [ 18.241383815452842, 49.69343513513514 ], [ 18.242377232415642, 49.693386331689247 ], [ 18.243361082230031, 49.693240391355438 ], [ 18.244325889884475, 49.692998719618913 ], [ 18.245262363753838, 49.692663643910592 ], [ 18.246161485082837, 49.692238391192724 ], [ 18.247014594841556, 49.691727056881447 ], [ 18.247813477116662, 49.691134565405704 ], [ 18.248550438235139, 49.690466622782296 ], [ 18.249218380858544, 49.689729661663826 ], [ 18.249810872334287, 49.688930779388713 ], [ 18.250322206645563, 49.688077669629998 ], [ 18.250747459363428, 49.687178548300999 ], [ 18.251082535071749, 49.686242074431632 ], [ 18.251324206808281, 49.685277266777192 ], [ 18.251470147142086, 49.684293416962802 ], [ 18.251518950587979, 49.6833 ], [ 18.251470147142086, 49.682306583037203 ], [ 18.251324206808281, 49.681322733222814 ], [ 18.251082535071749, 49.680357925568373 ], [ 18.250747459363428, 49.679421451699007 ], [ 18.250322206645563, 49.678522330370008 ], [ 18.249810872334287, 49.677669220611293 ], [ 18.249218380858544, 49.67687033833618 ], [ 18.248550438235139, 49.67613337721771 ] ] ], [ [ [ 18.269436468993, 49.71667391775825 ], [ 18.268699507874523, 49.716005975134841 ], [ 18.267900625599417, 49.715413483659098 ], [ 18.267047515840698, 49.714902149347822 ], [ 18.266148394511699, 49.714476896629954 ], [ 18.265211920642336, 49.714141820921633 ], [ 18.264247112987892, 49.713900149185108 ], [ 18.263263263173503, 49.713754208851299 ], [ 18.262269846210703, 49.713705405405406 ], [ 18.261276429247904, 49.713754208851299 ], [ 18.260292579433514, 49.713900149185108 ], [ 18.25932777177907, 49.714141820921633 ], [ 18.258391297909707, 49.714476896629954 ], [ 18.257492176580708, 49.714902149347822 ], [ 18.25663906682199, 49.715413483659098 ], [ 18.255840184546884, 49.716005975134841 ], [ 18.255103223428407, 49.71667391775825 ], [ 18.254435280805001, 49.71741087887672 ], [ 18.253842789329259, 49.718209761151833 ], [ 18.253331455017982, 49.719062870910548 ], [ 18.252906202300117, 49.719961992239547 ], [ 18.252571126591796, 49.720898466108913 ], [ 18.252329454855264, 49.721863273763354 ], [ 18.252183514521459, 49.722847123577743 ], [ 18.252134711075566, 49.723840540540543 ], [ 18.252183514521459, 49.724833957503343 ], [ 18.252329454855264, 49.725817807317732 ], [ 18.252571126591796, 49.726782614972173 ], [ 18.252906202300117, 49.727719088841539 ], [ 18.253331455017982, 49.728618210170538 ], [ 18.253842789329259, 49.729471319929253 ], [ 18.254435280805001, 49.730270202204366 ], [ 18.254731742516483, 49.730597297297301 ], [ 18.254435280805001, 49.730924392390236 ], [ 18.253842789329259, 49.731723274665349 ], [ 18.253331455017982, 49.732576384424064 ], [ 18.252906202300117, 49.733475505753063 ], [ 18.252571126591796, 49.734411979622429 ], [ 18.252329454855264, 49.73537678727687 ], [ 18.252183514521459, 49.736360637091259 ], [ 18.252134711075566, 49.737354054054059 ], [ 18.252183514521459, 49.738347471016858 ], [ 18.252329454855264, 49.739331320831248 ], [ 18.252571126591796, 49.740296128485689 ], [ 18.252906202300117, 49.741232602355055 ], [ 18.253331455017982, 49.742131723684054 ], [ 18.253842789329259, 49.742984833442769 ], [ 18.254435280805001, 49.743783715717882 ], [ 18.255103223428407, 49.744520676836352 ], [ 18.255840184546884, 49.745188619459761 ], [ 18.25663906682199, 49.745781110935503 ], [ 18.257492176580708, 49.74629244524678 ], [ 18.258391297909707, 49.746717697964648 ], [ 18.25932777177907, 49.747052773672969 ], [ 18.260292579433514, 49.747294445409494 ], [ 18.261276429247904, 49.747440385743303 ], [ 18.262269846210703, 49.747489189189196 ], [ 18.263263263173503, 49.747440385743303 ], [ 18.264247112987892, 49.747294445409494 ], [ 18.265211920642336, 49.747052773672969 ], [ 18.266148394511699, 49.746717697964648 ], [ 18.267047515840698, 49.74629244524678 ], [ 18.267900625599417, 49.745781110935503 ], [ 18.268699507874523, 49.745188619459761 ], [ 18.269436468993, 49.744520676836352 ], [ 18.270104411616405, 49.743783715717882 ], [ 18.270696903092148, 49.742984833442769 ], [ 18.271208237403425, 49.742131723684054 ], [ 18.271633490121289, 49.741232602355055 ], [ 18.27196856582961, 49.740296128485689 ], [ 18.272210237566142, 49.739331320831248 ], [ 18.272356177899947, 49.738347471016858 ], [ 18.27240498134584, 49.737354054054059 ], [ 18.272356177899947, 49.736360637091259 ], [ 18.272210237566142, 49.73537678727687 ], [ 18.27196856582961, 49.734411979622429 ], [ 18.271633490121289, 49.733475505753063 ], [ 18.271208237403425, 49.732576384424064 ], [ 18.270696903092148, 49.731723274665349 ], [ 18.270104411616405, 49.730924392390236 ], [ 18.269807949904923, 49.730597297297301 ], [ 18.270104411616405, 49.730270202204366 ], [ 18.270696903092148, 49.729471319929253 ], [ 18.271208237403425, 49.728618210170538 ], [ 18.271633490121289, 49.727719088841539 ], [ 18.27196856582961, 49.726782614972173 ], [ 18.272210237566142, 49.725817807317732 ], [ 18.272356177899947, 49.724833957503343 ], [ 18.27240498134584, 49.723840540540543 ], [ 18.272356177899947, 49.722847123577743 ], [ 18.272210237566142, 49.721863273763354 ], [ 18.27196856582961, 49.720898466108913 ], [ 18.271633490121289, 49.719961992239547 ], [ 18.271208237403425, 49.719062870910548 ], [ 18.270696903092148, 49.718209761151833 ], [ 18.270104411616405, 49.71741087887672 ], [ 18.269436468993, 49.71667391775825 ] ] ], [ [ [ 18.311876473132124, 49.771464932930776 ], [ 18.311208530508718, 49.770727971812306 ], [ 18.310471569390241, 49.770060029188897 ], [ 18.309672687115135, 49.769467537713155 ], [ 18.308819577356417, 49.768956203401878 ], [ 18.307920456027418, 49.76853095068401 ], [ 18.306983982158055, 49.768195874975689 ], [ 18.306019174503611, 49.767954203239164 ], [ 18.305035324689221, 49.767808262905355 ], [ 18.304041907726422, 49.767759459459462 ], [ 18.303048490763622, 49.767808262905355 ], [ 18.302064640949233, 49.767954203239164 ], [ 18.301099833294789, 49.768195874975689 ], [ 18.300163359425426, 49.76853095068401 ], [ 18.299264238096427, 49.768956203401878 ], [ 18.298411128337708, 49.769467537713155 ], [ 18.297612246062602, 49.770060029188897 ], [ 18.296875284944125, 49.770727971812306 ], [ 18.29620734232072, 49.771464932930776 ], [ 18.295614850844977, 49.772263815205889 ], [ 18.2951035165337, 49.773116924964604 ], [ 18.294678263815836, 49.774016046293603 ], [ 18.294343188107515, 49.774952520162969 ], [ 18.294101516370983, 49.77591732781741 ], [ 18.293955576037177, 49.7769011776318 ], [ 18.293906772591285, 49.777894594594599 ], [ 18.293955576037177, 49.778888011557399 ], [ 18.294101516370983, 49.779871861371788 ], [ 18.294343188107515, 49.780836669026229 ], [ 18.294678263815836, 49.781773142895595 ], [ 18.2951035165337, 49.782672264224594 ], [ 18.295614850844977, 49.783525373983309 ], [ 18.29620734232072, 49.784324256258422 ], [ 18.296875284944125, 49.785061217376892 ], [ 18.297612246062602, 49.785729160000301 ], [ 18.298411128337708, 49.786321651476044 ], [ 18.299264238096427, 49.786832985787321 ], [ 18.300163359425426, 49.787258238505189 ], [ 18.301099833294789, 49.78759331421351 ], [ 18.302064640949233, 49.787834985950035 ], [ 18.303048490763622, 49.787980926283844 ], [ 18.304041907726422, 49.788029729729736 ], [ 18.305035324689221, 49.787980926283844 ], [ 18.306019174503611, 49.787834985950035 ], [ 18.306983982158055, 49.78759331421351 ], [ 18.307920456027418, 49.787258238505189 ], [ 18.308819577356417, 49.786832985787321 ], [ 18.309672687115135, 49.786321651476044 ], [ 18.310471569390241, 49.785729160000301 ], [ 18.311208530508718, 49.785061217376892 ], [ 18.311876473132124, 49.784324256258422 ], [ 18.312468964607866, 49.783525373983309 ], [ 18.312980298919143, 49.782672264224594 ], [ 18.313405551637008, 49.781773142895595 ], [ 18.313740627345329, 49.780836669026229 ], [ 18.313982299081861, 49.779871861371788 ], [ 18.314128239415666, 49.778888011557399 ], [ 18.314177042861559, 49.777894594594599 ], [ 18.314128239415666, 49.7769011776318 ], [ 18.313982299081861, 49.77591732781741 ], [ 18.313740627345329, 49.774952520162969 ], [ 18.313405551637008, 49.774016046293603 ], [ 18.312980298919143, 49.773116924964604 ], [ 18.312468964607866, 49.772263815205889 ], [ 18.311876473132124, 49.771464932930776 ] ] ], [ [ [ 18.374534565405703, 49.582275743741583 ], [ 18.373866622782298, 49.581538782623113 ], [ 18.373129661663821, 49.580870839999704 ], [ 18.372330779388715, 49.580278348523962 ], [ 18.371477669629996, 49.579767014212685 ], [ 18.370578548300998, 49.579341761494817 ], [ 18.369642074431635, 49.579006685786496 ], [ 18.36867726677719, 49.578765014049971 ], [ 18.367693416962801, 49.578619073716162 ], [ 18.3667, 49.578570270270269 ], [ 18.365706583037202, 49.578619073716162 ], [ 18.364722733222813, 49.578765014049971 ], [ 18.363757925568368, 49.579006685786496 ], [ 18.362821451699006, 49.579341761494817 ], [ 18.361922330370007, 49.579767014212685 ], [ 18.361069220611288, 49.580278348523962 ], [ 18.360270338336182, 49.580870839999704 ], [ 18.359533377217705, 49.581538782623113 ], [ 18.3588654345943, 49.582275743741583 ], [ 18.358272943118557, 49.583074626016696 ], [ 18.35776160880728, 49.583927735775411 ], [ 18.357336356089416, 49.58482685710441 ], [ 18.357001280381095, 49.585763330973776 ], [ 18.356759608644563, 49.586728138628217 ], [ 18.356613668310757, 49.587711988442607 ], [ 18.356564864864865, 49.588705405405406 ], [ 18.356613668310757, 49.589698822368206 ], [ 18.356759608644563, 49.590682672182595 ], [ 18.357001280381095, 49.591647479837036 ], [ 18.357336356089416, 49.592583953706402 ], [ 18.35776160880728, 49.593483075035401 ], [ 18.358272943118557, 49.594336184794116 ], [ 18.3588654345943, 49.595135067069229 ], [ 18.359161896305782, 49.595462162162164 ], [ 18.3588654345943, 49.595789257255099 ], [ 18.358272943118557, 49.596588139530212 ], [ 18.35776160880728, 49.597441249288927 ], [ 18.357336356089416, 49.598340370617926 ], [ 18.357001280381095, 49.599276844487292 ], [ 18.356759608644563, 49.600241652141733 ], [ 18.356613668310757, 49.601225501956122 ], [ 18.356564864864865, 49.602218918918922 ], [ 18.356613668310757, 49.603212335881722 ], [ 18.356759608644563, 49.604196185696111 ], [ 18.357001280381095, 49.605160993350552 ], [ 18.357336356089416, 49.606097467219918 ], [ 18.35776160880728, 49.606996588548917 ], [ 18.358272943118557, 49.607849698307632 ], [ 18.3588654345943, 49.608648580582745 ], [ 18.359161896305782, 49.60897567567568 ], [ 18.3588654345943, 49.609302770768615 ], [ 18.358272943118557, 49.610101653043728 ], [ 18.35776160880728, 49.610954762802443 ], [ 18.357336356089416, 49.611853884131442 ], [ 18.357001280381095, 49.612790358000808 ], [ 18.356759608644563, 49.613755165655249 ], [ 18.356613668310757, 49.614739015469638 ], [ 18.356564864864865, 49.615732432432438 ], [ 18.356613668310757, 49.616725849395237 ], [ 18.356759608644563, 49.617709699209627 ], [ 18.357001280381095, 49.618674506864068 ], [ 18.357336356089416, 49.619610980733434 ], [ 18.35776160880728, 49.620510102062433 ], [ 18.358272943118557, 49.621363211821148 ], [ 18.3588654345943, 49.622162094096261 ], [ 18.359161896305778, 49.622489189189196 ], [ 18.3588654345943, 49.622816284282123 ], [ 18.358272943118557, 49.623615166557236 ], [ 18.35776160880728, 49.624468276315952 ], [ 18.357336356089416, 49.625367397644951 ], [ 18.357001280381095, 49.626303871514317 ], [ 18.356759608644563, 49.627268679168758 ], [ 18.356613668310757, 49.628252528983147 ], [ 18.356564864864865, 49.629245945945947 ], [ 18.356613668310757, 49.630239362908746 ], [ 18.356759608644563, 49.631223212723135 ], [ 18.357001280381095, 49.632188020377576 ], [ 18.357336356089416, 49.633124494246943 ], [ 18.35776160880728, 49.634023615575941 ], [ 18.358272943118557, 49.634876725334657 ], [ 18.3588654345943, 49.63567560760977 ], [ 18.359161896305782, 49.636002702702704 ], [ 18.3588654345943, 49.636329797795639 ], [ 18.358272943118557, 49.637128680070752 ], [ 18.35776160880728, 49.637981789829468 ], [ 18.357336356089416, 49.638880911158466 ], [ 18.357001280381095, 49.639817385027833 ], [ 18.356759608644563, 49.640782192682273 ], [ 18.356613668310757, 49.641766042496663 ], [ 18.356564864864865, 49.642759459459462 ], [ 18.356613668310757, 49.643752876422262 ], [ 18.356759608644563, 49.644736726236651 ], [ 18.357001280381095, 49.645701533891092 ], [ 18.357336356089416, 49.646638007760458 ], [ 18.35776160880728, 49.647537129089457 ], [ 18.358272943118557, 49.648390238848172 ], [ 18.3588654345943, 49.649189121123285 ], [ 18.359161896305782, 49.64951621621622 ], [ 18.3588654345943, 49.649843311309155 ], [ 18.358272943118557, 49.650642193584268 ], [ 18.35776160880728, 49.651495303342983 ], [ 18.357336356089416, 49.652394424671982 ], [ 18.357001280381095, 49.653330898541348 ], [ 18.356759608644563, 49.654295706195789 ], [ 18.356613668310757, 49.655279556010179 ], [ 18.356564864864865, 49.656272972972978 ], [ 18.356613668310757, 49.657266389935778 ], [ 18.356759608644563, 49.658250239750167 ], [ 18.357001280381095, 49.659215047404608 ], [ 18.357336356089416, 49.660151521273974 ], [ 18.35776160880728, 49.661050642602973 ], [ 18.358272943118557, 49.661903752361688 ], [ 18.3588654345943, 49.662702634636801 ], [ 18.359161896305778, 49.663029729729729 ], [ 18.3588654345943, 49.663356824822664 ], [ 18.358272943118557, 49.664155707097777 ], [ 18.35776160880728, 49.665008816856492 ], [ 18.357336356089416, 49.665907938185491 ], [ 18.357001280381095, 49.666844412054857 ], [ 18.356759608644563, 49.667809219709298 ], [ 18.356613668310757, 49.668793069523687 ], [ 18.356564864864865, 49.669786486486487 ], [ 18.356613668310757, 49.670779903449287 ], [ 18.356759608644563, 49.671763753263676 ], [ 18.357001280381095, 49.672728560918117 ], [ 18.357336356089416, 49.673665034787483 ], [ 18.35776160880728, 49.674564156116482 ], [ 18.358272943118557, 49.675417265875197 ], [ 18.3588654345943, 49.67621614815031 ], [ 18.359161896305782, 49.676543243243245 ], [ 18.3588654345943, 49.67687033833618 ], [ 18.358272943118557, 49.677669220611293 ], [ 18.35776160880728, 49.678522330370008 ], [ 18.357336356089416, 49.679421451699007 ], [ 18.357001280381095, 49.680357925568373 ], [ 18.356759608644563, 49.681322733222814 ], [ 18.356613668310757, 49.682306583037203 ], [ 18.356564864864865, 49.6833 ], [ 18.356613668310757, 49.684293416962802 ], [ 18.356759608644563, 49.685277266777192 ], [ 18.357001280381095, 49.686242074431632 ], [ 18.357336356089416, 49.687178548300999 ], [ 18.35776160880728, 49.688077669629998 ], [ 18.358272943118557, 49.688930779388713 ], [ 18.3588654345943, 49.689729661663826 ], [ 18.359161896305782, 49.690056756756761 ], [ 18.3588654345943, 49.690383851849695 ], [ 18.358272943118557, 49.691182734124808 ], [ 18.35776160880728, 49.692035843883524 ], [ 18.357336356089416, 49.692934965212523 ], [ 18.357001280381095, 49.693871439081889 ], [ 18.356759608644563, 49.69483624673633 ], [ 18.356613668310757, 49.695820096550719 ], [ 18.356564864864865, 49.696813513513519 ], [ 18.356613668310757, 49.697806930476318 ], [ 18.356759608644563, 49.698790780290707 ], [ 18.357001280381095, 49.699755587945148 ], [ 18.357336356089416, 49.700692061814514 ], [ 18.35776160880728, 49.701591183143513 ], [ 18.358272943118557, 49.702444292902229 ], [ 18.3588654345943, 49.703243175177342 ], [ 18.359161896305778, 49.703570270270276 ], [ 18.3588654345943, 49.703897365363204 ], [ 18.358272943118557, 49.704696247638317 ], [ 18.35776160880728, 49.705549357397032 ], [ 18.357336356089416, 49.706448478726031 ], [ 18.357001280381095, 49.707384952595397 ], [ 18.356759608644563, 49.708349760249838 ], [ 18.356613668310757, 49.709333610064228 ], [ 18.356564864864865, 49.710327027027027 ], [ 18.356613668310757, 49.711320443989827 ], [ 18.356759608644563, 49.712304293804216 ], [ 18.357001280381095, 49.713269101458657 ], [ 18.357336356089416, 49.714205575328023 ], [ 18.35776160880728, 49.715104696657022 ], [ 18.358272943118557, 49.715957806415737 ], [ 18.3588654345943, 49.71675668869085 ], [ 18.359161896305782, 49.717083783783785 ], [ 18.3588654345943, 49.71741087887672 ], [ 18.358272943118557, 49.718209761151833 ], [ 18.35776160880728, 49.719062870910548 ], [ 18.357336356089416, 49.719961992239547 ], [ 18.357001280381095, 49.720898466108913 ], [ 18.356759608644563, 49.721863273763354 ], [ 18.356613668310757, 49.722847123577743 ], [ 18.356564864864865, 49.723840540540543 ], [ 18.356613668310757, 49.724833957503343 ], [ 18.356759608644563, 49.725817807317732 ], [ 18.357001280381095, 49.726782614972173 ], [ 18.357336356089416, 49.727719088841539 ], [ 18.35776160880728, 49.728618210170538 ], [ 18.358272943118557, 49.729471319929253 ], [ 18.3588654345943, 49.730270202204366 ], [ 18.359161896305782, 49.730597297297301 ], [ 18.3588654345943, 49.730924392390236 ], [ 18.358272943118557, 49.731723274665349 ], [ 18.35776160880728, 49.732576384424064 ], [ 18.357336356089416, 49.733475505753063 ], [ 18.357001280381095, 49.734411979622429 ], [ 18.356759608644563, 49.73537678727687 ], [ 18.356613668310757, 49.736360637091259 ], [ 18.356564864864865, 49.737354054054059 ], [ 18.356613668310757, 49.738347471016858 ], [ 18.356759608644563, 49.739331320831248 ], [ 18.357001280381095, 49.740296128485689 ], [ 18.357336356089416, 49.741232602355055 ], [ 18.35776160880728, 49.742131723684054 ], [ 18.358272943118557, 49.742984833442769 ], [ 18.3588654345943, 49.743783715717882 ], [ 18.359161896305778, 49.74411081081081 ], [ 18.3588654345943, 49.744437905903744 ], [ 18.358272943118557, 49.745236788178858 ], [ 18.35776160880728, 49.746089897937573 ], [ 18.357336356089416, 49.746989019266572 ], [ 18.357001280381095, 49.747925493135938 ], [ 18.356759608644563, 49.748890300790379 ], [ 18.356613668310757, 49.749874150604768 ], [ 18.356564864864865, 49.750867567567568 ], [ 18.356613668310757, 49.751860984530367 ], [ 18.356759608644563, 49.752844834344756 ], [ 18.357001280381095, 49.753809641999197 ], [ 18.357336356089416, 49.754746115868564 ], [ 18.35776160880728, 49.755645237197562 ], [ 18.358272943118557, 49.756498346956278 ], [ 18.3588654345943, 49.757297229231391 ], [ 18.359161896305782, 49.757624324324325 ], [ 18.3588654345943, 49.75795141941726 ], [ 18.358272943118557, 49.758750301692373 ], [ 18.35776160880728, 49.759603411451089 ], [ 18.357336356089416, 49.760502532780087 ], [ 18.357001280381095, 49.761439006649454 ], [ 18.356759608644563, 49.762403814303894 ], [ 18.356613668310757, 49.763387664118284 ], [ 18.356564864864865, 49.764381081081083 ], [ 18.356613668310757, 49.765374498043883 ], [ 18.356759608644563, 49.766358347858272 ], [ 18.357001280381095, 49.767323155512713 ], [ 18.357336356089416, 49.768259629382079 ], [ 18.35776160880728, 49.769158750711078 ], [ 18.358272943118557, 49.770011860469793 ], [ 18.3588654345943, 49.770810742744906 ], [ 18.359161896305782, 49.771137837837841 ], [ 18.3588654345943, 49.771464932930776 ], [ 18.358272943118557, 49.772263815205889 ], [ 18.35776160880728, 49.773116924964604 ], [ 18.357336356089416, 49.774016046293603 ], [ 18.357001280381095, 49.774952520162969 ], [ 18.356759608644563, 49.77591732781741 ], [ 18.356613668310757, 49.7769011776318 ], [ 18.356564864864865, 49.777894594594599 ], [ 18.356613668310757, 49.778888011557399 ], [ 18.356759608644563, 49.779871861371788 ], [ 18.357001280381095, 49.780836669026229 ], [ 18.357336356089416, 49.781773142895595 ], [ 18.35776160880728, 49.782672264224594 ], [ 18.358272943118557, 49.783525373983309 ], [ 18.3588654345943, 49.784324256258422 ], [ 18.359161896305778, 49.784651351351357 ], [ 18.3588654345943, 49.784978446444285 ], [ 18.358272943118557, 49.785777328719398 ], [ 18.35776160880728, 49.786630438478113 ], [ 18.357336356089416, 49.787529559807112 ], [ 18.357001280381095, 49.788466033676478 ], [ 18.356759608644563, 49.789430841330919 ], [ 18.356613668310757, 49.790414691145308 ], [ 18.356564864864865, 49.791408108108108 ], [ 18.356613668310757, 49.792401525070908 ], [ 18.356759608644563, 49.793385374885297 ], [ 18.357001280381095, 49.794350182539738 ], [ 18.357336356089416, 49.795286656409104 ], [ 18.35776160880728, 49.796185777738103 ], [ 18.358272943118557, 49.797038887496818 ], [ 18.3588654345943, 49.797837769771931 ], [ 18.359533377217705, 49.798574730890401 ], [ 18.360270338336182, 49.79924267351381 ], [ 18.361069220611288, 49.799835164989553 ], [ 18.361922330370007, 49.800346499300829 ], [ 18.362821451699006, 49.800771752018697 ], [ 18.363757925568368, 49.801106827727018 ], [ 18.364722733222813, 49.801348499463543 ], [ 18.365706583037202, 49.801494439797352 ], [ 18.3667, 49.801543243243245 ], [ 18.367693416962801, 49.801494439797352 ], [ 18.36867726677719, 49.801348499463543 ], [ 18.369642074431635, 49.801106827727018 ], [ 18.370578548300998, 49.800771752018697 ], [ 18.371477669629996, 49.800346499300829 ], [ 18.372330779388715, 49.799835164989553 ], [ 18.373129661663821, 49.79924267351381 ], [ 18.373866622782298, 49.798574730890401 ], [ 18.374534565405703, 49.797837769771931 ], [ 18.375127056881446, 49.797038887496818 ], [ 18.375638391192723, 49.796185777738103 ], [ 18.376063643910587, 49.795286656409104 ], [ 18.376398719618908, 49.794350182539738 ], [ 18.376640391355441, 49.793385374885297 ], [ 18.376786331689246, 49.792401525070908 ], [ 18.376835135135138, 49.791408108108108 ], [ 18.376786331689246, 49.790414691145308 ], [ 18.376640391355441, 49.789430841330919 ], [ 18.376398719618908, 49.788466033676478 ], [ 18.376063643910587, 49.787529559807112 ], [ 18.375638391192723, 49.786630438478113 ], [ 18.375127056881446, 49.785777328719398 ], [ 18.374534565405703, 49.784978446444285 ], [ 18.374238103694225, 49.784651351351357 ], [ 18.374534565405703, 49.784324256258422 ], [ 18.375127056881446, 49.783525373983309 ], [ 18.375638391192723, 49.782672264224594 ], [ 18.376063643910587, 49.781773142895595 ], [ 18.376398719618908, 49.780836669026229 ], [ 18.376640391355441, 49.779871861371788 ], [ 18.376786331689246, 49.778888011557399 ], [ 18.376835135135138, 49.777894594594599 ], [ 18.376786331689246, 49.7769011776318 ], [ 18.376640391355441, 49.77591732781741 ], [ 18.376398719618908, 49.774952520162969 ], [ 18.376063643910587, 49.774016046293603 ], [ 18.375638391192723, 49.773116924964604 ], [ 18.375127056881446, 49.772263815205889 ], [ 18.374534565405703, 49.771464932930776 ], [ 18.374238103694221, 49.771137837837841 ], [ 18.374534565405703, 49.770810742744906 ], [ 18.375127056881446, 49.770011860469793 ], [ 18.375638391192723, 49.769158750711078 ], [ 18.376063643910587, 49.768259629382079 ], [ 18.376398719618908, 49.767323155512713 ], [ 18.376640391355441, 49.766358347858272 ], [ 18.376786331689246, 49.765374498043883 ], [ 18.376835135135138, 49.764381081081083 ], [ 18.376786331689246, 49.763387664118284 ], [ 18.376640391355441, 49.762403814303894 ], [ 18.376398719618908, 49.761439006649454 ], [ 18.376063643910587, 49.760502532780087 ], [ 18.375638391192723, 49.759603411451089 ], [ 18.375127056881446, 49.758750301692373 ], [ 18.374534565405703, 49.75795141941726 ], [ 18.374238103694221, 49.757624324324325 ], [ 18.374534565405703, 49.757297229231391 ], [ 18.375127056881446, 49.756498346956278 ], [ 18.375638391192723, 49.755645237197562 ], [ 18.376063643910587, 49.754746115868564 ], [ 18.376398719618908, 49.753809641999197 ], [ 18.376640391355441, 49.752844834344756 ], [ 18.376786331689246, 49.751860984530367 ], [ 18.376835135135138, 49.750867567567568 ], [ 18.376786331689246, 49.749874150604768 ], [ 18.376640391355441, 49.748890300790379 ], [ 18.376398719618908, 49.747925493135938 ], [ 18.376063643910587, 49.746989019266572 ], [ 18.375638391192723, 49.746089897937573 ], [ 18.375127056881446, 49.745236788178858 ], [ 18.374534565405703, 49.744437905903744 ], [ 18.374238103694225, 49.74411081081081 ], [ 18.374534565405703, 49.743783715717882 ], [ 18.375127056881446, 49.742984833442769 ], [ 18.375638391192723, 49.742131723684054 ], [ 18.376063643910587, 49.741232602355055 ], [ 18.376398719618908, 49.740296128485689 ], [ 18.376640391355441, 49.739331320831248 ], [ 18.376786331689246, 49.738347471016858 ], [ 18.376835135135138, 49.737354054054059 ], [ 18.376786331689246, 49.736360637091259 ], [ 18.376640391355441, 49.73537678727687 ], [ 18.376398719618908, 49.734411979622429 ], [ 18.376063643910587, 49.733475505753063 ], [ 18.375638391192723, 49.732576384424064 ], [ 18.375127056881446, 49.731723274665349 ], [ 18.374534565405703, 49.730924392390236 ], [ 18.374238103694221, 49.730597297297301 ], [ 18.374534565405703, 49.730270202204366 ], [ 18.375127056881446, 49.729471319929253 ], [ 18.375638391192723, 49.728618210170538 ], [ 18.376063643910587, 49.727719088841539 ], [ 18.376398719618908, 49.726782614972173 ], [ 18.376640391355441, 49.725817807317732 ], [ 18.376786331689246, 49.724833957503343 ], [ 18.376835135135138, 49.723840540540543 ], [ 18.376786331689246, 49.722847123577743 ], [ 18.376640391355441, 49.721863273763354 ], [ 18.376398719618908, 49.720898466108913 ], [ 18.376063643910587, 49.719961992239547 ], [ 18.375638391192723, 49.719062870910548 ], [ 18.375127056881446, 49.718209761151833 ], [ 18.374534565405703, 49.71741087887672 ], [ 18.374238103694221, 49.717083783783785 ], [ 18.374534565405703, 49.71675668869085 ], [ 18.375127056881446, 49.715957806415737 ], [ 18.375638391192723, 49.715104696657022 ], [ 18.376063643910587, 49.714205575328023 ], [ 18.376398719618908, 49.713269101458657 ], [ 18.376640391355441, 49.712304293804216 ], [ 18.376786331689246, 49.711320443989827 ], [ 18.376835135135138, 49.710327027027027 ], [ 18.376786331689246, 49.709333610064228 ], [ 18.376640391355441, 49.708349760249838 ], [ 18.376398719618908, 49.707384952595397 ], [ 18.376063643910587, 49.706448478726031 ], [ 18.375638391192723, 49.705549357397032 ], [ 18.375127056881446, 49.704696247638317 ], [ 18.374534565405703, 49.703897365363204 ], [ 18.374238103694225, 49.703570270270276 ], [ 18.374534565405703, 49.703243175177342 ], [ 18.375127056881446, 49.702444292902229 ], [ 18.375638391192723, 49.701591183143513 ], [ 18.376063643910587, 49.700692061814514 ], [ 18.376398719618908, 49.699755587945148 ], [ 18.376640391355441, 49.698790780290707 ], [ 18.376786331689246, 49.697806930476318 ], [ 18.376835135135138, 49.696813513513519 ], [ 18.376786331689246, 49.695820096550719 ], [ 18.376640391355441, 49.69483624673633 ], [ 18.376398719618908, 49.693871439081889 ], [ 18.376063643910587, 49.692934965212523 ], [ 18.375638391192723, 49.692035843883524 ], [ 18.375127056881446, 49.691182734124808 ], [ 18.374534565405703, 49.690383851849695 ], [ 18.374238103694221, 49.690056756756761 ], [ 18.374534565405703, 49.689729661663826 ], [ 18.375127056881446, 49.688930779388713 ], [ 18.375638391192723, 49.688077669629998 ], [ 18.376063643910587, 49.687178548300999 ], [ 18.376398719618908, 49.686242074431632 ], [ 18.376640391355441, 49.685277266777192 ], [ 18.376786331689246, 49.684293416962802 ], [ 18.376835135135138, 49.6833 ], [ 18.376786331689246, 49.682306583037203 ], [ 18.376640391355441, 49.681322733222814 ], [ 18.376398719618908, 49.680357925568373 ], [ 18.376063643910587, 49.679421451699007 ], [ 18.375638391192723, 49.678522330370008 ], [ 18.375127056881446, 49.677669220611293 ], [ 18.374534565405703, 49.67687033833618 ], [ 18.374238103694221, 49.676543243243245 ], [ 18.374534565405703, 49.67621614815031 ], [ 18.375127056881446, 49.675417265875197 ], [ 18.375638391192723, 49.674564156116482 ], [ 18.376063643910587, 49.673665034787483 ], [ 18.376398719618908, 49.672728560918117 ], [ 18.376640391355441, 49.671763753263676 ], [ 18.376786331689246, 49.670779903449287 ], [ 18.376835135135138, 49.669786486486487 ], [ 18.376786331689246, 49.668793069523687 ], [ 18.376640391355441, 49.667809219709298 ], [ 18.376398719618908, 49.666844412054857 ], [ 18.376063643910587, 49.665907938185491 ], [ 18.375638391192723, 49.665008816856492 ], [ 18.375127056881446, 49.664155707097777 ], [ 18.374534565405703, 49.663356824822664 ], [ 18.374238103694225, 49.663029729729729 ], [ 18.374534565405703, 49.662702634636801 ], [ 18.375127056881446, 49.661903752361688 ], [ 18.375638391192723, 49.661050642602973 ], [ 18.376063643910587, 49.660151521273974 ], [ 18.376398719618908, 49.659215047404608 ], [ 18.376640391355441, 49.658250239750167 ], [ 18.376786331689246, 49.657266389935778 ], [ 18.376835135135138, 49.656272972972978 ], [ 18.376786331689246, 49.655279556010179 ], [ 18.376640391355441, 49.654295706195789 ], [ 18.376398719618908, 49.653330898541348 ], [ 18.376063643910587, 49.652394424671982 ], [ 18.375638391192723, 49.651495303342983 ], [ 18.375127056881446, 49.650642193584268 ], [ 18.374534565405703, 49.649843311309155 ], [ 18.374238103694221, 49.64951621621622 ], [ 18.374534565405703, 49.649189121123285 ], [ 18.375127056881446, 49.648390238848172 ], [ 18.375638391192723, 49.647537129089457 ], [ 18.376063643910587, 49.646638007760458 ], [ 18.376398719618908, 49.645701533891092 ], [ 18.376640391355441, 49.644736726236651 ], [ 18.376786331689246, 49.643752876422262 ], [ 18.376835135135138, 49.642759459459462 ], [ 18.376786331689246, 49.641766042496663 ], [ 18.376640391355441, 49.640782192682273 ], [ 18.376398719618908, 49.639817385027833 ], [ 18.376063643910587, 49.638880911158466 ], [ 18.375638391192723, 49.637981789829468 ], [ 18.375127056881446, 49.637128680070752 ], [ 18.374534565405703, 49.636329797795639 ], [ 18.374238103694221, 49.636002702702704 ], [ 18.374534565405703, 49.63567560760977 ], [ 18.375127056881446, 49.634876725334657 ], [ 18.375638391192723, 49.634023615575941 ], [ 18.376063643910587, 49.633124494246943 ], [ 18.376398719618908, 49.632188020377576 ], [ 18.376640391355441, 49.631223212723135 ], [ 18.376786331689246, 49.630239362908746 ], [ 18.376835135135138, 49.629245945945947 ], [ 18.376786331689246, 49.628252528983147 ], [ 18.376640391355441, 49.627268679168758 ], [ 18.376398719618908, 49.626303871514317 ], [ 18.376063643910587, 49.625367397644951 ], [ 18.375638391192723, 49.624468276315952 ], [ 18.375127056881446, 49.623615166557236 ], [ 18.374534565405703, 49.622816284282123 ], [ 18.374238103694225, 49.622489189189196 ], [ 18.374534565405703, 49.622162094096261 ], [ 18.375127056881446, 49.621363211821148 ], [ 18.375638391192723, 49.620510102062433 ], [ 18.376063643910587, 49.619610980733434 ], [ 18.376398719618908, 49.618674506864068 ], [ 18.376640391355441, 49.617709699209627 ], [ 18.376786331689246, 49.616725849395237 ], [ 18.376835135135138, 49.615732432432438 ], [ 18.376786331689246, 49.614739015469638 ], [ 18.376640391355441, 49.613755165655249 ], [ 18.376398719618908, 49.612790358000808 ], [ 18.376063643910587, 49.611853884131442 ], [ 18.375638391192723, 49.610954762802443 ], [ 18.375127056881446, 49.610101653043728 ], [ 18.374534565405703, 49.609302770768615 ], [ 18.374238103694221, 49.60897567567568 ], [ 18.374534565405703, 49.608648580582745 ], [ 18.375127056881446, 49.607849698307632 ], [ 18.375638391192723, 49.606996588548917 ], [ 18.376063643910587, 49.606097467219918 ], [ 18.376398719618908, 49.605160993350552 ], [ 18.376640391355441, 49.604196185696111 ], [ 18.376786331689246, 49.603212335881722 ], [ 18.376835135135138, 49.602218918918922 ], [ 18.376786331689246, 49.601225501956122 ], [ 18.376640391355441, 49.600241652141733 ], [ 18.376398719618908, 49.599276844487292 ], [ 18.376063643910587, 49.598340370617926 ], [ 18.375638391192723, 49.597441249288927 ], [ 18.375127056881446, 49.596588139530212 ], [ 18.374534565405703, 49.595789257255099 ], [ 18.374238103694221, 49.595462162162164 ], [ 18.374534565405703, 49.595135067069229 ], [ 18.375127056881446, 49.594336184794116 ], [ 18.375638391192723, 49.593483075035401 ], [ 18.376063643910587, 49.592583953706402 ], [ 18.376398719618908, 49.591647479837036 ], [ 18.376640391355441, 49.590682672182595 ], [ 18.376786331689246, 49.589698822368206 ], [ 18.376835135135138, 49.588705405405406 ], [ 18.376786331689246, 49.587711988442607 ], [ 18.376640391355441, 49.586728138628217 ], [ 18.376398719618908, 49.585763330973776 ], [ 18.376063643910587, 49.58482685710441 ], [ 18.375638391192723, 49.583927735775411 ], [ 18.375127056881446, 49.583074626016696 ], [ 18.374534565405703, 49.582275743741583 ] ] ], [ [ [ 18.353648534647842, 49.582275743741583 ], [ 18.352980592024437, 49.581538782623113 ], [ 18.35224363090596, 49.580870839999704 ], [ 18.351444748630854, 49.580278348523962 ], [ 18.350591638872135, 49.579767014212685 ], [ 18.349692517543136, 49.579341761494817 ], [ 18.348756043673774, 49.579006685786496 ], [ 18.347791236019329, 49.578765014049971 ], [ 18.34680738620494, 49.578619073716162 ], [ 18.34581396924214, 49.578570270270269 ], [ 18.344820552279341, 49.578619073716162 ], [ 18.343836702464952, 49.578765014049971 ], [ 18.342871894810507, 49.579006685786496 ], [ 18.341935420941144, 49.579341761494817 ], [ 18.341036299612146, 49.579767014212685 ], [ 18.340183189853427, 49.580278348523962 ], [ 18.339384307578321, 49.580870839999704 ], [ 18.338647346459844, 49.581538782623113 ], [ 18.337979403836439, 49.582275743741583 ], [ 18.337386912360696, 49.583074626016696 ], [ 18.336875578049419, 49.583927735775411 ], [ 18.336450325331555, 49.58482685710441 ], [ 18.336115249623234, 49.585763330973776 ], [ 18.335873577886701, 49.586728138628217 ], [ 18.335727637552896, 49.587711988442607 ], [ 18.335678834107004, 49.588705405405406 ], [ 18.335727637552896, 49.589698822368206 ], [ 18.335873577886701, 49.590682672182595 ], [ 18.336115249623234, 49.591647479837036 ], [ 18.336450325331555, 49.592583953706402 ], [ 18.336875578049419, 49.593483075035401 ], [ 18.337386912360696, 49.594336184794116 ], [ 18.337979403836439, 49.595135067069229 ], [ 18.338275865547921, 49.595462162162164 ], [ 18.337979403836439, 49.595789257255099 ], [ 18.337386912360696, 49.596588139530212 ], [ 18.336875578049419, 49.597441249288927 ], [ 18.336450325331555, 49.598340370617926 ], [ 18.336115249623234, 49.599276844487292 ], [ 18.335873577886701, 49.600241652141733 ], [ 18.335727637552896, 49.601225501956122 ], [ 18.335678834107004, 49.602218918918922 ], [ 18.335727637552896, 49.603212335881722 ], [ 18.335873577886701, 49.604196185696111 ], [ 18.336115249623234, 49.605160993350552 ], [ 18.336450325331555, 49.606097467219918 ], [ 18.336875578049419, 49.606996588548917 ], [ 18.337386912360696, 49.607849698307632 ], [ 18.337979403836439, 49.608648580582745 ], [ 18.338275865547921, 49.60897567567568 ], [ 18.337979403836439, 49.609302770768615 ], [ 18.337386912360696, 49.610101653043728 ], [ 18.336875578049419, 49.610954762802443 ], [ 18.336450325331555, 49.611853884131442 ], [ 18.336115249623234, 49.612790358000808 ], [ 18.335873577886701, 49.613755165655249 ], [ 18.335727637552896, 49.614739015469638 ], [ 18.335678834107004, 49.615732432432438 ], [ 18.335727637552896, 49.616725849395237 ], [ 18.335873577886701, 49.617709699209627 ], [ 18.336115249623234, 49.618674506864068 ], [ 18.336450325331555, 49.619610980733434 ], [ 18.336875578049419, 49.620510102062433 ], [ 18.337386912360696, 49.621363211821148 ], [ 18.337979403836439, 49.622162094096261 ], [ 18.338275865547917, 49.622489189189189 ], [ 18.337979403836439, 49.622816284282123 ], [ 18.337386912360696, 49.623615166557236 ], [ 18.336875578049419, 49.624468276315952 ], [ 18.336450325331555, 49.625367397644951 ], [ 18.336115249623234, 49.626303871514317 ], [ 18.335873577886701, 49.627268679168758 ], [ 18.335727637552896, 49.628252528983147 ], [ 18.335678834107004, 49.629245945945947 ], [ 18.335727637552896, 49.630239362908746 ], [ 18.335873577886701, 49.631223212723135 ], [ 18.336115249623234, 49.632188020377576 ], [ 18.336450325331555, 49.633124494246943 ], [ 18.336875578049419, 49.634023615575941 ], [ 18.337386912360696, 49.634876725334657 ], [ 18.337979403836439, 49.63567560760977 ], [ 18.338275865547921, 49.636002702702704 ], [ 18.337979403836439, 49.636329797795639 ], [ 18.337386912360696, 49.637128680070752 ], [ 18.336875578049419, 49.637981789829468 ], [ 18.336450325331555, 49.638880911158466 ], [ 18.336115249623234, 49.639817385027833 ], [ 18.335873577886701, 49.640782192682273 ], [ 18.335727637552896, 49.641766042496663 ], [ 18.335678834107004, 49.642759459459462 ], [ 18.335727637552896, 49.643752876422262 ], [ 18.335873577886701, 49.644736726236651 ], [ 18.336115249623234, 49.645701533891092 ], [ 18.336450325331555, 49.646638007760458 ], [ 18.336875578049419, 49.647537129089457 ], [ 18.337386912360696, 49.648390238848172 ], [ 18.337979403836439, 49.649189121123285 ], [ 18.338275865547921, 49.64951621621622 ], [ 18.337979403836439, 49.649843311309155 ], [ 18.337386912360696, 49.650642193584268 ], [ 18.336875578049419, 49.651495303342983 ], [ 18.336450325331555, 49.652394424671982 ], [ 18.336115249623234, 49.653330898541348 ], [ 18.335873577886701, 49.654295706195789 ], [ 18.335727637552896, 49.655279556010179 ], [ 18.335678834107004, 49.656272972972978 ], [ 18.335727637552896, 49.657266389935778 ], [ 18.335873577886701, 49.658250239750167 ], [ 18.336115249623234, 49.659215047404608 ], [ 18.336450325331555, 49.660151521273974 ], [ 18.336875578049419, 49.661050642602973 ], [ 18.337386912360696, 49.661903752361688 ], [ 18.337979403836439, 49.662702634636801 ], [ 18.338275865547917, 49.663029729729729 ], [ 18.337979403836439, 49.663356824822664 ], [ 18.337386912360696, 49.664155707097777 ], [ 18.336875578049419, 49.665008816856492 ], [ 18.336450325331555, 49.665907938185491 ], [ 18.336115249623234, 49.666844412054857 ], [ 18.335873577886701, 49.667809219709298 ], [ 18.335727637552896, 49.668793069523687 ], [ 18.335678834107004, 49.669786486486487 ], [ 18.335727637552896, 49.670779903449287 ], [ 18.335873577886701, 49.671763753263676 ], [ 18.336115249623234, 49.672728560918117 ], [ 18.336450325331555, 49.673665034787483 ], [ 18.336875578049419, 49.674564156116482 ], [ 18.337386912360696, 49.675417265875197 ], [ 18.337979403836439, 49.67621614815031 ], [ 18.338275865547921, 49.676543243243245 ], [ 18.337979403836439, 49.67687033833618 ], [ 18.337386912360696, 49.677669220611293 ], [ 18.336875578049419, 49.678522330370008 ], [ 18.336450325331555, 49.679421451699007 ], [ 18.336115249623234, 49.680357925568373 ], [ 18.335873577886701, 49.681322733222814 ], [ 18.335727637552896, 49.682306583037203 ], [ 18.335678834107004, 49.6833 ], [ 18.335727637552896, 49.684293416962802 ], [ 18.335873577886701, 49.685277266777192 ], [ 18.336115249623234, 49.686242074431632 ], [ 18.336450325331555, 49.687178548300999 ], [ 18.336875578049419, 49.688077669629998 ], [ 18.337386912360696, 49.688930779388713 ], [ 18.337979403836439, 49.689729661663826 ], [ 18.338275865547921, 49.690056756756761 ], [ 18.337979403836439, 49.690383851849695 ], [ 18.337386912360696, 49.691182734124808 ], [ 18.336875578049419, 49.692035843883524 ], [ 18.336450325331555, 49.692934965212523 ], [ 18.336115249623234, 49.693871439081889 ], [ 18.335873577886701, 49.69483624673633 ], [ 18.335727637552896, 49.695820096550719 ], [ 18.335678834107004, 49.696813513513519 ], [ 18.335727637552896, 49.697806930476318 ], [ 18.335873577886701, 49.698790780290707 ], [ 18.336115249623234, 49.699755587945148 ], [ 18.336450325331555, 49.700692061814514 ], [ 18.336875578049419, 49.701591183143513 ], [ 18.337386912360696, 49.702444292902229 ], [ 18.337979403836439, 49.703243175177342 ], [ 18.338275865547917, 49.703570270270276 ], [ 18.337979403836439, 49.703897365363204 ], [ 18.337386912360696, 49.704696247638317 ], [ 18.336875578049419, 49.705549357397032 ], [ 18.336450325331555, 49.706448478726031 ], [ 18.336115249623234, 49.707384952595397 ], [ 18.335873577886701, 49.708349760249838 ], [ 18.335727637552896, 49.709333610064228 ], [ 18.335678834107004, 49.710327027027027 ], [ 18.335727637552896, 49.711320443989827 ], [ 18.335873577886701, 49.712304293804216 ], [ 18.336115249623234, 49.713269101458657 ], [ 18.336450325331555, 49.714205575328023 ], [ 18.336875578049419, 49.715104696657022 ], [ 18.337386912360696, 49.715957806415737 ], [ 18.337979403836439, 49.71675668869085 ], [ 18.338275865547921, 49.717083783783785 ], [ 18.337979403836439, 49.71741087887672 ], [ 18.337386912360696, 49.718209761151833 ], [ 18.336875578049419, 49.719062870910548 ], [ 18.336450325331555, 49.719961992239547 ], [ 18.336115249623234, 49.720898466108913 ], [ 18.335873577886701, 49.721863273763354 ], [ 18.335727637552896, 49.722847123577743 ], [ 18.335678834107004, 49.723840540540543 ], [ 18.335727637552896, 49.724833957503343 ], [ 18.335873577886701, 49.725817807317732 ], [ 18.336115249623234, 49.726782614972173 ], [ 18.336450325331555, 49.727719088841539 ], [ 18.336875578049419, 49.728618210170538 ], [ 18.337386912360696, 49.729471319929253 ], [ 18.337979403836439, 49.730270202204366 ], [ 18.338275865547921, 49.730597297297301 ], [ 18.337979403836439, 49.730924392390236 ], [ 18.337386912360696, 49.731723274665349 ], [ 18.336875578049419, 49.732576384424064 ], [ 18.336450325331555, 49.733475505753063 ], [ 18.336115249623234, 49.734411979622429 ], [ 18.335873577886701, 49.73537678727687 ], [ 18.335727637552896, 49.736360637091259 ], [ 18.335678834107004, 49.737354054054059 ], [ 18.335727637552896, 49.738347471016858 ], [ 18.335873577886701, 49.739331320831248 ], [ 18.336115249623234, 49.740296128485689 ], [ 18.336450325331555, 49.741232602355055 ], [ 18.336875578049419, 49.742131723684054 ], [ 18.337386912360696, 49.742984833442769 ], [ 18.337979403836439, 49.743783715717882 ], [ 18.338275865547917, 49.74411081081081 ], [ 18.337979403836439, 49.744437905903744 ], [ 18.337386912360696, 49.745236788178858 ], [ 18.336875578049419, 49.746089897937573 ], [ 18.336450325331555, 49.746989019266572 ], [ 18.336115249623234, 49.747925493135938 ], [ 18.335873577886701, 49.748890300790379 ], [ 18.335727637552896, 49.749874150604768 ], [ 18.335678834107004, 49.750867567567568 ], [ 18.335727637552896, 49.751860984530367 ], [ 18.335873577886701, 49.752844834344756 ], [ 18.336115249623234, 49.753809641999197 ], [ 18.336450325331555, 49.754746115868564 ], [ 18.336875578049419, 49.755645237197562 ], [ 18.337386912360696, 49.756498346956278 ], [ 18.337979403836439, 49.757297229231391 ], [ 18.338275865547921, 49.757624324324325 ], [ 18.337979403836439, 49.75795141941726 ], [ 18.337386912360696, 49.758750301692373 ], [ 18.336875578049419, 49.759603411451089 ], [ 18.336450325331555, 49.760502532780087 ], [ 18.336115249623234, 49.761439006649454 ], [ 18.335873577886701, 49.762403814303894 ], [ 18.335727637552896, 49.763387664118284 ], [ 18.335678834107004, 49.764381081081083 ], [ 18.335727637552896, 49.765374498043883 ], [ 18.335873577886701, 49.766358347858272 ], [ 18.336115249623234, 49.767323155512713 ], [ 18.336450325331555, 49.768259629382079 ], [ 18.336875578049419, 49.769158750711078 ], [ 18.337386912360696, 49.770011860469793 ], [ 18.337979403836439, 49.770810742744906 ], [ 18.338275865547921, 49.771137837837841 ], [ 18.337979403836439, 49.771464932930776 ], [ 18.337386912360696, 49.772263815205889 ], [ 18.336875578049419, 49.773116924964604 ], [ 18.336450325331555, 49.774016046293603 ], [ 18.336115249623234, 49.774952520162969 ], [ 18.335873577886701, 49.77591732781741 ], [ 18.335727637552896, 49.7769011776318 ], [ 18.335678834107004, 49.777894594594599 ], [ 18.335727637552896, 49.778888011557399 ], [ 18.335873577886701, 49.779871861371788 ], [ 18.336115249623234, 49.780836669026229 ], [ 18.336450325331555, 49.781773142895595 ], [ 18.336875578049419, 49.782672264224594 ], [ 18.337386912360696, 49.783525373983309 ], [ 18.337979403836439, 49.784324256258422 ], [ 18.338647346459844, 49.785061217376892 ], [ 18.339384307578321, 49.785729160000301 ], [ 18.340183189853427, 49.786321651476044 ], [ 18.341036299612146, 49.786832985787321 ], [ 18.341935420941144, 49.787258238505189 ], [ 18.342871894810507, 49.78759331421351 ], [ 18.343836702464952, 49.787834985950035 ], [ 18.344820552279341, 49.787980926283844 ], [ 18.34581396924214, 49.788029729729736 ], [ 18.34680738620494, 49.787980926283844 ], [ 18.347791236019329, 49.787834985950035 ], [ 18.348756043673774, 49.78759331421351 ], [ 18.349692517543136, 49.787258238505189 ], [ 18.350591638872135, 49.786832985787321 ], [ 18.351444748630854, 49.786321651476044 ], [ 18.35224363090596, 49.785729160000301 ], [ 18.352980592024437, 49.785061217376892 ], [ 18.353648534647842, 49.784324256258422 ], [ 18.354241026123585, 49.783525373983309 ], [ 18.354752360434862, 49.782672264224594 ], [ 18.355177613152726, 49.781773142895595 ], [ 18.355512688861047, 49.780836669026229 ], [ 18.355754360597579, 49.779871861371788 ], [ 18.355900300931385, 49.778888011557399 ], [ 18.355949104377277, 49.777894594594599 ], [ 18.355900300931385, 49.7769011776318 ], [ 18.355754360597579, 49.77591732781741 ], [ 18.355512688861047, 49.774952520162969 ], [ 18.355177613152726, 49.774016046293603 ], [ 18.354752360434862, 49.773116924964604 ], [ 18.354241026123585, 49.772263815205889 ], [ 18.353648534647842, 49.771464932930776 ], [ 18.35335207293636, 49.771137837837841 ], [ 18.353648534647842, 49.770810742744906 ], [ 18.354241026123585, 49.770011860469793 ], [ 18.354752360434862, 49.769158750711078 ], [ 18.355177613152726, 49.768259629382079 ], [ 18.355512688861047, 49.767323155512713 ], [ 18.355754360597579, 49.766358347858272 ], [ 18.355900300931385, 49.765374498043883 ], [ 18.355949104377277, 49.764381081081083 ], [ 18.355900300931385, 49.763387664118284 ], [ 18.355754360597579, 49.762403814303894 ], [ 18.355512688861047, 49.761439006649454 ], [ 18.355177613152726, 49.760502532780087 ], [ 18.354752360434862, 49.759603411451089 ], [ 18.354241026123585, 49.758750301692373 ], [ 18.353648534647842, 49.75795141941726 ], [ 18.35335207293636, 49.757624324324325 ], [ 18.353648534647842, 49.757297229231391 ], [ 18.354241026123585, 49.756498346956278 ], [ 18.354752360434862, 49.755645237197562 ], [ 18.355177613152726, 49.754746115868564 ], [ 18.355512688861047, 49.753809641999197 ], [ 18.355754360597579, 49.752844834344756 ], [ 18.355900300931385, 49.751860984530367 ], [ 18.355949104377277, 49.750867567567568 ], [ 18.355900300931385, 49.749874150604768 ], [ 18.355754360597579, 49.748890300790379 ], [ 18.355512688861047, 49.747925493135938 ], [ 18.355177613152726, 49.746989019266572 ], [ 18.354752360434862, 49.746089897937573 ], [ 18.354241026123585, 49.745236788178858 ], [ 18.353648534647842, 49.744437905903744 ], [ 18.353352072936364, 49.74411081081081 ], [ 18.353648534647842, 49.743783715717882 ], [ 18.354241026123585, 49.742984833442769 ], [ 18.354752360434862, 49.742131723684054 ], [ 18.355177613152726, 49.741232602355055 ], [ 18.355512688861047, 49.740296128485689 ], [ 18.355754360597579, 49.739331320831248 ], [ 18.355900300931385, 49.738347471016858 ], [ 18.355949104377277, 49.737354054054059 ], [ 18.355900300931385, 49.736360637091259 ], [ 18.355754360597579, 49.73537678727687 ], [ 18.355512688861047, 49.734411979622429 ], [ 18.355177613152726, 49.733475505753063 ], [ 18.354752360434862, 49.732576384424064 ], [ 18.354241026123585, 49.731723274665349 ], [ 18.353648534647842, 49.730924392390236 ], [ 18.35335207293636, 49.730597297297301 ], [ 18.353648534647842, 49.730270202204366 ], [ 18.354241026123585, 49.729471319929253 ], [ 18.354752360434862, 49.728618210170538 ], [ 18.355177613152726, 49.727719088841539 ], [ 18.355512688861047, 49.726782614972173 ], [ 18.355754360597579, 49.725817807317732 ], [ 18.355900300931385, 49.724833957503343 ], [ 18.355949104377277, 49.723840540540543 ], [ 18.355900300931385, 49.722847123577743 ], [ 18.355754360597579, 49.721863273763354 ], [ 18.355512688861047, 49.720898466108913 ], [ 18.355177613152726, 49.719961992239547 ], [ 18.354752360434862, 49.719062870910548 ], [ 18.354241026123585, 49.718209761151833 ], [ 18.353648534647842, 49.71741087887672 ], [ 18.35335207293636, 49.717083783783785 ], [ 18.353648534647842, 49.71675668869085 ], [ 18.354241026123585, 49.715957806415737 ], [ 18.354752360434862, 49.715104696657022 ], [ 18.355177613152726, 49.714205575328023 ], [ 18.355512688861047, 49.713269101458657 ], [ 18.355754360597579, 49.712304293804216 ], [ 18.355900300931385, 49.711320443989827 ], [ 18.355949104377277, 49.710327027027027 ], [ 18.355900300931385, 49.709333610064228 ], [ 18.355754360597579, 49.708349760249838 ], [ 18.355512688861047, 49.707384952595397 ], [ 18.355177613152726, 49.706448478726031 ], [ 18.354752360434862, 49.705549357397032 ], [ 18.354241026123585, 49.704696247638317 ], [ 18.353648534647842, 49.703897365363204 ], [ 18.353352072936364, 49.703570270270276 ], [ 18.353648534647842, 49.703243175177342 ], [ 18.354241026123585, 49.702444292902229 ], [ 18.354752360434862, 49.701591183143513 ], [ 18.355177613152726, 49.700692061814514 ], [ 18.355512688861047, 49.699755587945148 ], [ 18.355754360597579, 49.698790780290707 ], [ 18.355900300931385, 49.697806930476318 ], [ 18.355949104377277, 49.696813513513519 ], [ 18.355900300931385, 49.695820096550719 ], [ 18.355754360597579, 49.69483624673633 ], [ 18.355512688861047, 49.693871439081889 ], [ 18.355177613152726, 49.692934965212523 ], [ 18.354752360434862, 49.692035843883524 ], [ 18.354241026123585, 49.691182734124808 ], [ 18.353648534647842, 49.690383851849695 ], [ 18.35335207293636, 49.690056756756761 ], [ 18.353648534647842, 49.689729661663826 ], [ 18.354241026123585, 49.688930779388713 ], [ 18.354752360434862, 49.688077669629998 ], [ 18.355177613152726, 49.687178548300999 ], [ 18.355512688861047, 49.686242074431632 ], [ 18.355754360597579, 49.685277266777192 ], [ 18.355900300931385, 49.684293416962802 ], [ 18.355949104377277, 49.6833 ], [ 18.355900300931385, 49.682306583037203 ], [ 18.355754360597579, 49.681322733222814 ], [ 18.355512688861047, 49.680357925568373 ], [ 18.355177613152726, 49.679421451699007 ], [ 18.354752360434862, 49.678522330370008 ], [ 18.354241026123585, 49.677669220611293 ], [ 18.353648534647842, 49.67687033833618 ], [ 18.35335207293636, 49.676543243243245 ], [ 18.353648534647842, 49.67621614815031 ], [ 18.354241026123585, 49.675417265875197 ], [ 18.354752360434862, 49.674564156116482 ], [ 18.355177613152726, 49.673665034787483 ], [ 18.355512688861047, 49.672728560918117 ], [ 18.355754360597579, 49.671763753263676 ], [ 18.355900300931385, 49.670779903449287 ], [ 18.355949104377277, 49.669786486486487 ], [ 18.355900300931385, 49.668793069523687 ], [ 18.355754360597579, 49.667809219709298 ], [ 18.355512688861047, 49.666844412054857 ], [ 18.355177613152726, 49.665907938185491 ], [ 18.354752360434862, 49.665008816856492 ], [ 18.354241026123585, 49.664155707097777 ], [ 18.353648534647842, 49.663356824822664 ], [ 18.353352072936364, 49.663029729729729 ], [ 18.353648534647842, 49.662702634636801 ], [ 18.354241026123585, 49.661903752361688 ], [ 18.354752360434862, 49.661050642602973 ], [ 18.355177613152726, 49.660151521273974 ], [ 18.355512688861047, 49.659215047404608 ], [ 18.355754360597579, 49.658250239750167 ], [ 18.355900300931385, 49.657266389935778 ], [ 18.355949104377277, 49.656272972972978 ], [ 18.355900300931385, 49.655279556010179 ], [ 18.355754360597579, 49.654295706195789 ], [ 18.355512688861047, 49.653330898541348 ], [ 18.355177613152726, 49.652394424671982 ], [ 18.354752360434862, 49.651495303342983 ], [ 18.354241026123585, 49.650642193584268 ], [ 18.353648534647842, 49.649843311309155 ], [ 18.35335207293636, 49.64951621621622 ], [ 18.353648534647842, 49.649189121123285 ], [ 18.354241026123585, 49.648390238848172 ], [ 18.354752360434862, 49.647537129089457 ], [ 18.355177613152726, 49.646638007760458 ], [ 18.355512688861047, 49.645701533891092 ], [ 18.355754360597579, 49.644736726236651 ], [ 18.355900300931385, 49.643752876422262 ], [ 18.355949104377277, 49.642759459459462 ], [ 18.355900300931385, 49.641766042496663 ], [ 18.355754360597579, 49.640782192682273 ], [ 18.355512688861047, 49.639817385027833 ], [ 18.355177613152726, 49.638880911158466 ], [ 18.354752360434862, 49.637981789829468 ], [ 18.354241026123585, 49.637128680070752 ], [ 18.353648534647842, 49.636329797795639 ], [ 18.35335207293636, 49.636002702702704 ], [ 18.353648534647842, 49.63567560760977 ], [ 18.354241026123585, 49.634876725334657 ], [ 18.354752360434862, 49.634023615575941 ], [ 18.355177613152726, 49.633124494246943 ], [ 18.355512688861047, 49.632188020377576 ], [ 18.355754360597579, 49.631223212723135 ], [ 18.355900300931385, 49.630239362908746 ], [ 18.355949104377277, 49.629245945945947 ], [ 18.355900300931385, 49.628252528983147 ], [ 18.355754360597579, 49.627268679168758 ], [ 18.355512688861047, 49.626303871514317 ], [ 18.355177613152726, 49.625367397644951 ], [ 18.354752360434862, 49.624468276315952 ], [ 18.354241026123585, 49.623615166557236 ], [ 18.353648534647842, 49.622816284282123 ], [ 18.353352072936364, 49.622489189189196 ], [ 18.353648534647842, 49.622162094096261 ], [ 18.354241026123585, 49.621363211821148 ], [ 18.354752360434862, 49.620510102062433 ], [ 18.355177613152726, 49.619610980733434 ], [ 18.355512688861047, 49.618674506864068 ], [ 18.355754360597579, 49.617709699209627 ], [ 18.355900300931385, 49.616725849395237 ], [ 18.355949104377277, 49.615732432432438 ], [ 18.355900300931385, 49.614739015469638 ], [ 18.355754360597579, 49.613755165655249 ], [ 18.355512688861047, 49.612790358000808 ], [ 18.355177613152726, 49.611853884131442 ], [ 18.354752360434862, 49.610954762802443 ], [ 18.354241026123585, 49.610101653043728 ], [ 18.353648534647842, 49.609302770768615 ], [ 18.35335207293636, 49.60897567567568 ], [ 18.353648534647842, 49.608648580582745 ], [ 18.354241026123585, 49.607849698307632 ], [ 18.354752360434862, 49.606996588548917 ], [ 18.355177613152726, 49.606097467219918 ], [ 18.355512688861047, 49.605160993350552 ], [ 18.355754360597579, 49.604196185696111 ], [ 18.355900300931385, 49.603212335881722 ], [ 18.355949104377277, 49.602218918918922 ], [ 18.355900300931385, 49.601225501956122 ], [ 18.355754360597579, 49.600241652141733 ], [ 18.355512688861047, 49.599276844487292 ], [ 18.355177613152726, 49.598340370617926 ], [ 18.354752360434862, 49.597441249288927 ], [ 18.354241026123585, 49.596588139530212 ], [ 18.353648534647842, 49.595789257255099 ], [ 18.35335207293636, 49.595462162162164 ], [ 18.353648534647842, 49.595135067069229 ], [ 18.354241026123585, 49.594336184794116 ], [ 18.354752360434862, 49.593483075035401 ], [ 18.355177613152726, 49.592583953706402 ], [ 18.355512688861047, 49.591647479837036 ], [ 18.355754360597579, 49.590682672182595 ], [ 18.355900300931385, 49.589698822368206 ], [ 18.355949104377277, 49.588705405405406 ], [ 18.355900300931385, 49.587711988442607 ], [ 18.355754360597579, 49.586728138628217 ], [ 18.355512688861047, 49.585763330973776 ], [ 18.355177613152726, 49.58482685710441 ], [ 18.354752360434862, 49.583927735775411 ], [ 18.354241026123585, 49.583074626016696 ], [ 18.353648534647842, 49.582275743741583 ] ] ], [ [ [ 18.416306626921422, 49.582275743741583 ], [ 18.415638684298017, 49.581538782623113 ], [ 18.41490172317954, 49.580870839999704 ], [ 18.414102840904434, 49.580278348523962 ], [ 18.413249731145715, 49.579767014212685 ], [ 18.412350609816716, 49.579341761494817 ], [ 18.411414135947354, 49.579006685786496 ], [ 18.410449328292909, 49.578765014049971 ], [ 18.40946547847852, 49.578619073716162 ], [ 18.40847206151572, 49.578570270270269 ], [ 18.407478644552921, 49.578619073716162 ], [ 18.406494794738531, 49.578765014049971 ], [ 18.405529987084087, 49.579006685786496 ], [ 18.404593513214724, 49.579341761494817 ], [ 18.403694391885725, 49.579767014212685 ], [ 18.402841282127007, 49.580278348523962 ], [ 18.402042399851901, 49.580870839999704 ], [ 18.401305438733424, 49.581538782623113 ], [ 18.400637496110019, 49.582275743741583 ], [ 18.400045004634276, 49.583074626016696 ], [ 18.399533670322999, 49.583927735775411 ], [ 18.399108417605134, 49.58482685710441 ], [ 18.398773341896813, 49.585763330973776 ], [ 18.398531670160281, 49.586728138628217 ], [ 18.398385729826476, 49.587711988442607 ], [ 18.398336926380583, 49.588705405405406 ], [ 18.398385729826476, 49.589698822368206 ], [ 18.398531670160281, 49.590682672182595 ], [ 18.398773341896813, 49.591647479837036 ], [ 18.399108417605134, 49.592583953706402 ], [ 18.399533670322999, 49.593483075035401 ], [ 18.400045004634276, 49.594336184794116 ], [ 18.400637496110019, 49.595135067069229 ], [ 18.400933957821501, 49.595462162162164 ], [ 18.400637496110019, 49.595789257255099 ], [ 18.400045004634276, 49.596588139530212 ], [ 18.399533670322999, 49.597441249288927 ], [ 18.399108417605134, 49.598340370617926 ], [ 18.398773341896813, 49.599276844487292 ], [ 18.398531670160281, 49.600241652141733 ], [ 18.398385729826476, 49.601225501956122 ], [ 18.398336926380583, 49.602218918918922 ], [ 18.398385729826476, 49.603212335881722 ], [ 18.398531670160281, 49.604196185696111 ], [ 18.398773341896813, 49.605160993350552 ], [ 18.399108417605134, 49.606097467219918 ], [ 18.399533670322999, 49.606996588548917 ], [ 18.400045004634276, 49.607849698307632 ], [ 18.400637496110019, 49.608648580582745 ], [ 18.400933957821501, 49.60897567567568 ], [ 18.400637496110019, 49.609302770768615 ], [ 18.400045004634276, 49.610101653043728 ], [ 18.399533670322999, 49.610954762802443 ], [ 18.399108417605134, 49.611853884131442 ], [ 18.398773341896813, 49.612790358000808 ], [ 18.398531670160281, 49.613755165655249 ], [ 18.398385729826476, 49.614739015469638 ], [ 18.398336926380583, 49.615732432432438 ], [ 18.398385729826476, 49.616725849395237 ], [ 18.398531670160281, 49.617709699209627 ], [ 18.398773341896813, 49.618674506864068 ], [ 18.399108417605134, 49.619610980733434 ], [ 18.399533670322999, 49.620510102062433 ], [ 18.400045004634276, 49.621363211821148 ], [ 18.400637496110019, 49.622162094096261 ], [ 18.400933957821497, 49.622489189189196 ], [ 18.400637496110019, 49.622816284282123 ], [ 18.400045004634276, 49.623615166557236 ], [ 18.399533670322999, 49.624468276315952 ], [ 18.399108417605134, 49.625367397644951 ], [ 18.398773341896813, 49.626303871514317 ], [ 18.398531670160281, 49.627268679168758 ], [ 18.398385729826476, 49.628252528983147 ], [ 18.398336926380583, 49.629245945945947 ], [ 18.398385729826476, 49.630239362908746 ], [ 18.398531670160281, 49.631223212723135 ], [ 18.398773341896813, 49.632188020377576 ], [ 18.399108417605134, 49.633124494246943 ], [ 18.399533670322999, 49.634023615575941 ], [ 18.400045004634276, 49.634876725334657 ], [ 18.400637496110019, 49.63567560760977 ], [ 18.400933957821501, 49.636002702702704 ], [ 18.400637496110019, 49.636329797795639 ], [ 18.400045004634276, 49.637128680070752 ], [ 18.399533670322999, 49.637981789829468 ], [ 18.399108417605134, 49.638880911158466 ], [ 18.398773341896813, 49.639817385027833 ], [ 18.398531670160281, 49.640782192682273 ], [ 18.398385729826476, 49.641766042496663 ], [ 18.398336926380583, 49.642759459459462 ], [ 18.398385729826476, 49.643752876422262 ], [ 18.398531670160281, 49.644736726236651 ], [ 18.398773341896813, 49.645701533891092 ], [ 18.399108417605134, 49.646638007760458 ], [ 18.399533670322999, 49.647537129089457 ], [ 18.400045004634276, 49.648390238848172 ], [ 18.400637496110019, 49.649189121123285 ], [ 18.400933957821501, 49.64951621621622 ], [ 18.400637496110019, 49.649843311309155 ], [ 18.400045004634276, 49.650642193584268 ], [ 18.399533670322999, 49.651495303342983 ], [ 18.399108417605134, 49.652394424671982 ], [ 18.398773341896813, 49.653330898541348 ], [ 18.398531670160281, 49.654295706195789 ], [ 18.398385729826476, 49.655279556010179 ], [ 18.398336926380583, 49.656272972972978 ], [ 18.398385729826476, 49.657266389935778 ], [ 18.398531670160281, 49.658250239750167 ], [ 18.398773341896813, 49.659215047404608 ], [ 18.399108417605134, 49.660151521273974 ], [ 18.399533670322999, 49.661050642602973 ], [ 18.400045004634276, 49.661903752361688 ], [ 18.400637496110019, 49.662702634636801 ], [ 18.400933957821497, 49.663029729729729 ], [ 18.400637496110019, 49.663356824822664 ], [ 18.400045004634276, 49.664155707097777 ], [ 18.399533670322999, 49.665008816856492 ], [ 18.399108417605134, 49.665907938185491 ], [ 18.398773341896813, 49.666844412054857 ], [ 18.398531670160281, 49.667809219709298 ], [ 18.398385729826476, 49.668793069523687 ], [ 18.398336926380583, 49.669786486486487 ], [ 18.398385729826476, 49.670779903449287 ], [ 18.398531670160281, 49.671763753263676 ], [ 18.398773341896813, 49.672728560918117 ], [ 18.399108417605134, 49.673665034787483 ], [ 18.399533670322999, 49.674564156116482 ], [ 18.400045004634276, 49.675417265875197 ], [ 18.400637496110019, 49.67621614815031 ], [ 18.400933957821501, 49.676543243243245 ], [ 18.400637496110019, 49.67687033833618 ], [ 18.400045004634276, 49.677669220611293 ], [ 18.399533670322999, 49.678522330370008 ], [ 18.399108417605134, 49.679421451699007 ], [ 18.398773341896813, 49.680357925568373 ], [ 18.398531670160281, 49.681322733222814 ], [ 18.398385729826476, 49.682306583037203 ], [ 18.398336926380583, 49.6833 ], [ 18.398385729826476, 49.684293416962802 ], [ 18.398531670160281, 49.685277266777192 ], [ 18.398773341896813, 49.686242074431632 ], [ 18.399108417605134, 49.687178548300999 ], [ 18.399533670322999, 49.688077669629998 ], [ 18.400045004634276, 49.688930779388713 ], [ 18.400637496110019, 49.689729661663826 ], [ 18.400933957821501, 49.690056756756761 ], [ 18.400637496110019, 49.690383851849695 ], [ 18.400045004634276, 49.691182734124808 ], [ 18.399533670322999, 49.692035843883524 ], [ 18.399108417605134, 49.692934965212523 ], [ 18.398773341896813, 49.693871439081889 ], [ 18.398531670160281, 49.69483624673633 ], [ 18.398385729826476, 49.695820096550719 ], [ 18.398336926380583, 49.696813513513519 ], [ 18.398385729826476, 49.697806930476318 ], [ 18.398531670160281, 49.698790780290707 ], [ 18.398773341896813, 49.699755587945148 ], [ 18.399108417605134, 49.700692061814514 ], [ 18.399533670322999, 49.701591183143513 ], [ 18.400045004634276, 49.702444292902229 ], [ 18.400637496110019, 49.703243175177342 ], [ 18.400933957821497, 49.703570270270276 ], [ 18.400637496110019, 49.703897365363204 ], [ 18.400045004634276, 49.704696247638317 ], [ 18.399533670322999, 49.705549357397032 ], [ 18.399108417605134, 49.706448478726031 ], [ 18.398773341896813, 49.707384952595397 ], [ 18.398531670160281, 49.708349760249838 ], [ 18.398385729826476, 49.709333610064228 ], [ 18.398336926380583, 49.710327027027027 ], [ 18.398385729826476, 49.711320443989827 ], [ 18.398531670160281, 49.712304293804216 ], [ 18.398773341896813, 49.713269101458657 ], [ 18.399108417605134, 49.714205575328023 ], [ 18.399533670322999, 49.715104696657022 ], [ 18.400045004634276, 49.715957806415737 ], [ 18.400637496110019, 49.71675668869085 ], [ 18.400933957821501, 49.717083783783785 ], [ 18.400637496110019, 49.71741087887672 ], [ 18.400045004634276, 49.718209761151833 ], [ 18.399533670322999, 49.719062870910548 ], [ 18.399108417605134, 49.719961992239547 ], [ 18.398773341896813, 49.720898466108913 ], [ 18.398531670160281, 49.721863273763354 ], [ 18.398385729826476, 49.722847123577743 ], [ 18.398336926380583, 49.723840540540543 ], [ 18.398385729826476, 49.724833957503343 ], [ 18.398531670160281, 49.725817807317732 ], [ 18.398773341896813, 49.726782614972173 ], [ 18.399108417605134, 49.727719088841539 ], [ 18.399533670322999, 49.728618210170538 ], [ 18.400045004634276, 49.729471319929253 ], [ 18.400637496110019, 49.730270202204366 ], [ 18.400933957821501, 49.730597297297301 ], [ 18.400637496110019, 49.730924392390236 ], [ 18.400045004634276, 49.731723274665349 ], [ 18.399533670322999, 49.732576384424064 ], [ 18.399108417605134, 49.733475505753063 ], [ 18.398773341896813, 49.734411979622429 ], [ 18.398531670160281, 49.73537678727687 ], [ 18.398385729826476, 49.736360637091259 ], [ 18.398336926380583, 49.737354054054059 ], [ 18.398385729826476, 49.738347471016858 ], [ 18.398531670160281, 49.739331320831248 ], [ 18.398773341896813, 49.740296128485689 ], [ 18.399108417605134, 49.741232602355055 ], [ 18.399533670322999, 49.742131723684054 ], [ 18.400045004634276, 49.742984833442769 ], [ 18.400637496110019, 49.743783715717882 ], [ 18.400933957821497, 49.74411081081081 ], [ 18.400637496110019, 49.744437905903744 ], [ 18.400045004634276, 49.745236788178858 ], [ 18.399533670322999, 49.746089897937573 ], [ 18.399108417605134, 49.746989019266572 ], [ 18.398773341896813, 49.747925493135938 ], [ 18.398531670160281, 49.748890300790379 ], [ 18.398385729826476, 49.749874150604768 ], [ 18.398336926380583, 49.750867567567568 ], [ 18.398385729826476, 49.751860984530367 ], [ 18.398531670160281, 49.752844834344756 ], [ 18.398773341896813, 49.753809641999197 ], [ 18.399108417605134, 49.754746115868564 ], [ 18.399533670322999, 49.755645237197562 ], [ 18.400045004634276, 49.756498346956278 ], [ 18.400637496110019, 49.757297229231391 ], [ 18.400933957821501, 49.757624324324325 ], [ 18.400637496110019, 49.75795141941726 ], [ 18.400045004634276, 49.758750301692373 ], [ 18.399533670322999, 49.759603411451089 ], [ 18.399108417605134, 49.760502532780087 ], [ 18.398773341896813, 49.761439006649454 ], [ 18.398531670160281, 49.762403814303894 ], [ 18.398385729826476, 49.763387664118284 ], [ 18.398336926380583, 49.764381081081083 ], [ 18.398385729826476, 49.765374498043883 ], [ 18.398531670160281, 49.766358347858272 ], [ 18.398773341896813, 49.767323155512713 ], [ 18.399108417605134, 49.768259629382079 ], [ 18.399533670322999, 49.769158750711078 ], [ 18.400045004634276, 49.770011860469793 ], [ 18.400637496110019, 49.770810742744906 ], [ 18.400933957821501, 49.771137837837841 ], [ 18.400637496110019, 49.771464932930776 ], [ 18.400045004634276, 49.772263815205889 ], [ 18.399533670322999, 49.773116924964604 ], [ 18.399108417605134, 49.774016046293603 ], [ 18.398773341896813, 49.774952520162969 ], [ 18.398531670160281, 49.77591732781741 ], [ 18.398385729826476, 49.7769011776318 ], [ 18.398336926380583, 49.777894594594599 ], [ 18.398385729826476, 49.778888011557399 ], [ 18.398531670160281, 49.779871861371788 ], [ 18.398773341896813, 49.780836669026229 ], [ 18.399108417605134, 49.781773142895595 ], [ 18.399533670322999, 49.782672264224594 ], [ 18.400045004634276, 49.783525373983309 ], [ 18.400637496110019, 49.784324256258422 ], [ 18.401305438733424, 49.785061217376892 ], [ 18.402042399851901, 49.785729160000301 ], [ 18.402841282127007, 49.786321651476044 ], [ 18.403694391885725, 49.786832985787321 ], [ 18.404593513214724, 49.787258238505189 ], [ 18.405529987084087, 49.78759331421351 ], [ 18.406494794738531, 49.787834985950035 ], [ 18.407478644552921, 49.787980926283844 ], [ 18.40847206151572, 49.788029729729736 ], [ 18.40946547847852, 49.787980926283844 ], [ 18.410449328292909, 49.787834985950035 ], [ 18.411414135947354, 49.78759331421351 ], [ 18.412350609816716, 49.787258238505189 ], [ 18.413249731145715, 49.786832985787321 ], [ 18.414102840904434, 49.786321651476044 ], [ 18.41490172317954, 49.785729160000301 ], [ 18.415638684298017, 49.785061217376892 ], [ 18.416306626921422, 49.784324256258422 ], [ 18.416899118397165, 49.783525373983309 ], [ 18.417410452708442, 49.782672264224594 ], [ 18.417835705426306, 49.781773142895595 ], [ 18.418170781134627, 49.780836669026229 ], [ 18.418412452871159, 49.779871861371788 ], [ 18.418558393204965, 49.778888011557399 ], [ 18.418607196650857, 49.777894594594599 ], [ 18.418558393204965, 49.7769011776318 ], [ 18.418412452871159, 49.77591732781741 ], [ 18.418170781134627, 49.774952520162969 ], [ 18.417835705426306, 49.774016046293603 ], [ 18.417410452708442, 49.773116924964604 ], [ 18.416899118397165, 49.772263815205889 ], [ 18.416306626921422, 49.771464932930776 ], [ 18.41601016520994, 49.771137837837841 ], [ 18.416306626921422, 49.770810742744906 ], [ 18.416899118397165, 49.770011860469793 ], [ 18.417410452708442, 49.769158750711078 ], [ 18.417835705426306, 49.768259629382079 ], [ 18.418170781134627, 49.767323155512713 ], [ 18.418412452871159, 49.766358347858272 ], [ 18.418558393204965, 49.765374498043883 ], [ 18.418607196650857, 49.764381081081083 ], [ 18.418558393204965, 49.763387664118284 ], [ 18.418412452871159, 49.762403814303894 ], [ 18.418170781134627, 49.761439006649454 ], [ 18.417835705426306, 49.760502532780087 ], [ 18.417410452708442, 49.759603411451089 ], [ 18.416899118397165, 49.758750301692373 ], [ 18.416306626921422, 49.75795141941726 ], [ 18.41601016520994, 49.757624324324325 ], [ 18.416306626921422, 49.757297229231391 ], [ 18.416899118397165, 49.756498346956278 ], [ 18.417410452708442, 49.755645237197562 ], [ 18.417835705426306, 49.754746115868564 ], [ 18.418170781134627, 49.753809641999197 ], [ 18.418412452871159, 49.752844834344756 ], [ 18.418558393204965, 49.751860984530367 ], [ 18.418607196650857, 49.750867567567568 ], [ 18.418558393204965, 49.749874150604768 ], [ 18.418412452871159, 49.748890300790379 ], [ 18.418170781134627, 49.747925493135938 ], [ 18.417835705426306, 49.746989019266572 ], [ 18.417410452708442, 49.746089897937573 ], [ 18.416899118397165, 49.745236788178858 ], [ 18.416306626921422, 49.744437905903744 ], [ 18.416010165209943, 49.74411081081081 ], [ 18.416306626921422, 49.743783715717882 ], [ 18.416899118397165, 49.742984833442769 ], [ 18.417410452708442, 49.742131723684054 ], [ 18.417835705426306, 49.741232602355055 ], [ 18.418170781134627, 49.740296128485689 ], [ 18.418412452871159, 49.739331320831248 ], [ 18.418558393204965, 49.738347471016858 ], [ 18.418607196650857, 49.737354054054059 ], [ 18.418558393204965, 49.736360637091259 ], [ 18.418412452871159, 49.73537678727687 ], [ 18.418170781134627, 49.734411979622429 ], [ 18.417835705426306, 49.733475505753063 ], [ 18.417410452708442, 49.732576384424064 ], [ 18.416899118397165, 49.731723274665349 ], [ 18.416306626921422, 49.730924392390236 ], [ 18.41601016520994, 49.730597297297301 ], [ 18.416306626921422, 49.730270202204366 ], [ 18.416899118397165, 49.729471319929253 ], [ 18.417410452708442, 49.728618210170538 ], [ 18.417835705426306, 49.727719088841539 ], [ 18.418170781134627, 49.726782614972173 ], [ 18.418412452871159, 49.725817807317732 ], [ 18.418558393204965, 49.724833957503343 ], [ 18.418607196650857, 49.723840540540543 ], [ 18.418558393204965, 49.722847123577743 ], [ 18.418412452871159, 49.721863273763354 ], [ 18.418170781134627, 49.720898466108913 ], [ 18.417835705426306, 49.719961992239547 ], [ 18.417410452708442, 49.719062870910548 ], [ 18.416899118397165, 49.718209761151833 ], [ 18.416306626921422, 49.71741087887672 ], [ 18.41601016520994, 49.717083783783785 ], [ 18.416306626921422, 49.71675668869085 ], [ 18.416899118397165, 49.715957806415737 ], [ 18.417410452708442, 49.715104696657022 ], [ 18.417835705426306, 49.714205575328023 ], [ 18.418170781134627, 49.713269101458657 ], [ 18.418412452871159, 49.712304293804216 ], [ 18.418558393204965, 49.711320443989827 ], [ 18.418607196650857, 49.710327027027027 ], [ 18.418558393204965, 49.709333610064228 ], [ 18.418412452871159, 49.708349760249838 ], [ 18.418170781134627, 49.707384952595397 ], [ 18.417835705426306, 49.706448478726031 ], [ 18.417410452708442, 49.705549357397032 ], [ 18.416899118397165, 49.704696247638317 ], [ 18.416306626921422, 49.703897365363204 ], [ 18.416010165209943, 49.703570270270276 ], [ 18.416306626921422, 49.703243175177342 ], [ 18.416899118397165, 49.702444292902229 ], [ 18.417410452708442, 49.701591183143513 ], [ 18.417835705426306, 49.700692061814514 ], [ 18.418170781134627, 49.699755587945148 ], [ 18.418412452871159, 49.698790780290707 ], [ 18.418558393204965, 49.697806930476318 ], [ 18.418607196650857, 49.696813513513519 ], [ 18.418558393204965, 49.695820096550719 ], [ 18.418412452871159, 49.69483624673633 ], [ 18.418170781134627, 49.693871439081889 ], [ 18.417835705426306, 49.692934965212523 ], [ 18.417410452708442, 49.692035843883524 ], [ 18.416899118397165, 49.691182734124808 ], [ 18.416306626921422, 49.690383851849695 ], [ 18.41601016520994, 49.690056756756761 ], [ 18.416306626921422, 49.689729661663826 ], [ 18.416899118397165, 49.688930779388713 ], [ 18.417410452708442, 49.688077669629998 ], [ 18.417835705426306, 49.687178548300999 ], [ 18.418170781134627, 49.686242074431632 ], [ 18.418412452871159, 49.685277266777192 ], [ 18.418558393204965, 49.684293416962802 ], [ 18.418607196650857, 49.6833 ], [ 18.418558393204965, 49.682306583037203 ], [ 18.418412452871159, 49.681322733222814 ], [ 18.418170781134627, 49.680357925568373 ], [ 18.417835705426306, 49.679421451699007 ], [ 18.417410452708442, 49.678522330370008 ], [ 18.416899118397165, 49.677669220611293 ], [ 18.416306626921422, 49.67687033833618 ], [ 18.41601016520994, 49.676543243243245 ], [ 18.416306626921422, 49.67621614815031 ], [ 18.416899118397165, 49.675417265875197 ], [ 18.417410452708442, 49.674564156116482 ], [ 18.417835705426306, 49.673665034787483 ], [ 18.418170781134627, 49.672728560918117 ], [ 18.418412452871159, 49.671763753263676 ], [ 18.418558393204965, 49.670779903449287 ], [ 18.418607196650857, 49.669786486486487 ], [ 18.418558393204965, 49.668793069523687 ], [ 18.418412452871159, 49.667809219709298 ], [ 18.418170781134627, 49.666844412054857 ], [ 18.417835705426306, 49.665907938185491 ], [ 18.417410452708442, 49.665008816856492 ], [ 18.416899118397165, 49.664155707097777 ], [ 18.416306626921422, 49.663356824822664 ], [ 18.416010165209943, 49.663029729729729 ], [ 18.416306626921422, 49.662702634636801 ], [ 18.416899118397165, 49.661903752361688 ], [ 18.417410452708442, 49.661050642602973 ], [ 18.417835705426306, 49.660151521273974 ], [ 18.418170781134627, 49.659215047404608 ], [ 18.418412452871159, 49.658250239750167 ], [ 18.418558393204965, 49.657266389935778 ], [ 18.418607196650857, 49.656272972972978 ], [ 18.418558393204965, 49.655279556010179 ], [ 18.418412452871159, 49.654295706195789 ], [ 18.418170781134627, 49.653330898541348 ], [ 18.417835705426306, 49.652394424671982 ], [ 18.417410452708442, 49.651495303342983 ], [ 18.416899118397165, 49.650642193584268 ], [ 18.416306626921422, 49.649843311309155 ], [ 18.41601016520994, 49.64951621621622 ], [ 18.416306626921422, 49.649189121123285 ], [ 18.416899118397165, 49.648390238848172 ], [ 18.417410452708442, 49.647537129089457 ], [ 18.417835705426306, 49.646638007760458 ], [ 18.418170781134627, 49.645701533891092 ], [ 18.418412452871159, 49.644736726236651 ], [ 18.418558393204965, 49.643752876422262 ], [ 18.418607196650857, 49.642759459459462 ], [ 18.418558393204965, 49.641766042496663 ], [ 18.418412452871159, 49.640782192682273 ], [ 18.418170781134627, 49.639817385027833 ], [ 18.417835705426306, 49.638880911158466 ], [ 18.417410452708442, 49.637981789829468 ], [ 18.416899118397165, 49.637128680070752 ], [ 18.416306626921422, 49.636329797795639 ], [ 18.41601016520994, 49.636002702702704 ], [ 18.416306626921422, 49.63567560760977 ], [ 18.416899118397165, 49.634876725334657 ], [ 18.417410452708442, 49.634023615575941 ], [ 18.417835705426306, 49.633124494246943 ], [ 18.418170781134627, 49.632188020377576 ], [ 18.418412452871159, 49.631223212723135 ], [ 18.418558393204965, 49.630239362908746 ], [ 18.418607196650857, 49.629245945945947 ], [ 18.418558393204965, 49.628252528983147 ], [ 18.418412452871159, 49.627268679168758 ], [ 18.418170781134627, 49.626303871514317 ], [ 18.417835705426306, 49.625367397644951 ], [ 18.417410452708442, 49.624468276315952 ], [ 18.416899118397165, 49.623615166557236 ], [ 18.416306626921422, 49.622816284282123 ], [ 18.416010165209943, 49.622489189189196 ], [ 18.416306626921422, 49.622162094096261 ], [ 18.416899118397165, 49.621363211821148 ], [ 18.417410452708442, 49.620510102062433 ], [ 18.417835705426306, 49.619610980733434 ], [ 18.418170781134627, 49.618674506864068 ], [ 18.418412452871159, 49.617709699209627 ], [ 18.418558393204965, 49.616725849395237 ], [ 18.418607196650857, 49.615732432432438 ], [ 18.418558393204965, 49.614739015469638 ], [ 18.418412452871159, 49.613755165655249 ], [ 18.418170781134627, 49.612790358000808 ], [ 18.417835705426306, 49.611853884131442 ], [ 18.417410452708442, 49.610954762802443 ], [ 18.416899118397165, 49.610101653043728 ], [ 18.416306626921422, 49.609302770768615 ], [ 18.41601016520994, 49.60897567567568 ], [ 18.416306626921422, 49.608648580582745 ], [ 18.416899118397165, 49.607849698307632 ], [ 18.417410452708442, 49.606996588548917 ], [ 18.417835705426306, 49.606097467219918 ], [ 18.418170781134627, 49.605160993350552 ], [ 18.418412452871159, 49.604196185696111 ], [ 18.418558393204965, 49.603212335881722 ], [ 18.418607196650857, 49.602218918918922 ], [ 18.418558393204965, 49.601225501956122 ], [ 18.418412452871159, 49.600241652141733 ], [ 18.418170781134627, 49.599276844487292 ], [ 18.417835705426306, 49.598340370617926 ], [ 18.417410452708442, 49.597441249288927 ], [ 18.416899118397165, 49.596588139530212 ], [ 18.416306626921422, 49.595789257255099 ], [ 18.41601016520994, 49.595462162162164 ], [ 18.416306626921422, 49.595135067069229 ], [ 18.416899118397165, 49.594336184794116 ], [ 18.417410452708442, 49.593483075035401 ], [ 18.417835705426306, 49.592583953706402 ], [ 18.418170781134627, 49.591647479837036 ], [ 18.418412452871159, 49.590682672182595 ], [ 18.418558393204965, 49.589698822368206 ], [ 18.418607196650857, 49.588705405405406 ], [ 18.418558393204965, 49.587711988442607 ], [ 18.418412452871159, 49.586728138628217 ], [ 18.418170781134627, 49.585763330973776 ], [ 18.417835705426306, 49.58482685710441 ], [ 18.417410452708442, 49.583927735775411 ], [ 18.416899118397165, 49.583074626016696 ], [ 18.416306626921422, 49.582275743741583 ] ] ], [ [ [ 18.395420596163564, 49.582275743741583 ], [ 18.394752653540159, 49.581538782623113 ], [ 18.394015692421682, 49.580870839999704 ], [ 18.393216810146576, 49.580278348523962 ], [ 18.392363700387858, 49.579767014212685 ], [ 18.391464579058859, 49.579341761494817 ], [ 18.390528105189496, 49.579006685786496 ], [ 18.389563297535052, 49.578765014049971 ], [ 18.388579447720662, 49.578619073716162 ], [ 18.387586030757863, 49.578570270270269 ], [ 18.386592613795063, 49.578619073716162 ], [ 18.385608763980674, 49.578765014049971 ], [ 18.384643956326229, 49.579006685786496 ], [ 18.383707482456867, 49.579341761494817 ], [ 18.382808361127868, 49.579767014212685 ], [ 18.381955251369149, 49.580278348523962 ], [ 18.381156369094043, 49.580870839999704 ], [ 18.380419407975566, 49.581538782623113 ], [ 18.379751465352161, 49.582275743741583 ], [ 18.379158973876418, 49.583074626016696 ], [ 18.378647639565141, 49.583927735775411 ], [ 18.378222386847277, 49.58482685710441 ], [ 18.377887311138956, 49.585763330973776 ], [ 18.377645639402424, 49.586728138628217 ], [ 18.377499699068618, 49.587711988442607 ], [ 18.377450895622726, 49.588705405405406 ], [ 18.377499699068618, 49.589698822368206 ], [ 18.377645639402424, 49.590682672182595 ], [ 18.377887311138956, 49.591647479837036 ], [ 18.378222386847277, 49.592583953706402 ], [ 18.378647639565141, 49.593483075035401 ], [ 18.379158973876418, 49.594336184794116 ], [ 18.379751465352161, 49.595135067069229 ], [ 18.380047927063643, 49.595462162162164 ], [ 18.379751465352161, 49.595789257255099 ], [ 18.379158973876418, 49.596588139530212 ], [ 18.378647639565141, 49.597441249288927 ], [ 18.378222386847277, 49.598340370617926 ], [ 18.377887311138956, 49.599276844487292 ], [ 18.377645639402424, 49.600241652141733 ], [ 18.377499699068618, 49.601225501956122 ], [ 18.377450895622726, 49.602218918918922 ], [ 18.377499699068618, 49.603212335881722 ], [ 18.377645639402424, 49.604196185696111 ], [ 18.377887311138956, 49.605160993350552 ], [ 18.378222386847277, 49.606097467219918 ], [ 18.378647639565141, 49.606996588548917 ], [ 18.379158973876418, 49.607849698307632 ], [ 18.379751465352161, 49.608648580582745 ], [ 18.380047927063643, 49.60897567567568 ], [ 18.379751465352161, 49.609302770768615 ], [ 18.379158973876418, 49.610101653043728 ], [ 18.378647639565141, 49.610954762802443 ], [ 18.378222386847277, 49.611853884131442 ], [ 18.377887311138956, 49.612790358000808 ], [ 18.377645639402424, 49.613755165655249 ], [ 18.377499699068618, 49.614739015469638 ], [ 18.377450895622726, 49.615732432432438 ], [ 18.377499699068618, 49.616725849395237 ], [ 18.377645639402424, 49.617709699209627 ], [ 18.377887311138956, 49.618674506864068 ], [ 18.378222386847277, 49.619610980733434 ], [ 18.378647639565141, 49.620510102062433 ], [ 18.379158973876418, 49.621363211821148 ], [ 18.379751465352161, 49.622162094096261 ], [ 18.380047927063639, 49.622489189189196 ], [ 18.379751465352161, 49.622816284282123 ], [ 18.379158973876418, 49.623615166557236 ], [ 18.378647639565141, 49.624468276315952 ], [ 18.378222386847277, 49.625367397644951 ], [ 18.377887311138956, 49.626303871514317 ], [ 18.377645639402424, 49.627268679168758 ], [ 18.377499699068618, 49.628252528983147 ], [ 18.377450895622726, 49.629245945945947 ], [ 18.377499699068618, 49.630239362908746 ], [ 18.377645639402424, 49.631223212723135 ], [ 18.377887311138956, 49.632188020377576 ], [ 18.378222386847277, 49.633124494246943 ], [ 18.378647639565141, 49.634023615575941 ], [ 18.379158973876418, 49.634876725334657 ], [ 18.379751465352161, 49.63567560760977 ], [ 18.380047927063643, 49.636002702702704 ], [ 18.379751465352161, 49.636329797795639 ], [ 18.379158973876418, 49.637128680070752 ], [ 18.378647639565141, 49.637981789829468 ], [ 18.378222386847277, 49.638880911158466 ], [ 18.377887311138956, 49.639817385027833 ], [ 18.377645639402424, 49.640782192682273 ], [ 18.377499699068618, 49.641766042496663 ], [ 18.377450895622726, 49.642759459459462 ], [ 18.377499699068618, 49.643752876422262 ], [ 18.377645639402424, 49.644736726236651 ], [ 18.377887311138956, 49.645701533891092 ], [ 18.378222386847277, 49.646638007760458 ], [ 18.378647639565141, 49.647537129089457 ], [ 18.379158973876418, 49.648390238848172 ], [ 18.379751465352161, 49.649189121123285 ], [ 18.380047927063643, 49.64951621621622 ], [ 18.379751465352161, 49.649843311309155 ], [ 18.379158973876418, 49.650642193584268 ], [ 18.378647639565141, 49.651495303342983 ], [ 18.378222386847277, 49.652394424671982 ], [ 18.377887311138956, 49.653330898541348 ], [ 18.377645639402424, 49.654295706195789 ], [ 18.377499699068618, 49.655279556010179 ], [ 18.377450895622726, 49.656272972972978 ], [ 18.377499699068618, 49.657266389935778 ], [ 18.377645639402424, 49.658250239750167 ], [ 18.377887311138956, 49.659215047404608 ], [ 18.378222386847277, 49.660151521273974 ], [ 18.378647639565141, 49.661050642602973 ], [ 18.379158973876418, 49.661903752361688 ], [ 18.379751465352161, 49.662702634636801 ], [ 18.380047927063639, 49.663029729729729 ], [ 18.379751465352161, 49.663356824822664 ], [ 18.379158973876418, 49.664155707097777 ], [ 18.378647639565141, 49.665008816856492 ], [ 18.378222386847277, 49.665907938185491 ], [ 18.377887311138956, 49.666844412054857 ], [ 18.377645639402424, 49.667809219709298 ], [ 18.377499699068618, 49.668793069523687 ], [ 18.377450895622726, 49.669786486486487 ], [ 18.377499699068618, 49.670779903449287 ], [ 18.377645639402424, 49.671763753263676 ], [ 18.377887311138956, 49.672728560918117 ], [ 18.378222386847277, 49.673665034787483 ], [ 18.378647639565141, 49.674564156116482 ], [ 18.379158973876418, 49.675417265875197 ], [ 18.379751465352161, 49.67621614815031 ], [ 18.380047927063643, 49.676543243243245 ], [ 18.379751465352161, 49.67687033833618 ], [ 18.379158973876418, 49.677669220611293 ], [ 18.378647639565141, 49.678522330370008 ], [ 18.378222386847277, 49.679421451699007 ], [ 18.377887311138956, 49.680357925568373 ], [ 18.377645639402424, 49.681322733222814 ], [ 18.377499699068618, 49.682306583037203 ], [ 18.377450895622726, 49.6833 ], [ 18.377499699068618, 49.684293416962802 ], [ 18.377645639402424, 49.685277266777192 ], [ 18.377887311138956, 49.686242074431632 ], [ 18.378222386847277, 49.687178548300999 ], [ 18.378647639565141, 49.688077669629998 ], [ 18.379158973876418, 49.688930779388713 ], [ 18.379751465352161, 49.689729661663826 ], [ 18.380047927063643, 49.690056756756761 ], [ 18.379751465352161, 49.690383851849695 ], [ 18.379158973876418, 49.691182734124808 ], [ 18.378647639565141, 49.692035843883524 ], [ 18.378222386847277, 49.692934965212523 ], [ 18.377887311138956, 49.693871439081889 ], [ 18.377645639402424, 49.69483624673633 ], [ 18.377499699068618, 49.695820096550719 ], [ 18.377450895622726, 49.696813513513519 ], [ 18.377499699068618, 49.697806930476318 ], [ 18.377645639402424, 49.698790780290707 ], [ 18.377887311138956, 49.699755587945148 ], [ 18.378222386847277, 49.700692061814514 ], [ 18.378647639565141, 49.701591183143513 ], [ 18.379158973876418, 49.702444292902229 ], [ 18.379751465352161, 49.703243175177342 ], [ 18.380047927063639, 49.703570270270276 ], [ 18.379751465352161, 49.703897365363204 ], [ 18.379158973876418, 49.704696247638317 ], [ 18.378647639565141, 49.705549357397032 ], [ 18.378222386847277, 49.706448478726031 ], [ 18.377887311138956, 49.707384952595397 ], [ 18.377645639402424, 49.708349760249838 ], [ 18.377499699068618, 49.709333610064228 ], [ 18.377450895622726, 49.710327027027027 ], [ 18.377499699068618, 49.711320443989827 ], [ 18.377645639402424, 49.712304293804216 ], [ 18.377887311138956, 49.713269101458657 ], [ 18.378222386847277, 49.714205575328023 ], [ 18.378647639565141, 49.715104696657022 ], [ 18.379158973876418, 49.715957806415737 ], [ 18.379751465352161, 49.71675668869085 ], [ 18.380047927063643, 49.717083783783785 ], [ 18.379751465352161, 49.71741087887672 ], [ 18.379158973876418, 49.718209761151833 ], [ 18.378647639565141, 49.719062870910548 ], [ 18.378222386847277, 49.719961992239547 ], [ 18.377887311138956, 49.720898466108913 ], [ 18.377645639402424, 49.721863273763354 ], [ 18.377499699068618, 49.722847123577743 ], [ 18.377450895622726, 49.723840540540543 ], [ 18.377499699068618, 49.724833957503343 ], [ 18.377645639402424, 49.725817807317732 ], [ 18.377887311138956, 49.726782614972173 ], [ 18.378222386847277, 49.727719088841539 ], [ 18.378647639565141, 49.728618210170538 ], [ 18.379158973876418, 49.729471319929253 ], [ 18.379751465352161, 49.730270202204366 ], [ 18.380047927063643, 49.730597297297301 ], [ 18.379751465352161, 49.730924392390236 ], [ 18.379158973876418, 49.731723274665349 ], [ 18.378647639565141, 49.732576384424064 ], [ 18.378222386847277, 49.733475505753063 ], [ 18.377887311138956, 49.734411979622429 ], [ 18.377645639402424, 49.73537678727687 ], [ 18.377499699068618, 49.736360637091259 ], [ 18.377450895622726, 49.737354054054059 ], [ 18.377499699068618, 49.738347471016858 ], [ 18.377645639402424, 49.739331320831248 ], [ 18.377887311138956, 49.740296128485689 ], [ 18.378222386847277, 49.741232602355055 ], [ 18.378647639565141, 49.742131723684054 ], [ 18.379158973876418, 49.742984833442769 ], [ 18.379751465352161, 49.743783715717882 ], [ 18.380047927063639, 49.74411081081081 ], [ 18.379751465352161, 49.744437905903744 ], [ 18.379158973876418, 49.745236788178858 ], [ 18.378647639565141, 49.746089897937573 ], [ 18.378222386847277, 49.746989019266572 ], [ 18.377887311138956, 49.747925493135938 ], [ 18.377645639402424, 49.748890300790379 ], [ 18.377499699068618, 49.749874150604768 ], [ 18.377450895622726, 49.750867567567568 ], [ 18.377499699068618, 49.751860984530367 ], [ 18.377645639402424, 49.752844834344756 ], [ 18.377887311138956, 49.753809641999197 ], [ 18.378222386847277, 49.754746115868564 ], [ 18.378647639565141, 49.755645237197562 ], [ 18.379158973876418, 49.756498346956278 ], [ 18.379751465352161, 49.757297229231391 ], [ 18.380047927063643, 49.757624324324325 ], [ 18.379751465352161, 49.75795141941726 ], [ 18.379158973876418, 49.758750301692373 ], [ 18.378647639565141, 49.759603411451089 ], [ 18.378222386847277, 49.760502532780087 ], [ 18.377887311138956, 49.761439006649454 ], [ 18.377645639402424, 49.762403814303894 ], [ 18.377499699068618, 49.763387664118284 ], [ 18.377450895622726, 49.764381081081083 ], [ 18.377499699068618, 49.765374498043883 ], [ 18.377645639402424, 49.766358347858272 ], [ 18.377887311138956, 49.767323155512713 ], [ 18.378222386847277, 49.768259629382079 ], [ 18.378647639565141, 49.769158750711078 ], [ 18.379158973876418, 49.770011860469793 ], [ 18.379751465352161, 49.770810742744906 ], [ 18.380047927063643, 49.771137837837841 ], [ 18.379751465352161, 49.771464932930776 ], [ 18.379158973876418, 49.772263815205889 ], [ 18.378647639565141, 49.773116924964604 ], [ 18.378222386847277, 49.774016046293603 ], [ 18.377887311138956, 49.774952520162969 ], [ 18.377645639402424, 49.77591732781741 ], [ 18.377499699068618, 49.7769011776318 ], [ 18.377450895622726, 49.777894594594599 ], [ 18.377499699068618, 49.778888011557399 ], [ 18.377645639402424, 49.779871861371788 ], [ 18.377887311138956, 49.780836669026229 ], [ 18.378222386847277, 49.781773142895595 ], [ 18.378647639565141, 49.782672264224594 ], [ 18.379158973876418, 49.783525373983309 ], [ 18.379751465352161, 49.784324256258422 ], [ 18.380047927063639, 49.784651351351357 ], [ 18.379751465352161, 49.784978446444285 ], [ 18.379158973876418, 49.785777328719398 ], [ 18.378647639565141, 49.786630438478113 ], [ 18.378222386847277, 49.787529559807112 ], [ 18.377887311138956, 49.788466033676478 ], [ 18.377645639402424, 49.789430841330919 ], [ 18.377499699068618, 49.790414691145308 ], [ 18.377450895622726, 49.791408108108108 ], [ 18.377499699068618, 49.792401525070908 ], [ 18.377645639402424, 49.793385374885297 ], [ 18.377887311138956, 49.794350182539738 ], [ 18.378222386847277, 49.795286656409104 ], [ 18.378647639565141, 49.796185777738103 ], [ 18.379158973876418, 49.797038887496818 ], [ 18.379751465352161, 49.797837769771931 ], [ 18.380419407975566, 49.798574730890401 ], [ 18.381156369094043, 49.79924267351381 ], [ 18.381955251369149, 49.799835164989553 ], [ 18.382808361127868, 49.800346499300829 ], [ 18.383707482456867, 49.800771752018697 ], [ 18.384643956326229, 49.801106827727018 ], [ 18.385608763980674, 49.801348499463543 ], [ 18.386592613795063, 49.801494439797352 ], [ 18.387586030757863, 49.801543243243245 ], [ 18.388579447720662, 49.801494439797352 ], [ 18.389563297535052, 49.801348499463543 ], [ 18.390528105189496, 49.801106827727018 ], [ 18.391464579058859, 49.800771752018697 ], [ 18.392363700387858, 49.800346499300829 ], [ 18.393216810146576, 49.799835164989553 ], [ 18.394015692421682, 49.79924267351381 ], [ 18.394752653540159, 49.798574730890401 ], [ 18.395420596163564, 49.797837769771931 ], [ 18.396013087639307, 49.797038887496818 ], [ 18.396524421950584, 49.796185777738103 ], [ 18.396949674668448, 49.795286656409104 ], [ 18.39728475037677, 49.794350182539738 ], [ 18.397526422113302, 49.793385374885297 ], [ 18.397672362447107, 49.792401525070908 ], [ 18.397721165893, 49.791408108108108 ], [ 18.397672362447107, 49.790414691145308 ], [ 18.397526422113302, 49.789430841330919 ], [ 18.39728475037677, 49.788466033676478 ], [ 18.396949674668448, 49.787529559807112 ], [ 18.396524421950584, 49.786630438478113 ], [ 18.396013087639307, 49.785777328719398 ], [ 18.395420596163564, 49.784978446444285 ], [ 18.395124134452086, 49.784651351351357 ], [ 18.395420596163564, 49.784324256258422 ], [ 18.396013087639307, 49.783525373983309 ], [ 18.396524421950584, 49.782672264224594 ], [ 18.396949674668448, 49.781773142895595 ], [ 18.39728475037677, 49.780836669026229 ], [ 18.397526422113302, 49.779871861371788 ], [ 18.397672362447107, 49.778888011557399 ], [ 18.397721165893, 49.777894594594599 ], [ 18.397672362447107, 49.7769011776318 ], [ 18.397526422113302, 49.77591732781741 ], [ 18.39728475037677, 49.774952520162969 ], [ 18.396949674668448, 49.774016046293603 ], [ 18.396524421950584, 49.773116924964604 ], [ 18.396013087639307, 49.772263815205889 ], [ 18.395420596163564, 49.771464932930776 ], [ 18.395124134452082, 49.771137837837841 ], [ 18.395420596163564, 49.770810742744906 ], [ 18.396013087639307, 49.770011860469793 ], [ 18.396524421950584, 49.769158750711078 ], [ 18.396949674668448, 49.768259629382079 ], [ 18.39728475037677, 49.767323155512713 ], [ 18.397526422113302, 49.766358347858272 ], [ 18.397672362447107, 49.765374498043883 ], [ 18.397721165893, 49.764381081081083 ], [ 18.397672362447107, 49.763387664118284 ], [ 18.397526422113302, 49.762403814303894 ], [ 18.39728475037677, 49.761439006649454 ], [ 18.396949674668448, 49.760502532780087 ], [ 18.396524421950584, 49.759603411451089 ], [ 18.396013087639307, 49.758750301692373 ], [ 18.395420596163564, 49.75795141941726 ], [ 18.395124134452082, 49.757624324324325 ], [ 18.395420596163564, 49.757297229231391 ], [ 18.396013087639307, 49.756498346956278 ], [ 18.396524421950584, 49.755645237197562 ], [ 18.396949674668448, 49.754746115868564 ], [ 18.39728475037677, 49.753809641999197 ], [ 18.397526422113302, 49.752844834344756 ], [ 18.397672362447107, 49.751860984530367 ], [ 18.397721165893, 49.750867567567568 ], [ 18.397672362447107, 49.749874150604768 ], [ 18.397526422113302, 49.748890300790379 ], [ 18.39728475037677, 49.747925493135938 ], [ 18.396949674668448, 49.746989019266572 ], [ 18.396524421950584, 49.746089897937573 ], [ 18.396013087639307, 49.745236788178858 ], [ 18.395420596163564, 49.744437905903744 ], [ 18.395124134452086, 49.74411081081081 ], [ 18.395420596163564, 49.743783715717882 ], [ 18.396013087639307, 49.742984833442769 ], [ 18.396524421950584, 49.742131723684054 ], [ 18.396949674668448, 49.741232602355055 ], [ 18.39728475037677, 49.740296128485689 ], [ 18.397526422113302, 49.739331320831248 ], [ 18.397672362447107, 49.738347471016858 ], [ 18.397721165893, 49.737354054054059 ], [ 18.397672362447107, 49.736360637091259 ], [ 18.397526422113302, 49.73537678727687 ], [ 18.39728475037677, 49.734411979622429 ], [ 18.396949674668448, 49.733475505753063 ], [ 18.396524421950584, 49.732576384424064 ], [ 18.396013087639307, 49.731723274665349 ], [ 18.395420596163564, 49.730924392390236 ], [ 18.395124134452082, 49.730597297297301 ], [ 18.395420596163564, 49.730270202204366 ], [ 18.396013087639307, 49.729471319929253 ], [ 18.396524421950584, 49.728618210170538 ], [ 18.396949674668448, 49.727719088841539 ], [ 18.39728475037677, 49.726782614972173 ], [ 18.397526422113302, 49.725817807317732 ], [ 18.397672362447107, 49.724833957503343 ], [ 18.397721165893, 49.723840540540543 ], [ 18.397672362447107, 49.722847123577743 ], [ 18.397526422113302, 49.721863273763354 ], [ 18.39728475037677, 49.720898466108913 ], [ 18.396949674668448, 49.719961992239547 ], [ 18.396524421950584, 49.719062870910548 ], [ 18.396013087639307, 49.718209761151833 ], [ 18.395420596163564, 49.71741087887672 ], [ 18.395124134452082, 49.717083783783785 ], [ 18.395420596163564, 49.71675668869085 ], [ 18.396013087639307, 49.715957806415737 ], [ 18.396524421950584, 49.715104696657022 ], [ 18.396949674668448, 49.714205575328023 ], [ 18.39728475037677, 49.713269101458657 ], [ 18.397526422113302, 49.712304293804216 ], [ 18.397672362447107, 49.711320443989827 ], [ 18.397721165893, 49.710327027027027 ], [ 18.397672362447107, 49.709333610064228 ], [ 18.397526422113302, 49.708349760249838 ], [ 18.39728475037677, 49.707384952595397 ], [ 18.396949674668448, 49.706448478726031 ], [ 18.396524421950584, 49.705549357397032 ], [ 18.396013087639307, 49.704696247638317 ], [ 18.395420596163564, 49.703897365363204 ], [ 18.395124134452086, 49.703570270270276 ], [ 18.395420596163564, 49.703243175177342 ], [ 18.396013087639307, 49.702444292902229 ], [ 18.396524421950584, 49.701591183143513 ], [ 18.396949674668448, 49.700692061814514 ], [ 18.39728475037677, 49.699755587945148 ], [ 18.397526422113302, 49.698790780290707 ], [ 18.397672362447107, 49.697806930476318 ], [ 18.397721165893, 49.696813513513519 ], [ 18.397672362447107, 49.695820096550719 ], [ 18.397526422113302, 49.69483624673633 ], [ 18.39728475037677, 49.693871439081889 ], [ 18.396949674668448, 49.692934965212523 ], [ 18.396524421950584, 49.692035843883524 ], [ 18.396013087639307, 49.691182734124808 ], [ 18.395420596163564, 49.690383851849695 ], [ 18.395124134452082, 49.690056756756761 ], [ 18.395420596163564, 49.689729661663826 ], [ 18.396013087639307, 49.688930779388713 ], [ 18.396524421950584, 49.688077669629998 ], [ 18.396949674668448, 49.687178548300999 ], [ 18.39728475037677, 49.686242074431632 ], [ 18.397526422113302, 49.685277266777192 ], [ 18.397672362447107, 49.684293416962802 ], [ 18.397721165893, 49.6833 ], [ 18.397672362447107, 49.682306583037203 ], [ 18.397526422113302, 49.681322733222814 ], [ 18.39728475037677, 49.680357925568373 ], [ 18.396949674668448, 49.679421451699007 ], [ 18.396524421950584, 49.678522330370008 ], [ 18.396013087639307, 49.677669220611293 ], [ 18.395420596163564, 49.67687033833618 ], [ 18.395124134452082, 49.676543243243245 ], [ 18.395420596163564, 49.67621614815031 ], [ 18.396013087639307, 49.675417265875197 ], [ 18.396524421950584, 49.674564156116482 ], [ 18.396949674668448, 49.673665034787483 ], [ 18.39728475037677, 49.672728560918117 ], [ 18.397526422113302, 49.671763753263676 ], [ 18.397672362447107, 49.670779903449287 ], [ 18.397721165893, 49.669786486486487 ], [ 18.397672362447107, 49.668793069523687 ], [ 18.397526422113302, 49.667809219709298 ], [ 18.39728475037677, 49.666844412054857 ], [ 18.396949674668448, 49.665907938185491 ], [ 18.396524421950584, 49.665008816856492 ], [ 18.396013087639307, 49.664155707097777 ], [ 18.395420596163564, 49.663356824822664 ], [ 18.395124134452086, 49.663029729729729 ], [ 18.395420596163564, 49.662702634636801 ], [ 18.396013087639307, 49.661903752361688 ], [ 18.396524421950584, 49.661050642602973 ], [ 18.396949674668448, 49.660151521273974 ], [ 18.39728475037677, 49.659215047404608 ], [ 18.397526422113302, 49.658250239750167 ], [ 18.397672362447107, 49.657266389935778 ], [ 18.397721165893, 49.656272972972978 ], [ 18.397672362447107, 49.655279556010179 ], [ 18.397526422113302, 49.654295706195789 ], [ 18.39728475037677, 49.653330898541348 ], [ 18.396949674668448, 49.652394424671982 ], [ 18.396524421950584, 49.651495303342983 ], [ 18.396013087639307, 49.650642193584268 ], [ 18.395420596163564, 49.649843311309155 ], [ 18.395124134452082, 49.64951621621622 ], [ 18.395420596163564, 49.649189121123285 ], [ 18.396013087639307, 49.648390238848172 ], [ 18.396524421950584, 49.647537129089457 ], [ 18.396949674668448, 49.646638007760458 ], [ 18.39728475037677, 49.645701533891092 ], [ 18.397526422113302, 49.644736726236651 ], [ 18.397672362447107, 49.643752876422262 ], [ 18.397721165893, 49.642759459459462 ], [ 18.397672362447107, 49.641766042496663 ], [ 18.397526422113302, 49.640782192682273 ], [ 18.39728475037677, 49.639817385027833 ], [ 18.396949674668448, 49.638880911158466 ], [ 18.396524421950584, 49.637981789829468 ], [ 18.396013087639307, 49.637128680070752 ], [ 18.395420596163564, 49.636329797795639 ], [ 18.395124134452082, 49.636002702702704 ], [ 18.395420596163564, 49.63567560760977 ], [ 18.396013087639307, 49.634876725334657 ], [ 18.396524421950584, 49.634023615575941 ], [ 18.396949674668448, 49.633124494246943 ], [ 18.39728475037677, 49.632188020377576 ], [ 18.397526422113302, 49.631223212723135 ], [ 18.397672362447107, 49.630239362908746 ], [ 18.397721165893, 49.629245945945947 ], [ 18.397672362447107, 49.628252528983147 ], [ 18.397526422113302, 49.627268679168758 ], [ 18.39728475037677, 49.626303871514317 ], [ 18.396949674668448, 49.625367397644951 ], [ 18.396524421950584, 49.624468276315952 ], [ 18.396013087639307, 49.623615166557236 ], [ 18.395420596163564, 49.622816284282123 ], [ 18.395124134452086, 49.622489189189189 ], [ 18.395420596163564, 49.622162094096261 ], [ 18.396013087639307, 49.621363211821148 ], [ 18.396524421950584, 49.620510102062433 ], [ 18.396949674668448, 49.619610980733434 ], [ 18.39728475037677, 49.618674506864068 ], [ 18.397526422113302, 49.617709699209627 ], [ 18.397672362447107, 49.616725849395237 ], [ 18.397721165893, 49.615732432432438 ], [ 18.397672362447107, 49.614739015469638 ], [ 18.397526422113302, 49.613755165655249 ], [ 18.39728475037677, 49.612790358000808 ], [ 18.396949674668448, 49.611853884131442 ], [ 18.396524421950584, 49.610954762802443 ], [ 18.396013087639307, 49.610101653043728 ], [ 18.395420596163564, 49.609302770768615 ], [ 18.395124134452082, 49.60897567567568 ], [ 18.395420596163564, 49.608648580582745 ], [ 18.396013087639307, 49.607849698307632 ], [ 18.396524421950584, 49.606996588548917 ], [ 18.396949674668448, 49.606097467219918 ], [ 18.39728475037677, 49.605160993350552 ], [ 18.397526422113302, 49.604196185696111 ], [ 18.397672362447107, 49.603212335881722 ], [ 18.397721165893, 49.602218918918922 ], [ 18.397672362447107, 49.601225501956122 ], [ 18.397526422113302, 49.600241652141733 ], [ 18.39728475037677, 49.599276844487292 ], [ 18.396949674668448, 49.598340370617926 ], [ 18.396524421950584, 49.597441249288927 ], [ 18.396013087639307, 49.596588139530212 ], [ 18.395420596163564, 49.595789257255099 ], [ 18.395124134452082, 49.595462162162164 ], [ 18.395420596163564, 49.595135067069229 ], [ 18.396013087639307, 49.594336184794116 ], [ 18.396524421950584, 49.593483075035401 ], [ 18.396949674668448, 49.592583953706402 ], [ 18.39728475037677, 49.591647479837036 ], [ 18.397526422113302, 49.590682672182595 ], [ 18.397672362447107, 49.589698822368206 ], [ 18.397721165893, 49.588705405405406 ], [ 18.397672362447107, 49.587711988442607 ], [ 18.397526422113302, 49.586728138628217 ], [ 18.39728475037677, 49.585763330973776 ], [ 18.396949674668448, 49.58482685710441 ], [ 18.396524421950584, 49.583927735775411 ], [ 18.396013087639307, 49.583074626016696 ], [ 18.395420596163564, 49.582275743741583 ] ] ], [ [ [ 18.437192657679283, 49.609302770768615 ], [ 18.436524715055878, 49.608565809650145 ], [ 18.435787753937401, 49.607897867026736 ], [ 18.434988871662295, 49.607305375550993 ], [ 18.434135761903576, 49.606794041239716 ], [ 18.433236640574577, 49.606368788521849 ], [ 18.432300166705215, 49.606033712813527 ], [ 18.43133535905077, 49.605792041077002 ], [ 18.430351509236381, 49.605646100743193 ], [ 18.429358092273581, 49.605597297297301 ], [ 18.428364675310782, 49.605646100743193 ], [ 18.427380825496392, 49.605792041077002 ], [ 18.426416017841948, 49.606033712813527 ], [ 18.425479543972585, 49.606368788521849 ], [ 18.424580422643587, 49.606794041239716 ], [ 18.423727312884868, 49.607305375550993 ], [ 18.422928430609762, 49.607897867026736 ], [ 18.422191469491285, 49.608565809650145 ], [ 18.42152352686788, 49.609302770768615 ], [ 18.420931035392137, 49.610101653043728 ], [ 18.42041970108086, 49.610954762802443 ], [ 18.419994448362996, 49.611853884131442 ], [ 18.419659372654674, 49.612790358000808 ], [ 18.419417700918142, 49.613755165655249 ], [ 18.419271760584337, 49.614739015469638 ], [ 18.419222957138444, 49.615732432432438 ], [ 18.419271760584337, 49.616725849395237 ], [ 18.419417700918142, 49.617709699209627 ], [ 18.419659372654674, 49.618674506864068 ], [ 18.419994448362996, 49.619610980733434 ], [ 18.42041970108086, 49.620510102062433 ], [ 18.420931035392137, 49.621363211821148 ], [ 18.42152352686788, 49.622162094096261 ], [ 18.421819988579358, 49.622489189189189 ], [ 18.42152352686788, 49.622816284282123 ], [ 18.420931035392137, 49.623615166557236 ], [ 18.42041970108086, 49.624468276315952 ], [ 18.419994448362996, 49.625367397644951 ], [ 18.419659372654674, 49.626303871514317 ], [ 18.419417700918142, 49.627268679168758 ], [ 18.419271760584337, 49.628252528983147 ], [ 18.419222957138444, 49.629245945945947 ], [ 18.419271760584337, 49.630239362908746 ], [ 18.419417700918142, 49.631223212723135 ], [ 18.419659372654674, 49.632188020377576 ], [ 18.419994448362996, 49.633124494246943 ], [ 18.42041970108086, 49.634023615575941 ], [ 18.420931035392137, 49.634876725334657 ], [ 18.42152352686788, 49.63567560760977 ], [ 18.421819988579362, 49.636002702702704 ], [ 18.42152352686788, 49.636329797795639 ], [ 18.420931035392137, 49.637128680070752 ], [ 18.42041970108086, 49.637981789829468 ], [ 18.419994448362996, 49.638880911158466 ], [ 18.419659372654674, 49.639817385027833 ], [ 18.419417700918142, 49.640782192682273 ], [ 18.419271760584337, 49.641766042496663 ], [ 18.419222957138444, 49.642759459459462 ], [ 18.419271760584337, 49.643752876422262 ], [ 18.419417700918142, 49.644736726236651 ], [ 18.419659372654674, 49.645701533891092 ], [ 18.419994448362996, 49.646638007760458 ], [ 18.42041970108086, 49.647537129089457 ], [ 18.420931035392137, 49.648390238848172 ], [ 18.42152352686788, 49.649189121123285 ], [ 18.421819988579362, 49.64951621621622 ], [ 18.42152352686788, 49.649843311309155 ], [ 18.420931035392137, 49.650642193584268 ], [ 18.42041970108086, 49.651495303342983 ], [ 18.419994448362996, 49.652394424671982 ], [ 18.419659372654674, 49.653330898541348 ], [ 18.419417700918142, 49.654295706195789 ], [ 18.419271760584337, 49.655279556010179 ], [ 18.419222957138444, 49.656272972972978 ], [ 18.419271760584337, 49.657266389935778 ], [ 18.419417700918142, 49.658250239750167 ], [ 18.419659372654674, 49.659215047404608 ], [ 18.419994448362996, 49.660151521273974 ], [ 18.42041970108086, 49.661050642602973 ], [ 18.420931035392137, 49.661903752361688 ], [ 18.42152352686788, 49.662702634636801 ], [ 18.421819988579358, 49.663029729729729 ], [ 18.42152352686788, 49.663356824822664 ], [ 18.420931035392137, 49.664155707097777 ], [ 18.42041970108086, 49.665008816856492 ], [ 18.419994448362996, 49.665907938185491 ], [ 18.419659372654674, 49.666844412054857 ], [ 18.419417700918142, 49.667809219709298 ], [ 18.419271760584337, 49.668793069523687 ], [ 18.419222957138444, 49.669786486486487 ], [ 18.419271760584337, 49.670779903449287 ], [ 18.419417700918142, 49.671763753263676 ], [ 18.419659372654674, 49.672728560918117 ], [ 18.419994448362996, 49.673665034787483 ], [ 18.42041970108086, 49.674564156116482 ], [ 18.420931035392137, 49.675417265875197 ], [ 18.42152352686788, 49.67621614815031 ], [ 18.421819988579362, 49.676543243243245 ], [ 18.42152352686788, 49.67687033833618 ], [ 18.420931035392137, 49.677669220611293 ], [ 18.42041970108086, 49.678522330370008 ], [ 18.419994448362996, 49.679421451699007 ], [ 18.419659372654674, 49.680357925568373 ], [ 18.419417700918142, 49.681322733222814 ], [ 18.419271760584337, 49.682306583037203 ], [ 18.419222957138444, 49.6833 ], [ 18.419271760584337, 49.684293416962802 ], [ 18.419417700918142, 49.685277266777192 ], [ 18.419659372654674, 49.686242074431632 ], [ 18.419994448362996, 49.687178548300999 ], [ 18.42041970108086, 49.688077669629998 ], [ 18.420931035392137, 49.688930779388713 ], [ 18.42152352686788, 49.689729661663826 ], [ 18.421819988579362, 49.690056756756761 ], [ 18.42152352686788, 49.690383851849695 ], [ 18.420931035392137, 49.691182734124808 ], [ 18.42041970108086, 49.692035843883524 ], [ 18.419994448362996, 49.692934965212523 ], [ 18.419659372654674, 49.693871439081889 ], [ 18.419417700918142, 49.69483624673633 ], [ 18.419271760584337, 49.695820096550719 ], [ 18.419222957138444, 49.696813513513519 ], [ 18.419271760584337, 49.697806930476318 ], [ 18.419417700918142, 49.698790780290707 ], [ 18.419659372654674, 49.699755587945148 ], [ 18.419994448362996, 49.700692061814514 ], [ 18.42041970108086, 49.701591183143513 ], [ 18.420931035392137, 49.702444292902229 ], [ 18.42152352686788, 49.703243175177342 ], [ 18.421819988579358, 49.703570270270276 ], [ 18.42152352686788, 49.703897365363204 ], [ 18.420931035392137, 49.704696247638317 ], [ 18.42041970108086, 49.705549357397032 ], [ 18.419994448362996, 49.706448478726031 ], [ 18.419659372654674, 49.707384952595397 ], [ 18.419417700918142, 49.708349760249838 ], [ 18.419271760584337, 49.709333610064228 ], [ 18.419222957138444, 49.710327027027027 ], [ 18.419271760584337, 49.711320443989827 ], [ 18.419417700918142, 49.712304293804216 ], [ 18.419659372654674, 49.713269101458657 ], [ 18.419994448362996, 49.714205575328023 ], [ 18.42041970108086, 49.715104696657022 ], [ 18.420931035392137, 49.715957806415737 ], [ 18.42152352686788, 49.71675668869085 ], [ 18.421819988579362, 49.717083783783785 ], [ 18.42152352686788, 49.71741087887672 ], [ 18.420931035392137, 49.718209761151833 ], [ 18.42041970108086, 49.719062870910548 ], [ 18.419994448362996, 49.719961992239547 ], [ 18.419659372654674, 49.720898466108913 ], [ 18.419417700918142, 49.721863273763354 ], [ 18.419271760584337, 49.722847123577743 ], [ 18.419222957138444, 49.723840540540543 ], [ 18.419271760584337, 49.724833957503343 ], [ 18.419417700918142, 49.725817807317732 ], [ 18.419659372654674, 49.726782614972173 ], [ 18.419994448362996, 49.727719088841539 ], [ 18.42041970108086, 49.728618210170538 ], [ 18.420931035392137, 49.729471319929253 ], [ 18.42152352686788, 49.730270202204366 ], [ 18.421819988579362, 49.730597297297301 ], [ 18.42152352686788, 49.730924392390236 ], [ 18.420931035392137, 49.731723274665349 ], [ 18.42041970108086, 49.732576384424064 ], [ 18.419994448362996, 49.733475505753063 ], [ 18.419659372654674, 49.734411979622429 ], [ 18.419417700918142, 49.73537678727687 ], [ 18.419271760584337, 49.736360637091259 ], [ 18.419222957138444, 49.737354054054059 ], [ 18.419271760584337, 49.738347471016858 ], [ 18.419417700918142, 49.739331320831248 ], [ 18.419659372654674, 49.740296128485689 ], [ 18.419994448362996, 49.741232602355055 ], [ 18.42041970108086, 49.742131723684054 ], [ 18.420931035392137, 49.742984833442769 ], [ 18.42152352686788, 49.743783715717882 ], [ 18.421819988579358, 49.74411081081081 ], [ 18.42152352686788, 49.744437905903744 ], [ 18.420931035392137, 49.745236788178858 ], [ 18.42041970108086, 49.746089897937573 ], [ 18.419994448362996, 49.746989019266572 ], [ 18.419659372654674, 49.747925493135938 ], [ 18.419417700918142, 49.748890300790379 ], [ 18.419271760584337, 49.749874150604768 ], [ 18.419222957138444, 49.750867567567568 ], [ 18.419271760584337, 49.751860984530367 ], [ 18.419417700918142, 49.752844834344756 ], [ 18.419659372654674, 49.753809641999197 ], [ 18.419994448362996, 49.754746115868564 ], [ 18.42041970108086, 49.755645237197562 ], [ 18.420931035392137, 49.756498346956278 ], [ 18.42152352686788, 49.757297229231391 ], [ 18.421819988579362, 49.757624324324325 ], [ 18.42152352686788, 49.75795141941726 ], [ 18.420931035392137, 49.758750301692373 ], [ 18.42041970108086, 49.759603411451089 ], [ 18.419994448362996, 49.760502532780087 ], [ 18.419659372654674, 49.761439006649454 ], [ 18.419417700918142, 49.762403814303894 ], [ 18.419271760584337, 49.763387664118284 ], [ 18.419222957138444, 49.764381081081083 ], [ 18.419271760584337, 49.765374498043883 ], [ 18.419417700918142, 49.766358347858272 ], [ 18.419659372654674, 49.767323155512713 ], [ 18.419994448362996, 49.768259629382079 ], [ 18.42041970108086, 49.769158750711078 ], [ 18.420931035392137, 49.770011860469793 ], [ 18.42152352686788, 49.770810742744906 ], [ 18.421819988579362, 49.771137837837841 ], [ 18.42152352686788, 49.771464932930776 ], [ 18.420931035392137, 49.772263815205889 ], [ 18.42041970108086, 49.773116924964604 ], [ 18.419994448362996, 49.774016046293603 ], [ 18.419659372654674, 49.774952520162969 ], [ 18.419417700918142, 49.77591732781741 ], [ 18.419271760584337, 49.7769011776318 ], [ 18.419222957138444, 49.777894594594599 ], [ 18.419271760584337, 49.778888011557399 ], [ 18.419417700918142, 49.779871861371788 ], [ 18.419659372654674, 49.780836669026229 ], [ 18.419994448362996, 49.781773142895595 ], [ 18.42041970108086, 49.782672264224594 ], [ 18.420931035392137, 49.783525373983309 ], [ 18.42152352686788, 49.784324256258422 ], [ 18.422191469491285, 49.785061217376892 ], [ 18.422928430609762, 49.785729160000301 ], [ 18.423727312884868, 49.786321651476044 ], [ 18.424580422643587, 49.786832985787321 ], [ 18.425479543972585, 49.787258238505189 ], [ 18.426416017841948, 49.78759331421351 ], [ 18.427380825496392, 49.787834985950035 ], [ 18.428364675310782, 49.787980926283844 ], [ 18.429358092273581, 49.788029729729736 ], [ 18.430351509236381, 49.787980926283844 ], [ 18.43133535905077, 49.787834985950035 ], [ 18.432300166705215, 49.78759331421351 ], [ 18.433236640574577, 49.787258238505189 ], [ 18.434135761903576, 49.786832985787321 ], [ 18.434988871662295, 49.786321651476044 ], [ 18.435787753937401, 49.785729160000301 ], [ 18.436524715055878, 49.785061217376892 ], [ 18.437192657679283, 49.784324256258422 ], [ 18.437785149155026, 49.783525373983309 ], [ 18.438296483466303, 49.782672264224594 ], [ 18.438721736184167, 49.781773142895595 ], [ 18.439056811892488, 49.780836669026229 ], [ 18.43929848362902, 49.779871861371788 ], [ 18.439444423962826, 49.778888011557399 ], [ 18.439493227408718, 49.777894594594599 ], [ 18.439444423962826, 49.7769011776318 ], [ 18.43929848362902, 49.77591732781741 ], [ 18.439056811892488, 49.774952520162969 ], [ 18.438721736184167, 49.774016046293603 ], [ 18.438296483466303, 49.773116924964604 ], [ 18.437785149155026, 49.772263815205889 ], [ 18.437192657679283, 49.771464932930776 ], [ 18.436896195967801, 49.771137837837841 ], [ 18.437192657679283, 49.770810742744906 ], [ 18.437785149155026, 49.770011860469793 ], [ 18.438296483466303, 49.769158750711078 ], [ 18.438721736184167, 49.768259629382079 ], [ 18.439056811892488, 49.767323155512713 ], [ 18.43929848362902, 49.766358347858272 ], [ 18.439444423962826, 49.765374498043883 ], [ 18.439493227408718, 49.764381081081083 ], [ 18.439444423962826, 49.763387664118284 ], [ 18.43929848362902, 49.762403814303894 ], [ 18.439056811892488, 49.761439006649454 ], [ 18.438721736184167, 49.760502532780087 ], [ 18.438296483466303, 49.759603411451089 ], [ 18.437785149155026, 49.758750301692373 ], [ 18.437192657679283, 49.75795141941726 ], [ 18.436896195967801, 49.757624324324325 ], [ 18.437192657679283, 49.757297229231391 ], [ 18.437785149155026, 49.756498346956278 ], [ 18.438296483466303, 49.755645237197562 ], [ 18.438721736184167, 49.754746115868564 ], [ 18.439056811892488, 49.753809641999197 ], [ 18.43929848362902, 49.752844834344756 ], [ 18.439444423962826, 49.751860984530367 ], [ 18.439493227408718, 49.750867567567568 ], [ 18.439444423962826, 49.749874150604768 ], [ 18.43929848362902, 49.748890300790379 ], [ 18.439056811892488, 49.747925493135938 ], [ 18.438721736184167, 49.746989019266572 ], [ 18.438296483466303, 49.746089897937573 ], [ 18.437785149155026, 49.745236788178858 ], [ 18.437192657679283, 49.744437905903744 ], [ 18.436896195967805, 49.74411081081081 ], [ 18.437192657679283, 49.743783715717882 ], [ 18.437785149155026, 49.742984833442769 ], [ 18.438296483466303, 49.742131723684054 ], [ 18.438721736184167, 49.741232602355055 ], [ 18.439056811892488, 49.740296128485689 ], [ 18.43929848362902, 49.739331320831248 ], [ 18.439444423962826, 49.738347471016858 ], [ 18.439493227408718, 49.737354054054059 ], [ 18.439444423962826, 49.736360637091259 ], [ 18.43929848362902, 49.73537678727687 ], [ 18.439056811892488, 49.734411979622429 ], [ 18.438721736184167, 49.733475505753063 ], [ 18.438296483466303, 49.732576384424064 ], [ 18.437785149155026, 49.731723274665349 ], [ 18.437192657679283, 49.730924392390236 ], [ 18.436896195967801, 49.730597297297301 ], [ 18.437192657679283, 49.730270202204366 ], [ 18.437785149155026, 49.729471319929253 ], [ 18.438296483466303, 49.728618210170538 ], [ 18.438721736184167, 49.727719088841539 ], [ 18.439056811892488, 49.726782614972173 ], [ 18.43929848362902, 49.725817807317732 ], [ 18.439444423962826, 49.724833957503343 ], [ 18.439493227408718, 49.723840540540543 ], [ 18.439444423962826, 49.722847123577743 ], [ 18.43929848362902, 49.721863273763354 ], [ 18.439056811892488, 49.720898466108913 ], [ 18.438721736184167, 49.719961992239547 ], [ 18.438296483466303, 49.719062870910548 ], [ 18.437785149155026, 49.718209761151833 ], [ 18.437192657679283, 49.71741087887672 ], [ 18.436896195967801, 49.717083783783785 ], [ 18.437192657679283, 49.71675668869085 ], [ 18.437785149155026, 49.715957806415737 ], [ 18.438296483466303, 49.715104696657022 ], [ 18.438721736184167, 49.714205575328023 ], [ 18.439056811892488, 49.713269101458657 ], [ 18.43929848362902, 49.712304293804216 ], [ 18.439444423962826, 49.711320443989827 ], [ 18.439493227408718, 49.710327027027027 ], [ 18.439444423962826, 49.709333610064228 ], [ 18.43929848362902, 49.708349760249838 ], [ 18.439056811892488, 49.707384952595397 ], [ 18.438721736184167, 49.706448478726031 ], [ 18.438296483466303, 49.705549357397032 ], [ 18.437785149155026, 49.704696247638317 ], [ 18.437192657679283, 49.703897365363204 ], [ 18.436896195967805, 49.703570270270276 ], [ 18.437192657679283, 49.703243175177342 ], [ 18.437785149155026, 49.702444292902229 ], [ 18.438296483466303, 49.701591183143513 ], [ 18.438721736184167, 49.700692061814514 ], [ 18.439056811892488, 49.699755587945148 ], [ 18.43929848362902, 49.698790780290707 ], [ 18.439444423962826, 49.697806930476318 ], [ 18.439493227408718, 49.696813513513519 ], [ 18.439444423962826, 49.695820096550719 ], [ 18.43929848362902, 49.69483624673633 ], [ 18.439056811892488, 49.693871439081889 ], [ 18.438721736184167, 49.692934965212523 ], [ 18.438296483466303, 49.692035843883524 ], [ 18.437785149155026, 49.691182734124808 ], [ 18.437192657679283, 49.690383851849695 ], [ 18.436896195967801, 49.690056756756761 ], [ 18.437192657679283, 49.689729661663826 ], [ 18.437785149155026, 49.688930779388713 ], [ 18.438296483466303, 49.688077669629998 ], [ 18.438721736184167, 49.687178548300999 ], [ 18.439056811892488, 49.686242074431632 ], [ 18.43929848362902, 49.685277266777192 ], [ 18.439444423962826, 49.684293416962802 ], [ 18.439493227408718, 49.6833 ], [ 18.439444423962826, 49.682306583037203 ], [ 18.43929848362902, 49.681322733222814 ], [ 18.439056811892488, 49.680357925568373 ], [ 18.438721736184167, 49.679421451699007 ], [ 18.438296483466303, 49.678522330370008 ], [ 18.437785149155026, 49.677669220611293 ], [ 18.437192657679283, 49.67687033833618 ], [ 18.436896195967801, 49.676543243243245 ], [ 18.437192657679283, 49.67621614815031 ], [ 18.437785149155026, 49.675417265875197 ], [ 18.438296483466303, 49.674564156116482 ], [ 18.438721736184167, 49.673665034787483 ], [ 18.439056811892488, 49.672728560918117 ], [ 18.43929848362902, 49.671763753263676 ], [ 18.439444423962826, 49.670779903449287 ], [ 18.439493227408718, 49.669786486486487 ], [ 18.439444423962826, 49.668793069523687 ], [ 18.43929848362902, 49.667809219709298 ], [ 18.439056811892488, 49.666844412054857 ], [ 18.438721736184167, 49.665907938185491 ], [ 18.438296483466303, 49.665008816856492 ], [ 18.437785149155026, 49.664155707097777 ], [ 18.437192657679283, 49.663356824822664 ], [ 18.436896195967805, 49.663029729729729 ], [ 18.437192657679283, 49.662702634636801 ], [ 18.437785149155026, 49.661903752361688 ], [ 18.438296483466303, 49.661050642602973 ], [ 18.438721736184167, 49.660151521273974 ], [ 18.439056811892488, 49.659215047404608 ], [ 18.43929848362902, 49.658250239750167 ], [ 18.439444423962826, 49.657266389935778 ], [ 18.439493227408718, 49.656272972972978 ], [ 18.439444423962826, 49.655279556010179 ], [ 18.43929848362902, 49.654295706195789 ], [ 18.439056811892488, 49.653330898541348 ], [ 18.438721736184167, 49.652394424671982 ], [ 18.438296483466303, 49.651495303342983 ], [ 18.437785149155026, 49.650642193584268 ], [ 18.437192657679283, 49.649843311309155 ], [ 18.436896195967801, 49.64951621621622 ], [ 18.437192657679283, 49.649189121123285 ], [ 18.437785149155026, 49.648390238848172 ], [ 18.438296483466303, 49.647537129089457 ], [ 18.438721736184167, 49.646638007760458 ], [ 18.439056811892488, 49.645701533891092 ], [ 18.43929848362902, 49.644736726236651 ], [ 18.439444423962826, 49.643752876422262 ], [ 18.439493227408718, 49.642759459459462 ], [ 18.439444423962826, 49.641766042496663 ], [ 18.43929848362902, 49.640782192682273 ], [ 18.439056811892488, 49.639817385027833 ], [ 18.438721736184167, 49.638880911158466 ], [ 18.438296483466303, 49.637981789829468 ], [ 18.437785149155026, 49.637128680070752 ], [ 18.437192657679283, 49.636329797795639 ], [ 18.436896195967801, 49.636002702702704 ], [ 18.437192657679283, 49.63567560760977 ], [ 18.437785149155026, 49.634876725334657 ], [ 18.438296483466303, 49.634023615575941 ], [ 18.438721736184167, 49.633124494246943 ], [ 18.439056811892488, 49.632188020377576 ], [ 18.43929848362902, 49.631223212723135 ], [ 18.439444423962826, 49.630239362908746 ], [ 18.439493227408718, 49.629245945945947 ], [ 18.439444423962826, 49.628252528983147 ], [ 18.43929848362902, 49.627268679168758 ], [ 18.439056811892488, 49.626303871514317 ], [ 18.438721736184167, 49.625367397644951 ], [ 18.438296483466303, 49.624468276315952 ], [ 18.437785149155026, 49.623615166557236 ], [ 18.437192657679283, 49.622816284282123 ], [ 18.436896195967805, 49.622489189189196 ], [ 18.437192657679283, 49.622162094096261 ], [ 18.437785149155026, 49.621363211821148 ], [ 18.438296483466303, 49.620510102062433 ], [ 18.438721736184167, 49.619610980733434 ], [ 18.439056811892488, 49.618674506864068 ], [ 18.43929848362902, 49.617709699209627 ], [ 18.439444423962826, 49.616725849395237 ], [ 18.439493227408718, 49.615732432432438 ], [ 18.439444423962826, 49.614739015469638 ], [ 18.43929848362902, 49.613755165655249 ], [ 18.439056811892488, 49.612790358000808 ], [ 18.438721736184167, 49.611853884131442 ], [ 18.438296483466303, 49.610954762802443 ], [ 18.437785149155026, 49.610101653043728 ], [ 18.437192657679283, 49.609302770768615 ] ] ], [ [ [ 18.478296776571597, 49.595052296136629 ], [ 18.47755981545312, 49.59438435351322 ], [ 18.476760933178014, 49.593791862037477 ], [ 18.475907823419295, 49.593280527726201 ], [ 18.475008702090296, 49.592855275008333 ], [ 18.474072228220933, 49.592520199300012 ], [ 18.473107420566489, 49.592278527563487 ], [ 18.4721235707521, 49.592132587229678 ], [ 18.4711301537893, 49.592083783783785 ], [ 18.4701367368265, 49.592132587229678 ], [ 18.469152887012111, 49.592278527563487 ], [ 18.468188079357667, 49.592520199300012 ], [ 18.467251605488304, 49.592855275008333 ], [ 18.466352484159305, 49.593280527726201 ], [ 18.465499374400586, 49.593791862037477 ], [ 18.46470049212548, 49.59438435351322 ], [ 18.463963531007003, 49.595052296136629 ], [ 18.463295588383598, 49.595789257255099 ], [ 18.462703096907855, 49.596588139530212 ], [ 18.462191762596579, 49.597441249288927 ], [ 18.461766509878714, 49.598340370617926 ], [ 18.461431434170393, 49.599276844487292 ], [ 18.461189762433861, 49.600241652141733 ], [ 18.461043822100056, 49.601225501956122 ], [ 18.460995018654163, 49.602218918918922 ], [ 18.461043822100056, 49.603212335881722 ], [ 18.461189762433861, 49.604196185696111 ], [ 18.461431434170393, 49.605160993350552 ], [ 18.461766509878714, 49.606097467219918 ], [ 18.462191762596579, 49.606996588548917 ], [ 18.462703096907855, 49.607849698307632 ], [ 18.463295588383598, 49.608648580582745 ], [ 18.46359205009508, 49.60897567567568 ], [ 18.463295588383598, 49.609302770768615 ], [ 18.462703096907855, 49.610101653043728 ], [ 18.462191762596579, 49.610954762802443 ], [ 18.461766509878714, 49.611853884131442 ], [ 18.461431434170393, 49.612790358000808 ], [ 18.461189762433861, 49.613755165655249 ], [ 18.461043822100056, 49.614739015469638 ], [ 18.460995018654163, 49.615732432432438 ], [ 18.461043822100056, 49.616725849395237 ], [ 18.461189762433861, 49.617709699209627 ], [ 18.461431434170393, 49.618674506864068 ], [ 18.461766509878714, 49.619610980733434 ], [ 18.462191762596579, 49.620510102062433 ], [ 18.462703096907855, 49.621363211821148 ], [ 18.463295588383598, 49.622162094096261 ], [ 18.463592050095077, 49.622489189189196 ], [ 18.463295588383598, 49.622816284282123 ], [ 18.462703096907855, 49.623615166557236 ], [ 18.462191762596579, 49.624468276315952 ], [ 18.461766509878714, 49.625367397644951 ], [ 18.461431434170393, 49.626303871514317 ], [ 18.461189762433861, 49.627268679168758 ], [ 18.461043822100056, 49.628252528983147 ], [ 18.460995018654163, 49.629245945945947 ], [ 18.461043822100056, 49.630239362908746 ], [ 18.461189762433861, 49.631223212723135 ], [ 18.461431434170393, 49.632188020377576 ], [ 18.461766509878714, 49.633124494246943 ], [ 18.462191762596579, 49.634023615575941 ], [ 18.462703096907855, 49.634876725334657 ], [ 18.463295588383598, 49.63567560760977 ], [ 18.46359205009508, 49.636002702702704 ], [ 18.463295588383598, 49.636329797795639 ], [ 18.462703096907855, 49.637128680070752 ], [ 18.462191762596579, 49.637981789829468 ], [ 18.461766509878714, 49.638880911158466 ], [ 18.461431434170393, 49.639817385027833 ], [ 18.461189762433861, 49.640782192682273 ], [ 18.461043822100056, 49.641766042496663 ], [ 18.460995018654163, 49.642759459459462 ], [ 18.461043822100056, 49.643752876422262 ], [ 18.461189762433861, 49.644736726236651 ], [ 18.461431434170393, 49.645701533891092 ], [ 18.461766509878714, 49.646638007760458 ], [ 18.462191762596579, 49.647537129089457 ], [ 18.462703096907855, 49.648390238848172 ], [ 18.463295588383598, 49.649189121123285 ], [ 18.46359205009508, 49.64951621621622 ], [ 18.463295588383598, 49.649843311309155 ], [ 18.462703096907855, 49.650642193584268 ], [ 18.462191762596579, 49.651495303342983 ], [ 18.461766509878714, 49.652394424671982 ], [ 18.461431434170393, 49.653330898541348 ], [ 18.461189762433861, 49.654295706195789 ], [ 18.461043822100056, 49.655279556010179 ], [ 18.460995018654163, 49.656272972972978 ], [ 18.461043822100056, 49.657266389935778 ], [ 18.461189762433861, 49.658250239750167 ], [ 18.461431434170393, 49.659215047404608 ], [ 18.461766509878714, 49.660151521273974 ], [ 18.462191762596579, 49.661050642602973 ], [ 18.462703096907855, 49.661903752361688 ], [ 18.463295588383598, 49.662702634636801 ], [ 18.463963531007003, 49.663439595755271 ], [ 18.46470049212548, 49.66410753837868 ], [ 18.465499374400586, 49.664700029854423 ], [ 18.466352484159305, 49.6652113641657 ], [ 18.467251605488304, 49.665636616883567 ], [ 18.468188079357667, 49.665971692591889 ], [ 18.469152887012111, 49.666213364328414 ], [ 18.4701367368265, 49.666359304662222 ], [ 18.4711301537893, 49.666408108108115 ], [ 18.4721235707521, 49.666359304662222 ], [ 18.473107420566489, 49.666213364328414 ], [ 18.474072228220933, 49.665971692591889 ], [ 18.475008702090296, 49.665636616883567 ], [ 18.475907823419295, 49.6652113641657 ], [ 18.476760933178014, 49.664700029854423 ], [ 18.47755981545312, 49.66410753837868 ], [ 18.478296776571597, 49.663439595755271 ], [ 18.478964719195002, 49.662702634636801 ], [ 18.479557210670745, 49.661903752361688 ], [ 18.480068544982021, 49.661050642602973 ], [ 18.480493797699886, 49.660151521273974 ], [ 18.480828873408207, 49.659215047404608 ], [ 18.481070545144739, 49.658250239750167 ], [ 18.481216485478544, 49.657266389935778 ], [ 18.481265288924437, 49.656272972972978 ], [ 18.481216485478544, 49.655279556010179 ], [ 18.481070545144739, 49.654295706195789 ], [ 18.480828873408207, 49.653330898541348 ], [ 18.480493797699886, 49.652394424671982 ], [ 18.480068544982021, 49.651495303342983 ], [ 18.479557210670745, 49.650642193584268 ], [ 18.478964719195002, 49.649843311309155 ], [ 18.47866825748352, 49.64951621621622 ], [ 18.478964719195002, 49.649189121123285 ], [ 18.479557210670745, 49.648390238848172 ], [ 18.480068544982021, 49.647537129089457 ], [ 18.480493797699886, 49.646638007760458 ], [ 18.480828873408207, 49.645701533891092 ], [ 18.481070545144739, 49.644736726236651 ], [ 18.481216485478544, 49.643752876422262 ], [ 18.481265288924437, 49.642759459459462 ], [ 18.481216485478544, 49.641766042496663 ], [ 18.481070545144739, 49.640782192682273 ], [ 18.480828873408207, 49.639817385027833 ], [ 18.480493797699886, 49.638880911158466 ], [ 18.480068544982021, 49.637981789829468 ], [ 18.479557210670745, 49.637128680070752 ], [ 18.478964719195002, 49.636329797795639 ], [ 18.47866825748352, 49.636002702702704 ], [ 18.478964719195002, 49.63567560760977 ], [ 18.479557210670745, 49.634876725334657 ], [ 18.480068544982021, 49.634023615575941 ], [ 18.480493797699886, 49.633124494246943 ], [ 18.480828873408207, 49.632188020377576 ], [ 18.481070545144739, 49.631223212723135 ], [ 18.481216485478544, 49.630239362908746 ], [ 18.481265288924437, 49.629245945945947 ], [ 18.481216485478544, 49.628252528983147 ], [ 18.481070545144739, 49.627268679168758 ], [ 18.480828873408207, 49.626303871514317 ], [ 18.480493797699886, 49.625367397644951 ], [ 18.480068544982021, 49.624468276315952 ], [ 18.479557210670745, 49.623615166557236 ], [ 18.478964719195002, 49.622816284282123 ], [ 18.478668257483523, 49.622489189189196 ], [ 18.478964719195002, 49.622162094096261 ], [ 18.479557210670745, 49.621363211821148 ], [ 18.480068544982021, 49.620510102062433 ], [ 18.480493797699886, 49.619610980733434 ], [ 18.480828873408207, 49.618674506864068 ], [ 18.481070545144739, 49.617709699209627 ], [ 18.481216485478544, 49.616725849395237 ], [ 18.481265288924437, 49.615732432432438 ], [ 18.481216485478544, 49.614739015469638 ], [ 18.481070545144739, 49.613755165655249 ], [ 18.480828873408207, 49.612790358000808 ], [ 18.480493797699886, 49.611853884131442 ], [ 18.480068544982021, 49.610954762802443 ], [ 18.479557210670745, 49.610101653043728 ], [ 18.478964719195002, 49.609302770768615 ], [ 18.47866825748352, 49.60897567567568 ], [ 18.478964719195002, 49.608648580582745 ], [ 18.479557210670745, 49.607849698307632 ], [ 18.480068544982021, 49.606996588548917 ], [ 18.480493797699886, 49.606097467219918 ], [ 18.480828873408207, 49.605160993350552 ], [ 18.481070545144739, 49.604196185696111 ], [ 18.481216485478544, 49.603212335881722 ], [ 18.481265288924437, 49.602218918918922 ], [ 18.481216485478544, 49.601225501956122 ], [ 18.481070545144739, 49.600241652141733 ], [ 18.480828873408207, 49.599276844487292 ], [ 18.480493797699886, 49.598340370617926 ], [ 18.480068544982021, 49.597441249288927 ], [ 18.479557210670745, 49.596588139530212 ], [ 18.478964719195002, 49.595789257255099 ], [ 18.478296776571597, 49.595052296136629 ] ] ], [ [ [ 18.499182807329458, 49.595052296136629 ], [ 18.498445846210981, 49.59438435351322 ], [ 18.497646963935875, 49.593791862037477 ], [ 18.496793854177156, 49.593280527726201 ], [ 18.495894732848157, 49.592855275008333 ], [ 18.494958258978794, 49.592520199300012 ], [ 18.49399345132435, 49.592278527563487 ], [ 18.493009601509961, 49.592132587229678 ], [ 18.492016184547161, 49.592083783783785 ], [ 18.491022767584361, 49.592132587229678 ], [ 18.490038917769972, 49.592278527563487 ], [ 18.489074110115528, 49.592520199300012 ], [ 18.488137636246165, 49.592855275008333 ], [ 18.487238514917166, 49.593280527726201 ], [ 18.486385405158448, 49.593791862037477 ], [ 18.485586522883342, 49.59438435351322 ], [ 18.484849561764864, 49.595052296136629 ], [ 18.484181619141459, 49.595789257255099 ], [ 18.483589127665716, 49.596588139530212 ], [ 18.48307779335444, 49.597441249288927 ], [ 18.482652540636575, 49.598340370617926 ], [ 18.482317464928254, 49.599276844487292 ], [ 18.482075793191722, 49.600241652141733 ], [ 18.481929852857917, 49.601225501956122 ], [ 18.481881049412024, 49.602218918918922 ], [ 18.481929852857917, 49.603212335881722 ], [ 18.482075793191722, 49.604196185696111 ], [ 18.482317464928254, 49.605160993350552 ], [ 18.482652540636575, 49.606097467219918 ], [ 18.48307779335444, 49.606996588548917 ], [ 18.483589127665716, 49.607849698307632 ], [ 18.484181619141459, 49.608648580582745 ], [ 18.484478080852941, 49.60897567567568 ], [ 18.484181619141459, 49.609302770768615 ], [ 18.483589127665716, 49.610101653043728 ], [ 18.48307779335444, 49.610954762802443 ], [ 18.482652540636575, 49.611853884131442 ], [ 18.482317464928254, 49.612790358000808 ], [ 18.482075793191722, 49.613755165655249 ], [ 18.481929852857917, 49.614739015469638 ], [ 18.481881049412024, 49.615732432432438 ], [ 18.481929852857917, 49.616725849395237 ], [ 18.482075793191722, 49.617709699209627 ], [ 18.482317464928254, 49.618674506864068 ], [ 18.482652540636575, 49.619610980733434 ], [ 18.48307779335444, 49.620510102062433 ], [ 18.483589127665716, 49.621363211821148 ], [ 18.484181619141459, 49.622162094096261 ], [ 18.484478080852938, 49.622489189189196 ], [ 18.484181619141459, 49.622816284282123 ], [ 18.483589127665716, 49.623615166557236 ], [ 18.48307779335444, 49.624468276315952 ], [ 18.482652540636575, 49.625367397644951 ], [ 18.482317464928254, 49.626303871514317 ], [ 18.482075793191722, 49.627268679168758 ], [ 18.481929852857917, 49.628252528983147 ], [ 18.481881049412024, 49.629245945945947 ], [ 18.481929852857917, 49.630239362908746 ], [ 18.482075793191722, 49.631223212723135 ], [ 18.482317464928254, 49.632188020377576 ], [ 18.482652540636575, 49.633124494246943 ], [ 18.48307779335444, 49.634023615575941 ], [ 18.483589127665716, 49.634876725334657 ], [ 18.484181619141459, 49.63567560760977 ], [ 18.484478080852941, 49.636002702702704 ], [ 18.484181619141459, 49.636329797795639 ], [ 18.483589127665716, 49.637128680070752 ], [ 18.48307779335444, 49.637981789829468 ], [ 18.482652540636575, 49.638880911158466 ], [ 18.482317464928254, 49.639817385027833 ], [ 18.482075793191722, 49.640782192682273 ], [ 18.481929852857917, 49.641766042496663 ], [ 18.481881049412024, 49.642759459459462 ], [ 18.481929852857917, 49.643752876422262 ], [ 18.482075793191722, 49.644736726236651 ], [ 18.482317464928254, 49.645701533891092 ], [ 18.482652540636575, 49.646638007760458 ], [ 18.48307779335444, 49.647537129089457 ], [ 18.483589127665716, 49.648390238848172 ], [ 18.484181619141459, 49.649189121123285 ], [ 18.484478080852941, 49.64951621621622 ], [ 18.484181619141459, 49.649843311309155 ], [ 18.483589127665716, 49.650642193584268 ], [ 18.48307779335444, 49.651495303342983 ], [ 18.482652540636575, 49.652394424671982 ], [ 18.482317464928254, 49.653330898541348 ], [ 18.482075793191722, 49.654295706195789 ], [ 18.481929852857917, 49.655279556010179 ], [ 18.481881049412024, 49.656272972972978 ], [ 18.481929852857917, 49.657266389935778 ], [ 18.482075793191722, 49.658250239750167 ], [ 18.482317464928254, 49.659215047404608 ], [ 18.482652540636575, 49.660151521273974 ], [ 18.48307779335444, 49.661050642602973 ], [ 18.483589127665716, 49.661903752361688 ], [ 18.484181619141459, 49.662702634636801 ], [ 18.484478080852938, 49.663029729729729 ], [ 18.484181619141459, 49.663356824822664 ], [ 18.483589127665716, 49.664155707097777 ], [ 18.48307779335444, 49.665008816856492 ], [ 18.482652540636575, 49.665907938185491 ], [ 18.482317464928254, 49.666844412054857 ], [ 18.482075793191722, 49.667809219709298 ], [ 18.481929852857917, 49.668793069523687 ], [ 18.481881049412024, 49.669786486486487 ], [ 18.481929852857917, 49.670779903449287 ], [ 18.482075793191722, 49.671763753263676 ], [ 18.482317464928254, 49.672728560918117 ], [ 18.482652540636575, 49.673665034787483 ], [ 18.48307779335444, 49.674564156116482 ], [ 18.483589127665716, 49.675417265875197 ], [ 18.484181619141459, 49.67621614815031 ], [ 18.484478080852941, 49.676543243243245 ], [ 18.484181619141459, 49.67687033833618 ], [ 18.483589127665716, 49.677669220611293 ], [ 18.48307779335444, 49.678522330370008 ], [ 18.482652540636575, 49.679421451699007 ], [ 18.482317464928254, 49.680357925568373 ], [ 18.482075793191722, 49.681322733222814 ], [ 18.481929852857917, 49.682306583037203 ], [ 18.481881049412024, 49.6833 ], [ 18.481929852857917, 49.684293416962802 ], [ 18.482075793191722, 49.685277266777192 ], [ 18.482317464928254, 49.686242074431632 ], [ 18.482652540636575, 49.687178548300999 ], [ 18.48307779335444, 49.688077669629998 ], [ 18.483589127665716, 49.688930779388713 ], [ 18.484181619141459, 49.689729661663826 ], [ 18.484478080852941, 49.690056756756761 ], [ 18.484181619141459, 49.690383851849695 ], [ 18.483589127665716, 49.691182734124808 ], [ 18.48307779335444, 49.692035843883524 ], [ 18.482652540636575, 49.692934965212523 ], [ 18.482317464928254, 49.693871439081889 ], [ 18.482075793191722, 49.69483624673633 ], [ 18.481929852857917, 49.695820096550719 ], [ 18.481881049412024, 49.696813513513519 ], [ 18.481929852857917, 49.697806930476318 ], [ 18.482075793191722, 49.698790780290707 ], [ 18.482317464928254, 49.699755587945148 ], [ 18.482652540636575, 49.700692061814514 ], [ 18.48307779335444, 49.701591183143513 ], [ 18.483589127665716, 49.702444292902229 ], [ 18.484181619141459, 49.703243175177342 ], [ 18.484849561764864, 49.703980136295812 ], [ 18.485586522883342, 49.70464807891922 ], [ 18.486385405158448, 49.705240570394963 ], [ 18.487238514917166, 49.70575190470624 ], [ 18.488137636246165, 49.706177157424108 ], [ 18.489074110115528, 49.706512233132429 ], [ 18.490038917769972, 49.706753904868954 ], [ 18.491022767584361, 49.706899845202763 ], [ 18.492016184547161, 49.706948648648655 ], [ 18.493009601509961, 49.706899845202763 ], [ 18.49399345132435, 49.706753904868954 ], [ 18.494958258978794, 49.706512233132429 ], [ 18.495894732848157, 49.706177157424108 ], [ 18.496793854177156, 49.70575190470624 ], [ 18.497646963935875, 49.705240570394963 ], [ 18.498445846210981, 49.70464807891922 ], [ 18.499182807329458, 49.703980136295812 ], [ 18.499850749952863, 49.703243175177342 ], [ 18.500443241428606, 49.702444292902229 ], [ 18.500954575739883, 49.701591183143513 ], [ 18.501379828457747, 49.700692061814514 ], [ 18.501714904166068, 49.699755587945148 ], [ 18.5019565759026, 49.698790780290707 ], [ 18.502102516236405, 49.697806930476318 ], [ 18.502151319682298, 49.696813513513519 ], [ 18.502102516236405, 49.695820096550719 ], [ 18.5019565759026, 49.69483624673633 ], [ 18.501714904166068, 49.693871439081889 ], [ 18.501379828457747, 49.692934965212523 ], [ 18.500954575739883, 49.692035843883524 ], [ 18.500443241428606, 49.691182734124808 ], [ 18.499850749952863, 49.690383851849695 ], [ 18.499554288241381, 49.690056756756761 ], [ 18.499850749952863, 49.689729661663826 ], [ 18.500443241428606, 49.688930779388713 ], [ 18.500954575739883, 49.688077669629998 ], [ 18.501379828457747, 49.687178548300999 ], [ 18.501714904166068, 49.686242074431632 ], [ 18.5019565759026, 49.685277266777192 ], [ 18.502102516236405, 49.684293416962802 ], [ 18.502151319682298, 49.6833 ], [ 18.502102516236405, 49.682306583037203 ], [ 18.5019565759026, 49.681322733222814 ], [ 18.501714904166068, 49.680357925568373 ], [ 18.501379828457747, 49.679421451699007 ], [ 18.500954575739883, 49.678522330370008 ], [ 18.500443241428606, 49.677669220611293 ], [ 18.499850749952863, 49.67687033833618 ], [ 18.499554288241381, 49.676543243243245 ], [ 18.499850749952863, 49.67621614815031 ], [ 18.500443241428606, 49.675417265875197 ], [ 18.500954575739883, 49.674564156116482 ], [ 18.501379828457747, 49.673665034787483 ], [ 18.501714904166068, 49.672728560918117 ], [ 18.5019565759026, 49.671763753263676 ], [ 18.502102516236405, 49.670779903449287 ], [ 18.502151319682298, 49.669786486486487 ], [ 18.502102516236405, 49.668793069523687 ], [ 18.5019565759026, 49.667809219709298 ], [ 18.501714904166068, 49.666844412054857 ], [ 18.501379828457747, 49.665907938185491 ], [ 18.500954575739883, 49.665008816856492 ], [ 18.500443241428606, 49.664155707097777 ], [ 18.499850749952863, 49.663356824822664 ], [ 18.499554288241384, 49.663029729729729 ], [ 18.499850749952863, 49.662702634636801 ], [ 18.500443241428606, 49.661903752361688 ], [ 18.500954575739883, 49.661050642602973 ], [ 18.501379828457747, 49.660151521273974 ], [ 18.501714904166068, 49.659215047404608 ], [ 18.5019565759026, 49.658250239750167 ], [ 18.502102516236405, 49.657266389935778 ], [ 18.502151319682298, 49.656272972972978 ], [ 18.502102516236405, 49.655279556010179 ], [ 18.5019565759026, 49.654295706195789 ], [ 18.501714904166068, 49.653330898541348 ], [ 18.501379828457747, 49.652394424671982 ], [ 18.500954575739883, 49.651495303342983 ], [ 18.500443241428606, 49.650642193584268 ], [ 18.499850749952863, 49.649843311309155 ], [ 18.499554288241381, 49.64951621621622 ], [ 18.499850749952863, 49.649189121123285 ], [ 18.500443241428606, 49.648390238848172 ], [ 18.500954575739883, 49.647537129089457 ], [ 18.501379828457747, 49.646638007760458 ], [ 18.501714904166068, 49.645701533891092 ], [ 18.5019565759026, 49.644736726236651 ], [ 18.502102516236405, 49.643752876422262 ], [ 18.502151319682298, 49.642759459459462 ], [ 18.502102516236405, 49.641766042496663 ], [ 18.5019565759026, 49.640782192682273 ], [ 18.501714904166068, 49.639817385027833 ], [ 18.501379828457747, 49.638880911158466 ], [ 18.500954575739883, 49.637981789829468 ], [ 18.500443241428606, 49.637128680070752 ], [ 18.499850749952863, 49.636329797795639 ], [ 18.499554288241381, 49.636002702702704 ], [ 18.499850749952863, 49.63567560760977 ], [ 18.500443241428606, 49.634876725334657 ], [ 18.500954575739883, 49.634023615575941 ], [ 18.501379828457747, 49.633124494246943 ], [ 18.501714904166068, 49.632188020377576 ], [ 18.5019565759026, 49.631223212723135 ], [ 18.502102516236405, 49.630239362908746 ], [ 18.502151319682298, 49.629245945945947 ], [ 18.502102516236405, 49.628252528983147 ], [ 18.5019565759026, 49.627268679168758 ], [ 18.501714904166068, 49.626303871514317 ], [ 18.501379828457747, 49.625367397644951 ], [ 18.500954575739883, 49.624468276315952 ], [ 18.500443241428606, 49.623615166557236 ], [ 18.499850749952863, 49.622816284282123 ], [ 18.499554288241384, 49.622489189189196 ], [ 18.499850749952863, 49.622162094096261 ], [ 18.500443241428606, 49.621363211821148 ], [ 18.500954575739883, 49.620510102062433 ], [ 18.501379828457747, 49.619610980733434 ], [ 18.501714904166068, 49.618674506864068 ], [ 18.5019565759026, 49.617709699209627 ], [ 18.502102516236405, 49.616725849395237 ], [ 18.502151319682298, 49.615732432432438 ], [ 18.502102516236405, 49.614739015469638 ], [ 18.5019565759026, 49.613755165655249 ], [ 18.501714904166068, 49.612790358000808 ], [ 18.501379828457747, 49.611853884131442 ], [ 18.500954575739883, 49.610954762802443 ], [ 18.500443241428606, 49.610101653043728 ], [ 18.499850749952863, 49.609302770768615 ], [ 18.499554288241381, 49.60897567567568 ], [ 18.499850749952863, 49.608648580582745 ], [ 18.500443241428606, 49.607849698307632 ], [ 18.500954575739883, 49.606996588548917 ], [ 18.501379828457747, 49.606097467219918 ], [ 18.501714904166068, 49.605160993350552 ], [ 18.5019565759026, 49.604196185696111 ], [ 18.502102516236405, 49.603212335881722 ], [ 18.502151319682298, 49.602218918918922 ], [ 18.502102516236405, 49.601225501956122 ], [ 18.5019565759026, 49.600241652141733 ], [ 18.501714904166068, 49.599276844487292 ], [ 18.501379828457747, 49.598340370617926 ], [ 18.500954575739883, 49.597441249288927 ], [ 18.500443241428606, 49.596588139530212 ], [ 18.499850749952863, 49.595789257255099 ], [ 18.499182807329458, 49.595052296136629 ] ] ], [ [ [ 18.458078688437141, 49.609302770768615 ], [ 18.457410745813736, 49.608565809650145 ], [ 18.456673784695258, 49.607897867026736 ], [ 18.455874902420152, 49.607305375550993 ], [ 18.455021792661434, 49.606794041239716 ], [ 18.454122671332435, 49.606368788521849 ], [ 18.453186197463072, 49.606033712813527 ], [ 18.452221389808628, 49.605792041077002 ], [ 18.451237539994239, 49.605646100743193 ], [ 18.450244123031439, 49.605597297297301 ], [ 18.449250706068639, 49.605646100743193 ], [ 18.44826685625425, 49.605792041077002 ], [ 18.447302048599806, 49.606033712813527 ], [ 18.446365574730443, 49.606368788521849 ], [ 18.445466453401444, 49.606794041239716 ], [ 18.444613343642725, 49.607305375550993 ], [ 18.443814461367619, 49.607897867026736 ], [ 18.443077500249142, 49.608565809650145 ], [ 18.442409557625737, 49.609302770768615 ], [ 18.441817066149994, 49.610101653043728 ], [ 18.441305731838717, 49.610954762802443 ], [ 18.440880479120853, 49.611853884131442 ], [ 18.440545403412532, 49.612790358000808 ], [ 18.440303731676, 49.613755165655249 ], [ 18.440157791342195, 49.614739015469638 ], [ 18.440108987896302, 49.615732432432438 ], [ 18.440157791342195, 49.616725849395237 ], [ 18.440303731676, 49.617709699209627 ], [ 18.440545403412532, 49.618674506864068 ], [ 18.440880479120853, 49.619610980733434 ], [ 18.441305731838717, 49.620510102062433 ], [ 18.441817066149994, 49.621363211821148 ], [ 18.442409557625737, 49.622162094096261 ], [ 18.442706019337216, 49.622489189189189 ], [ 18.442409557625737, 49.622816284282123 ], [ 18.441817066149994, 49.623615166557236 ], [ 18.441305731838717, 49.624468276315952 ], [ 18.440880479120853, 49.625367397644951 ], [ 18.440545403412532, 49.626303871514317 ], [ 18.440303731676, 49.627268679168758 ], [ 18.440157791342195, 49.628252528983147 ], [ 18.440108987896302, 49.629245945945947 ], [ 18.440157791342195, 49.630239362908746 ], [ 18.440303731676, 49.631223212723135 ], [ 18.440545403412532, 49.632188020377576 ], [ 18.440880479120853, 49.633124494246943 ], [ 18.441305731838717, 49.634023615575941 ], [ 18.441817066149994, 49.634876725334657 ], [ 18.442409557625737, 49.63567560760977 ], [ 18.442706019337219, 49.636002702702704 ], [ 18.442409557625737, 49.636329797795639 ], [ 18.441817066149994, 49.637128680070752 ], [ 18.441305731838717, 49.637981789829468 ], [ 18.440880479120853, 49.638880911158466 ], [ 18.440545403412532, 49.639817385027833 ], [ 18.440303731676, 49.640782192682273 ], [ 18.440157791342195, 49.641766042496663 ], [ 18.440108987896302, 49.642759459459462 ], [ 18.440157791342195, 49.643752876422262 ], [ 18.440303731676, 49.644736726236651 ], [ 18.440545403412532, 49.645701533891092 ], [ 18.440880479120853, 49.646638007760458 ], [ 18.441305731838717, 49.647537129089457 ], [ 18.441817066149994, 49.648390238848172 ], [ 18.442409557625737, 49.649189121123285 ], [ 18.442706019337219, 49.64951621621622 ], [ 18.442409557625737, 49.649843311309155 ], [ 18.441817066149994, 49.650642193584268 ], [ 18.441305731838717, 49.651495303342983 ], [ 18.440880479120853, 49.652394424671982 ], [ 18.440545403412532, 49.653330898541348 ], [ 18.440303731676, 49.654295706195789 ], [ 18.440157791342195, 49.655279556010179 ], [ 18.440108987896302, 49.656272972972978 ], [ 18.440157791342195, 49.657266389935778 ], [ 18.440303731676, 49.658250239750167 ], [ 18.440545403412532, 49.659215047404608 ], [ 18.440880479120853, 49.660151521273974 ], [ 18.441305731838717, 49.661050642602973 ], [ 18.441817066149994, 49.661903752361688 ], [ 18.442409557625737, 49.662702634636801 ], [ 18.443077500249142, 49.663439595755271 ], [ 18.443814461367619, 49.66410753837868 ], [ 18.444613343642725, 49.664700029854423 ], [ 18.445466453401444, 49.6652113641657 ], [ 18.446365574730443, 49.665636616883567 ], [ 18.447302048599806, 49.665971692591889 ], [ 18.44826685625425, 49.666213364328414 ], [ 18.449250706068639, 49.666359304662222 ], [ 18.450244123031439, 49.666408108108115 ], [ 18.451237539994239, 49.666359304662222 ], [ 18.452221389808628, 49.666213364328414 ], [ 18.453186197463072, 49.665971692591889 ], [ 18.454122671332435, 49.665636616883567 ], [ 18.455021792661434, 49.6652113641657 ], [ 18.455874902420152, 49.664700029854423 ], [ 18.456673784695258, 49.66410753837868 ], [ 18.457410745813736, 49.663439595755271 ], [ 18.458078688437141, 49.662702634636801 ], [ 18.458671179912884, 49.661903752361688 ], [ 18.45918251422416, 49.661050642602973 ], [ 18.459607766942025, 49.660151521273974 ], [ 18.459942842650346, 49.659215047404608 ], [ 18.460184514386878, 49.658250239750167 ], [ 18.460330454720683, 49.657266389935778 ], [ 18.460379258166576, 49.656272972972978 ], [ 18.460330454720683, 49.655279556010179 ], [ 18.460184514386878, 49.654295706195789 ], [ 18.459942842650346, 49.653330898541348 ], [ 18.459607766942025, 49.652394424671982 ], [ 18.45918251422416, 49.651495303342983 ], [ 18.458671179912884, 49.650642193584268 ], [ 18.458078688437141, 49.649843311309155 ], [ 18.457782226725659, 49.64951621621622 ], [ 18.458078688437141, 49.649189121123285 ], [ 18.458671179912884, 49.648390238848172 ], [ 18.45918251422416, 49.647537129089457 ], [ 18.459607766942025, 49.646638007760458 ], [ 18.459942842650346, 49.645701533891092 ], [ 18.460184514386878, 49.644736726236651 ], [ 18.460330454720683, 49.643752876422262 ], [ 18.460379258166576, 49.642759459459462 ], [ 18.460330454720683, 49.641766042496663 ], [ 18.460184514386878, 49.640782192682273 ], [ 18.459942842650346, 49.639817385027833 ], [ 18.459607766942025, 49.638880911158466 ], [ 18.45918251422416, 49.637981789829468 ], [ 18.458671179912884, 49.637128680070752 ], [ 18.458078688437141, 49.636329797795639 ], [ 18.457782226725659, 49.636002702702704 ], [ 18.458078688437141, 49.63567560760977 ], [ 18.458671179912884, 49.634876725334657 ], [ 18.45918251422416, 49.634023615575941 ], [ 18.459607766942025, 49.633124494246943 ], [ 18.459942842650346, 49.632188020377576 ], [ 18.460184514386878, 49.631223212723135 ], [ 18.460330454720683, 49.630239362908746 ], [ 18.460379258166576, 49.629245945945947 ], [ 18.460330454720683, 49.628252528983147 ], [ 18.460184514386878, 49.627268679168758 ], [ 18.459942842650346, 49.626303871514317 ], [ 18.459607766942025, 49.625367397644951 ], [ 18.45918251422416, 49.624468276315952 ], [ 18.458671179912884, 49.623615166557236 ], [ 18.458078688437141, 49.622816284282123 ], [ 18.457782226725662, 49.622489189189189 ], [ 18.458078688437141, 49.622162094096261 ], [ 18.458671179912884, 49.621363211821148 ], [ 18.45918251422416, 49.620510102062433 ], [ 18.459607766942025, 49.619610980733434 ], [ 18.459942842650346, 49.618674506864068 ], [ 18.460184514386878, 49.617709699209627 ], [ 18.460330454720683, 49.616725849395237 ], [ 18.460379258166576, 49.615732432432438 ], [ 18.460330454720683, 49.614739015469638 ], [ 18.460184514386878, 49.613755165655249 ], [ 18.459942842650346, 49.612790358000808 ], [ 18.459607766942025, 49.611853884131442 ], [ 18.45918251422416, 49.610954762802443 ], [ 18.458671179912884, 49.610101653043728 ], [ 18.458078688437141, 49.609302770768615 ] ] ], [ [ [ 18.520068838087315, 49.649106350190685 ], [ 18.519331876968838, 49.648438407567276 ], [ 18.518532994693732, 49.647845916091534 ], [ 18.517679884935013, 49.647334581780257 ], [ 18.516780763606015, 49.646909329062389 ], [ 18.515844289736652, 49.646574253354068 ], [ 18.514879482082208, 49.646332581617543 ], [ 18.513895632267818, 49.646186641283734 ], [ 18.512902215305019, 49.646137837837841 ], [ 18.511908798342219, 49.646186641283734 ], [ 18.51092494852783, 49.646332581617543 ], [ 18.509960140873385, 49.646574253354068 ], [ 18.509023667004023, 49.646909329062389 ], [ 18.508124545675024, 49.647334581780257 ], [ 18.507271435916305, 49.647845916091534 ], [ 18.506472553641199, 49.648438407567276 ], [ 18.505735592522722, 49.649106350190685 ], [ 18.505067649899317, 49.649843311309155 ], [ 18.504475158423574, 49.650642193584268 ], [ 18.503963824112297, 49.651495303342983 ], [ 18.503538571394433, 49.652394424671982 ], [ 18.503203495686112, 49.653330898541348 ], [ 18.50296182394958, 49.654295706195789 ], [ 18.502815883615774, 49.655279556010179 ], [ 18.502767080169882, 49.656272972972978 ], [ 18.502815883615774, 49.657266389935778 ], [ 18.50296182394958, 49.658250239750167 ], [ 18.503203495686112, 49.659215047404608 ], [ 18.503538571394433, 49.660151521273974 ], [ 18.503963824112297, 49.661050642602973 ], [ 18.504475158423574, 49.661903752361688 ], [ 18.505067649899317, 49.662702634636801 ], [ 18.505735592522722, 49.663439595755271 ], [ 18.506472553641199, 49.66410753837868 ], [ 18.507271435916305, 49.664700029854423 ], [ 18.508124545675024, 49.6652113641657 ], [ 18.509023667004023, 49.665636616883567 ], [ 18.509960140873385, 49.665971692591889 ], [ 18.51092494852783, 49.666213364328414 ], [ 18.511908798342219, 49.666359304662222 ], [ 18.512902215305019, 49.666408108108115 ], [ 18.513895632267818, 49.666359304662222 ], [ 18.514879482082208, 49.666213364328414 ], [ 18.515844289736652, 49.665971692591889 ], [ 18.516780763606015, 49.665636616883567 ], [ 18.517679884935013, 49.6652113641657 ], [ 18.518532994693732, 49.664700029854423 ], [ 18.519331876968838, 49.66410753837868 ], [ 18.520068838087315, 49.663439595755271 ], [ 18.52073678071072, 49.662702634636801 ], [ 18.521329272186463, 49.661903752361688 ], [ 18.52184060649774, 49.661050642602973 ], [ 18.522265859215604, 49.660151521273974 ], [ 18.522600934923926, 49.659215047404608 ], [ 18.522842606660458, 49.658250239750167 ], [ 18.522988546994263, 49.657266389935778 ], [ 18.523037350440156, 49.656272972972978 ], [ 18.522988546994263, 49.655279556010179 ], [ 18.522842606660458, 49.654295706195789 ], [ 18.522600934923926, 49.653330898541348 ], [ 18.522265859215604, 49.652394424671982 ], [ 18.52184060649774, 49.651495303342983 ], [ 18.521329272186463, 49.650642193584268 ], [ 18.52073678071072, 49.649843311309155 ], [ 18.520068838087315, 49.649106350190685 ] ] ], [ [ [ 18.562508842226439, 49.67687033833618 ], [ 18.561840899603034, 49.67613337721771 ], [ 18.561103938484557, 49.675465434594301 ], [ 18.560305056209451, 49.674872943118558 ], [ 18.559451946450732, 49.674361608807281 ], [ 18.558552825121733, 49.673936356089413 ], [ 18.557616351252371, 49.673601280381092 ], [ 18.556651543597926, 49.673359608644567 ], [ 18.555667693783537, 49.673213668310758 ], [ 18.554674276820737, 49.673164864864866 ], [ 18.553680859857938, 49.673213668310758 ], [ 18.552697010043548, 49.673359608644567 ], [ 18.551732202389104, 49.673601280381092 ], [ 18.550795728519741, 49.673936356089413 ], [ 18.549896607190743, 49.674361608807281 ], [ 18.549043497432024, 49.674872943118558 ], [ 18.548244615156918, 49.675465434594301 ], [ 18.547507654038441, 49.67613337721771 ], [ 18.546839711415036, 49.67687033833618 ], [ 18.546247219939293, 49.677669220611293 ], [ 18.545735885628016, 49.678522330370008 ], [ 18.545310632910152, 49.679421451699007 ], [ 18.54497555720183, 49.680357925568373 ], [ 18.544733885465298, 49.681322733222814 ], [ 18.544587945131493, 49.682306583037203 ], [ 18.5445391416856, 49.6833 ], [ 18.544587945131493, 49.684293416962802 ], [ 18.544733885465298, 49.685277266777192 ], [ 18.54497555720183, 49.686242074431632 ], [ 18.545310632910152, 49.687178548300999 ], [ 18.545735885628016, 49.688077669629998 ], [ 18.546247219939293, 49.688930779388713 ], [ 18.546839711415036, 49.689729661663826 ], [ 18.547507654038441, 49.690466622782296 ], [ 18.548244615156918, 49.691134565405704 ], [ 18.549043497432024, 49.691727056881447 ], [ 18.549896607190743, 49.692238391192724 ], [ 18.550795728519741, 49.692663643910592 ], [ 18.551732202389104, 49.692998719618913 ], [ 18.552697010043548, 49.693240391355438 ], [ 18.553680859857938, 49.693386331689247 ], [ 18.554674276820737, 49.69343513513514 ], [ 18.555667693783537, 49.693386331689247 ], [ 18.556651543597926, 49.693240391355438 ], [ 18.557616351252371, 49.692998719618913 ], [ 18.558552825121733, 49.692663643910592 ], [ 18.559451946450732, 49.692238391192724 ], [ 18.560305056209451, 49.691727056881447 ], [ 18.561103938484557, 49.691134565405704 ], [ 18.561840899603034, 49.690466622782296 ], [ 18.562508842226439, 49.689729661663826 ], [ 18.563101333702182, 49.688930779388713 ], [ 18.563612668013459, 49.688077669629998 ], [ 18.564037920731323, 49.687178548300999 ], [ 18.564372996439644, 49.686242074431632 ], [ 18.564614668176176, 49.685277266777192 ], [ 18.564760608509982, 49.684293416962802 ], [ 18.564809411955874, 49.6833 ], [ 18.564760608509982, 49.682306583037203 ], [ 18.564614668176176, 49.681322733222814 ], [ 18.564372996439644, 49.680357925568373 ], [ 18.564037920731323, 49.679421451699007 ], [ 18.563612668013459, 49.678522330370008 ], [ 18.563101333702182, 49.677669220611293 ], [ 18.562508842226439, 49.67687033833618 ] ] ], [ [ [ 18.520068838087315, 49.67613337721771 ], [ 18.519331876968838, 49.675465434594301 ], [ 18.518532994693732, 49.674872943118558 ], [ 18.517679884935013, 49.674361608807281 ], [ 18.516780763606015, 49.673936356089413 ], [ 18.515844289736652, 49.673601280381092 ], [ 18.514879482082208, 49.673359608644567 ], [ 18.513895632267818, 49.673213668310758 ], [ 18.512902215305019, 49.673164864864866 ], [ 18.511908798342219, 49.673213668310758 ], [ 18.51092494852783, 49.673359608644567 ], [ 18.509960140873385, 49.673601280381092 ], [ 18.509023667004023, 49.673936356089413 ], [ 18.508124545675024, 49.674361608807281 ], [ 18.507271435916305, 49.674872943118558 ], [ 18.506472553641199, 49.675465434594301 ], [ 18.505735592522722, 49.67613337721771 ], [ 18.505067649899317, 49.67687033833618 ], [ 18.504475158423574, 49.677669220611293 ], [ 18.503963824112297, 49.678522330370008 ], [ 18.503538571394433, 49.679421451699007 ], [ 18.503203495686112, 49.680357925568373 ], [ 18.50296182394958, 49.681322733222814 ], [ 18.502815883615774, 49.682306583037203 ], [ 18.502767080169882, 49.6833 ], [ 18.502815883615774, 49.684293416962802 ], [ 18.50296182394958, 49.685277266777192 ], [ 18.503203495686112, 49.686242074431632 ], [ 18.503538571394433, 49.687178548300999 ], [ 18.503963824112297, 49.688077669629998 ], [ 18.504475158423574, 49.688930779388713 ], [ 18.505067649899317, 49.689729661663826 ], [ 18.505364111610799, 49.690056756756761 ], [ 18.505067649899317, 49.690383851849695 ], [ 18.504475158423574, 49.691182734124808 ], [ 18.503963824112297, 49.692035843883524 ], [ 18.503538571394433, 49.692934965212523 ], [ 18.503203495686112, 49.693871439081889 ], [ 18.50296182394958, 49.69483624673633 ], [ 18.502815883615774, 49.695820096550719 ], [ 18.502767080169882, 49.696813513513519 ], [ 18.502815883615774, 49.697806930476318 ], [ 18.50296182394958, 49.698790780290707 ], [ 18.503203495686112, 49.699755587945148 ], [ 18.503538571394433, 49.700692061814514 ], [ 18.503963824112297, 49.701591183143513 ], [ 18.504475158423574, 49.702444292902229 ], [ 18.505067649899317, 49.703243175177342 ], [ 18.505735592522722, 49.703980136295812 ], [ 18.506472553641199, 49.70464807891922 ], [ 18.507271435916305, 49.705240570394963 ], [ 18.508124545675024, 49.70575190470624 ], [ 18.509023667004023, 49.706177157424108 ], [ 18.509960140873385, 49.706512233132429 ], [ 18.51092494852783, 49.706753904868954 ], [ 18.511908798342219, 49.706899845202763 ], [ 18.512902215305019, 49.706948648648655 ], [ 18.513895632267818, 49.706899845202763 ], [ 18.514879482082208, 49.706753904868954 ], [ 18.515844289736652, 49.706512233132429 ], [ 18.516780763606015, 49.706177157424108 ], [ 18.517679884935013, 49.70575190470624 ], [ 18.518532994693732, 49.705240570394963 ], [ 18.519331876968838, 49.70464807891922 ], [ 18.520068838087315, 49.703980136295812 ], [ 18.52073678071072, 49.703243175177342 ], [ 18.521329272186463, 49.702444292902229 ], [ 18.52184060649774, 49.701591183143513 ], [ 18.522265859215604, 49.700692061814514 ], [ 18.522600934923926, 49.699755587945148 ], [ 18.522842606660458, 49.698790780290707 ], [ 18.522988546994263, 49.697806930476318 ], [ 18.523037350440156, 49.696813513513519 ], [ 18.522988546994263, 49.695820096550719 ], [ 18.522842606660458, 49.69483624673633 ], [ 18.522600934923926, 49.693871439081889 ], [ 18.522265859215604, 49.692934965212523 ], [ 18.52184060649774, 49.692035843883524 ], [ 18.521329272186463, 49.691182734124808 ], [ 18.52073678071072, 49.690383851849695 ], [ 18.520440318999238, 49.690056756756761 ], [ 18.52073678071072, 49.689729661663826 ], [ 18.521329272186463, 49.688930779388713 ], [ 18.52184060649774, 49.688077669629998 ], [ 18.522265859215604, 49.687178548300999 ], [ 18.522600934923926, 49.686242074431632 ], [ 18.522842606660458, 49.685277266777192 ], [ 18.522988546994263, 49.684293416962802 ], [ 18.523037350440156, 49.6833 ], [ 18.522988546994263, 49.682306583037203 ], [ 18.522842606660458, 49.681322733222814 ], [ 18.522600934923926, 49.680357925568373 ], [ 18.522265859215604, 49.679421451699007 ], [ 18.52184060649774, 49.678522330370008 ], [ 18.521329272186463, 49.677669220611293 ], [ 18.52073678071072, 49.67687033833618 ], [ 18.520068838087315, 49.67613337721771 ] ] ], [ [ [ 18.540954868845176, 49.67613337721771 ], [ 18.540217907726699, 49.675465434594301 ], [ 18.539419025451593, 49.674872943118558 ], [ 18.538565915692875, 49.674361608807281 ], [ 18.537666794363876, 49.673936356089413 ], [ 18.536730320494513, 49.673601280381092 ], [ 18.535765512840069, 49.673359608644567 ], [ 18.534781663025679, 49.673213668310758 ], [ 18.53378824606288, 49.673164864864866 ], [ 18.53279482910008, 49.673213668310758 ], [ 18.531810979285691, 49.673359608644567 ], [ 18.530846171631246, 49.673601280381092 ], [ 18.529909697761884, 49.673936356089413 ], [ 18.529010576432885, 49.674361608807281 ], [ 18.528157466674166, 49.674872943118558 ], [ 18.52735858439906, 49.675465434594301 ], [ 18.526621623280583, 49.67613337721771 ], [ 18.525953680657178, 49.67687033833618 ], [ 18.525361189181435, 49.677669220611293 ], [ 18.524849854870158, 49.678522330370008 ], [ 18.524424602152294, 49.679421451699007 ], [ 18.524089526443973, 49.680357925568373 ], [ 18.523847854707441, 49.681322733222814 ], [ 18.523701914373635, 49.682306583037203 ], [ 18.523653110927743, 49.6833 ], [ 18.523701914373635, 49.684293416962802 ], [ 18.523847854707441, 49.685277266777192 ], [ 18.524089526443973, 49.686242074431632 ], [ 18.524424602152294, 49.687178548300999 ], [ 18.524849854870158, 49.688077669629998 ], [ 18.525361189181435, 49.688930779388713 ], [ 18.525953680657178, 49.689729661663826 ], [ 18.526621623280583, 49.690466622782296 ], [ 18.52735858439906, 49.691134565405704 ], [ 18.528157466674166, 49.691727056881447 ], [ 18.529010576432885, 49.692238391192724 ], [ 18.529909697761884, 49.692663643910592 ], [ 18.530846171631246, 49.692998719618913 ], [ 18.531810979285691, 49.693240391355438 ], [ 18.53279482910008, 49.693386331689247 ], [ 18.53378824606288, 49.69343513513514 ], [ 18.534781663025679, 49.693386331689247 ], [ 18.535765512840069, 49.693240391355438 ], [ 18.536730320494513, 49.692998719618913 ], [ 18.537666794363876, 49.692663643910592 ], [ 18.538565915692875, 49.692238391192724 ], [ 18.539419025451593, 49.691727056881447 ], [ 18.540217907726699, 49.691134565405704 ], [ 18.540954868845176, 49.690466622782296 ], [ 18.541622811468581, 49.689729661663826 ], [ 18.542215302944324, 49.688930779388713 ], [ 18.542726637255601, 49.688077669629998 ], [ 18.543151889973466, 49.687178548300999 ], [ 18.543486965681787, 49.686242074431632 ], [ 18.543728637418319, 49.685277266777192 ], [ 18.543874577752124, 49.684293416962802 ], [ 18.543923381198017, 49.6833 ], [ 18.543874577752124, 49.682306583037203 ], [ 18.543728637418319, 49.681322733222814 ], [ 18.543486965681787, 49.680357925568373 ], [ 18.543151889973466, 49.679421451699007 ], [ 18.542726637255601, 49.678522330370008 ], [ 18.542215302944324, 49.677669220611293 ], [ 18.541622811468581, 49.67687033833618 ], [ 18.540954868845176, 49.67613337721771 ] ] ], [ [ [ 18.478964719195002, 49.67687033833618 ], [ 18.478296776571597, 49.67613337721771 ], [ 18.47755981545312, 49.675465434594301 ], [ 18.476760933178014, 49.674872943118558 ], [ 18.475907823419295, 49.674361608807281 ], [ 18.475008702090296, 49.673936356089413 ], [ 18.474072228220933, 49.673601280381092 ], [ 18.473107420566489, 49.673359608644567 ], [ 18.4721235707521, 49.673213668310758 ], [ 18.4711301537893, 49.673164864864866 ], [ 18.4701367368265, 49.673213668310758 ], [ 18.469152887012111, 49.673359608644567 ], [ 18.468188079357667, 49.673601280381092 ], [ 18.467251605488304, 49.673936356089413 ], [ 18.466352484159305, 49.674361608807281 ], [ 18.465499374400586, 49.674872943118558 ], [ 18.46470049212548, 49.675465434594301 ], [ 18.463963531007003, 49.67613337721771 ], [ 18.463295588383598, 49.67687033833618 ], [ 18.462703096907855, 49.677669220611293 ], [ 18.462191762596579, 49.678522330370008 ], [ 18.461766509878714, 49.679421451699007 ], [ 18.461431434170393, 49.680357925568373 ], [ 18.461189762433861, 49.681322733222814 ], [ 18.461043822100056, 49.682306583037203 ], [ 18.460995018654163, 49.6833 ], [ 18.461043822100056, 49.684293416962802 ], [ 18.461189762433861, 49.685277266777192 ], [ 18.461431434170393, 49.686242074431632 ], [ 18.461766509878714, 49.687178548300999 ], [ 18.462191762596579, 49.688077669629998 ], [ 18.462703096907855, 49.688930779388713 ], [ 18.463295588383598, 49.689729661663826 ], [ 18.46359205009508, 49.690056756756761 ], [ 18.463295588383598, 49.690383851849695 ], [ 18.462703096907855, 49.691182734124808 ], [ 18.462191762596579, 49.692035843883524 ], [ 18.461766509878714, 49.692934965212523 ], [ 18.461431434170393, 49.693871439081889 ], [ 18.461189762433861, 49.69483624673633 ], [ 18.461043822100056, 49.695820096550719 ], [ 18.460995018654163, 49.696813513513519 ], [ 18.461043822100056, 49.697806930476318 ], [ 18.461189762433861, 49.698790780290707 ], [ 18.461431434170393, 49.699755587945148 ], [ 18.461766509878714, 49.700692061814514 ], [ 18.462191762596579, 49.701591183143513 ], [ 18.462703096907855, 49.702444292902229 ], [ 18.463295588383598, 49.703243175177342 ], [ 18.463592050095077, 49.703570270270276 ], [ 18.463295588383598, 49.703897365363204 ], [ 18.462703096907855, 49.704696247638317 ], [ 18.462191762596579, 49.705549357397032 ], [ 18.461766509878714, 49.706448478726031 ], [ 18.461431434170393, 49.707384952595397 ], [ 18.461189762433861, 49.708349760249838 ], [ 18.461043822100056, 49.709333610064228 ], [ 18.460995018654163, 49.710327027027027 ], [ 18.461043822100056, 49.711320443989827 ], [ 18.461189762433861, 49.712304293804216 ], [ 18.461431434170393, 49.713269101458657 ], [ 18.461766509878714, 49.714205575328023 ], [ 18.462191762596579, 49.715104696657022 ], [ 18.462703096907855, 49.715957806415737 ], [ 18.463295588383598, 49.71675668869085 ], [ 18.463963531007003, 49.71749364980932 ], [ 18.46470049212548, 49.718161592432729 ], [ 18.465499374400586, 49.718754083908472 ], [ 18.466352484159305, 49.719265418219749 ], [ 18.467251605488304, 49.719690670937617 ], [ 18.468188079357667, 49.720025746645938 ], [ 18.469152887012111, 49.720267418382463 ], [ 18.4701367368265, 49.720413358716272 ], [ 18.4711301537893, 49.720462162162164 ], [ 18.4721235707521, 49.720413358716272 ], [ 18.473107420566489, 49.720267418382463 ], [ 18.474072228220933, 49.720025746645938 ], [ 18.475008702090296, 49.719690670937617 ], [ 18.475907823419295, 49.719265418219749 ], [ 18.476760933178014, 49.718754083908472 ], [ 18.47755981545312, 49.718161592432729 ], [ 18.478296776571597, 49.71749364980932 ], [ 18.478964719195002, 49.71675668869085 ], [ 18.479557210670745, 49.715957806415737 ], [ 18.480068544982021, 49.715104696657022 ], [ 18.480493797699886, 49.714205575328023 ], [ 18.480828873408207, 49.713269101458657 ], [ 18.481070545144739, 49.712304293804216 ], [ 18.481216485478544, 49.711320443989827 ], [ 18.481265288924437, 49.710327027027027 ], [ 18.481216485478544, 49.709333610064228 ], [ 18.481070545144739, 49.708349760249838 ], [ 18.480828873408207, 49.707384952595397 ], [ 18.480493797699886, 49.706448478726031 ], [ 18.480068544982021, 49.705549357397032 ], [ 18.479557210670745, 49.704696247638317 ], [ 18.478964719195002, 49.703897365363204 ], [ 18.478668257483523, 49.703570270270276 ], [ 18.478964719195002, 49.703243175177342 ], [ 18.479557210670745, 49.702444292902229 ], [ 18.480068544982021, 49.701591183143513 ], [ 18.480493797699886, 49.700692061814514 ], [ 18.480828873408207, 49.699755587945148 ], [ 18.481070545144739, 49.698790780290707 ], [ 18.481216485478544, 49.697806930476318 ], [ 18.481265288924437, 49.696813513513519 ], [ 18.481216485478544, 49.695820096550719 ], [ 18.481070545144739, 49.69483624673633 ], [ 18.480828873408207, 49.693871439081889 ], [ 18.480493797699886, 49.692934965212523 ], [ 18.480068544982021, 49.692035843883524 ], [ 18.479557210670745, 49.691182734124808 ], [ 18.478964719195002, 49.690383851849695 ], [ 18.47866825748352, 49.690056756756761 ], [ 18.478964719195002, 49.689729661663826 ], [ 18.479557210670745, 49.688930779388713 ], [ 18.480068544982021, 49.688077669629998 ], [ 18.480493797699886, 49.687178548300999 ], [ 18.480828873408207, 49.686242074431632 ], [ 18.481070545144739, 49.685277266777192 ], [ 18.481216485478544, 49.684293416962802 ], [ 18.481265288924437, 49.6833 ], [ 18.481216485478544, 49.682306583037203 ], [ 18.481070545144739, 49.681322733222814 ], [ 18.480828873408207, 49.680357925568373 ], [ 18.480493797699886, 49.679421451699007 ], [ 18.480068544982021, 49.678522330370008 ], [ 18.479557210670745, 49.677669220611293 ], [ 18.478964719195002, 49.67687033833618 ] ] ], [ [ [ 18.458078688437141, 49.67687033833618 ], [ 18.457410745813736, 49.67613337721771 ], [ 18.456673784695258, 49.675465434594301 ], [ 18.455874902420152, 49.674872943118558 ], [ 18.455021792661434, 49.674361608807281 ], [ 18.454122671332435, 49.673936356089413 ], [ 18.453186197463072, 49.673601280381092 ], [ 18.452221389808628, 49.673359608644567 ], [ 18.451237539994239, 49.673213668310758 ], [ 18.450244123031439, 49.673164864864866 ], [ 18.449250706068639, 49.673213668310758 ], [ 18.44826685625425, 49.673359608644567 ], [ 18.447302048599806, 49.673601280381092 ], [ 18.446365574730443, 49.673936356089413 ], [ 18.445466453401444, 49.674361608807281 ], [ 18.444613343642725, 49.674872943118558 ], [ 18.443814461367619, 49.675465434594301 ], [ 18.443077500249142, 49.67613337721771 ], [ 18.442409557625737, 49.67687033833618 ], [ 18.441817066149994, 49.677669220611293 ], [ 18.441305731838717, 49.678522330370008 ], [ 18.440880479120853, 49.679421451699007 ], [ 18.440545403412532, 49.680357925568373 ], [ 18.440303731676, 49.681322733222814 ], [ 18.440157791342195, 49.682306583037203 ], [ 18.440108987896302, 49.6833 ], [ 18.440157791342195, 49.684293416962802 ], [ 18.440303731676, 49.685277266777192 ], [ 18.440545403412532, 49.686242074431632 ], [ 18.440880479120853, 49.687178548300999 ], [ 18.441305731838717, 49.688077669629998 ], [ 18.441817066149994, 49.688930779388713 ], [ 18.442409557625737, 49.689729661663826 ], [ 18.442706019337219, 49.690056756756761 ], [ 18.442409557625737, 49.690383851849695 ], [ 18.441817066149994, 49.691182734124808 ], [ 18.441305731838717, 49.692035843883524 ], [ 18.440880479120853, 49.692934965212523 ], [ 18.440545403412532, 49.693871439081889 ], [ 18.440303731676, 49.69483624673633 ], [ 18.440157791342195, 49.695820096550719 ], [ 18.440108987896302, 49.696813513513519 ], [ 18.440157791342195, 49.697806930476318 ], [ 18.440303731676, 49.698790780290707 ], [ 18.440545403412532, 49.699755587945148 ], [ 18.440880479120853, 49.700692061814514 ], [ 18.441305731838717, 49.701591183143513 ], [ 18.441817066149994, 49.702444292902229 ], [ 18.442409557625737, 49.703243175177342 ], [ 18.442706019337216, 49.703570270270276 ], [ 18.442409557625737, 49.703897365363204 ], [ 18.441817066149994, 49.704696247638317 ], [ 18.441305731838717, 49.705549357397032 ], [ 18.440880479120853, 49.706448478726031 ], [ 18.440545403412532, 49.707384952595397 ], [ 18.440303731676, 49.708349760249838 ], [ 18.440157791342195, 49.709333610064228 ], [ 18.440108987896302, 49.710327027027027 ], [ 18.440157791342195, 49.711320443989827 ], [ 18.440303731676, 49.712304293804216 ], [ 18.440545403412532, 49.713269101458657 ], [ 18.440880479120853, 49.714205575328023 ], [ 18.441305731838717, 49.715104696657022 ], [ 18.441817066149994, 49.715957806415737 ], [ 18.442409557625737, 49.71675668869085 ], [ 18.442706019337219, 49.717083783783785 ], [ 18.442409557625737, 49.71741087887672 ], [ 18.441817066149994, 49.718209761151833 ], [ 18.441305731838717, 49.719062870910548 ], [ 18.440880479120853, 49.719961992239547 ], [ 18.440545403412532, 49.720898466108913 ], [ 18.440303731676, 49.721863273763354 ], [ 18.440157791342195, 49.722847123577743 ], [ 18.440108987896302, 49.723840540540543 ], [ 18.440157791342195, 49.724833957503343 ], [ 18.440303731676, 49.725817807317732 ], [ 18.440545403412532, 49.726782614972173 ], [ 18.440880479120853, 49.727719088841539 ], [ 18.441305731838717, 49.728618210170538 ], [ 18.441817066149994, 49.729471319929253 ], [ 18.442409557625737, 49.730270202204366 ], [ 18.442706019337219, 49.730597297297301 ], [ 18.442409557625737, 49.730924392390236 ], [ 18.441817066149994, 49.731723274665349 ], [ 18.441305731838717, 49.732576384424064 ], [ 18.440880479120853, 49.733475505753063 ], [ 18.440545403412532, 49.734411979622429 ], [ 18.440303731676, 49.73537678727687 ], [ 18.440157791342195, 49.736360637091259 ], [ 18.440108987896302, 49.737354054054059 ], [ 18.440157791342195, 49.738347471016858 ], [ 18.440303731676, 49.739331320831248 ], [ 18.440545403412532, 49.740296128485689 ], [ 18.440880479120853, 49.741232602355055 ], [ 18.441305731838717, 49.742131723684054 ], [ 18.441817066149994, 49.742984833442769 ], [ 18.442409557625737, 49.743783715717882 ], [ 18.443077500249142, 49.744520676836352 ], [ 18.443814461367619, 49.745188619459761 ], [ 18.444613343642725, 49.745781110935503 ], [ 18.445466453401444, 49.74629244524678 ], [ 18.446365574730443, 49.746717697964648 ], [ 18.447302048599806, 49.747052773672969 ], [ 18.44826685625425, 49.747294445409494 ], [ 18.449250706068639, 49.747440385743303 ], [ 18.450244123031439, 49.747489189189196 ], [ 18.451237539994239, 49.747440385743303 ], [ 18.452221389808628, 49.747294445409494 ], [ 18.453186197463072, 49.747052773672969 ], [ 18.454122671332435, 49.746717697964648 ], [ 18.455021792661434, 49.74629244524678 ], [ 18.455874902420152, 49.745781110935503 ], [ 18.456673784695258, 49.745188619459761 ], [ 18.457410745813736, 49.744520676836352 ], [ 18.458078688437141, 49.743783715717882 ], [ 18.458671179912884, 49.742984833442769 ], [ 18.45918251422416, 49.742131723684054 ], [ 18.459607766942025, 49.741232602355055 ], [ 18.459942842650346, 49.740296128485689 ], [ 18.460184514386878, 49.739331320831248 ], [ 18.460330454720683, 49.738347471016858 ], [ 18.460379258166576, 49.737354054054059 ], [ 18.460330454720683, 49.736360637091259 ], [ 18.460184514386878, 49.73537678727687 ], [ 18.459942842650346, 49.734411979622429 ], [ 18.459607766942025, 49.733475505753063 ], [ 18.45918251422416, 49.732576384424064 ], [ 18.458671179912884, 49.731723274665349 ], [ 18.458078688437141, 49.730924392390236 ], [ 18.457782226725659, 49.730597297297301 ], [ 18.458078688437141, 49.730270202204366 ], [ 18.458671179912884, 49.729471319929253 ], [ 18.45918251422416, 49.728618210170538 ], [ 18.459607766942025, 49.727719088841539 ], [ 18.459942842650346, 49.726782614972173 ], [ 18.460184514386878, 49.725817807317732 ], [ 18.460330454720683, 49.724833957503343 ], [ 18.460379258166576, 49.723840540540543 ], [ 18.460330454720683, 49.722847123577743 ], [ 18.460184514386878, 49.721863273763354 ], [ 18.459942842650346, 49.720898466108913 ], [ 18.459607766942025, 49.719961992239547 ], [ 18.45918251422416, 49.719062870910548 ], [ 18.458671179912884, 49.718209761151833 ], [ 18.458078688437141, 49.71741087887672 ], [ 18.457782226725659, 49.717083783783785 ], [ 18.458078688437141, 49.71675668869085 ], [ 18.458671179912884, 49.715957806415737 ], [ 18.45918251422416, 49.715104696657022 ], [ 18.459607766942025, 49.714205575328023 ], [ 18.459942842650346, 49.713269101458657 ], [ 18.460184514386878, 49.712304293804216 ], [ 18.460330454720683, 49.711320443989827 ], [ 18.460379258166576, 49.710327027027027 ], [ 18.460330454720683, 49.709333610064228 ], [ 18.460184514386878, 49.708349760249838 ], [ 18.459942842650346, 49.707384952595397 ], [ 18.459607766942025, 49.706448478726031 ], [ 18.45918251422416, 49.705549357397032 ], [ 18.458671179912884, 49.704696247638317 ], [ 18.458078688437141, 49.703897365363204 ], [ 18.457782226725662, 49.703570270270276 ], [ 18.458078688437141, 49.703243175177342 ], [ 18.458671179912884, 49.702444292902229 ], [ 18.45918251422416, 49.701591183143513 ], [ 18.459607766942025, 49.700692061814514 ], [ 18.459942842650346, 49.699755587945148 ], [ 18.460184514386878, 49.698790780290707 ], [ 18.460330454720683, 49.697806930476318 ], [ 18.460379258166576, 49.696813513513519 ], [ 18.460330454720683, 49.695820096550719 ], [ 18.460184514386878, 49.69483624673633 ], [ 18.459942842650346, 49.693871439081889 ], [ 18.459607766942025, 49.692934965212523 ], [ 18.45918251422416, 49.692035843883524 ], [ 18.458671179912884, 49.691182734124808 ], [ 18.458078688437141, 49.690383851849695 ], [ 18.457782226725659, 49.690056756756761 ], [ 18.458078688437141, 49.689729661663826 ], [ 18.458671179912884, 49.688930779388713 ], [ 18.45918251422416, 49.688077669629998 ], [ 18.459607766942025, 49.687178548300999 ], [ 18.459942842650346, 49.686242074431632 ], [ 18.460184514386878, 49.685277266777192 ], [ 18.460330454720683, 49.684293416962802 ], [ 18.460379258166576, 49.6833 ], [ 18.460330454720683, 49.682306583037203 ], [ 18.460184514386878, 49.681322733222814 ], [ 18.459942842650346, 49.680357925568373 ], [ 18.459607766942025, 49.679421451699007 ], [ 18.45918251422416, 49.678522330370008 ], [ 18.458671179912884, 49.677669220611293 ], [ 18.458078688437141, 49.67687033833618 ] ] ], [ [ [ 18.499850749952863, 49.71741087887672 ], [ 18.499182807329458, 49.71667391775825 ], [ 18.498445846210981, 49.716005975134841 ], [ 18.497646963935875, 49.715413483659098 ], [ 18.496793854177156, 49.714902149347822 ], [ 18.495894732848157, 49.714476896629954 ], [ 18.494958258978794, 49.714141820921633 ], [ 18.49399345132435, 49.713900149185108 ], [ 18.493009601509961, 49.713754208851299 ], [ 18.492016184547161, 49.713705405405406 ], [ 18.491022767584361, 49.713754208851299 ], [ 18.490038917769972, 49.713900149185108 ], [ 18.489074110115528, 49.714141820921633 ], [ 18.488137636246165, 49.714476896629954 ], [ 18.487238514917166, 49.714902149347822 ], [ 18.486385405158448, 49.715413483659098 ], [ 18.485586522883342, 49.716005975134841 ], [ 18.484849561764864, 49.71667391775825 ], [ 18.484181619141459, 49.71741087887672 ], [ 18.483589127665716, 49.718209761151833 ], [ 18.48307779335444, 49.719062870910548 ], [ 18.482652540636575, 49.719961992239547 ], [ 18.482317464928254, 49.720898466108913 ], [ 18.482075793191722, 49.721863273763354 ], [ 18.481929852857917, 49.722847123577743 ], [ 18.481881049412024, 49.723840540540543 ], [ 18.481929852857917, 49.724833957503343 ], [ 18.482075793191722, 49.725817807317732 ], [ 18.482317464928254, 49.726782614972173 ], [ 18.482652540636575, 49.727719088841539 ], [ 18.48307779335444, 49.728618210170538 ], [ 18.483589127665716, 49.729471319929253 ], [ 18.484181619141459, 49.730270202204366 ], [ 18.484849561764864, 49.731007163322836 ], [ 18.485586522883342, 49.731675105946245 ], [ 18.486385405158448, 49.732267597421988 ], [ 18.487238514917166, 49.732778931733264 ], [ 18.488137636246165, 49.733204184451132 ], [ 18.489074110115528, 49.733539260159453 ], [ 18.490038917769972, 49.733780931895978 ], [ 18.491022767584361, 49.733926872229787 ], [ 18.492016184547161, 49.73397567567568 ], [ 18.493009601509961, 49.733926872229787 ], [ 18.49399345132435, 49.733780931895978 ], [ 18.494958258978794, 49.733539260159453 ], [ 18.495894732848157, 49.733204184451132 ], [ 18.496793854177156, 49.732778931733264 ], [ 18.497646963935875, 49.732267597421988 ], [ 18.498445846210981, 49.731675105946245 ], [ 18.499182807329458, 49.731007163322836 ], [ 18.499850749952863, 49.730270202204366 ], [ 18.500443241428606, 49.729471319929253 ], [ 18.500954575739883, 49.728618210170538 ], [ 18.501379828457747, 49.727719088841539 ], [ 18.501714904166068, 49.726782614972173 ], [ 18.5019565759026, 49.725817807317732 ], [ 18.502102516236405, 49.724833957503343 ], [ 18.502151319682298, 49.723840540540543 ], [ 18.502102516236405, 49.722847123577743 ], [ 18.5019565759026, 49.721863273763354 ], [ 18.501714904166068, 49.720898466108913 ], [ 18.501379828457747, 49.719961992239547 ], [ 18.500954575739883, 49.719062870910548 ], [ 18.500443241428606, 49.718209761151833 ], [ 18.499850749952863, 49.71741087887672 ] ] ], [ [ [ 18.457410745813736, 49.75721445829879 ], [ 18.456673784695258, 49.756546515675382 ], [ 18.455874902420152, 49.755954024199639 ], [ 18.455021792661434, 49.755442689888362 ], [ 18.454122671332435, 49.755017437170494 ], [ 18.453186197463072, 49.754682361462173 ], [ 18.452221389808628, 49.754440689725648 ], [ 18.451237539994239, 49.754294749391839 ], [ 18.450244123031439, 49.754245945945947 ], [ 18.449250706068639, 49.754294749391839 ], [ 18.44826685625425, 49.754440689725648 ], [ 18.447302048599806, 49.754682361462173 ], [ 18.446365574730443, 49.755017437170494 ], [ 18.445466453401444, 49.755442689888362 ], [ 18.444613343642725, 49.755954024199639 ], [ 18.443814461367619, 49.756546515675382 ], [ 18.443077500249142, 49.75721445829879 ], [ 18.442409557625737, 49.75795141941726 ], [ 18.441817066149994, 49.758750301692373 ], [ 18.441305731838717, 49.759603411451089 ], [ 18.440880479120853, 49.760502532780087 ], [ 18.440545403412532, 49.761439006649454 ], [ 18.440303731676, 49.762403814303894 ], [ 18.440157791342195, 49.763387664118284 ], [ 18.440108987896302, 49.764381081081083 ], [ 18.440157791342195, 49.765374498043883 ], [ 18.440303731676, 49.766358347858272 ], [ 18.440545403412532, 49.767323155512713 ], [ 18.440880479120853, 49.768259629382079 ], [ 18.441305731838717, 49.769158750711078 ], [ 18.441817066149994, 49.770011860469793 ], [ 18.442409557625737, 49.770810742744906 ], [ 18.443077500249142, 49.771547703863376 ], [ 18.443814461367619, 49.772215646486785 ], [ 18.444613343642725, 49.772808137962528 ], [ 18.445466453401444, 49.773319472273805 ], [ 18.446365574730443, 49.773744724991673 ], [ 18.447302048599806, 49.774079800699994 ], [ 18.44826685625425, 49.774321472436519 ], [ 18.449250706068639, 49.774467412770328 ], [ 18.450244123031439, 49.77451621621622 ], [ 18.451237539994239, 49.774467412770328 ], [ 18.452221389808628, 49.774321472436519 ], [ 18.453186197463072, 49.774079800699994 ], [ 18.454122671332435, 49.773744724991673 ], [ 18.455021792661434, 49.773319472273805 ], [ 18.455874902420152, 49.772808137962528 ], [ 18.456673784695258, 49.772215646486785 ], [ 18.457410745813736, 49.771547703863376 ], [ 18.458078688437141, 49.770810742744906 ], [ 18.458671179912884, 49.770011860469793 ], [ 18.45918251422416, 49.769158750711078 ], [ 18.459607766942025, 49.768259629382079 ], [ 18.459942842650346, 49.767323155512713 ], [ 18.460184514386878, 49.766358347858272 ], [ 18.460330454720683, 49.765374498043883 ], [ 18.460379258166576, 49.764381081081083 ], [ 18.460330454720683, 49.763387664118284 ], [ 18.460184514386878, 49.762403814303894 ], [ 18.459942842650346, 49.761439006649454 ], [ 18.459607766942025, 49.760502532780087 ], [ 18.45918251422416, 49.759603411451089 ], [ 18.458671179912884, 49.758750301692373 ], [ 18.458078688437141, 49.75795141941726 ], [ 18.457410745813736, 49.75721445829879 ] ] ] ] } }
]
}
